image_id,cc,sim,kld
COCO_val2014_000000157469,0.908811092376709,0.7785268425941467,0.17128436267375946
COCO_val2014_000000211476,0.8535810112953186,0.8109593391418457,0.10877860337495804
COCO_val2014_000000569319,0.6282048225402832,0.5036904811859131,0.6889271140098572
COCO_val2014_000000173693,0.928723156452179,0.5307705402374268,0.5952677726745605
COCO_val2014_000000543836,0.8912134766578674,0.7134283781051636,0.2987407445907593
COCO_val2014_000000106909,0.8845405578613281,0.818450927734375,0.10468335449695587
COCO_val2014_000000048475,0.8435371518135071,0.784295916557312,0.17943397164344788
COCO_val2014_000000042408,0.9157307147979736,0.8019976615905762,0.13350990414619446
COCO_val2014_000000034114,0.8343640565872192,0.7989129424095154,0.16285847127437592
COCO_val2014_000000081315,0.8192186951637268,0.7710002660751343,0.20970869064331055
COCO_val2014_000000462784,0.8619921207427979,0.7777625322341919,0.16393110156059265
COCO_val2014_000000152598,0.9637165665626526,0.8490215539932251,0.11545504629611969
COCO_val2014_000000134096,0.876099169254303,0.6431789398193359,0.3882691562175751
COCO_val2014_000000209898,0.9512485861778259,0.7163156270980835,0.28117913007736206
COCO_val2014_000000485673,0.8660707473754883,0.7208033800125122,0.3449628949165344
COCO_val2014_000000486457,0.8524132966995239,0.792609453201294,0.1387757658958435
COCO_val2014_000000142249,0.9195950627326965,0.7190126180648804,0.28239598870277405
COCO_val2014_000000365745,0.8662760853767395,0.7936444878578186,0.13346421718597412
COCO_val2014_000000200421,0.965263307094574,0.840545654296875,0.15151964128017426
COCO_val2014_000000564830,0.794356107711792,0.778679370880127,0.17464539408683777
COCO_val2014_000000256251,0.83636873960495,0.7379974126815796,0.2470577359199524
COCO_val2014_000000567881,0.9380821585655212,0.8474284410476685,0.07526999711990356
COCO_val2014_000000017425,0.8918377161026001,0.7614301443099976,0.22958171367645264
COCO_val2014_000000345434,0.8772256970405579,0.7436586618423462,0.28025031089782715
COCO_val2014_000000528201,0.9593153595924377,0.8140919804573059,0.15906675159931183
COCO_val2014_000000123622,0.8161337971687317,0.7710735201835632,0.16619548201560974
COCO_val2014_000000529234,0.9261174201965332,0.8145394325256348,0.12828490138053894
COCO_val2014_000000312632,0.8506112098693848,0.8091516494750977,0.1171087920665741
COCO_val2014_000000091326,0.8898167610168457,0.726944625377655,0.24662283062934875
COCO_val2014_000000093948,0.9149006009101868,0.7773116827011108,0.15993618965148926
COCO_val2014_000000188136,0.8791064023971558,0.8231651782989502,0.10295850038528442
COCO_val2014_000000527440,0.9049743413925171,0.7989848852157593,0.13076651096343994
COCO_val2014_000000267363,0.8411256074905396,0.7842592597007751,0.1604517698287964
COCO_val2014_000000165589,0.8613200187683105,0.817764401435852,0.10237659513950348
COCO_val2014_000000453283,0.882942259311676,0.782782793045044,0.14315173029899597
COCO_val2014_000000370462,0.7930840849876404,0.7091549038887024,0.26243120431900024
COCO_val2014_000000112437,0.8941318392753601,0.7106176614761353,0.274255633354187
COCO_val2014_000000041603,0.8525137305259705,0.7790706157684326,0.1460258662700653
COCO_val2014_000000000761,0.9370755553245544,0.8184894323348999,0.12070891261100769
COCO_val2014_000000122166,0.8806505799293518,0.7613467574119568,0.18534426391124725
COCO_val2014_000000284152,0.8773271441459656,0.786198079586029,0.15817585587501526
COCO_val2014_000000318888,0.8960013389587402,0.74946129322052,0.22396960854530334
COCO_val2014_000000511658,0.7173483371734619,0.677215576171875,0.37147006392478943
COCO_val2014_000000455859,0.8231296539306641,0.74212247133255,0.23186126351356506
COCO_val2014_000000153803,0.8719174861907959,0.7528513669967651,0.19517666101455688
COCO_val2014_000000078420,0.806754469871521,0.7644206881523132,0.17575015127658844
COCO_val2014_000000216790,0.822563648223877,0.7640461921691895,0.21659278869628906
COCO_val2014_000000474078,0.9351675510406494,0.8326799869537354,0.13530045747756958
COCO_val2014_000000264992,0.7683141827583313,0.5776825547218323,0.4814351797103882
COCO_val2014_000000104625,0.8478881120681763,0.7338491082191467,0.22308912873268127
COCO_val2014_000000070657,0.9049626588821411,0.8344504237174988,0.0909072756767273
COCO_val2014_000000463066,0.9325737953186035,0.6558377742767334,0.3675852417945862
COCO_val2014_000000208793,0.8551424741744995,0.696337103843689,0.3292199373245239
COCO_val2014_000000016896,0.672893226146698,0.6904683113098145,0.37527814507484436
COCO_val2014_000000332609,0.8550888299942017,0.69099360704422,0.298933207988739
COCO_val2014_000000188817,0.8264166116714478,0.7537975311279297,0.229631245136261
COCO_val2014_000000055768,0.9056978821754456,0.8471723794937134,0.07741797715425491
COCO_val2014_000000555953,0.9226981997489929,0.8232103586196899,0.12869642674922943
COCO_val2014_000000301735,0.7297014594078064,0.6105230450630188,0.49170708656311035
COCO_val2014_000000135579,0.9291445016860962,0.8292986154556274,0.10662609338760376
COCO_val2014_000000134688,0.9246900081634521,0.8055307865142822,0.1240214928984642
COCO_val2014_000000567494,0.9122406244277954,0.753943920135498,0.25113219022750854
COCO_val2014_000000549230,0.8108512163162231,0.6888276934623718,0.32571300864219666
COCO_val2014_000000415646,0.8295591473579407,0.7624483108520508,0.2080289125442505
COCO_val2014_000000534734,0.8758281469345093,0.7411285638809204,0.22108787298202515
COCO_val2014_000000198563,0.964913010597229,0.8045991063117981,0.15454329550266266
COCO_val2014_000000448923,0.7927256226539612,0.7858735918998718,0.177503764629364
COCO_val2014_000000525024,0.8695140480995178,0.7964895963668823,0.15692564845085144
COCO_val2014_000000000987,0.8672545552253723,0.7902690172195435,0.163887619972229
COCO_val2014_000000244159,0.86069256067276,0.7959709763526917,0.13020357489585876
COCO_val2014_000000301582,0.9130832552909851,0.7647202610969543,0.22435712814331055
COCO_val2014_000000296243,0.8709796667098999,0.7742618322372437,0.19169911742210388
COCO_val2014_000000546928,0.9324241876602173,0.8175734877586365,0.12156403809785843
COCO_val2014_000000196885,0.9627386331558228,0.8182109594345093,0.15256458520889282
COCO_val2014_000000166287,0.840444803237915,0.7176932096481323,0.24955567717552185
COCO_val2014_000000493196,0.9381456971168518,0.8169105648994446,0.10961951315402985
COCO_val2014_000000520707,0.8654366731643677,0.6936114430427551,0.29084938764572144
COCO_val2014_000000557150,0.916901171207428,0.7743391990661621,0.17284320294857025
COCO_val2014_000000441253,0.862987220287323,0.7626093626022339,0.22877758741378784
COCO_val2014_000000135976,0.816129744052887,0.7734469175338745,0.16487199068069458
COCO_val2014_000000183905,0.772626519203186,0.685104250907898,0.40482521057128906
COCO_val2014_000000025550,0.8653981685638428,0.7189185619354248,0.2732815444469452
COCO_val2014_000000279145,0.8005298972129822,0.7949082851409912,0.13039371371269226
COCO_val2014_000000564129,0.8321218490600586,0.7289884686470032,0.26295173168182373
COCO_val2014_000000361527,0.5573036074638367,0.6427489519119263,0.4178726077079773
COCO_val2014_000000182233,0.8576457500457764,0.7560774683952332,0.2706623077392578
COCO_val2014_000000334975,0.9321224093437195,0.8542484641075134,0.07984385639429092
COCO_val2014_000000240111,0.9028013944625854,0.8255501389503479,0.12099507451057434
COCO_val2014_000000557552,0.905849039554596,0.8359900712966919,0.09504027664661407
COCO_val2014_000000092801,0.7637456059455872,0.5797519683837891,0.7095798254013062
COCO_val2014_000000141328,0.798660397529602,0.7994814515113831,0.13696356117725372
COCO_val2014_000000097264,0.9485396146774292,0.8545964956283569,0.06597975641489029
COCO_val2014_000000327255,0.9298470616340637,0.7920492887496948,0.14488574862480164
COCO_val2014_000000090020,0.8985209465026855,0.7971857786178589,0.13881105184555054
COCO_val2014_000000123677,0.8503464460372925,0.7738052606582642,0.1961028277873993
COCO_val2014_000000288639,0.844956636428833,0.739699125289917,0.21893662214279175
COCO_val2014_000000323515,0.8216404318809509,0.7759519815444946,0.1762324571609497
COCO_val2014_000000128201,0.896747887134552,0.828445315361023,0.12083740532398224
COCO_val2014_000000227468,0.9068810343742371,0.8391640186309814,0.0892440676689148
COCO_val2014_000000235672,0.8887037634849548,0.8077975511550903,0.12245573103427887
COCO_val2014_000000129756,0.9217581748962402,0.7645086646080017,0.19760264456272125
COCO_val2014_000000469671,0.9065861701965332,0.8309429287910461,0.10515382140874863
COCO_val2014_000000344881,0.6002300977706909,0.399911493062973,1.004036784172058
COCO_val2014_000000445009,0.8379963040351868,0.7952979803085327,0.1157330796122551
COCO_val2014_000000036810,0.9661048054695129,0.8387645483016968,0.09389352798461914
COCO_val2014_000000242968,0.735964298248291,0.6070433855056763,0.46294379234313965
COCO_val2014_000000062510,0.8696196675300598,0.7775266170501709,0.18989384174346924
COCO_val2014_000000494679,0.8165179491043091,0.7599520683288574,0.2419915497303009
COCO_val2014_000000418816,0.927193820476532,0.7860454320907593,0.21133266389369965
COCO_val2014_000000567535,0.9381870627403259,0.8287854194641113,0.12172070145606995
COCO_val2014_000000536947,0.837247371673584,0.801131010055542,0.13534051179885864
COCO_val2014_000000033717,0.8265880346298218,0.7210702896118164,0.24851731956005096
COCO_val2014_000000256713,0.8442733287811279,0.7899161577224731,0.15854571759700775
COCO_val2014_000000284658,0.9134132266044617,0.8066380620002747,0.12545502185821533
COCO_val2014_000000329336,0.9709641933441162,0.8557835817337036,0.06610861420631409
COCO_val2014_000000131018,0.8446458578109741,0.6997557878494263,0.2882920503616333
COCO_val2014_000000347818,0.954521656036377,0.8397014141082764,0.13990861177444458
COCO_val2014_000000334399,0.9261852502822876,0.7879551649093628,0.1625850647687912
COCO_val2014_000000166244,0.8745001554489136,0.7437336444854736,0.22182710468769073
COCO_val2014_000000479213,0.9227827191352844,0.8044816255569458,0.12332320213317871
COCO_val2014_000000459440,0.8764795064926147,0.779634952545166,0.1780068576335907
COCO_val2014_000000422700,0.9072405695915222,0.806564211845398,0.15201911330223083
COCO_val2014_000000187543,0.9156818985939026,0.7823581695556641,0.17670795321464539
COCO_val2014_000000008333,0.8536407351493835,0.6807254552841187,0.31785380840301514
COCO_val2014_000000246263,0.8385560512542725,0.7365409731864929,0.2823513448238373
COCO_val2014_000000457400,0.6243409514427185,0.6259175539016724,0.45768529176712036
COCO_val2014_000000153931,0.9573602080345154,0.7909266948699951,0.17065489292144775
COCO_val2014_000000098520,0.8082268834114075,0.7148295640945435,0.2453709840774536
COCO_val2014_000000102625,0.8680541515350342,0.7968814373016357,0.16210120916366577
COCO_val2014_000000531784,0.8096067309379578,0.7338844537734985,0.24742960929870605
COCO_val2014_000000087456,0.843849778175354,0.7934787273406982,0.13467103242874146
COCO_val2014_000000119581,0.872226893901825,0.7294756174087524,0.27532118558883667
COCO_val2014_000000224111,0.9400793313980103,0.8564512729644775,0.08080309629440308
COCO_val2014_000000370899,0.8946493864059448,0.8253217339515686,0.10713986307382584
COCO_val2014_000000114158,0.9463798403739929,0.7641716003417969,0.2525641620159149
COCO_val2014_000000170442,0.8814637660980225,0.8107882738113403,0.13453362882137299
COCO_val2014_000000261558,0.8752233386039734,0.808845043182373,0.12570041418075562
COCO_val2014_000000577858,0.8607671856880188,0.7723661661148071,0.16298767924308777
COCO_val2014_000000113408,0.6647626161575317,0.7019394636154175,0.29249969124794006
COCO_val2014_000000430469,0.9037745594978333,0.8359360098838806,0.07897286862134933
COCO_val2014_000000238498,0.8520458936691284,0.8027583360671997,0.12628674507141113
COCO_val2014_000000353593,0.8676832914352417,0.7339387536048889,0.24354887008666992
COCO_val2014_000000303305,0.8262621164321899,0.7947014570236206,0.1102428287267685
COCO_val2014_000000099794,0.7390069961547852,0.6688494682312012,0.36023202538490295
COCO_val2014_000000564820,0.82265704870224,0.8248507976531982,0.09671469777822495
COCO_val2014_000000097036,0.9145837426185608,0.7353041172027588,0.20669245719909668
COCO_val2014_000000018918,0.900570809841156,0.8471277356147766,0.09416869282722473
COCO_val2014_000000512793,0.8730079531669617,0.8147404193878174,0.1132400780916214
COCO_val2014_000000160195,0.8577733039855957,0.7286093235015869,0.3694828748703003
COCO_val2014_000000210846,0.8921069502830505,0.787216067314148,0.1484403908252716
COCO_val2014_000000283203,0.8870697021484375,0.7528550624847412,0.20468449592590332
COCO_val2014_000000223757,0.9013009071350098,0.7478004693984985,0.2845916450023651
COCO_val2014_000000341603,0.9067909717559814,0.8219629526138306,0.10561645030975342
COCO_val2014_000000159458,0.9335500001907349,0.7223488688468933,0.28291353583335876
COCO_val2014_000000043944,0.8947412371635437,0.8450233936309814,0.08029007911682129
COCO_val2014_000000122354,0.7782555818557739,0.6369336843490601,0.45216065645217896
COCO_val2014_000000152609,0.9184203147888184,0.7356436252593994,0.24011290073394775
COCO_val2014_000000260105,0.8876256346702576,0.7747191786766052,0.1819797158241272
COCO_val2014_000000171310,0.819759726524353,0.7545254826545715,0.2174629420042038
COCO_val2014_000000413955,0.879850447177887,0.7763420343399048,0.19867143034934998
COCO_val2014_000000278401,0.7201980352401733,0.6884084343910217,0.31866583228111267
COCO_val2014_000000174690,0.8851904273033142,0.8030455112457275,0.11097564548254013
COCO_val2014_000000315195,0.823769748210907,0.7280596494674683,0.24922576546669006
COCO_val2014_000000238410,0.9226091504096985,0.8308486938476562,0.09888903796672821
COCO_val2014_000000383414,0.716545045375824,0.5054334998130798,0.7066513895988464
COCO_val2014_000000132375,0.7834548354148865,0.7349388599395752,0.25349143147468567
COCO_val2014_000000078823,0.8282565474510193,0.6734675168991089,0.3651408851146698
COCO_val2014_000000027642,0.8805619478225708,0.8015154600143433,0.14962121844291687
COCO_val2014_000000429174,0.619559645652771,0.6909117698669434,0.31872808933258057
COCO_val2014_000000048684,0.8386015295982361,0.7374483346939087,0.24496880173683167
COCO_val2014_000000289393,0.8351487517356873,0.7798583507537842,0.17831438779830933
COCO_val2014_000000478380,0.8010000586509705,0.7651673555374146,0.1801459938287735
COCO_val2014_000000076416,0.9398351907730103,0.8507866859436035,0.0752425268292427
COCO_val2014_000000323067,0.9220151901245117,0.7785592079162598,0.15794670581817627
COCO_val2014_000000334007,0.8475379347801208,0.7445604801177979,0.2217559963464737
COCO_val2014_000000081079,0.941602885723114,0.81389981508255,0.12122541666030884
COCO_val2014_000000528084,0.8783453106880188,0.807137668132782,0.1406918466091156
COCO_val2014_000000360073,0.9184277057647705,0.7807649374008179,0.1645960807800293
COCO_val2014_000000121989,0.837924063205719,0.7610457539558411,0.18907397985458374
COCO_val2014_000000444199,0.5933659672737122,0.38969886302948,1.0138108730316162
COCO_val2014_000000377730,0.8791894316673279,0.7106245756149292,0.28191035985946655
COCO_val2014_000000078060,0.9048100113868713,0.7375578284263611,0.29426077008247375
COCO_val2014_000000188040,0.8263242840766907,0.6493781805038452,0.3953673839569092
COCO_val2014_000000422240,0.7701885104179382,0.7311490774154663,0.2422550618648529
COCO_val2014_000000487282,0.9342284202575684,0.7643658518791199,0.27744418382644653
COCO_val2014_000000477112,0.9212713837623596,0.7820276618003845,0.17594635486602783
COCO_val2014_000000055466,0.9297404289245605,0.7508216500282288,0.21023717522621155
COCO_val2014_000000495377,0.878132164478302,0.7786504626274109,0.1615113466978073
COCO_val2014_000000382307,0.8766586184501648,0.6849498748779297,0.31706470251083374
COCO_val2014_000000190291,0.7975943684577942,0.7113908529281616,0.3020339608192444
COCO_val2014_000000453317,0.9181006550788879,0.824772834777832,0.1265169084072113
COCO_val2014_000000507080,0.8512101769447327,0.5317820906639099,0.6187463998794556
COCO_val2014_000000177262,0.8176476359367371,0.7801440954208374,0.1393030434846878
COCO_val2014_000000485951,0.9180448651313782,0.8418761491775513,0.1005132794380188
COCO_val2014_000000233140,0.8564721345901489,0.7781022787094116,0.19460073113441467
COCO_val2014_000000430052,0.9665129780769348,0.8672923445701599,0.06943653523921967
COCO_val2014_000000039852,0.8749335408210754,0.8225536346435547,0.11266955733299255
COCO_val2014_000000558449,0.8538574576377869,0.7931264638900757,0.14009161293506622
COCO_val2014_000000461681,0.8028022646903992,0.756035566329956,0.22602520883083344
COCO_val2014_000000044621,0.9499937891960144,0.825235903263092,0.1114424616098404
COCO_val2014_000000461620,0.774612545967102,0.707303524017334,0.28561991453170776
COCO_val2014_000000017313,0.8834928274154663,0.7461750507354736,0.23569127917289734
COCO_val2014_000000514083,0.8784096837043762,0.7196252346038818,0.336584210395813
COCO_val2014_000000113672,0.877758800983429,0.7882602214813232,0.12776926159858704
COCO_val2014_000000020671,0.8752530217170715,0.7188986539840698,0.2950085699558258
COCO_val2014_000000367074,0.9087772965431213,0.8200634717941284,0.09230548143386841
COCO_val2014_000000000133,0.8297582268714905,0.8010859489440918,0.13884004950523376
COCO_val2014_000000340511,0.9027771353721619,0.8265306353569031,0.09549970924854279
COCO_val2014_000000337498,0.8923622369766235,0.8285397291183472,0.11770537495613098
COCO_val2014_000000555905,0.8583398461341858,0.7782109975814819,0.2021070271730423
COCO_val2014_000000447602,0.9298920631408691,0.80039381980896,0.16208720207214355
COCO_val2014_000000311385,0.9061710834503174,0.8566722869873047,0.0663781464099884
COCO_val2014_000000394199,0.8919247388839722,0.7806664109230042,0.1492415964603424
COCO_val2014_000000139856,0.8983606100082397,0.7568084001541138,0.22545382380485535
COCO_val2014_000000448181,0.8935076594352722,0.754986047744751,0.23052896559238434
COCO_val2014_000000350262,0.8219871520996094,0.7081725597381592,0.36496207118034363
COCO_val2014_000000517081,0.811409056186676,0.7601308822631836,0.2109074592590332
COCO_val2014_000000232185,0.9306643009185791,0.7564852237701416,0.2511627972126007
COCO_val2014_000000102978,0.8607822060585022,0.8598383665084839,0.06852418184280396
COCO_val2014_000000067412,0.887104868888855,0.8151653409004211,0.10951730608940125
COCO_val2014_000000366884,0.7946416735649109,0.7348830103874207,0.3476330041885376
COCO_val2014_000000575367,0.8453879356384277,0.7604769468307495,0.1778445541858673
COCO_val2014_000000001369,0.9519287347793579,0.8223145604133606,0.13233806192874908
COCO_val2014_000000171241,0.9282119870185852,0.7798882722854614,0.20465148985385895
COCO_val2014_000000015725,0.6348927021026611,0.5687467455863953,0.5830802917480469
COCO_val2014_000000033904,0.9450312256813049,0.8347636461257935,0.09930083155632019
COCO_val2014_000000174888,0.8447320461273193,0.741191029548645,0.26345348358154297
COCO_val2014_000000012085,0.9091699123382568,0.7697145938873291,0.21388408541679382
COCO_val2014_000000353028,0.7681122422218323,0.793356716632843,0.13566958904266357
COCO_val2014_000000067106,0.8592565655708313,0.6071341037750244,0.4746605455875397
COCO_val2014_000000570952,0.9100915193557739,0.7525495290756226,0.19793367385864258
COCO_val2014_000000038186,0.8514845967292786,0.7697855830192566,0.1916683316230774
COCO_val2014_000000121826,0.8725138902664185,0.7869768738746643,0.15572768449783325
COCO_val2014_000000146489,0.9390547871589661,0.8066005706787109,0.13979795575141907
COCO_val2014_000000126226,0.8984785079956055,0.8106459379196167,0.11808961629867554
COCO_val2014_000000560744,0.9425621032714844,0.81355881690979,0.12543246150016785
COCO_val2014_000000027478,0.8459436893463135,0.6595295667648315,0.3498880863189697
COCO_val2014_000000498061,0.9249324798583984,0.7588945627212524,0.20683735609054565
COCO_val2014_000000006580,0.8457966446876526,0.7575228810310364,0.21731360256671906
COCO_val2014_000000482022,0.8551123142242432,0.7897744178771973,0.1641308069229126
COCO_val2014_000000005105,0.8546919226646423,0.7334661483764648,0.29082438349723816
COCO_val2014_000000415076,0.7603599429130554,0.7567404508590698,0.20413240790367126
COCO_val2014_000000407298,0.8297696709632874,0.7639779448509216,0.19516326487064362
COCO_val2014_000000546052,0.9606092572212219,0.8537784814834595,0.07453902065753937
COCO_val2014_000000087144,0.9139661192893982,0.8041876554489136,0.1556224524974823
COCO_val2014_000000003001,0.8902738094329834,0.8009219169616699,0.1282198578119278
COCO_val2014_000000331242,0.8857170343399048,0.7815221548080444,0.1423487812280655
COCO_val2014_000000405188,0.8629369139671326,0.7750079035758972,0.15916462242603302
COCO_val2014_000000098658,0.8125262260437012,0.7268772125244141,0.2446850687265396
COCO_val2014_000000037616,0.7439691424369812,0.7005375027656555,0.2931661605834961
COCO_val2014_000000579158,0.8809449076652527,0.8322529196739197,0.09703020751476288
COCO_val2014_000000581593,0.8982201218605042,0.7561898231506348,0.1904994547367096
COCO_val2014_000000135975,0.8661039471626282,0.7261863350868225,0.2827928066253662
COCO_val2014_000000441672,0.8475968241691589,0.753588080406189,0.21583285927772522
COCO_val2014_000000333888,0.9264527559280396,0.8520614504814148,0.06675247102975845
COCO_val2014_000000170340,0.9452347755432129,0.6711103916168213,0.3515351414680481
COCO_val2014_000000245664,0.8530781865119934,0.7659651041030884,0.18308477103710175
COCO_val2014_000000512576,0.9273554086685181,0.8514468669891357,0.08763395249843597
COCO_val2014_000000494957,0.7573146820068359,0.6918078660964966,0.28841668367385864
COCO_val2014_000000313337,0.9046896696090698,0.7974458336830139,0.15909740328788757
COCO_val2014_000000161940,0.9402268528938293,0.8280173540115356,0.12389016151428223
COCO_val2014_000000209468,0.8695607781410217,0.7238827347755432,0.2666838765144348
COCO_val2014_000000023201,0.9068954586982727,0.7792752981185913,0.1617470681667328
COCO_val2014_000000511777,0.9474797248840332,0.8454902172088623,0.07809455692768097
COCO_val2014_000000312192,0.87273108959198,0.8325843811035156,0.10268057882785797
COCO_val2014_000000046048,0.8289235234260559,0.6751883625984192,0.3275575637817383
COCO_val2014_000000150599,0.9225487112998962,0.8118863105773926,0.13234055042266846
COCO_val2014_000000533548,0.8442423939704895,0.6178593635559082,0.45553773641586304
COCO_val2014_000000014108,0.8884552121162415,0.7669335603713989,0.2221103310585022
COCO_val2014_000000002124,0.8926626443862915,0.8156698942184448,0.10737967491149902
COCO_val2014_000000409855,0.8928444385528564,0.8276532888412476,0.09719759970903397
COCO_val2014_000000024104,0.8618046641349792,0.8283413648605347,0.10884324461221695
COCO_val2014_000000195842,0.861408531665802,0.6895642280578613,0.29407933354377747
COCO_val2014_000000240783,0.866843581199646,0.8300697207450867,0.09551569074392319
COCO_val2014_000000341645,0.8831735253334045,0.6726738214492798,0.3352963328361511
COCO_val2014_000000524822,0.7604413032531738,0.6673493981361389,0.3363732099533081
COCO_val2014_000000329080,0.9023444652557373,0.8116886615753174,0.11594195663928986
COCO_val2014_000000267224,0.8377198576927185,0.7807022333145142,0.15961594879627228
COCO_val2014_000000154423,0.9166194200515747,0.8102025389671326,0.13072189688682556
COCO_val2014_000000136008,0.9347389340400696,0.7622483968734741,0.213944211602211
COCO_val2014_000000178941,0.907920777797699,0.7396374940872192,0.2363542765378952
COCO_val2014_000000140963,0.7509114742279053,0.6954927444458008,0.30658963322639465
COCO_val2014_000000326702,0.8957712054252625,0.8053164482116699,0.15938183665275574
COCO_val2014_000000536708,0.8893722891807556,0.8076452016830444,0.14513131976127625
COCO_val2014_000000543706,0.8523199558258057,0.8221213817596436,0.10808436572551727
COCO_val2014_000000349130,0.9118924736976624,0.7273706197738647,0.26391470432281494
COCO_val2014_000000001799,0.838096559047699,0.7370072603225708,0.2279716283082962
COCO_val2014_000000131714,0.9113902449607849,0.8201569318771362,0.11478006839752197
COCO_val2014_000000324008,0.9117031693458557,0.8216310143470764,0.11294475942850113
COCO_val2014_000000427341,0.9370609521865845,0.7801668643951416,0.16913962364196777
COCO_val2014_000000522791,0.8482403755187988,0.7336657047271729,0.21522873640060425
COCO_val2014_000000463296,0.7982103228569031,0.806058943271637,0.13591185212135315
COCO_val2014_000000262940,0.9245209097862244,0.828832745552063,0.13260462880134583
COCO_val2014_000000116206,0.8968588709831238,0.7985284328460693,0.13982924818992615
COCO_val2014_000000313341,0.8757044076919556,0.7690056562423706,0.17927533388137817
COCO_val2014_000000093763,0.8343868851661682,0.7505122423171997,0.27601301670074463
COCO_val2014_000000208423,0.7476749420166016,0.6841798424720764,0.3483200669288635
COCO_val2014_000000408480,0.922189474105835,0.829249382019043,0.11216167360544205
COCO_val2014_000000268435,0.9472014904022217,0.5553984045982361,0.5602121949195862
COCO_val2014_000000047603,0.8744902610778809,0.7071980237960815,0.2591143846511841
COCO_val2014_000000578498,0.8688116073608398,0.788965106010437,0.18936437368392944
COCO_val2014_000000003326,0.9288111329078674,0.8111462593078613,0.1769474744796753
COCO_val2014_000000510707,0.842644453048706,0.8139504194259644,0.13897672295570374
COCO_val2014_000000400507,0.856931746006012,0.7953836917877197,0.127508282661438
COCO_val2014_000000229659,0.889544665813446,0.7834727764129639,0.15971484780311584
COCO_val2014_000000436814,0.7424860000610352,0.7247287631034851,0.2562903165817261
COCO_val2014_000000315641,0.8876097798347473,0.7870071530342102,0.15864357352256775
COCO_val2014_000000419848,0.868342399597168,0.7322351336479187,0.24025146663188934
COCO_val2014_000000129886,0.8751934170722961,0.7994511723518372,0.14169007539749146
COCO_val2014_000000181118,0.7534322142601013,0.8114496469497681,0.13477706909179688
COCO_val2014_000000463865,0.8389296531677246,0.6890404224395752,0.39793047308921814
COCO_val2014_000000043375,0.9374442100524902,0.8424123525619507,0.0985443964600563
COCO_val2014_000000361430,0.8433275818824768,0.8487354516983032,0.12659138441085815
COCO_val2014_000000203294,0.9170294404029846,0.7997479438781738,0.12164337188005447
COCO_val2014_000000116067,0.8849968314170837,0.7780259847640991,0.16283676028251648
COCO_val2014_000000095062,0.8661887645721436,0.7714897394180298,0.17065216600894928
COCO_val2014_000000273711,0.865789532661438,0.8346906304359436,0.08510854840278625
COCO_val2014_000000368541,0.9455697536468506,0.8468357920646667,0.0641762986779213
COCO_val2014_000000294451,0.835322916507721,0.8445116281509399,0.07978157699108124
COCO_val2014_000000415163,0.7897943258285522,0.6876058578491211,0.3762592673301697
COCO_val2014_000000152103,0.8777133226394653,0.7422604560852051,0.24584758281707764
COCO_val2014_000000159240,0.8775626420974731,0.8163344860076904,0.12189246714115143
COCO_val2014_000000364016,0.9106470942497253,0.7651195526123047,0.17643806338310242
COCO_val2014_000000486974,0.8448111414909363,0.7867632508277893,0.15750035643577576
COCO_val2014_000000460373,0.8476105332374573,0.7826015949249268,0.1821078062057495
COCO_val2014_000000061520,0.8474203944206238,0.6994796991348267,0.3255990445613861
COCO_val2014_000000465735,0.8816601037979126,0.7779309749603271,0.1708381474018097
COCO_val2014_000000400528,0.9344953298568726,0.8249253034591675,0.09821663796901703
COCO_val2014_000000451120,0.9035381078720093,0.7670081853866577,0.1940145492553711
COCO_val2014_000000364608,0.8831815719604492,0.6794366240501404,0.34046292304992676
COCO_val2014_000000261721,0.9081600308418274,0.8102577924728394,0.13669833540916443
COCO_val2014_000000167898,0.9152376055717468,0.7898991107940674,0.1615423858165741
COCO_val2014_000000033652,0.9047240018844604,0.8500970602035522,0.07696440070867538
COCO_val2014_000000004296,0.8093200325965881,0.7882084250450134,0.13257713615894318
COCO_val2014_000000523871,0.9250009059906006,0.8084349632263184,0.11909501254558563
COCO_val2014_000000356349,0.9121224880218506,0.8298870921134949,0.10936619341373444
COCO_val2014_000000184384,0.8954237103462219,0.8320691585540771,0.09121094644069672
COCO_val2014_000000253665,0.8594050407409668,0.7363778352737427,0.2671511769294739
COCO_val2014_000000481710,0.8818870782852173,0.7945688366889954,0.16432422399520874
COCO_val2014_000000535934,0.8516030311584473,0.7489686012268066,0.21982461214065552
COCO_val2014_000000289222,0.8929222226142883,0.7238006591796875,0.3066159188747406
COCO_val2014_000000191925,0.9267593622207642,0.7544660568237305,0.20708124339580536
COCO_val2014_000000572260,0.7932698726654053,0.7313309907913208,0.26430070400238037
COCO_val2014_000000572825,0.889518678188324,0.7254390716552734,0.27574649453163147
COCO_val2014_000000196074,0.7954407930374146,0.7415053844451904,0.21514052152633667
COCO_val2014_000000082174,0.8609589338302612,0.6791465878486633,0.316889226436615
COCO_val2014_000000221095,0.8663840889930725,0.8110348582267761,0.1175195649266243
COCO_val2014_000000133327,0.9495548605918884,0.8133858442306519,0.13766995072364807
COCO_val2014_000000081287,0.7948928475379944,0.7682639360427856,0.17011100053787231
COCO_val2014_000000344521,0.8049300909042358,0.7994632124900818,0.12217336893081665
COCO_val2014_000000314251,0.91993647813797,0.7806329727172852,0.17056496441364288
COCO_val2014_000000313246,0.9243156313896179,0.8025670647621155,0.13846991956233978
COCO_val2014_000000578225,0.8598002195358276,0.7686632871627808,0.16488979756832123
COCO_val2014_000000009769,0.8585090637207031,0.7718808650970459,0.17588476836681366
COCO_val2014_000000508950,0.8854057788848877,0.7368373870849609,0.23694345355033875
COCO_val2014_000000522782,0.8164895176887512,0.7593796253204346,0.17712262272834778
COCO_val2014_000000357418,0.9205785989761353,0.8203921914100647,0.11052151024341583
COCO_val2014_000000543330,0.9296772480010986,0.8535869717597961,0.08114016801118851
COCO_val2014_000000532976,0.971265971660614,0.8857821822166443,0.04089809209108353
COCO_val2014_000000369533,0.8606273531913757,0.7659832835197449,0.2004828006029129
COCO_val2014_000000457037,0.9096189737319946,0.8339473605155945,0.09488201141357422
COCO_val2014_000000294124,0.8473513126373291,0.7302234172821045,0.26185423135757446
COCO_val2014_000000104495,0.8837481737136841,0.8127932548522949,0.10600373148918152
COCO_val2014_000000133515,0.944115400314331,0.842149019241333,0.09373540431261063
COCO_val2014_000000445557,0.938357949256897,0.8361508846282959,0.10398358106613159
COCO_val2014_000000503101,0.7138761878013611,0.6721032857894897,0.29899096488952637
COCO_val2014_000000365626,0.9093761444091797,0.7901031970977783,0.16140329837799072
COCO_val2014_000000363767,0.8464818000793457,0.7864937782287598,0.16384431719779968
COCO_val2014_000000400887,0.9067345857620239,0.7871654033660889,0.1697777807712555
COCO_val2014_000000239625,0.8024083971977234,0.7913009524345398,0.13526034355163574
COCO_val2014_000000135139,0.751079797744751,0.7170597314834595,0.2697843313217163
COCO_val2014_000000278705,0.8147401213645935,0.7412483096122742,0.25955742597579956
COCO_val2014_000000412440,0.8517234921455383,0.7681475877761841,0.16929030418395996
COCO_val2014_000000426611,0.7134528160095215,0.7014153599739075,0.2739284634590149
COCO_val2014_000000564572,0.8846415281295776,0.7523285150527954,0.20696115493774414
COCO_val2014_000000446352,0.9245709180831909,0.7725988626480103,0.19658365845680237
COCO_val2014_000000249599,0.839958906173706,0.7956341505050659,0.15750007331371307
COCO_val2014_000000097967,0.8112890124320984,0.7910287380218506,0.15944638848304749
COCO_val2014_000000432234,0.8115394711494446,0.6799530982971191,0.32856452465057373
COCO_val2014_000000007511,0.9372917413711548,0.7931599617004395,0.17902988195419312
COCO_val2014_000000414133,0.8944517374038696,0.6948747038841248,0.2994641065597534
COCO_val2014_000000462376,0.9442293643951416,0.8485254645347595,0.07114645838737488
COCO_val2014_000000552610,0.7176794409751892,0.7229816913604736,0.2674451470375061
COCO_val2014_000000187236,0.8549937009811401,0.7479003667831421,0.22521615028381348
COCO_val2014_000000253742,0.8504406213760376,0.7430582046508789,0.22562186419963837
COCO_val2014_000000364399,0.9431372284889221,0.8642637729644775,0.055217642337083817
COCO_val2014_000000113707,0.7473568916320801,0.6895420551300049,0.42439377307891846
COCO_val2014_000000363840,0.7671104073524475,0.7555849552154541,0.2057010978460312
COCO_val2014_000000073256,0.91634202003479,0.7693461179733276,0.17666947841644287
COCO_val2014_000000126163,0.8320913314819336,0.6996570825576782,0.31542202830314636
COCO_val2014_000000559312,0.8300625085830688,0.7365584373474121,0.2425936460494995
COCO_val2014_000000000589,0.9587243795394897,0.8200660943984985,0.13182374835014343
COCO_val2014_000000361073,0.8828421235084534,0.8262382745742798,0.10149525105953217
COCO_val2014_000000072315,0.8990238904953003,0.7581955194473267,0.2461184859275818
COCO_val2014_000000432657,0.9522761106491089,0.8376869559288025,0.12378720194101334
COCO_val2014_000000064121,0.8893288373947144,0.6848154067993164,0.39739924669265747
COCO_val2014_000000367398,0.7005894780158997,0.6989939212799072,0.31509971618652344
COCO_val2014_000000451440,0.9444689750671387,0.810983419418335,0.14787426590919495
COCO_val2014_000000275661,0.8110275864601135,0.7604120373725891,0.17328810691833496
COCO_val2014_000000067757,0.9190746545791626,0.6817659139633179,0.33995550870895386
COCO_val2014_000000261805,0.9463009834289551,0.8254939317703247,0.1157909408211708
COCO_val2014_000000358296,0.8785347938537598,0.799066960811615,0.13171276450157166
COCO_val2014_000000346702,0.8511510491371155,0.7725163698196411,0.21378692984580994
COCO_val2014_000000123633,0.8432337641716003,0.7113555669784546,0.32969409227371216
COCO_val2014_000000478736,0.8512656092643738,0.775204062461853,0.18594661355018616
COCO_val2014_000000341719,0.9119426012039185,0.7448105812072754,0.2813126742839813
COCO_val2014_000000040497,0.8519443273544312,0.8017477989196777,0.14671917259693146
COCO_val2014_000000451559,0.9197766780853271,0.6254093647003174,0.40671858191490173
COCO_val2014_000000199783,0.9198141694068909,0.8358449935913086,0.08181992173194885
COCO_val2014_000000277869,0.9464940428733826,0.8620668053627014,0.0622892864048481
COCO_val2014_000000548336,0.8957074880599976,0.7272677421569824,0.23584839701652527
COCO_val2014_000000271424,0.8004211187362671,0.7477504014968872,0.25041627883911133
COCO_val2014_000000300066,0.9138259887695312,0.795046865940094,0.22696375846862793
COCO_val2014_000000129492,0.9026245474815369,0.7873608469963074,0.18451018631458282
COCO_val2014_000000082889,0.9532899260520935,0.752501904964447,0.2067369520664215
COCO_val2014_000000523454,0.7297996878623962,0.6372767686843872,0.43521612882614136
COCO_val2014_000000049194,0.8577920198440552,0.6614416837692261,0.4817165732383728
COCO_val2014_000000119452,0.9007670283317566,0.43441659212112427,0.8163062334060669
COCO_val2014_000000460646,0.9133149981498718,0.7708079814910889,0.1660742163658142
COCO_val2014_000000085940,0.8588616847991943,0.8273059725761414,0.09292681515216827
COCO_val2014_000000471488,0.8701443672180176,0.7337263822555542,0.24013526737689972
COCO_val2014_000000221893,0.6867156028747559,0.614444375038147,0.5296201705932617
COCO_val2014_000000008005,0.8999717235565186,0.7819722890853882,0.14788039028644562
COCO_val2014_000000009175,0.8344841003417969,0.776585578918457,0.18336597084999084
COCO_val2014_000000402233,0.7754622101783752,0.7166919708251953,0.27538809180259705
COCO_val2014_000000287387,0.8829797506332397,0.7628905773162842,0.18432210385799408
COCO_val2014_000000565693,0.8547853231430054,0.7144865989685059,0.2857130765914917
COCO_val2014_000000341246,0.9543821811676025,0.8729369044303894,0.06449278444051743
COCO_val2014_000000084442,0.8000749349594116,0.8258283138275146,0.10186581313610077
COCO_val2014_000000253835,0.8389458656311035,0.732937216758728,0.21917946636676788
COCO_val2014_000000285832,0.8114318251609802,0.8093643188476562,0.12952874600887299
COCO_val2014_000000129897,0.8606236577033997,0.7708873152732849,0.18573002517223358
COCO_val2014_000000030657,0.8512017130851746,0.6594207286834717,0.40814709663391113
COCO_val2014_000000330522,0.7184516191482544,0.7248305678367615,0.2693388760089874
COCO_val2014_000000328289,0.9028453230857849,0.7762676477432251,0.1681428849697113
COCO_val2014_000000274109,0.8913791179656982,0.8285665512084961,0.09288875758647919
COCO_val2014_000000225913,0.8912744522094727,0.7808609008789062,0.20358484983444214
COCO_val2014_000000286089,0.8681736588478088,0.6890292763710022,0.3927220404148102
COCO_val2014_000000175653,0.8356963396072388,0.7565418481826782,0.20167358219623566
COCO_val2014_000000427034,0.8369321823120117,0.7090972661972046,0.34319937229156494
COCO_val2014_000000225281,0.7964169979095459,0.8018468022346497,0.14615000784397125
COCO_val2014_000000541493,0.8314908146858215,0.7898205518722534,0.1558653563261032
COCO_val2014_000000185781,0.9506242871284485,0.8505301475524902,0.07985891401767731
COCO_val2014_000000575719,0.9617770314216614,0.8443455696105957,0.10138644278049469
COCO_val2014_000000264110,0.9036008715629578,0.6650490760803223,0.3444792926311493
COCO_val2014_000000357737,0.8041726350784302,0.6607576012611389,0.32441094517707825
COCO_val2014_000000053629,0.6378748416900635,0.6206716299057007,0.45375123620033264
COCO_val2014_000000003779,0.76661616563797,0.7649636268615723,0.20124083757400513
COCO_val2014_000000114458,0.9327768087387085,0.7917475700378418,0.2044084370136261
COCO_val2014_000000227204,0.7915565371513367,0.6604301929473877,0.3271208703517914
COCO_val2014_000000204036,0.8674365282058716,0.7880807518959045,0.1437787413597107
COCO_val2014_000000388042,0.9287232756614685,0.8325830698013306,0.1403244435787201
COCO_val2014_000000129862,0.8631582856178284,0.7782851457595825,0.19970697164535522
COCO_val2014_000000105291,0.7967345714569092,0.6664232015609741,0.36164963245391846
COCO_val2014_000000450391,0.7206050157546997,0.6264506578445435,0.44662970304489136
COCO_val2014_000000413339,0.8123660087585449,0.7721587419509888,0.19200965762138367
COCO_val2014_000000035726,0.8447097539901733,0.7991595268249512,0.1175670251250267
COCO_val2014_000000053328,0.8612579703330994,0.7016748189926147,0.373524010181427
COCO_val2014_000000369370,0.8495165109634399,0.8274766206741333,0.09131324291229248
COCO_val2014_000000426897,0.8162782788276672,0.7154975533485413,0.3135809302330017
COCO_val2014_000000009236,0.9072332382202148,0.8156198263168335,0.11220092326402664
COCO_val2014_000000375503,0.8235384821891785,0.8003811240196228,0.12128409743309021
COCO_val2014_000000544574,0.9556126594543457,0.8322396874427795,0.1124090626835823
COCO_val2014_000000207826,0.9051265120506287,0.7659335136413574,0.1952122002840042
COCO_val2014_000000488463,0.9055537581443787,0.8142582178115845,0.13833828270435333
COCO_val2014_000000282553,0.941333532333374,0.8171379566192627,0.11597263067960739
COCO_val2014_000000067018,0.9292092323303223,0.7692754864692688,0.21831464767456055
COCO_val2014_000000558171,0.8495703339576721,0.7111916542053223,0.3001058101654053
COCO_val2014_000000349647,0.8986045122146606,0.8037075996398926,0.12375151365995407
COCO_val2014_000000485916,0.8735979795455933,0.8151708841323853,0.12763962149620056
COCO_val2014_000000135914,0.9078009724617004,0.7611202597618103,0.20579347014427185
COCO_val2014_000000231028,0.9464825391769409,0.8394173383712769,0.09901101887226105
COCO_val2014_000000100245,0.6245672702789307,0.6879884600639343,0.33189868927001953
COCO_val2014_000000020334,0.8623132705688477,0.713651180267334,0.2724578380584717
COCO_val2014_000000142890,0.7029937505722046,0.707217812538147,0.24538426101207733
COCO_val2014_000000180662,0.8150654435157776,0.7273233532905579,0.28572922945022583
COCO_val2014_000000519673,0.906853437423706,0.8219088912010193,0.1117461547255516
COCO_val2014_000000224010,0.8428806066513062,0.7666639685630798,0.1862168312072754
COCO_val2014_000000112093,0.9295939207077026,0.8043718338012695,0.12614691257476807
COCO_val2014_000000517056,0.8941762447357178,0.7751504778862,0.22562992572784424
COCO_val2014_000000348913,0.8504989743232727,0.7572808861732483,0.227748841047287
COCO_val2014_000000493683,0.8335508108139038,0.7762073278427124,0.2179010808467865
COCO_val2014_000000316862,0.8684985637664795,0.7850692868232727,0.1462065875530243
COCO_val2014_000000327780,0.9022409915924072,0.8386642932891846,0.10051015019416809
COCO_val2014_000000567205,0.8887560367584229,0.7970109581947327,0.1514645516872406
COCO_val2014_000000096207,0.8952900767326355,0.811444103717804,0.15791085362434387
COCO_val2014_000000451155,0.786925196647644,0.5086844563484192,0.6662241816520691
COCO_val2014_000000156370,0.7184925675392151,0.5268125534057617,0.651847243309021
COCO_val2014_000000043673,0.8424108624458313,0.6873133182525635,0.29269734025001526
COCO_val2014_000000397354,0.9376482367515564,0.8468074798583984,0.08849406242370605
COCO_val2014_000000008119,0.9259698390960693,0.8348852396011353,0.09206336736679077
COCO_val2014_000000257336,0.8878501653671265,0.7831284999847412,0.18080687522888184
COCO_val2014_000000420120,0.7578750252723694,0.6200530529022217,0.4812442660331726
COCO_val2014_000000099348,0.8525203466415405,0.776463508605957,0.2078867405653
COCO_val2014_000000476810,0.9295383095741272,0.8126206398010254,0.11849050223827362
COCO_val2014_000000090645,0.7375312447547913,0.7116133570671082,0.2631663680076599
COCO_val2014_000000489550,0.9231691360473633,0.8357703685760498,0.08954557776451111
COCO_val2014_000000092998,0.917328953742981,0.786869466304779,0.1850445568561554
COCO_val2014_000000308274,0.8432406783103943,0.6723066568374634,0.36719128489494324
COCO_val2014_000000240784,0.9158521890640259,0.7892462611198425,0.1371094286441803
COCO_val2014_000000172556,0.9684696793556213,0.8309599161148071,0.1450304090976715
COCO_val2014_000000306230,0.9200769662857056,0.7960411310195923,0.15358424186706543
COCO_val2014_000000102837,0.9578806161880493,0.7747326493263245,0.20629127323627472
COCO_val2014_000000262476,0.8838788866996765,0.7604072093963623,0.18797971308231354
COCO_val2014_000000002839,0.8810537457466125,0.7789612412452698,0.1881551742553711
COCO_val2014_000000442667,0.9388021230697632,0.8531057834625244,0.07021129131317139
COCO_val2014_000000140783,0.9387302398681641,0.8569121360778809,0.06460864841938019
COCO_val2014_000000144706,0.8475373387336731,0.7280669808387756,0.25350648164749146
COCO_val2014_000000450724,0.9015027284622192,0.7250548601150513,0.36380863189697266
COCO_val2014_000000278966,0.8527512550354004,0.6965149641036987,0.3252466917037964
COCO_val2014_000000006701,0.9139243364334106,0.7860265374183655,0.1713537871837616
COCO_val2014_000000167122,0.8262012600898743,0.7449381351470947,0.22190701961517334
COCO_val2014_000000528411,0.8541414737701416,0.7230175137519836,0.2952800989151001
COCO_val2014_000000438567,0.828076183795929,0.7846599817276001,0.1525571048259735
COCO_val2014_000000568398,0.8501868844032288,0.7957354187965393,0.16138342022895813
COCO_val2014_000000433892,0.9069986939430237,0.7035970091819763,0.29034996032714844
COCO_val2014_000000242529,0.8550927639007568,0.7688396573066711,0.21460840106010437
COCO_val2014_000000336324,0.8917725682258606,0.8175212144851685,0.10694341361522675
COCO_val2014_000000176330,0.8945592045783997,0.7626616954803467,0.19143405556678772
COCO_val2014_000000192128,0.847319483757019,0.7282033562660217,0.25394803285598755
COCO_val2014_000000203661,0.7730112671852112,0.7634621262550354,0.1861545741558075
COCO_val2014_000000400166,0.8958197832107544,0.829512894153595,0.09210143238306046
COCO_val2014_000000264619,0.8665195107460022,0.7634785175323486,0.19445402920246124
COCO_val2014_000000427118,0.9079709649085999,0.7824419736862183,0.1803230345249176
COCO_val2014_000000054517,0.840139627456665,0.7499836683273315,0.20483824610710144
COCO_val2014_000000385029,0.916401743888855,0.7874276041984558,0.14837191998958588
COCO_val2014_000000565085,0.8883202075958252,0.7698177099227905,0.22252656519412994
COCO_val2014_000000054355,0.937403678894043,0.8239447474479675,0.11902643740177155
COCO_val2014_000000556120,0.875659167766571,0.8080528974533081,0.13305023312568665
COCO_val2014_000000137271,0.9080547094345093,0.7767431735992432,0.16784560680389404
COCO_val2014_000000094422,0.899272084236145,0.7112341523170471,0.33097168803215027
COCO_val2014_000000029059,0.9219900369644165,0.774476170539856,0.18621374666690826
COCO_val2014_000000277239,0.8484604358673096,0.7593432664871216,0.20163889229297638
COCO_val2014_000000564489,0.8855400085449219,0.7483810186386108,0.28587186336517334
COCO_val2014_000000048281,0.9099560976028442,0.7670015096664429,0.18764011561870575
COCO_val2014_000000109441,0.8457739353179932,0.7997727394104004,0.1302112638950348
COCO_val2014_000000499480,0.8607115745544434,0.805321216583252,0.12655118107795715
COCO_val2014_000000378614,0.5882129669189453,0.699911892414093,0.30497434735298157
COCO_val2014_000000330536,0.7540056705474854,0.7182875871658325,0.24771851301193237
COCO_val2014_000000131627,0.9322066903114319,0.7928838133811951,0.20001515746116638
COCO_val2014_000000300753,0.8993281722068787,0.7542772889137268,0.22529037296772003
COCO_val2014_000000251892,0.9066369533538818,0.8539922833442688,0.06783930957317352
COCO_val2014_000000114684,0.911628007888794,0.7782212495803833,0.18297699093818665
COCO_val2014_000000265256,0.8742181062698364,0.698103666305542,0.29242005944252014
COCO_val2014_000000099938,0.8612067699432373,0.7587522268295288,0.19084671139717102
COCO_val2014_000000281711,0.9501057267189026,0.863404393196106,0.06618236750364304
COCO_val2014_000000484751,0.9176357388496399,0.8402936458587646,0.09010838717222214
COCO_val2014_000000146570,0.7836899757385254,0.7764695286750793,0.18843305110931396
COCO_val2014_000000290289,0.7650225162506104,0.7208490967750549,0.2244446873664856
COCO_val2014_000000113271,0.8977462649345398,0.7844550609588623,0.14593899250030518
COCO_val2014_000000497660,0.9214576482772827,0.8151391744613647,0.1158059611916542
COCO_val2014_000000326854,0.8447133898735046,0.7816997766494751,0.16318178176879883
COCO_val2014_000000460866,0.8139513731002808,0.7865923643112183,0.15621596574783325
COCO_val2014_000000377999,0.9073496460914612,0.7921326160430908,0.17581883072853088
COCO_val2014_000000476838,0.7093373537063599,0.7341059446334839,0.23779049515724182
COCO_val2014_000000235203,0.8657804727554321,0.7983018755912781,0.13194724917411804
COCO_val2014_000000097561,0.8838587403297424,0.7976709604263306,0.14668165147304535
COCO_val2014_000000002302,0.9446953535079956,0.7906192541122437,0.22431403398513794
COCO_val2014_000000193194,0.8694100975990295,0.7938929796218872,0.13280653953552246
COCO_val2014_000000222317,0.9357569217681885,0.7068731784820557,0.28291386365890503
COCO_val2014_000000225603,0.9105467200279236,0.8181011080741882,0.1534079611301422
COCO_val2014_000000458485,0.9239580631256104,0.8299925923347473,0.1063525527715683
COCO_val2014_000000207886,0.8429169654846191,0.741759717464447,0.23380741477012634
COCO_val2014_000000358765,0.8865081071853638,0.6529179811477661,0.37078675627708435
COCO_val2014_000000524187,0.9710065722465515,0.8161762952804565,0.1394471526145935
COCO_val2014_000000015335,0.8433830142021179,0.7344171404838562,0.3110162317752838
COCO_val2014_000000084540,0.9255220890045166,0.8114484548568726,0.15337017178535461
COCO_val2014_000000091779,0.8804156184196472,0.8259917497634888,0.10549113899469376
COCO_val2014_000000560256,0.8093386292457581,0.815302848815918,0.11494104564189911
COCO_val2014_000000451324,0.7590088844299316,0.7522780895233154,0.20830047130584717
COCO_val2014_000000364266,0.7880704402923584,0.7443495392799377,0.16444538533687592
COCO_val2014_000000082263,0.8594009280204773,0.7621114253997803,0.20657214522361755
COCO_val2014_000000080895,0.8807768821716309,0.7687621116638184,0.19198787212371826
COCO_val2014_000000366576,0.7787554264068604,0.7201486825942993,0.26209548115730286
COCO_val2014_000000516805,0.8585148453712463,0.8085956573486328,0.1250881850719452
COCO_val2014_000000307342,0.9023045301437378,0.787501871585846,0.1772117167711258
COCO_val2014_000000319345,0.8673381805419922,0.7889935970306396,0.18113476037979126
COCO_val2014_000000032965,0.9543706178665161,0.8384385704994202,0.1098036915063858
COCO_val2014_000000199951,0.9290202260017395,0.6987677812576294,0.4184660315513611
COCO_val2014_000000005535,0.8021158576011658,0.6899627447128296,0.3307955265045166
COCO_val2014_000000150235,0.877630352973938,0.7265729904174805,0.272366464138031
COCO_val2014_000000485368,0.8620954751968384,0.7096410393714905,0.2904605567455292
COCO_val2014_000000034500,0.9405130743980408,0.7040649056434631,0.33692899346351624
COCO_val2014_000000569801,0.8103405833244324,0.7788304090499878,0.1771472543478012
COCO_val2014_000000505455,0.9138269424438477,0.7775318622589111,0.23615917563438416
COCO_val2014_000000125778,0.781842827796936,0.7674252986907959,0.18741196393966675
COCO_val2014_000000373075,0.8136406540870667,0.7210015058517456,0.23350483179092407
COCO_val2014_000000000397,0.8371044993400574,0.8140032291412354,0.12327641248703003
COCO_val2014_000000010138,0.9193376898765564,0.7931632995605469,0.15507009625434875
COCO_val2014_000000082787,0.865943431854248,0.8115596771240234,0.11540903151035309
COCO_val2014_000000060128,0.8841870427131653,0.8295743465423584,0.08504477888345718
COCO_val2014_000000250592,0.9120717644691467,0.8085132837295532,0.15757542848587036
COCO_val2014_000000338625,0.9237220883369446,0.8268323540687561,0.11312881857156754
COCO_val2014_000000259422,0.8651720881462097,0.8249626159667969,0.11152270436286926
COCO_val2014_000000131282,0.8085317015647888,0.7831632494926453,0.15236921608448029
COCO_val2014_000000413341,0.9416942000389099,0.814358115196228,0.14641162753105164
COCO_val2014_000000380348,0.8766088485717773,0.8129128813743591,0.15105696022510529
COCO_val2014_000000209357,0.9247657060623169,0.7801889181137085,0.2187776267528534
COCO_val2014_000000358658,0.9365803599357605,0.8210070133209229,0.1431128978729248
COCO_val2014_000000299887,0.922554075717926,0.7828463912010193,0.17401355504989624
COCO_val2014_000000258243,0.9504554867744446,0.8374467492103577,0.10566489398479462
COCO_val2014_000000349101,0.8079704642295837,0.7550994157791138,0.19735199213027954
COCO_val2014_000000323525,0.9318831562995911,0.810903787612915,0.2325093150138855
COCO_val2014_000000000520,0.9169251918792725,0.8440072536468506,0.08583822846412659
COCO_val2014_000000393497,0.811859130859375,0.7396714091300964,0.21437813341617584
COCO_val2014_000000217783,0.8783807754516602,0.7682364583015442,0.2296067774295807
COCO_val2014_000000447328,0.9145880341529846,0.8017038106918335,0.1589929312467575
COCO_val2014_000000310906,0.7738630771636963,0.7437691688537598,0.21108806133270264
COCO_val2014_000000541773,0.8758653998374939,0.7965375781059265,0.13261748850345612
COCO_val2014_000000326428,0.8619000911712646,0.7192273139953613,0.3341413140296936
COCO_val2014_000000541132,0.8536467552185059,0.7458314895629883,0.2122480869293213
COCO_val2014_000000076547,0.864496111869812,0.7280839681625366,0.2186780422925949
COCO_val2014_000000366096,0.8683980703353882,0.7995745539665222,0.14203721284866333
COCO_val2014_000000501443,0.7985383868217468,0.7309377193450928,0.2612912058830261
COCO_val2014_000000106411,0.9492835998535156,0.801663875579834,0.13529223203659058
COCO_val2014_000000370209,0.7964534163475037,0.6910359859466553,0.3483238220214844
COCO_val2014_000000275117,0.8851249814033508,0.7884016036987305,0.17521212995052338
COCO_val2014_000000100083,0.9447433948516846,0.8555527925491333,0.07167975604534149
COCO_val2014_000000173825,0.8122103214263916,0.7910597324371338,0.1385827213525772
COCO_val2014_000000350003,0.9667006134986877,0.8674979209899902,0.07163113355636597
COCO_val2014_000000377393,0.8492515683174133,0.7693517208099365,0.17130619287490845
COCO_val2014_000000178446,0.7722557783126831,0.7058336734771729,0.30951693654060364
COCO_val2014_000000008665,0.9099803566932678,0.6113235354423523,0.5225780010223389
COCO_val2014_000000516856,0.9173901677131653,0.7759888172149658,0.16231857240200043
COCO_val2014_000000017627,0.9196859002113342,0.822990894317627,0.09566262364387512
COCO_val2014_000000455735,0.8802120089530945,0.7873196005821228,0.14020022749900818
COCO_val2014_000000208991,0.8862482309341431,0.8161591291427612,0.1219775527715683
COCO_val2014_000000508514,0.7267800569534302,0.6635470390319824,0.3356429636478424
COCO_val2014_000000229132,0.8117632865905762,0.7736082077026367,0.1735706627368927
COCO_val2014_000000183519,0.9421812891960144,0.8236953616142273,0.12791836261749268
COCO_val2014_000000367142,0.9138844013214111,0.6888382434844971,0.398124098777771
COCO_val2014_000000289260,0.8191505670547485,0.7737407684326172,0.15602529048919678
COCO_val2014_000000098683,0.9193621873855591,0.735713005065918,0.2273891568183899
COCO_val2014_000000347995,0.8878657221794128,0.7110440731048584,0.3310697078704834
COCO_val2014_000000450790,0.8154995441436768,0.7814188599586487,0.1666639745235443
COCO_val2014_000000456525,0.9214118719100952,0.8342572450637817,0.0801747590303421
COCO_val2014_000000120420,0.8148348927497864,0.6862435936927795,0.2941639721393585
COCO_val2014_000000439773,0.8747611045837402,0.6718735694885254,0.3579060733318329
COCO_val2014_000000103558,0.8958691954612732,0.7528256177902222,0.21734079718589783
COCO_val2014_000000216277,0.9483407735824585,0.8486385941505432,0.0828867107629776
COCO_val2014_000000442724,0.72214674949646,0.7654578685760498,0.20376041531562805
COCO_val2014_000000200627,0.9174681901931763,0.8176870346069336,0.12879808247089386
COCO_val2014_000000218855,0.7953940033912659,0.7001708745956421,0.28381508588790894
COCO_val2014_000000406211,0.8505446314811707,0.6873355507850647,0.36235910654067993
COCO_val2014_000000435075,0.8293094038963318,0.8207931518554688,0.11527515947818756
COCO_val2014_000000003742,0.9109959602355957,0.8217755556106567,0.13842040300369263
COCO_val2014_000000145597,0.8715342283248901,0.8218955993652344,0.10703752189874649
COCO_val2014_000000107304,0.7919725179672241,0.6709362268447876,0.3831407427787781
COCO_val2014_000000479466,0.8452478051185608,0.6860775947570801,0.34567826986312866
COCO_val2014_000000200365,0.860725998878479,0.7738551497459412,0.16754400730133057
COCO_val2014_000000120021,0.8203144669532776,0.8051100969314575,0.1385813057422638
COCO_val2014_000000387850,0.8670118451118469,0.7794821262359619,0.16132721304893494
COCO_val2014_000000085826,0.8339141607284546,0.6177055239677429,0.46058279275894165
COCO_val2014_000000543570,0.9055448174476624,0.8073676824569702,0.10546930134296417
COCO_val2014_000000066685,0.8710978031158447,0.8039673566818237,0.12682116031646729
COCO_val2014_000000156572,0.8445180058479309,0.7253692150115967,0.27255353331565857
COCO_val2014_000000156643,0.9190382361412048,0.7627997994422913,0.20624884963035583
COCO_val2014_000000273470,0.867049515247345,0.7189912796020508,0.27031388878822327
COCO_val2014_000000058690,0.6793296337127686,0.5470651388168335,0.6193751096725464
COCO_val2014_000000389295,0.879951000213623,0.7593109607696533,0.2919021546840668
COCO_val2014_000000357317,0.8443793058395386,0.5790165066719055,0.5286419987678528
COCO_val2014_000000017311,0.9130973219871521,0.805070161819458,0.13488712906837463
COCO_val2014_000000334034,0.8495100140571594,0.7516923546791077,0.22958239912986755
COCO_val2014_000000359128,0.834962785243988,0.7824944257736206,0.14836573600769043
COCO_val2014_000000186927,0.8813934326171875,0.7704979181289673,0.15771731734275818
COCO_val2014_000000325483,0.9019173383712769,0.7589036226272583,0.24093107879161835
COCO_val2014_000000577924,0.8227782845497131,0.7651609182357788,0.17842119932174683
COCO_val2014_000000200451,0.948015570640564,0.8564590215682983,0.07372084259986877
COCO_val2014_000000411530,0.8725169897079468,0.7671926021575928,0.18380522727966309
COCO_val2014_000000493724,0.9138532280921936,0.7912797927856445,0.18440736830234528
COCO_val2014_000000573930,0.8594489693641663,0.8013434410095215,0.1369866132736206
COCO_val2014_000000204507,0.8559489846229553,0.6725289821624756,0.3891015648841858
COCO_val2014_000000379441,0.9085283279418945,0.8344078063964844,0.10411480069160461
COCO_val2014_000000069366,0.9166935682296753,0.7708635330200195,0.17259371280670166
COCO_val2014_000000547493,0.948580801486969,0.8680927753448486,0.06018918752670288
COCO_val2014_000000499266,0.8467731475830078,0.505313515663147,0.677483320236206
COCO_val2014_000000458755,0.8407081365585327,0.7720733880996704,0.15463650226593018
COCO_val2014_000000051028,0.7696428298950195,0.7934748530387878,0.13364551961421967
COCO_val2014_000000278161,0.8424192667007446,0.7897011041641235,0.14869585633277893
COCO_val2014_000000432333,0.868904173374176,0.8031049966812134,0.1214013546705246
COCO_val2014_000000186130,0.9154852032661438,0.7351380586624146,0.21394377946853638
COCO_val2014_000000281111,0.9124927520751953,0.7801998257637024,0.185255229473114
COCO_val2014_000000124712,0.8387353420257568,0.7517789602279663,0.21837708353996277
COCO_val2014_000000302603,0.8717982172966003,0.71551114320755,0.24196767807006836
COCO_val2014_000000287714,0.8978619575500488,0.7829631567001343,0.17114238440990448
COCO_val2014_000000164005,0.7882104516029358,0.7434659004211426,0.2192590832710266
COCO_val2014_000000381416,0.9627474546432495,0.8548941612243652,0.06613051146268845
COCO_val2014_000000153011,0.791510820388794,0.7152405977249146,0.27679386734962463
COCO_val2014_000000523195,0.765863835811615,0.7827199697494507,0.15179207921028137
COCO_val2014_000000090616,0.8974958062171936,0.806858479976654,0.12271837890148163
COCO_val2014_000000087740,0.948110044002533,0.848789393901825,0.0633532777428627
COCO_val2014_000000493932,0.8814775347709656,0.7977776527404785,0.13905033469200134
COCO_val2014_000000306453,0.8335118889808655,0.7292050123214722,0.23570093512535095
COCO_val2014_000000228013,0.8967032432556152,0.7709831595420837,0.22314277291297913
COCO_val2014_000000358293,0.8619882464408875,0.6980926990509033,0.3303002715110779
COCO_val2014_000000294134,0.9277993440628052,0.8071506023406982,0.10974879562854767
COCO_val2014_000000492284,0.8524695038795471,0.741884708404541,0.23712444305419922
COCO_val2014_000000464196,0.9352096915245056,0.7617680430412292,0.21384239196777344
COCO_val2014_000000574332,0.8054282665252686,0.6979061365127563,0.29828470945358276
COCO_val2014_000000486306,0.8436498641967773,0.8233655095100403,0.10896918177604675
COCO_val2014_000000114861,0.8587369918823242,0.7884776592254639,0.15256939828395844
COCO_val2014_000000118181,0.9199832677841187,0.7058750987052917,0.31089141964912415
COCO_val2014_000000524957,0.793623685836792,0.6340057849884033,0.4094958007335663
COCO_val2014_000000329373,0.9144867062568665,0.8120846748352051,0.13113263249397278
COCO_val2014_000000239010,0.8850358724594116,0.7962635159492493,0.14460280537605286
COCO_val2014_000000187177,0.8667315244674683,0.7115616202354431,0.2946597933769226
COCO_val2014_000000551334,0.8792674541473389,0.5930367708206177,0.47170716524124146
COCO_val2014_000000230450,0.8442400693893433,0.7843402028083801,0.15781238675117493
COCO_val2014_000000142177,0.9143886566162109,0.8358672857284546,0.09954861551523209
COCO_val2014_000000043851,0.7872183918952942,0.6521438360214233,0.37785524129867554
COCO_val2014_000000249969,0.8991205096244812,0.786913275718689,0.16129180788993835
COCO_val2014_000000570981,0.7380103468894958,0.7581048011779785,0.2006562054157257
COCO_val2014_000000253630,0.7393593788146973,0.6933400630950928,0.2909936308860779
COCO_val2014_000000491784,0.8766818642616272,0.7330723404884338,0.2242141216993332
COCO_val2014_000000561336,0.8997058868408203,0.8117102384567261,0.10326982289552689
COCO_val2014_000000318550,0.8712902069091797,0.8313076496124268,0.10118144750595093
COCO_val2014_000000450129,0.9096168875694275,0.8218091726303101,0.1253046840429306
COCO_val2014_000000010707,0.8501380085945129,0.7747474908828735,0.21951884031295776
COCO_val2014_000000445371,0.7859840989112854,0.5096275806427002,0.659899890422821
COCO_val2014_000000550707,0.9232365489006042,0.803889274597168,0.13972964882850647
COCO_val2014_000000068093,0.8970451951026917,0.776085376739502,0.18560729920864105
COCO_val2014_000000417965,0.8927809596061707,0.767838180065155,0.23587043583393097
COCO_val2014_000000144874,0.9467714428901672,0.7880786061286926,0.16373315453529358
COCO_val2014_000000508949,0.8820240497589111,0.6851444244384766,0.3273373544216156
COCO_val2014_000000511674,0.8554345965385437,0.774193525314331,0.1618981659412384
COCO_val2014_000000352418,0.8953433632850647,0.8181685209274292,0.10375509411096573
COCO_val2014_000000542509,0.9127146601676941,0.8506186008453369,0.07222180813550949
COCO_val2014_000000229740,0.9443382024765015,0.787010908126831,0.1782452017068863
COCO_val2014_000000068059,0.9347153306007385,0.8549904823303223,0.06253999471664429
COCO_val2014_000000206487,0.9197787642478943,0.8447909355163574,0.08389458060264587
COCO_val2014_000000557163,0.8770052790641785,0.6942206621170044,0.368431031703949
COCO_val2014_000000488942,0.9340845942497253,0.7372821569442749,0.24850381910800934
COCO_val2014_000000052835,0.862165629863739,0.7530907392501831,0.19111749529838562
COCO_val2014_000000466211,0.9539583921432495,0.8537775278091431,0.07051156461238861
COCO_val2014_000000192932,0.9224618673324585,0.7651360034942627,0.20113681256771088
COCO_val2014_000000383406,0.773270308971405,0.7669259309768677,0.21122488379478455
COCO_val2014_000000427306,0.8740089535713196,0.805266261100769,0.13169549405574799
COCO_val2014_000000445267,0.8276968002319336,0.7335835695266724,0.23051929473876953
COCO_val2014_000000176606,0.8006499409675598,0.6658555269241333,0.3661094903945923
COCO_val2014_000000454203,0.7820597290992737,0.7709341049194336,0.18370187282562256
COCO_val2014_000000189368,0.8614842891693115,0.6955467462539673,0.3562898635864258
COCO_val2014_000000369249,0.6660252213478088,0.6292179822921753,0.4367086887359619
COCO_val2014_000000296231,0.8268958926200867,0.7581766843795776,0.1810779720544815
COCO_val2014_000000028719,0.9610775709152222,0.8602253198623657,0.06430463492870331
COCO_val2014_000000304379,0.9024433493614197,0.7687200307846069,0.1957644522190094
COCO_val2014_000000215644,0.8945485949516296,0.8159962892532349,0.1261182427406311
COCO_val2014_000000072582,0.920006513595581,0.7832933664321899,0.18440023064613342
COCO_val2014_000000020979,0.8952732086181641,0.8054364919662476,0.12045013159513474
COCO_val2014_000000050485,0.9287126660346985,0.7206834554672241,0.33277443051338196
COCO_val2014_000000078748,0.8374138474464417,0.7698128819465637,0.15576612949371338
COCO_val2014_000000344498,0.9403818249702454,0.8385361433029175,0.07828591018915176
COCO_val2014_000000501491,0.88004070520401,0.7874894738197327,0.16957098245620728
COCO_val2014_000000003067,0.8706521987915039,0.77783203125,0.1940857321023941
COCO_val2014_000000177015,0.8075430393218994,0.6810823082923889,0.3295387029647827
COCO_val2014_000000020410,0.6623674035072327,0.717039942741394,0.32760679721832275
COCO_val2014_000000305101,0.8183616399765015,0.7665184736251831,0.23412355780601501
COCO_val2014_000000404349,0.8481729030609131,0.7625765800476074,0.16651633381843567
COCO_val2014_000000163112,0.9232017993927002,0.7257069945335388,0.34762632846832275
COCO_val2014_000000191218,0.8620703220367432,0.8063130974769592,0.14198419451713562
COCO_val2014_000000435444,0.8211692571640015,0.6923929452896118,0.33370843529701233
COCO_val2014_000000015956,0.9492120742797852,0.8307384252548218,0.10782437771558762
COCO_val2014_000000236721,0.8845459222793579,0.817314624786377,0.10221882164478302
COCO_val2014_000000467887,0.736918568611145,0.6505110263824463,0.46890515089035034
COCO_val2014_000000183319,0.8658764362335205,0.7887619733810425,0.14103049039840698
COCO_val2014_000000397628,0.7521622776985168,0.6949434876441956,0.2929258942604065
COCO_val2014_000000338105,0.8508175611495972,0.7283453941345215,0.2373960018157959
COCO_val2014_000000058304,0.8793798685073853,0.8053926229476929,0.10010157525539398
COCO_val2014_000000002179,0.7775022387504578,0.7195495367050171,0.4068046808242798
COCO_val2014_000000355569,0.8551159501075745,0.7702455520629883,0.17971357703208923
COCO_val2014_000000128180,0.8779497146606445,0.7955809831619263,0.1387941986322403
COCO_val2014_000000007570,0.9426987171173096,0.840685248374939,0.09264832735061646
COCO_val2014_000000469246,0.7995234727859497,0.6227140426635742,0.4135599732398987
COCO_val2014_000000137961,0.9086093902587891,0.7389200925827026,0.23277495801448822
COCO_val2014_000000197444,0.8860456943511963,0.8114131093025208,0.12133646756410599
COCO_val2014_000000108484,0.8970151543617249,0.7750706076622009,0.17043404281139374
COCO_val2014_000000468917,0.9397477507591248,0.8235268592834473,0.12555396556854248
COCO_val2014_000000567708,0.9004784822463989,0.7856608629226685,0.15021547675132751
COCO_val2014_000000186095,0.9082083702087402,0.7941735982894897,0.17603060603141785
COCO_val2014_000000047775,0.8801608085632324,0.7878024578094482,0.17497283220291138
COCO_val2014_000000397636,0.8296607136726379,0.606969952583313,0.4569443464279175
COCO_val2014_000000469777,0.8963319063186646,0.7840400338172913,0.16897797584533691
COCO_val2014_000000256628,0.9036319255828857,0.7382999658584595,0.31039148569107056
COCO_val2014_000000400139,0.8931699395179749,0.8139816522598267,0.11116304993629456
COCO_val2014_000000024693,0.8920190930366516,0.8391112089157104,0.09228618443012238
COCO_val2014_000000568281,0.874889612197876,0.8035749197006226,0.13460621237754822
COCO_val2014_000000087588,0.8813790678977966,0.7196648120880127,0.2686825394630432
COCO_val2014_000000559277,0.9591282606124878,0.8476885557174683,0.08515877276659012
COCO_val2014_000000268729,0.9081187844276428,0.7841228246688843,0.2021188586950302
COCO_val2014_000000038817,0.8147059679031372,0.7436597347259521,0.21243217587471008
COCO_val2014_000000077396,0.8981481194496155,0.7948888540267944,0.1443929523229599
COCO_val2014_000000127659,0.9468557834625244,0.8318451046943665,0.0984547883272171
COCO_val2014_000000093620,0.910291314125061,0.8211952447891235,0.12219403684139252
COCO_val2014_000000077050,0.5807347297668457,0.6651899814605713,0.3683255910873413
COCO_val2014_000000199575,0.6418310403823853,0.5818846225738525,0.5556639432907104
COCO_val2014_000000293148,0.8570822477340698,0.7615311145782471,0.2764699459075928
COCO_val2014_000000298461,0.8254246115684509,0.7915334701538086,0.14147387444972992
COCO_val2014_000000130524,0.9239681363105774,0.8256094455718994,0.11044026911258698
COCO_val2014_000000419723,0.7975552678108215,0.806833028793335,0.13164645433425903
COCO_val2014_000000426011,0.9172998070716858,0.7777575850486755,0.18222877383232117
COCO_val2014_000000427615,0.9442956447601318,0.807778537273407,0.14902278780937195
COCO_val2014_000000129062,0.8418920636177063,0.7810074090957642,0.1936974823474884
COCO_val2014_000000390826,0.9364545941352844,0.762016773223877,0.2748253643512726
COCO_val2014_000000297944,0.6466997861862183,0.4687958359718323,0.7947174310684204
COCO_val2014_000000328111,0.7740755081176758,0.7504173517227173,0.1944219470024109
COCO_val2014_000000526364,0.7914920449256897,0.8030205368995667,0.13257341086864471
COCO_val2014_000000051203,0.9011713266372681,0.7888216376304626,0.19860275089740753
COCO_val2014_000000309232,0.8084169030189514,0.6785272359848022,0.3030833601951599
COCO_val2014_000000425964,0.804358720779419,0.6869797706604004,0.34021449089050293
COCO_val2014_000000240903,0.8288255929946899,0.6972153782844543,0.30248451232910156
COCO_val2014_000000042641,0.7103945016860962,0.4520924985408783,0.8093963861465454
COCO_val2014_000000019624,0.7241199612617493,0.7512661218643188,0.19825288653373718
COCO_val2014_000000443784,0.7990154027938843,0.6103314161300659,0.47454965114593506
COCO_val2014_000000387909,0.8565506935119629,0.7935447692871094,0.1327994167804718
COCO_val2014_000000074256,0.9448327422142029,0.8005079627037048,0.19262149930000305
COCO_val2014_000000267135,0.8993619680404663,0.7999786138534546,0.16596080362796783
COCO_val2014_000000096832,0.8957391977310181,0.7930574417114258,0.14476561546325684
COCO_val2014_000000370513,0.8600665926933289,0.7907148599624634,0.13184687495231628
COCO_val2014_000000145214,0.8296823501586914,0.798961877822876,0.1338595449924469
COCO_val2014_000000332845,0.9065455794334412,0.7803715467453003,0.21198570728302002
COCO_val2014_000000045248,0.9200549721717834,0.8000264167785645,0.19024336338043213
COCO_val2014_000000470121,0.8546571731567383,0.8286815285682678,0.09650057554244995
COCO_val2014_000000329946,0.6479588747024536,0.6953851580619812,0.3009850084781647
COCO_val2014_000000224114,0.9082120060920715,0.8033453822135925,0.13552702963352203
COCO_val2014_000000131131,0.9499516487121582,0.7754641771316528,0.28532934188842773
COCO_val2014_000000353130,0.8365954160690308,0.8362522125244141,0.09588266909122467
COCO_val2014_000000228749,0.9038457274436951,0.8412401080131531,0.08052846789360046
COCO_val2014_000000121123,0.9043608903884888,0.7717468738555908,0.19324147701263428
COCO_val2014_000000358976,0.9067238569259644,0.73667311668396,0.21645081043243408
COCO_val2014_000000483446,0.8519325256347656,0.7332015037536621,0.3211507201194763
COCO_val2014_000000451275,0.8803426623344421,0.7281514406204224,0.28043317794799805
COCO_val2014_000000513993,0.8536741137504578,0.8160847425460815,0.09555947780609131
COCO_val2014_000000581887,0.7837613224983215,0.4206681251525879,0.8926799297332764
COCO_val2014_000000399452,0.897336483001709,0.8048645853996277,0.12507717311382294
COCO_val2014_000000413044,0.9432198405265808,0.8098081350326538,0.1433638334274292
COCO_val2014_000000072376,0.9208545088768005,0.7852073907852173,0.2144145965576172
COCO_val2014_000000237759,0.8795005679130554,0.8344366550445557,0.08009302616119385
COCO_val2014_000000485822,0.9035390019416809,0.8392229676246643,0.07439181208610535
COCO_val2014_000000565395,0.9124034643173218,0.8045445680618286,0.15694084763526917
COCO_val2014_000000234328,0.8688023090362549,0.8053253293037415,0.10190865397453308
COCO_val2014_000000530259,0.9262281060218811,0.8356842994689941,0.1001710519194603
COCO_val2014_000000384114,0.8886239528656006,0.7882388830184937,0.1680203378200531
COCO_val2014_000000398534,0.8766618967056274,0.7499428987503052,0.29500240087509155
COCO_val2014_000000293022,0.9547550678253174,0.8411040306091309,0.1134408488869667
COCO_val2014_000000183204,0.8396000266075134,0.8229873776435852,0.11778445541858673
COCO_val2014_000000204471,0.9249737858772278,0.8253079652786255,0.10428132861852646
COCO_val2014_000000066771,0.8442054390907288,0.740284264087677,0.29914894700050354
COCO_val2014_000000044934,0.9103649258613586,0.8647387027740479,0.05674894154071808
COCO_val2014_000000430073,0.8957267999649048,0.8082703351974487,0.12670233845710754
COCO_val2014_000000009400,0.8300248384475708,0.7505804300308228,0.22556445002555847
COCO_val2014_000000562084,0.8899317383766174,0.8135583996772766,0.19804267585277557
COCO_val2014_000000153632,0.9498772621154785,0.8512777090072632,0.08110345900058746
COCO_val2014_000000033116,0.8501822352409363,0.7369414567947388,0.2515515089035034
COCO_val2014_000000076588,0.8475968837738037,0.7208631038665771,0.28538447618484497
COCO_val2014_000000176278,0.9003504514694214,0.8011360764503479,0.12645038962364197
COCO_val2014_000000447187,0.9251649379730225,0.7874828577041626,0.18906211853027344
COCO_val2014_000000220808,0.863046407699585,0.6982563734054565,0.30884379148483276
COCO_val2014_000000187054,0.8338749408721924,0.7354704141616821,0.29250800609588623
COCO_val2014_000000455975,0.946173906326294,0.8268533945083618,0.1207752525806427
COCO_val2014_000000490105,0.9020740389823914,0.7540045976638794,0.2055286169052124
COCO_val2014_000000046252,0.9142196774482727,0.7986791133880615,0.13566574454307556
COCO_val2014_000000169111,0.868191659450531,0.8057680130004883,0.12124020606279373
COCO_val2014_000000413839,0.7851583957672119,0.7010239362716675,0.3231854736804962
COCO_val2014_000000503837,0.8679242730140686,0.7938290238380432,0.14646874368190765
COCO_val2014_000000250951,0.806976854801178,0.7135141491889954,0.23340487480163574
COCO_val2014_000000160341,0.90993732213974,0.801591157913208,0.1533128172159195
COCO_val2014_000000380756,0.8698395490646362,0.7942291498184204,0.14696148037910461
COCO_val2014_000000363784,0.8697938323020935,0.8125433921813965,0.11728323996067047
COCO_val2014_000000069544,0.916296660900116,0.7724019289016724,0.17025628685951233
COCO_val2014_000000154971,0.8974774479866028,0.7771310210227966,0.14878800511360168
COCO_val2014_000000179898,0.8249449133872986,0.7507457137107849,0.20413893461227417
COCO_val2014_000000156497,0.8732755780220032,0.6922864317893982,0.2916819453239441
COCO_val2014_000000578813,0.9032372236251831,0.6920801997184753,0.3457602262496948
COCO_val2014_000000158344,0.8190561532974243,0.7570933699607849,0.23301592469215393
COCO_val2014_000000056002,0.8863881826400757,0.6497602462768555,0.37950462102890015
COCO_val2014_000000310200,0.875457763671875,0.7890007495880127,0.15033762156963348
COCO_val2014_000000068435,0.9392048716545105,0.8153001070022583,0.10420939326286316
COCO_val2014_000000038034,0.8010253310203552,0.713079035282135,0.23604129254817963
COCO_val2014_000000009156,0.8457165360450745,0.8052082061767578,0.11992643028497696
COCO_val2014_000000562622,0.883309006690979,0.8040291666984558,0.12440015375614166
COCO_val2014_000000396845,0.8643472194671631,0.765305757522583,0.18048809468746185
COCO_val2014_000000112586,0.841300904750824,0.7390891313552856,0.2711881399154663
COCO_val2014_000000524992,0.7558789253234863,0.7440909147262573,0.2177150547504425
COCO_val2014_000000160811,0.8301423192024231,0.7894997000694275,0.12500454485416412
COCO_val2014_000000549224,0.8497251272201538,0.785309374332428,0.17192377150058746
COCO_val2014_000000354724,0.8481173515319824,0.8014650344848633,0.14054684340953827
COCO_val2014_000000441553,0.8839167952537537,0.799369215965271,0.14494940638542175
COCO_val2014_000000200250,0.8344122171401978,0.7187319993972778,0.24518634378910065
COCO_val2014_000000562803,0.8708744645118713,0.7091996073722839,0.28861963748931885
COCO_val2014_000000230585,0.9023423790931702,0.7875707149505615,0.15570446848869324
COCO_val2014_000000001270,0.8398836851119995,0.7235966920852661,0.23331283032894135
COCO_val2014_000000433547,0.9300802946090698,0.795678973197937,0.14421914517879486
COCO_val2014_000000197809,0.8772130012512207,0.7984508275985718,0.1310633271932602
COCO_val2014_000000531178,0.8415666818618774,0.8048539757728577,0.12977758049964905
COCO_val2014_000000210081,0.9249804019927979,0.8039264678955078,0.17960381507873535
COCO_val2014_000000213843,0.9132730960845947,0.7980554699897766,0.13493871688842773
COCO_val2014_000000490878,0.8988356590270996,0.7104111313819885,0.4545564353466034
COCO_val2014_000000512869,0.861577033996582,0.7490723729133606,0.21269667148590088
COCO_val2014_000000458613,0.929271399974823,0.8340975642204285,0.12373138964176178
COCO_val2014_000000167854,0.9368097186088562,0.8095052242279053,0.1526474952697754
COCO_val2014_000000087998,0.8745189905166626,0.8104402422904968,0.13377965986728668
COCO_val2014_000000075527,0.9144423007965088,0.7845702767372131,0.15776005387306213
COCO_val2014_000000495456,0.8792117834091187,0.7511967420578003,0.2254597246646881
COCO_val2014_000000565485,0.8512614369392395,0.7173992395401001,0.2750106155872345
COCO_val2014_000000135748,0.9261337518692017,0.7977500557899475,0.15894585847854614
COCO_val2014_000000532164,0.7689052820205688,0.7488683462142944,0.2115887701511383
COCO_val2014_000000425324,0.9225111603736877,0.753413736820221,0.23520714044570923
COCO_val2014_000000306467,0.8994560837745667,0.7472773790359497,0.23414286971092224
COCO_val2014_000000043261,0.8562493920326233,0.7924138307571411,0.16083818674087524
COCO_val2014_000000064196,0.909119188785553,0.8196350932121277,0.10744841396808624
COCO_val2014_000000172599,0.7622038722038269,0.7385602593421936,0.23267412185668945
COCO_val2014_000000496252,0.8240769505500793,0.6272116899490356,0.4400562047958374
COCO_val2014_000000100306,0.9686845541000366,0.7591878175735474,0.24425344169139862
COCO_val2014_000000056752,0.7364093065261841,0.6597606539726257,0.41866058111190796
COCO_val2014_000000221846,0.9292468428611755,0.8602039813995361,0.07265731692314148
COCO_val2014_000000262576,0.9078060984611511,0.792037844657898,0.14591307938098907
COCO_val2014_000000017714,0.8926708698272705,0.7956099510192871,0.16577725112438202
COCO_val2014_000000531798,0.7929263710975647,0.7896543145179749,0.14497730135917664
COCO_val2014_000000085195,0.7631034255027771,0.6474939584732056,0.39630910754203796
COCO_val2014_000000496897,0.8530083298683167,0.7522926330566406,0.20516611635684967
COCO_val2014_000000418623,0.9100030660629272,0.842111349105835,0.0760003924369812
COCO_val2014_000000003590,0.9035837054252625,0.7832111120223999,0.1719016283750534
COCO_val2014_000000262617,0.9119483828544617,0.8547934293746948,0.0710601881146431
COCO_val2014_000000387150,0.8260836005210876,0.72950279712677,0.23407751321792603
COCO_val2014_000000011305,0.7543271780014038,0.6957063674926758,0.2995762526988983
COCO_val2014_000000390731,0.8719995617866516,0.7603750824928284,0.20309028029441833
COCO_val2014_000000570773,0.8084684610366821,0.5929412245750427,0.4791581630706787
COCO_val2014_000000039663,0.8877162337303162,0.8488857746124268,0.0659615695476532
COCO_val2014_000000005816,0.8128389716148376,0.8227461576461792,0.10119374096393585
COCO_val2014_000000139306,0.8255075812339783,0.796423077583313,0.1549077332019806
COCO_val2014_000000296224,0.8164287209510803,0.6424757838249207,0.36049333214759827
COCO_val2014_000000207611,0.9263061285018921,0.7952625155448914,0.148483544588089
COCO_val2014_000000361351,0.8704603314399719,0.8170762062072754,0.10287326574325562
COCO_val2014_000000433505,0.9058486819267273,0.8481651544570923,0.07639207690954208
COCO_val2014_000000342293,0.7975597381591797,0.6769815683364868,0.4778928756713867
COCO_val2014_000000363207,0.9260573983192444,0.7554745674133301,0.21420519053936005
COCO_val2014_000000393682,0.8967419862747192,0.8291267156600952,0.10798856616020203
COCO_val2014_000000190185,0.8887801766395569,0.8309650421142578,0.09921015799045563
COCO_val2014_000000106392,0.8475286960601807,0.7922523021697998,0.16164802014827728
COCO_val2014_000000193122,0.8521290421485901,0.7570556402206421,0.1843198835849762
COCO_val2014_000000389108,0.8722906708717346,0.7518396377563477,0.26121652126312256
COCO_val2014_000000350639,0.7773431539535522,0.6488449573516846,0.37923508882522583
COCO_val2014_000000505818,0.8680465817451477,0.7355040311813354,0.23357829451560974
COCO_val2014_000000163589,0.8092095851898193,0.7832099795341492,0.1627824753522873
COCO_val2014_000000318204,0.9360697865486145,0.8257132172584534,0.10550020635128021
COCO_val2014_000000493376,0.8907279968261719,0.8404034376144409,0.08772142231464386
COCO_val2014_000000361933,0.9031170010566711,0.8056724071502686,0.13636288046836853
COCO_val2014_000000378962,0.9089445471763611,0.8216389417648315,0.17001000046730042
COCO_val2014_000000025860,0.8033310770988464,0.590185284614563,0.5126550197601318
COCO_val2014_000000542625,0.8258693814277649,0.7578305006027222,0.2040507197380066
COCO_val2014_000000300437,0.8979416489601135,0.8453208208084106,0.08257457613945007
COCO_val2014_000000374448,0.8739114999771118,0.7777174711227417,0.18797867000102997
COCO_val2014_000000015345,0.9566957950592041,0.8458805084228516,0.08121795207262039
COCO_val2014_000000309573,0.9048311114311218,0.7770265340805054,0.23364287614822388
COCO_val2014_000000218988,0.7193397879600525,0.5916445255279541,0.4937412440776825
COCO_val2014_000000375407,0.7977071404457092,0.6168206930160522,0.45234814286231995
COCO_val2014_000000554445,0.786129355430603,0.7562971711158752,0.17289328575134277
COCO_val2014_000000324837,0.8204599022865295,0.7314692735671997,0.22986620664596558
COCO_val2014_000000457575,0.8893144130706787,0.7806089520454407,0.2189498096704483
COCO_val2014_000000569450,0.9329836964607239,0.8643038868904114,0.052926480770111084
COCO_val2014_000000105732,0.9000905156135559,0.8039330840110779,0.13814768195152283
COCO_val2014_000000531286,0.8145875930786133,0.5375456809997559,0.6264098882675171
COCO_val2014_000000229391,0.9001486897468567,0.7892362475395203,0.14206913113594055
COCO_val2014_000000248469,0.8735026121139526,0.8201310038566589,0.09750331938266754
COCO_val2014_000000172057,0.8415703773498535,0.8090225458145142,0.13951024413108826
COCO_val2014_000000407868,0.9025018215179443,0.7304142117500305,0.24821053445339203
COCO_val2014_000000283286,0.8213138580322266,0.739012598991394,0.2350466102361679
COCO_val2014_000000414516,0.8803094625473022,0.7880281805992126,0.14944733679294586
COCO_val2014_000000140017,0.8913653492927551,0.7630140781402588,0.2017209380865097
COCO_val2014_000000404517,0.9110643267631531,0.7920177578926086,0.14630693197250366
COCO_val2014_000000187240,0.924282431602478,0.8181814551353455,0.12532450258731842
COCO_val2014_000000243780,0.8215941190719604,0.575998842716217,0.5783937573432922
COCO_val2014_000000349485,0.8320342302322388,0.8062695264816284,0.11362399160861969
COCO_val2014_000000264238,0.9176284074783325,0.7845574021339417,0.18224389851093292
COCO_val2014_000000148193,0.8290386199951172,0.6867064237594604,0.35817205905914307
COCO_val2014_000000496324,0.8536332845687866,0.7843526601791382,0.15302249789237976
COCO_val2014_000000080131,0.8094753623008728,0.6818007826805115,0.4041212201118469
COCO_val2014_000000195815,0.8542507290840149,0.6790974140167236,0.3643115758895874
COCO_val2014_000000373945,0.9506196975708008,0.8205482363700867,0.12971968948841095
COCO_val2014_000000376959,0.851708173751831,0.7136577367782593,0.3750174641609192
COCO_val2014_000000181446,0.8866842985153198,0.790985107421875,0.24877658486366272
COCO_val2014_000000510329,0.9242199659347534,0.7693349123001099,0.1849362552165985
COCO_val2014_000000507575,0.8088250160217285,0.7760971784591675,0.16147175431251526
COCO_val2014_000000464092,0.8376487493515015,0.7453962564468384,0.23860763013362885
COCO_val2014_000000024243,0.9573848247528076,0.7990357875823975,0.16032454371452332
COCO_val2014_000000040602,0.9248026609420776,0.7621800303459167,0.22986815869808197
COCO_val2014_000000091080,0.8464495539665222,0.7787832021713257,0.1628163754940033
COCO_val2014_000000336053,0.8920477032661438,0.8062885403633118,0.1717807650566101
COCO_val2014_000000358707,0.9179932475090027,0.8127098679542542,0.1689632385969162
COCO_val2014_000000101933,0.8123512864112854,0.7105855941772461,0.30975207686424255
COCO_val2014_000000382696,0.876933753490448,0.7521042823791504,0.22129976749420166
COCO_val2014_000000205729,0.9020008444786072,0.7726964354515076,0.21094919741153717
COCO_val2014_000000296303,0.9498409628868103,0.8199856281280518,0.12802588939666748
COCO_val2014_000000213728,0.8079488277435303,0.6187030076980591,0.44609159231185913
COCO_val2014_000000388299,0.8672168850898743,0.7355992197990417,0.24398693442344666
COCO_val2014_000000519460,0.8907099366188049,0.8229895830154419,0.0977870523929596
COCO_val2014_000000056326,0.8759384751319885,0.7827790975570679,0.1489408314228058
COCO_val2014_000000527846,0.7999951839447021,0.799584150314331,0.12902267277240753
COCO_val2014_000000278226,0.8237727880477905,0.7178939580917358,0.4008491337299347
COCO_val2014_000000359569,0.8852397799491882,0.7553703784942627,0.27263885736465454
COCO_val2014_000000239492,0.8841837048530579,0.799677312374115,0.14998775720596313
COCO_val2014_000000459103,0.7736363410949707,0.7451746463775635,0.2096540331840515
COCO_val2014_000000198312,0.9125749468803406,0.8239262700080872,0.11487773060798645
COCO_val2014_000000163611,0.8278822898864746,0.8451401591300964,0.07588157057762146
COCO_val2014_000000176226,0.8984296917915344,0.7634733319282532,0.20109620690345764
COCO_val2014_000000014635,0.7211836576461792,0.5272811055183411,0.648988664150238
COCO_val2014_000000242673,0.6162478923797607,0.6939162015914917,0.3290494382381439
COCO_val2014_000000034701,0.7066392302513123,0.6884686350822449,0.3036138117313385
COCO_val2014_000000515247,0.8870581984519958,0.7739242315292358,0.20365901291370392
COCO_val2014_000000259793,0.7486331462860107,0.7109555006027222,0.2838263511657715
COCO_val2014_000000547798,0.8682970404624939,0.7676928043365479,0.21944484114646912
COCO_val2014_000000457581,0.7993147969245911,0.5964654684066772,0.47098761796951294
COCO_val2014_000000368193,0.9321649074554443,0.7507537603378296,0.2052934467792511
COCO_val2014_000000156928,0.8584004640579224,0.7681369185447693,0.19618603587150574
COCO_val2014_000000484280,0.9118572473526001,0.8342150449752808,0.08756863325834274
COCO_val2014_000000198447,0.928450345993042,0.8177837133407593,0.10697098821401596
COCO_val2014_000000370839,0.7704613208770752,0.6585452556610107,0.42784491181373596
COCO_val2014_000000110048,0.8402644395828247,0.8048033714294434,0.18289577960968018
COCO_val2014_000000419081,0.6862499117851257,0.7240109443664551,0.21969899535179138
COCO_val2014_000000284641,0.8748451471328735,0.7717542052268982,0.17878390848636627
COCO_val2014_000000273645,0.8006764054298401,0.7981927394866943,0.14513510465621948
COCO_val2014_000000192554,0.7879261374473572,0.7232340574264526,0.28747615218162537
COCO_val2014_000000147058,0.8548442721366882,0.7285548448562622,0.24475519359111786
COCO_val2014_000000157283,0.9352492690086365,0.8356271982192993,0.11630666255950928
COCO_val2014_000000398489,0.7879530787467957,0.56024169921875,0.5033690929412842
COCO_val2014_000000327383,0.8823212385177612,0.8281376957893372,0.10534645617008209
COCO_val2014_000000128224,0.813139021396637,0.7231423258781433,0.2702556848526001
COCO_val2014_000000180013,0.840675413608551,0.681016206741333,0.3140624165534973
COCO_val2014_000000527054,0.8815157413482666,0.6863794326782227,0.32479584217071533
COCO_val2014_000000353510,0.9580919742584229,0.7959261536598206,0.189399853348732
COCO_val2014_000000494144,0.8537193536758423,0.7144919037818909,0.2537584900856018
COCO_val2014_000000367666,0.9167373180389404,0.7888352870941162,0.2552405595779419
COCO_val2014_000000045721,0.9173474907875061,0.7739914059638977,0.22529155015945435
COCO_val2014_000000219546,0.9250797629356384,0.8716819286346436,0.059698544442653656
COCO_val2014_000000217181,0.8241900205612183,0.6735619902610779,0.3334534168243408
COCO_val2014_000000167443,0.8376750946044922,0.7958576083183289,0.12540876865386963
COCO_val2014_000000002822,0.8753002285957336,0.7612324953079224,0.2156575620174408
COCO_val2014_000000120792,0.915054202079773,0.8201088309288025,0.10273545980453491
COCO_val2014_000000253964,0.9542809724807739,0.801755428314209,0.17935608327388763
COCO_val2014_000000571598,0.9242786765098572,0.7728219032287598,0.2174043357372284
COCO_val2014_000000019292,0.9027060270309448,0.7667640447616577,0.2358655333518982
COCO_val2014_000000548420,0.8900335431098938,0.7908992767333984,0.19114607572555542
COCO_val2014_000000112818,0.8511004447937012,0.8050727248191833,0.13054168224334717
COCO_val2014_000000487095,0.8151782155036926,0.6855758428573608,0.31982553005218506
COCO_val2014_000000441511,0.9379657506942749,0.804998517036438,0.1810464859008789
COCO_val2014_000000113097,0.7848765850067139,0.8080981373786926,0.11520053446292877
COCO_val2014_000000567740,0.9284640550613403,0.7088132500648499,0.30836355686187744
COCO_val2014_000000342322,0.8906680941581726,0.7836782336235046,0.2142239511013031
COCO_val2014_000000490964,0.7969450354576111,0.7109960913658142,0.27296802401542664
COCO_val2014_000000533408,0.8547340631484985,0.77858567237854,0.155484139919281
COCO_val2014_000000499597,0.7617935538291931,0.6757323741912842,0.2889929413795471
COCO_val2014_000000292792,0.7793689966201782,0.7691888809204102,0.16549742221832275
COCO_val2014_000000135399,0.8673558831214905,0.7502567768096924,0.18881937861442566
COCO_val2014_000000394715,0.867656946182251,0.7700746655464172,0.19169971346855164
COCO_val2014_000000280918,0.8587735891342163,0.7343985438346863,0.30678123235702515
COCO_val2014_000000082468,0.9223845601081848,0.8239780068397522,0.11789023131132126
COCO_val2014_000000121788,0.8990670442581177,0.7548574209213257,0.27589118480682373
COCO_val2014_000000050752,0.8950473666191101,0.8034907579421997,0.13930004835128784
COCO_val2014_000000011796,0.9562466740608215,0.8357743620872498,0.09891614317893982
COCO_val2014_000000061693,0.8612847924232483,0.7427517175674438,0.2314552515745163
COCO_val2014_000000473199,0.879580020904541,0.8041598796844482,0.12770746648311615
COCO_val2014_000000265879,0.8362772464752197,0.6604059934616089,0.38509249687194824
COCO_val2014_000000205232,0.8489522933959961,0.8021036386489868,0.14758001267910004
COCO_val2014_000000487631,0.887533962726593,0.7998015880584717,0.16505306959152222
COCO_val2014_000000274272,0.8859049081802368,0.7184087038040161,0.2695244550704956
COCO_val2014_000000083283,0.934054434299469,0.8170477151870728,0.12493447959423065
COCO_val2014_000000568004,0.8601849675178528,0.8006020188331604,0.14850354194641113
COCO_val2014_000000012230,0.7213757038116455,0.7770705223083496,0.16675621271133423
COCO_val2014_000000181179,0.9095583558082581,0.8152928948402405,0.10319693386554718
COCO_val2014_000000126631,0.8605067729949951,0.7115914821624756,0.29228299856185913
COCO_val2014_000000300577,0.9254295825958252,0.7527884244918823,0.25069382786750793
COCO_val2014_000000291257,0.7829237580299377,0.6512755751609802,0.3958394527435303
COCO_val2014_000000557117,0.8615077137947083,0.7556357383728027,0.20605848729610443
COCO_val2014_000000473370,0.8731340169906616,0.6380584239959717,0.4214977025985718
COCO_val2014_000000063328,0.7677357792854309,0.6953029632568359,0.26876941323280334
COCO_val2014_000000251531,0.8917388916015625,0.8133714199066162,0.11679739505052567
COCO_val2014_000000487685,0.8544490933418274,0.7476374506950378,0.21132822334766388
COCO_val2014_000000544876,0.9524123668670654,0.8048288226127625,0.1469087302684784
COCO_val2014_000000080104,0.8029559254646301,0.666297197341919,0.39288055896759033
COCO_val2014_000000400916,0.9125131368637085,0.7616128921508789,0.2030189335346222
COCO_val2014_000000550601,0.8752355575561523,0.7858030796051025,0.16031478345394135
COCO_val2014_000000224289,0.9007140398025513,0.8138388395309448,0.11564991623163223
COCO_val2014_000000126340,0.9195722937583923,0.7912136316299438,0.19409528374671936
COCO_val2014_000000002640,0.8972048759460449,0.8095274567604065,0.14038240909576416
COCO_val2014_000000537081,0.8464120626449585,0.791833221912384,0.15498173236846924
COCO_val2014_000000121904,0.9093294739723206,0.8424237966537476,0.08432194590568542
COCO_val2014_000000470115,0.7603391408920288,0.723580002784729,0.30249401926994324
COCO_val2014_000000144379,0.884495735168457,0.7695335745811462,0.1747605949640274
COCO_val2014_000000460333,0.8505082130432129,0.6056723594665527,0.5587700009346008
COCO_val2014_000000144870,0.7705243229866028,0.7459225654602051,0.2432440221309662
COCO_val2014_000000474608,0.937994122505188,0.7827263474464417,0.18564924597740173
COCO_val2014_000000348091,0.7616075277328491,0.7514676451683044,0.2076234668493271
COCO_val2014_000000317898,0.5947475433349609,0.35605937242507935,1.1294702291488647
COCO_val2014_000000444236,0.8523277640342712,0.7561013698577881,0.22266298532485962
COCO_val2014_000000370657,0.9273415803909302,0.8230971097946167,0.11533182859420776
COCO_val2014_000000113860,0.9551466703414917,0.8448304533958435,0.10452054440975189
COCO_val2014_000000390704,0.8472499251365662,0.7731457948684692,0.19089744985103607
COCO_val2014_000000056724,0.9001953601837158,0.7628213167190552,0.19162961840629578
COCO_val2014_000000344308,0.8743597865104675,0.8222628831863403,0.1077023595571518
COCO_val2014_000000303219,0.8935536742210388,0.7460203170776367,0.26184338331222534
COCO_val2014_000000565635,0.8695608377456665,0.7504608035087585,0.1947300136089325
COCO_val2014_000000235093,0.9203717708587646,0.7913663387298584,0.16126009821891785
COCO_val2014_000000406997,0.7492748498916626,0.7124295234680176,0.2946963310241699
COCO_val2014_000000466259,0.9591403603553772,0.8470286130905151,0.10845234990119934
COCO_val2014_000000199449,0.875170111656189,0.7930002212524414,0.15916740894317627
COCO_val2014_000000333095,0.8553801774978638,0.735234797000885,0.23192697763442993
COCO_val2014_000000194790,0.853264331817627,0.7558021545410156,0.22362089157104492
COCO_val2014_000000394659,0.7437103986740112,0.7427324056625366,0.23234504461288452
COCO_val2014_000000165831,0.8909460306167603,0.8443942666053772,0.07932975888252258
COCO_val2014_000000461311,0.9144156575202942,0.821503758430481,0.12502628564834595
COCO_val2014_000000185614,0.8876914381980896,0.8222760558128357,0.09902569651603699
COCO_val2014_000000389649,0.9215846061706543,0.8037893772125244,0.1363125741481781
COCO_val2014_000000099428,0.7589254379272461,0.7702670097351074,0.1782507598400116
COCO_val2014_000000554037,0.8866177797317505,0.7968559265136719,0.148982971906662
COCO_val2014_000000562818,0.9069034457206726,0.7996377348899841,0.11812496930360794
COCO_val2014_000000534121,0.8562836050987244,0.7735152244567871,0.16796723008155823
COCO_val2014_000000435880,0.8506397604942322,0.7987582683563232,0.15170574188232422
COCO_val2014_000000026992,0.9617369771003723,0.8808035850524902,0.050605446100234985
COCO_val2014_000000431495,0.7202780842781067,0.6045117378234863,0.4932189881801605
COCO_val2014_000000463771,0.743334174156189,0.6768486499786377,0.3584066927433014
COCO_val2014_000000028682,0.892814576625824,0.8195399045944214,0.11267644166946411
COCO_val2014_000000101189,0.7131466269493103,0.6249721050262451,0.4236046373844147
COCO_val2014_000000199989,0.9521793127059937,0.8243411779403687,0.10632573068141937
COCO_val2014_000000336300,0.7951487898826599,0.6546791195869446,0.4088953733444214
COCO_val2014_000000003091,0.8647114038467407,0.8105383515357971,0.1263810396194458
COCO_val2014_000000135666,0.8754190802574158,0.7979609966278076,0.13522472977638245
COCO_val2014_000000165643,0.6427850723266602,0.6269423961639404,0.48616310954093933
COCO_val2014_000000362530,0.8171477913856506,0.74732905626297,0.2250453233718872
COCO_val2014_000000342933,0.9209548830986023,0.8543696403503418,0.06788773834705353
COCO_val2014_000000214919,0.8967669606208801,0.8286848664283752,0.10322257876396179
COCO_val2014_000000360661,0.9478845596313477,0.8435603380203247,0.0849238708615303
COCO_val2014_000000474499,0.788579523563385,0.7828940153121948,0.1584440916776657
COCO_val2014_000000358606,0.8713696002960205,0.7965437173843384,0.16373592615127563
COCO_val2014_000000012991,0.8479019999504089,0.6867720484733582,0.3031349182128906
COCO_val2014_000000535569,0.9066535830497742,0.8233981728553772,0.10295376181602478
COCO_val2014_000000548423,0.8360037803649902,0.7849794626235962,0.15008899569511414
COCO_val2014_000000527733,0.8816102147102356,0.7852725982666016,0.14952825009822845
COCO_val2014_000000412975,0.7590919137001038,0.6128841638565063,0.47062957286834717
COCO_val2014_000000201925,0.9294298887252808,0.8335317373275757,0.13280847668647766
COCO_val2014_000000578974,0.9235647916793823,0.8155509233474731,0.12664759159088135
COCO_val2014_000000211177,0.8953559398651123,0.8183115124702454,0.10941636562347412
COCO_val2014_000000288933,0.8712809085845947,0.7516806125640869,0.20175692439079285
COCO_val2014_000000129864,0.8732232451438904,0.7366364002227783,0.24516136944293976
COCO_val2014_000000205108,0.7570527791976929,0.6860255002975464,0.30725932121276855
COCO_val2014_000000275175,0.8634772300720215,0.820537805557251,0.10360783338546753
COCO_val2014_000000188434,0.9051277041435242,0.8315977454185486,0.08556163311004639
COCO_val2014_000000039405,0.8597012758255005,0.7145203948020935,0.24584871530532837
COCO_val2014_000000417632,0.8703597784042358,0.7825937867164612,0.15740087628364563
COCO_val2014_000000243777,0.839177131652832,0.8063510060310364,0.1345277577638626
COCO_val2014_000000495808,0.8371621966362,0.7421990633010864,0.19827398657798767
COCO_val2014_000000562632,0.9241718053817749,0.8161235451698303,0.10735498368740082
COCO_val2014_000000338901,0.8603876233100891,0.6666954159736633,0.3549487590789795
COCO_val2014_000000082668,0.8784850239753723,0.7953900098800659,0.13728055357933044
COCO_val2014_000000468778,0.8680377006530762,0.8136367797851562,0.1171560287475586
COCO_val2014_000000275695,0.9237610697746277,0.8217722177505493,0.13832847774028778
COCO_val2014_000000326970,0.8383183479309082,0.7819142937660217,0.1844439059495926
COCO_val2014_000000549674,0.8612064123153687,0.8276174068450928,0.09529031813144684
COCO_val2014_000000346207,0.874543309211731,0.7523399591445923,0.22204142808914185
COCO_val2014_000000007726,0.9133785367012024,0.7900811433792114,0.16195234656333923
COCO_val2014_000000403294,0.8114451169967651,0.7830319404602051,0.15392369031906128
COCO_val2014_000000240119,0.88570237159729,0.788455605506897,0.1649707555770874
COCO_val2014_000000485201,0.9208431243896484,0.7204256057739258,0.29573702812194824
COCO_val2014_000000316008,0.620786190032959,0.6229078769683838,0.4467674791812897
COCO_val2014_000000382603,0.770573616027832,0.8084843754768372,0.12548206746578217
COCO_val2014_000000423498,0.9050604701042175,0.7984678745269775,0.13710616528987885
COCO_val2014_000000283653,0.9230019450187683,0.8205451965332031,0.1086118295788765
COCO_val2014_000000560365,0.8501659035682678,0.8197891712188721,0.13247093558311462
COCO_val2014_000000047361,0.8946342468261719,0.7304335832595825,0.28079092502593994
COCO_val2014_000000187072,0.9238916635513306,0.7649188041687012,0.33323636651039124
COCO_val2014_000000495020,0.9728670120239258,0.8240476846694946,0.11973901093006134
COCO_val2014_000000276024,0.9074010848999023,0.804806113243103,0.1219191625714302
COCO_val2014_000000553879,0.8861547112464905,0.8072296380996704,0.14334073662757874
COCO_val2014_000000404602,0.8859757781028748,0.7218317985534668,0.24024035036563873
COCO_val2014_000000433915,0.9274848699569702,0.8033685088157654,0.16657167673110962
COCO_val2014_000000325374,0.8552216291427612,0.7231717705726624,0.2320607602596283
COCO_val2014_000000558457,0.8273693919181824,0.6750279664993286,0.3480053246021271
COCO_val2014_000000209904,0.8526700139045715,0.7491466999053955,0.2329283207654953
COCO_val2014_000000373111,0.9191731810569763,0.8432151079177856,0.08970727026462555
COCO_val2014_000000315790,0.89374178647995,0.8268382549285889,0.10267216712236404
COCO_val2014_000000224104,0.8778570890426636,0.763489842414856,0.19748790562152863
COCO_val2014_000000045844,0.7894048094749451,0.7802071571350098,0.18140645325183868
COCO_val2014_000000426917,0.8312020897865295,0.7723294496536255,0.17889538407325745
COCO_val2014_000000054092,0.8438947200775146,0.7987599968910217,0.1370221972465515
COCO_val2014_000000550815,0.8581723570823669,0.8381078243255615,0.07518786936998367
COCO_val2014_000000369771,0.8690125942230225,0.8369466066360474,0.11500044167041779
COCO_val2014_000000073470,0.8633314371109009,0.7717984914779663,0.1789645254611969
COCO_val2014_000000075612,0.9158832430839539,0.8079609870910645,0.1333090364933014
COCO_val2014_000000178691,0.922278881072998,0.7362895607948303,0.24070820212364197
COCO_val2014_000000547212,0.8472659587860107,0.7726233601570129,0.19819629192352295
COCO_val2014_000000060448,0.9146326780319214,0.7340486645698547,0.28308314085006714
COCO_val2014_000000462928,0.815356433391571,0.7013958692550659,0.28963205218315125
COCO_val2014_000000497466,0.8759461045265198,0.7411055564880371,0.21199867129325867
COCO_val2014_000000558677,0.8421517014503479,0.8014911413192749,0.13682052493095398
COCO_val2014_000000236234,0.7789496183395386,0.6892676949501038,0.3049587905406952
COCO_val2014_000000520892,0.9211309552192688,0.7954827547073364,0.13760115206241608
COCO_val2014_000000132612,0.9670884013175964,0.8302828669548035,0.1233912855386734
COCO_val2014_000000285633,0.8629487156867981,0.727512776851654,0.2513491213321686
COCO_val2014_000000091283,0.8670095205307007,0.7562320232391357,0.18997973203659058
COCO_val2014_000000031636,0.8860629200935364,0.7966972589492798,0.13530126214027405
COCO_val2014_000000189694,0.9155059456825256,0.7974473834037781,0.1772441565990448
COCO_val2014_000000573349,0.8950141668319702,0.8054322004318237,0.14736104011535645
COCO_val2014_000000445309,0.9032224416732788,0.8130127191543579,0.10262005776166916
COCO_val2014_000000225730,0.8513718247413635,0.7298328876495361,0.2562199831008911
COCO_val2014_000000244665,0.9114013314247131,0.8106757402420044,0.11441564559936523
COCO_val2014_000000531134,0.871551513671875,0.6790075302124023,0.32339394092559814
COCO_val2014_000000096110,0.9468696117401123,0.856657862663269,0.12990224361419678
COCO_val2014_000000120411,0.9479410648345947,0.804154634475708,0.13102079927921295
COCO_val2014_000000397045,0.8562965989112854,0.6870545148849487,0.37222859263420105
COCO_val2014_000000415432,0.5582424998283386,0.6697092652320862,0.4443817138671875
COCO_val2014_000000517069,0.87806236743927,0.7693800926208496,0.20692086219787598
COCO_val2014_000000238691,0.7804229259490967,0.7226248979568481,0.2856389284133911
COCO_val2014_000000503202,0.8965156078338623,0.7896097302436829,0.17750728130340576
COCO_val2014_000000012443,0.780898928642273,0.6122885942459106,0.6043670773506165
COCO_val2014_000000549109,0.7674376368522644,0.7381783723831177,0.19640669226646423
COCO_val2014_000000097479,0.9373407363891602,0.7782630920410156,0.17424868047237396
COCO_val2014_000000055017,0.9158693552017212,0.8507215976715088,0.08501822501420975
COCO_val2014_000000469067,0.8006698489189148,0.6548932790756226,0.4105600118637085
COCO_val2014_000000160057,0.9066000580787659,0.8494464755058289,0.07174184918403625
COCO_val2014_000000022118,0.9212021827697754,0.8465811610221863,0.07081986218690872
COCO_val2014_000000070478,0.8536486029624939,0.7278738021850586,0.3690153956413269
COCO_val2014_000000449567,0.7872015833854675,0.6440187692642212,0.4327920079231262
COCO_val2014_000000403657,0.8380708694458008,0.7463773488998413,0.21023398637771606
COCO_val2014_000000157876,0.9360942244529724,0.8020110130310059,0.15846288204193115
COCO_val2014_000000463527,0.9114352464675903,0.791072428226471,0.14812135696411133
COCO_val2014_000000387369,0.919720470905304,0.8338247537612915,0.10277846455574036
COCO_val2014_000000126744,0.9005109667778015,0.8022297620773315,0.15891152620315552
COCO_val2014_000000443602,0.9283376336097717,0.8103199601173401,0.1689477264881134
COCO_val2014_000000565405,0.8900322914123535,0.8187691569328308,0.12470383197069168
COCO_val2014_000000580953,0.908341646194458,0.8399816751480103,0.09305896610021591
COCO_val2014_000000226220,0.9091188311576843,0.7901046276092529,0.1504555642604828
COCO_val2014_000000398153,0.8873792290687561,0.7767520546913147,0.15706054866313934
COCO_val2014_000000331395,0.8802736401557922,0.7679409384727478,0.16323429346084595
COCO_val2014_000000370953,0.8973183035850525,0.746745228767395,0.27927669882774353
COCO_val2014_000000557324,0.8661226034164429,0.835150957107544,0.10753236711025238
COCO_val2014_000000113235,0.7506209015846252,0.6890727281570435,0.3158314526081085
COCO_val2014_000000369482,0.9085999727249146,0.744640588760376,0.27233919501304626
COCO_val2014_000000085632,0.8732945322990417,0.7803051471710205,0.17959994077682495
COCO_val2014_000000392320,0.8682311177253723,0.7505625486373901,0.21657635271549225
COCO_val2014_000000221609,0.7232158780097961,0.5775273442268372,0.7044223546981812
COCO_val2014_000000510651,0.9271324872970581,0.8237022161483765,0.10734918713569641
COCO_val2014_000000219928,0.8632379770278931,0.7255980372428894,0.24838551878929138
COCO_val2014_000000457078,0.5689412355422974,0.5999415516853333,0.4617769718170166
COCO_val2014_000000289120,0.8432331085205078,0.7659302949905396,0.166763573884964
COCO_val2014_000000198486,0.8962407112121582,0.7743587493896484,0.16981780529022217
COCO_val2014_000000460684,0.8907226920127869,0.7871065139770508,0.1579732596874237
COCO_val2014_000000421865,0.8640578985214233,0.7829596400260925,0.14616605639457703
COCO_val2014_000000294032,0.8827932476997375,0.7327558994293213,0.2332666516304016
COCO_val2014_000000341401,0.8735256195068359,0.7438074946403503,0.2540339231491089
COCO_val2014_000000328433,0.9159657955169678,0.573868989944458,0.5086865425109863
COCO_val2014_000000071826,0.8663848638534546,0.7869747281074524,0.16479262709617615
COCO_val2014_000000066568,0.847601592540741,0.7620112895965576,0.19590109586715698
COCO_val2014_000000106344,0.847923219203949,0.7248448133468628,0.2600758373737335
COCO_val2014_000000314074,0.8458271026611328,0.7624557018280029,0.19103994965553284
COCO_val2014_000000092602,0.8021169304847717,0.8099652528762817,0.15533682703971863
COCO_val2014_000000144938,0.85989910364151,0.7238278388977051,0.2561614513397217
COCO_val2014_000000337551,0.8821110129356384,0.7559608817100525,0.1969773769378662
COCO_val2014_000000051376,0.8717558979988098,0.8148726224899292,0.12778419256210327
COCO_val2014_000000041110,0.9359095692634583,0.8014914989471436,0.13709932565689087
COCO_val2014_000000349936,0.8458777666091919,0.8157040476799011,0.1233782172203064
COCO_val2014_000000114481,0.9360544681549072,0.814896285533905,0.20063641667366028
COCO_val2014_000000150986,0.7246980667114258,0.7236841917037964,0.2635529041290283
COCO_val2014_000000315565,0.9641503095626831,0.8399747610092163,0.11048547178506851
COCO_val2014_000000309022,0.7724565863609314,0.7783398628234863,0.16166795790195465
COCO_val2014_000000168781,0.8343943953514099,0.671497106552124,0.32238054275512695
COCO_val2014_000000528311,0.8577791452407837,0.8045763969421387,0.11416517198085785
COCO_val2014_000000338207,0.9351137280464172,0.8133019804954529,0.13810938596725464
COCO_val2014_000000096539,0.8816521763801575,0.7362514734268188,0.23703652620315552
COCO_val2014_000000292118,0.8482077121734619,0.6086695194244385,0.45303893089294434
COCO_val2014_000000279491,0.9124378561973572,0.7261739373207092,0.26273399591445923
COCO_val2014_000000275585,0.8999306559562683,0.8416077494621277,0.09639426320791245
COCO_val2014_000000097379,0.9086256623268127,0.8127111792564392,0.11379539966583252
COCO_val2014_000000129502,0.9527790546417236,0.7450624108314514,0.3283272385597229
COCO_val2014_000000006608,0.8958547115325928,0.8165980577468872,0.12230175733566284
COCO_val2014_000000287443,0.9231042265892029,0.8391749858856201,0.15323688089847565
COCO_val2014_000000340420,0.9465259909629822,0.8481822609901428,0.07663287222385406
COCO_val2014_000000441541,0.8096860647201538,0.8030458092689514,0.139165461063385
COCO_val2014_000000499810,0.6151570677757263,0.700069785118103,0.263461709022522
COCO_val2014_000000427133,0.9155502319335938,0.8267866373062134,0.10689392685890198
COCO_val2014_000000568132,0.9571319818496704,0.8393911123275757,0.09781327843666077
COCO_val2014_000000573605,0.9147214293479919,0.8211948275566101,0.14112019538879395
COCO_val2014_000000191949,0.916254997253418,0.6901578903198242,0.31094056367874146
COCO_val2014_000000210736,0.6989650130271912,0.6559212803840637,0.3964895009994507
COCO_val2014_000000438737,0.8409130573272705,0.7841419577598572,0.15609046816825867
COCO_val2014_000000473573,0.8001118302345276,0.7432885766029358,0.19614049792289734
COCO_val2014_000000392753,0.9431303143501282,0.8607311248779297,0.07365714758634567
COCO_val2014_000000457226,0.8330320119857788,0.6991039514541626,0.31539446115493774
COCO_val2014_000000269037,0.7620809674263,0.7167429327964783,0.24201138317584991
COCO_val2014_000000299074,0.8156333565711975,0.7614235877990723,0.18257945775985718
COCO_val2014_000000059015,0.8369773030281067,0.7058036923408508,0.2900937795639038
COCO_val2014_000000482589,0.9016610980033875,0.8043895959854126,0.15096382796764374
COCO_val2014_000000301746,0.9001689553260803,0.7938138246536255,0.1472730040550232
COCO_val2014_000000149676,0.8621376156806946,0.7328518629074097,0.2572397291660309
COCO_val2014_000000401088,0.8461176753044128,0.7770323753356934,0.1929900199174881
COCO_val2014_000000393692,0.9250867366790771,0.8478572368621826,0.07248042523860931
COCO_val2014_000000011696,0.7983723282814026,0.6375879049301147,0.5261174440383911
COCO_val2014_000000558498,0.8766657114028931,0.675735354423523,0.35509389638900757
COCO_val2014_000000225558,0.933541476726532,0.8148938417434692,0.13943181931972504
COCO_val2014_000000330750,0.828915536403656,0.7027289271354675,0.29868605732917786
COCO_val2014_000000488401,0.9226616621017456,0.8283972144126892,0.11051405966281891
COCO_val2014_000000566049,0.9226239323616028,0.8038076162338257,0.1067410334944725
COCO_val2014_000000262030,0.7493772506713867,0.7375357151031494,0.24241602420806885
COCO_val2014_000000358525,0.8808116316795349,0.7333855628967285,0.2511058449745178
COCO_val2014_000000436992,0.9421576261520386,0.8317142724990845,0.1321929693222046
COCO_val2014_000000013659,0.8721821904182434,0.7412446737289429,0.2345929741859436
COCO_val2014_000000332844,0.9603351950645447,0.8024312257766724,0.14294502139091492
COCO_val2014_000000064015,0.8956176042556763,0.7222046256065369,0.41398340463638306
COCO_val2014_000000361481,0.9231756925582886,0.85481858253479,0.07198028266429901
COCO_val2014_000000077615,0.8483152985572815,0.6825994849205017,0.3255597651004791
COCO_val2014_000000505822,0.9030634164810181,0.8400124311447144,0.0888451635837555
COCO_val2014_000000514376,0.8803104758262634,0.76353520154953,0.20120561122894287
COCO_val2014_000000459050,0.8832108378410339,0.821107029914856,0.11808080226182938
COCO_val2014_000000498641,0.7608779072761536,0.6439845561981201,0.4523266553878784
COCO_val2014_000000170700,0.8522016406059265,0.7822045087814331,0.16421006619930267
COCO_val2014_000000251920,0.9191890358924866,0.8248311281204224,0.13897967338562012
COCO_val2014_000000059744,0.7941692471504211,0.6595672369003296,0.34809815883636475
COCO_val2014_000000119641,0.9374346733093262,0.826425313949585,0.17422083020210266
COCO_val2014_000000270096,0.8881954550743103,0.7916179895401001,0.15003228187561035
COCO_val2014_000000389644,0.8939560055732727,0.7776024341583252,0.1944156289100647
COCO_val2014_000000405279,0.8793416619300842,0.793069064617157,0.151139497756958
COCO_val2014_000000312627,0.8455723524093628,0.7015821933746338,0.2902989983558655
COCO_val2014_000000001532,0.8990845084190369,0.6890238523483276,0.31436407566070557
COCO_val2014_000000434990,0.902366042137146,0.8172252178192139,0.1070311889052391
COCO_val2014_000000231343,0.9179412126541138,0.7845304012298584,0.20867544412612915
COCO_val2014_000000579822,0.9439339637756348,0.8229781985282898,0.12389971315860748
COCO_val2014_000000330676,0.7977147698402405,0.7103955745697021,0.25843966007232666
COCO_val2014_000000414385,0.9045383930206299,0.7536126375198364,0.24966244399547577
COCO_val2014_000000480400,0.9068922996520996,0.8368145227432251,0.08179245889186859
COCO_val2014_000000442942,0.9452469348907471,0.8501266241073608,0.0801394134759903
COCO_val2014_000000506933,0.9090545177459717,0.7956656217575073,0.1438732147216797
COCO_val2014_000000104326,0.860531210899353,0.7636409997940063,0.1884188950061798
COCO_val2014_000000206922,0.8435439467430115,0.7543389201164246,0.19830791652202606
COCO_val2014_000000512116,0.9358953237533569,0.7798888683319092,0.17298032343387604
COCO_val2014_000000018687,0.8266769051551819,0.7424628734588623,0.19648385047912598
COCO_val2014_000000416308,0.7862735390663147,0.729902446269989,0.2428148090839386
COCO_val2014_000000541018,0.8995618224143982,0.8259605765342712,0.10113897919654846
COCO_val2014_000000194414,0.7162301540374756,0.5458294153213501,0.6202943921089172
COCO_val2014_000000490225,0.9008943438529968,0.8060188293457031,0.11874615401029587
COCO_val2014_000000508899,0.8186459541320801,0.6228084564208984,0.4230709969997406
COCO_val2014_000000014248,0.9608386754989624,0.8010871410369873,0.16213074326515198
COCO_val2014_000000255096,0.9392318725585938,0.7596876621246338,0.23013485968112946
COCO_val2014_000000395402,0.8482534885406494,0.7690141797065735,0.18390564620494843
COCO_val2014_000000147740,0.782180905342102,0.7089757919311523,0.26683419942855835
COCO_val2014_000000453001,0.9028923511505127,0.7834288477897644,0.16604828834533691
COCO_val2014_000000090659,0.8347446918487549,0.6798820495605469,0.3804832100868225
COCO_val2014_000000075696,0.8742930293083191,0.7800270318984985,0.1748887598514557
COCO_val2014_000000154884,0.8743631839752197,0.7471705675125122,0.32304608821868896
COCO_val2014_000000397734,0.9652264714241028,0.8854256272315979,0.048573002219200134
COCO_val2014_000000544121,0.907789945602417,0.7883052825927734,0.1706399768590927
COCO_val2014_000000117836,0.8335217237472534,0.8217933773994446,0.0957530289888382
COCO_val2014_000000257058,0.8918500542640686,0.767035961151123,0.21296566724777222
COCO_val2014_000000469165,0.9327121376991272,0.8159530162811279,0.138068288564682
COCO_val2014_000000347930,0.8648042678833008,0.6824233531951904,0.3921161890029907
COCO_val2014_000000359801,0.8468101620674133,0.5992135405540466,0.485612690448761
COCO_val2014_000000393271,0.7578050494194031,0.7263903021812439,0.26159220933914185
COCO_val2014_000000361521,0.9096441268920898,0.7343488931655884,0.2373187243938446
COCO_val2014_000000187424,0.7480728030204773,0.5876433849334717,0.5136920809745789
COCO_val2014_000000125071,0.8066118955612183,0.7540919780731201,0.19471925497055054
COCO_val2014_000000200541,0.881566047668457,0.7964181900024414,0.15981541574001312
COCO_val2014_000000453159,0.8735061287879944,0.8131208419799805,0.14752927422523499
COCO_val2014_000000441862,0.8864659070968628,0.7631247639656067,0.2309677004814148
COCO_val2014_000000545219,0.8588429093360901,0.8111063838005066,0.1298336386680603
COCO_val2014_000000096306,0.9411810040473938,0.839146614074707,0.1041080579161644
COCO_val2014_000000323327,0.8888755440711975,0.7462043166160583,0.24309980869293213
COCO_val2014_000000539787,0.8958361744880676,0.7634152173995972,0.17964287102222443
COCO_val2014_000000373768,0.7949864268302917,0.7342320084571838,0.23035544157028198
COCO_val2014_000000214692,0.8752971291542053,0.7499791383743286,0.22334948182106018
COCO_val2014_000000327890,0.7689306139945984,0.7857556343078613,0.14487729966640472
COCO_val2014_000000012700,0.7915281057357788,0.7198101282119751,0.2651435136795044
COCO_val2014_000000007574,0.8965298533439636,0.7948013544082642,0.14825934171676636
COCO_val2014_000000050350,0.8178517818450928,0.7308226823806763,0.2101317048072815
COCO_val2014_000000457566,0.9156531095504761,0.8268973231315613,0.10002259910106659
COCO_val2014_000000001675,0.8682094812393188,0.5695058703422546,0.5597577095031738
COCO_val2014_000000248014,0.8737324476242065,0.8038211464881897,0.13927215337753296
COCO_val2014_000000482275,0.8861528038978577,0.7290128469467163,0.2850160002708435
COCO_val2014_000000002154,0.8514990210533142,0.7668386697769165,0.2187321037054062
COCO_val2014_000000540414,0.9053516983985901,0.8135465979576111,0.1509196162223816
COCO_val2014_000000279386,0.8394237160682678,0.6945860981941223,0.3383792042732239
COCO_val2014_000000371054,0.8689107894897461,0.820324182510376,0.10499495267868042
COCO_val2014_000000185444,0.8630384206771851,0.672441840171814,0.34312620759010315
COCO_val2014_000000487375,0.9435675740242004,0.8242876529693604,0.09693515300750732
COCO_val2014_000000097579,0.8114223480224609,0.7148339748382568,0.279054194688797
COCO_val2014_000000133146,0.9190714359283447,0.8595658540725708,0.05882500484585762
COCO_val2014_000000577654,0.811235249042511,0.7802764177322388,0.18251731991767883
COCO_val2014_000000167477,0.9009453058242798,0.800652265548706,0.1429867446422577
COCO_val2014_000000073209,0.7694124579429626,0.7187971472740173,0.30850404500961304
COCO_val2014_000000274134,0.8400939702987671,0.8100688457489014,0.11189402639865875
COCO_val2014_000000001561,0.8455852270126343,0.6961603164672852,0.29527246952056885
COCO_val2014_000000122588,0.8922725319862366,0.8071298599243164,0.12667742371559143
COCO_val2014_000000167347,0.9709022641181946,0.8444504141807556,0.08599299937486649
COCO_val2014_000000507037,0.8879271745681763,0.7692314386367798,0.22032172977924347
COCO_val2014_000000317622,0.8901211619377136,0.7975994348526001,0.13266417384147644
COCO_val2014_000000114147,0.8923755288124084,0.774698793888092,0.17856015264987946
COCO_val2014_000000493206,0.8780123591423035,0.8191540241241455,0.1403142213821411
COCO_val2014_000000385997,0.9049705266952515,0.8069016337394714,0.1263146996498108
COCO_val2014_000000089556,0.9438719153404236,0.8782147169113159,0.050594914704561234
COCO_val2014_000000209071,0.761128842830658,0.7313751578330994,0.29669755697250366
COCO_val2014_000000055467,0.8862579464912415,0.7837166786193848,0.16798390448093414
COCO_val2014_000000011360,0.9080244898796082,0.8213030099868774,0.10921716690063477
COCO_val2014_000000558633,0.9114011526107788,0.7982359528541565,0.1343795359134674
COCO_val2014_000000265915,0.9031497836112976,0.7961561679840088,0.15661025047302246
COCO_val2014_000000556597,0.8648431897163391,0.7823469042778015,0.16245317459106445
COCO_val2014_000000043305,0.9137840867042542,0.7933046817779541,0.17243333160877228
COCO_val2014_000000116405,0.9172866344451904,0.7758179903030396,0.18388207256793976
COCO_val2014_000000494580,0.7698571085929871,0.7530956268310547,0.1929817944765091
COCO_val2014_000000119939,0.9220812320709229,0.8048423528671265,0.17807099223136902
COCO_val2014_000000405674,0.8288881778717041,0.7308998107910156,0.25251704454421997
COCO_val2014_000000382512,0.9044153690338135,0.7759681344032288,0.18484407663345337
COCO_val2014_000000313562,0.7509209513664246,0.4574005901813507,0.8282039165496826
COCO_val2014_000000003983,0.9162788391113281,0.8449604511260986,0.085847407579422
COCO_val2014_000000490441,0.9084666967391968,0.776911199092865,0.23325693607330322
COCO_val2014_000000141779,0.8505287766456604,0.7292017936706543,0.2533298134803772
COCO_val2014_000000242679,0.6569234132766724,0.762211263179779,0.20606382191181183
COCO_val2014_000000378502,0.8797897696495056,0.7858920693397522,0.14597195386886597
COCO_val2014_000000580704,0.9349647760391235,0.8415347933769226,0.11926355957984924
COCO_val2014_000000210990,0.9576398134231567,0.7403081655502319,0.25094038248062134
COCO_val2014_000000291742,0.8636643290519714,0.7982169389724731,0.14441394805908203
COCO_val2014_000000150686,0.9176903963088989,0.829857587814331,0.0811605229973793
COCO_val2014_000000179926,0.8347417712211609,0.6767110824584961,0.34367772936820984
COCO_val2014_000000057508,0.6587192416191101,0.5093871355056763,0.6628826856613159
COCO_val2014_000000529355,0.9076113700866699,0.7773312330245972,0.1843104064464569
COCO_val2014_000000326086,0.9500060081481934,0.8560525178909302,0.06693044304847717
COCO_val2014_000000336872,0.839593768119812,0.8007165193557739,0.11862605810165405
COCO_val2014_000000179699,0.8671406507492065,0.7465009689331055,0.2496756911277771
COCO_val2014_000000296604,0.8823597431182861,0.8304455280303955,0.09814925491809845
COCO_val2014_000000536403,0.9170191884040833,0.8122060298919678,0.1461588740348816
COCO_val2014_000000275449,0.9158247113227844,0.763047456741333,0.19171634316444397
COCO_val2014_000000033109,0.9327834844589233,0.8321691751480103,0.09502248466014862
COCO_val2014_000000020925,0.9733552932739258,0.8581736087799072,0.08396472036838531
COCO_val2014_000000429505,0.8255563378334045,0.7694589495658875,0.18437719345092773
COCO_val2014_000000482585,0.9491382241249084,0.8676000237464905,0.06947965919971466
COCO_val2014_000000306974,0.9061841368675232,0.7454373836517334,0.21437105536460876
COCO_val2014_000000555582,0.9467201232910156,0.8297342658042908,0.10064093768596649
COCO_val2014_000000182236,0.8828956484794617,0.6721994876861572,0.3916586637496948
COCO_val2014_000000096043,0.9084637761116028,0.8080984354019165,0.13125382363796234
COCO_val2014_000000034786,0.8907127976417542,0.7006590366363525,0.31160837411880493
COCO_val2014_000000492524,0.9022173881530762,0.7236149311065674,0.3101133108139038
COCO_val2014_000000234238,0.8388723731040955,0.790009617805481,0.15427756309509277
COCO_val2014_000000520524,0.786557137966156,0.7485089898109436,0.21290557086467743
COCO_val2014_000000316666,0.9149748086929321,0.8100210428237915,0.13916119933128357
COCO_val2014_000000568041,0.8510125279426575,0.7644692659378052,0.17901557683944702
COCO_val2014_000000171360,0.8474494814872742,0.7841463088989258,0.16788363456726074
COCO_val2014_000000182784,0.9129403233528137,0.8223682045936584,0.11272808909416199
COCO_val2014_000000555005,0.8223454356193542,0.7592356204986572,0.23646388947963715
COCO_val2014_000000210522,0.9257091879844666,0.7608698606491089,0.19820863008499146
COCO_val2014_000000431152,0.8559116721153259,0.7346991300582886,0.2416703701019287
COCO_val2014_000000014713,0.8991637825965881,0.8577210903167725,0.06292013823986053
COCO_val2014_000000033645,0.8557736277580261,0.6644660234451294,0.36258670687675476
COCO_val2014_000000380057,0.842853307723999,0.7781921625137329,0.1689949929714203
COCO_val2014_000000262658,0.9222739338874817,0.7229090929031372,0.24967996776103973
COCO_val2014_000000031569,0.9187770485877991,0.8284125328063965,0.09808317571878433
COCO_val2014_000000088436,0.8977466225624084,0.817463755607605,0.1355610191822052
COCO_val2014_000000466665,0.8562787771224976,0.7890968322753906,0.13751041889190674
COCO_val2014_000000358817,0.7967932820320129,0.5441368818283081,0.5707453489303589
COCO_val2014_000000085390,0.7780156135559082,0.7116121649742126,0.25867170095443726
COCO_val2014_000000540159,0.9082920551300049,0.8283796310424805,0.1125195175409317
COCO_val2014_000000447169,0.818096935749054,0.8046804666519165,0.14886486530303955
COCO_val2014_000000188311,0.8852173686027527,0.8304136395454407,0.10644926875829697
COCO_val2014_000000019158,0.8109104037284851,0.5144839882850647,0.6325900554656982
COCO_val2014_000000088513,0.8264452815055847,0.5966411828994751,0.4803379774093628
COCO_val2014_000000423715,0.8753978610038757,0.750441312789917,0.23081840574741364
COCO_val2014_000000015497,0.9496000409126282,0.7880520820617676,0.20264974236488342
COCO_val2014_000000109532,0.8109967708587646,0.763873279094696,0.18927182257175446
COCO_val2014_000000334332,0.955299973487854,0.8399233818054199,0.10390331596136093
COCO_val2014_000000162454,0.8339328765869141,0.6894742250442505,0.3446544110774994
COCO_val2014_000000507330,0.8008016347885132,0.6009950041770935,0.4965443015098572
COCO_val2014_000000270066,0.9060119390487671,0.8362187147140503,0.0755801573395729
COCO_val2014_000000358796,0.9018417596817017,0.7981633543968201,0.1607355773448944
COCO_val2014_000000267932,0.9115199446678162,0.8292583227157593,0.08294878900051117
COCO_val2014_000000000810,0.8632211685180664,0.7278695106506348,0.212490975856781
COCO_val2014_000000190829,0.9296758770942688,0.8093405365943909,0.161514550447464
COCO_val2014_000000101936,0.9068122506141663,0.8389689922332764,0.09114816784858704
COCO_val2014_000000158292,0.9302179217338562,0.8065330982208252,0.12457221001386642
COCO_val2014_000000120356,0.8467095494270325,0.7168896198272705,0.25917288661003113
COCO_val2014_000000052282,0.923783004283905,0.8343030214309692,0.09655438363552094
COCO_val2014_000000138054,0.9133256673812866,0.8119805455207825,0.1251019537448883
COCO_val2014_000000555848,0.9022011160850525,0.8185535669326782,0.10277009010314941
COCO_val2014_000000303847,0.8559398651123047,0.7839879989624023,0.14438563585281372
COCO_val2014_000000510798,0.9257369637489319,0.8031337857246399,0.1271113157272339
COCO_val2014_000000049985,0.8234055638313293,0.6820265650749207,0.3089783489704132
COCO_val2014_000000000192,0.9537181854248047,0.8466309309005737,0.09385040402412415
COCO_val2014_000000020268,0.8038291931152344,0.689071536064148,0.2998948097229004
COCO_val2014_000000516786,0.8936966061592102,0.6241704225540161,0.43006032705307007
COCO_val2014_000000319053,0.872102677822113,0.7245540618896484,0.2532847225666046
COCO_val2014_000000153445,0.7897031903266907,0.5885598659515381,0.48701101541519165
COCO_val2014_000000465223,0.7292928695678711,0.6932340264320374,0.28656139969825745
COCO_val2014_000000552377,0.8797095417976379,0.8282826542854309,0.11099837720394135
COCO_val2014_000000375285,0.8598474860191345,0.744756817817688,0.2991265058517456
COCO_val2014_000000265227,0.8502652645111084,0.7712538242340088,0.1748518943786621
COCO_val2014_000000290248,0.8754482269287109,0.7994188070297241,0.13702265918254852
COCO_val2014_000000091617,0.8713639378547668,0.7553281784057617,0.21051327884197235
COCO_val2014_000000333434,0.9187411665916443,0.8103833198547363,0.16459040343761444
COCO_val2014_000000427476,0.9320235848426819,0.7638978958129883,0.21219047904014587
COCO_val2014_000000405657,0.8527399301528931,0.6949416399002075,0.33300045132637024
COCO_val2014_000000403150,0.9538623094558716,0.8083221912384033,0.13409586250782013
COCO_val2014_000000086426,0.8718073964118958,0.7638183832168579,0.1883646547794342
COCO_val2014_000000502001,0.8376128673553467,0.8126144409179688,0.14268748462200165
COCO_val2014_000000322610,0.7648718953132629,0.6966792345046997,0.38161733746528625
COCO_val2014_000000370478,0.8785877823829651,0.8085263967514038,0.1312720626592636
COCO_val2014_000000153040,0.8177903890609741,0.7474527359008789,0.20494817197322845
COCO_val2014_000000019763,0.752876877784729,0.7672961950302124,0.19267481565475464
COCO_val2014_000000303670,0.908735990524292,0.811290442943573,0.15073402225971222
COCO_val2014_000000549943,0.9262237548828125,0.8316510915756226,0.09784668684005737
COCO_val2014_000000569543,0.7606068253517151,0.6721508502960205,0.3842141926288605
COCO_val2014_000000295683,0.6714648008346558,0.7175735235214233,0.28268468379974365
COCO_val2014_000000030785,0.9106617569923401,0.8058570027351379,0.1299026906490326
COCO_val2014_000000531917,0.8644083738327026,0.697066605091095,0.29293566942214966
COCO_val2014_000000554828,0.79448002576828,0.7179617881774902,0.2533729672431946
COCO_val2014_000000536720,0.8909994959831238,0.750257670879364,0.23294401168823242
COCO_val2014_000000000164,0.7863590121269226,0.719765305519104,0.24830955266952515
COCO_val2014_000000397268,0.7580894827842712,0.7876185178756714,0.17770890891551971
COCO_val2014_000000512302,0.8175764083862305,0.7416667938232422,0.24218899011611938
COCO_val2014_000000534018,0.934596598148346,0.8359559774398804,0.09684377163648605
COCO_val2014_000000278463,0.8884828090667725,0.7961112260818481,0.13562488555908203
COCO_val2014_000000308900,0.8461194038391113,0.7199367880821228,0.2998846471309662
COCO_val2014_000000504005,0.8658615350723267,0.8447337746620178,0.08889666944742203
COCO_val2014_000000396385,0.9093224406242371,0.7771905660629272,0.18457956612110138
COCO_val2014_000000404526,0.6818371415138245,0.6409487128257751,0.3968532979488373
COCO_val2014_000000531510,0.8860245943069458,0.7600030899047852,0.24662217497825623
COCO_val2014_000000009483,0.8759276866912842,0.7009739875793457,0.2829371690750122
COCO_val2014_000000159223,0.8719888925552368,0.7541730999946594,0.23780754208564758
COCO_val2014_000000458109,0.8396943211555481,0.7550830841064453,0.24634093046188354
COCO_val2014_000000256180,0.8589139580726624,0.7950202226638794,0.14970213174819946
COCO_val2014_000000254994,0.9314795136451721,0.7930959463119507,0.1603120118379593
COCO_val2014_000000491213,0.9208922386169434,0.835342288017273,0.11375761777162552
COCO_val2014_000000561619,0.8695436120033264,0.6993081569671631,0.31154513359069824
COCO_val2014_000000558539,0.756145715713501,0.6166208982467651,0.4383535385131836
COCO_val2014_000000077951,0.8936321139335632,0.7750993371009827,0.1814970225095749
COCO_val2014_000000559550,0.8976262211799622,0.7772058248519897,0.20065006613731384
COCO_val2014_000000075023,0.9436622858047485,0.8129587173461914,0.10591255128383636
COCO_val2014_000000229342,0.7418345808982849,0.6530405282974243,0.3954254388809204
COCO_val2014_000000189376,0.9084195494651794,0.7310997247695923,0.2350490689277649
COCO_val2014_000000394510,0.9252573251724243,0.7671784162521362,0.19091081619262695
COCO_val2014_000000199842,0.9281617403030396,0.7448729276657104,0.22200354933738708
COCO_val2014_000000429833,0.9045131802558899,0.8207945823669434,0.13067010045051575
COCO_val2014_000000091883,0.8607082366943359,0.8045629858970642,0.13624921441078186
COCO_val2014_000000214727,0.8891968727111816,0.6803060173988342,0.3074410557746887
COCO_val2014_000000331535,0.8717226386070251,0.8491573929786682,0.08190026134252548
COCO_val2014_000000083462,0.8597820401191711,0.7848111391067505,0.1597403585910797
COCO_val2014_000000511241,0.8929993510246277,0.8307057023048401,0.10126085579395294
COCO_val2014_000000155341,0.8675246834754944,0.776434063911438,0.192672461271286
COCO_val2014_000000147904,0.9097249507904053,0.7773269414901733,0.18910643458366394
COCO_val2014_000000511599,0.9628114700317383,0.8617369532585144,0.07321981340646744
COCO_val2014_000000171190,0.8719067573547363,0.795318603515625,0.14119312167167664
COCO_val2014_000000257370,0.9000109434127808,0.8117346167564392,0.11959999054670334
COCO_val2014_000000337160,0.8798169493675232,0.7601990699768066,0.21338710188865662
COCO_val2014_000000000257,0.8720092177391052,0.7818591594696045,0.17012695968151093
COCO_val2014_000000135436,0.7752161622047424,0.7040061950683594,0.28614717721939087
COCO_val2014_000000514417,0.8515554666519165,0.7780004143714905,0.18891817331314087
COCO_val2014_000000112568,0.7674354314804077,0.6961293816566467,0.2531214952468872
COCO_val2014_000000501982,0.8005540370941162,0.6064888834953308,0.4653449058532715
COCO_val2014_000000085795,0.8465628027915955,0.6874725818634033,0.3385520577430725
COCO_val2014_000000162579,0.7646166086196899,0.6813773512840271,0.30442625284194946
COCO_val2014_000000577128,0.8872857689857483,0.8091239929199219,0.12119486182928085
COCO_val2014_000000467726,0.8903018236160278,0.7990178465843201,0.1587584912776947
COCO_val2014_000000119402,0.9662197828292847,0.815039336681366,0.135708749294281
COCO_val2014_000000348186,0.9259770512580872,0.8256140947341919,0.11000320315361023
COCO_val2014_000000422918,0.890515923500061,0.6980310678482056,0.3065456748008728
COCO_val2014_000000328403,0.8141785860061646,0.7755954265594482,0.1778680682182312
COCO_val2014_000000369093,0.9143258333206177,0.8417147994041443,0.09964147210121155
COCO_val2014_000000242734,0.8487616181373596,0.7986726760864258,0.1441425383090973
COCO_val2014_000000087038,0.8831692934036255,0.7969130277633667,0.16994690895080566
COCO_val2014_000000239837,0.8682785034179688,0.7486798763275146,0.21076473593711853
COCO_val2014_000000453824,0.8721078634262085,0.761260986328125,0.195685014128685
COCO_val2014_000000550405,0.8891471028327942,0.8020105361938477,0.14772187173366547
COCO_val2014_000000182523,0.9205604195594788,0.7908599972724915,0.16256895661354065
COCO_val2014_000000407056,0.8755761981010437,0.8331652879714966,0.10388001799583435
COCO_val2014_000000033489,0.9187353849411011,0.861046552658081,0.05959668010473251
COCO_val2014_000000421566,0.9021027088165283,0.8224203586578369,0.13084924221038818
COCO_val2014_000000325867,0.8985375165939331,0.8131303191184998,0.11451350897550583
COCO_val2014_000000157516,0.9204243421554565,0.7664015293121338,0.2264009267091751
COCO_val2014_000000254814,0.8644897937774658,0.8134505748748779,0.11469972878694534
COCO_val2014_000000243418,0.8542195558547974,0.7540754675865173,0.21147353947162628
COCO_val2014_000000074638,0.7356151342391968,0.6756501197814941,0.34215378761291504
COCO_val2014_000000166565,0.6697208285331726,0.7226606607437134,0.27397727966308594
COCO_val2014_000000318777,0.831606924533844,0.7404078245162964,0.27258166670799255
COCO_val2014_000000057878,0.8374537825584412,0.6759836673736572,0.36211907863616943
COCO_val2014_000000031519,0.8364163041114807,0.7522480487823486,0.18813325464725494
COCO_val2014_000000248582,0.8649842143058777,0.7720131874084473,0.16332149505615234
COCO_val2014_000000027975,0.7977282404899597,0.6118941307067871,0.4603186249732971
COCO_val2014_000000274671,0.8749304413795471,0.8090948462486267,0.11178958415985107
COCO_val2014_000000065358,0.7998276948928833,0.742648720741272,0.2422640025615692
COCO_val2014_000000181655,0.9429542422294617,0.8170672655105591,0.11649490892887115
COCO_val2014_000000539808,0.9083393216133118,0.7923702001571655,0.13107313215732574
COCO_val2014_000000530987,0.9507847428321838,0.8709587454795837,0.05105764418840408
COCO_val2014_000000558645,0.9195345640182495,0.7579054832458496,0.22733980417251587
COCO_val2014_000000346262,0.8284167051315308,0.8018051385879517,0.1408642828464508
COCO_val2014_000000257971,0.9466195106506348,0.8344990015029907,0.10432493686676025
COCO_val2014_000000283012,0.8905342817306519,0.6914684772491455,0.3553374707698822
COCO_val2014_000000277831,0.8361307978630066,0.8125760555267334,0.1271081566810608
COCO_val2014_000000346759,0.9035053253173828,0.810328483581543,0.09740167111158371
COCO_val2014_000000456884,0.8518307209014893,0.7845293879508972,0.17358583211898804
COCO_val2014_000000298525,0.8398541212081909,0.7716219425201416,0.16635900735855103
COCO_val2014_000000486770,0.7868714928627014,0.7290933132171631,0.24135828018188477
COCO_val2014_000000075183,0.8336358070373535,0.7823315262794495,0.15220120549201965
COCO_val2014_000000187249,0.9266842603683472,0.8409560918807983,0.06518158316612244
COCO_val2014_000000125909,0.8666960000991821,0.772527277469635,0.16472136974334717
COCO_val2014_000000197097,0.642589271068573,0.5426280498504639,0.6313433647155762
COCO_val2014_000000435922,0.9513126611709595,0.779733419418335,0.1788962334394455
COCO_val2014_000000123642,0.9267333745956421,0.8515337109565735,0.08096436411142349
COCO_val2014_000000310532,0.7842788100242615,0.7532086372375488,0.21409821510314941
COCO_val2014_000000363286,0.931900680065155,0.7950204610824585,0.147365003824234
COCO_val2014_000000329217,0.9147849678993225,0.8103284239768982,0.1298293173313141
COCO_val2014_000000441156,0.9021596908569336,0.7384942770004272,0.2513003945350647
COCO_val2014_000000475990,0.8977788686752319,0.6748194694519043,0.3163134455680847
COCO_val2014_000000216761,0.8927980661392212,0.7783501148223877,0.1820262372493744
COCO_val2014_000000479176,0.935912549495697,0.8295365571975708,0.10647562891244888
COCO_val2014_000000037671,0.9243316054344177,0.8200762271881104,0.1317482888698578
COCO_val2014_000000466787,0.7753813862800598,0.7626321315765381,0.19282296299934387
COCO_val2014_000000565563,0.8131037950515747,0.7573440074920654,0.24961890280246735
COCO_val2014_000000142248,0.8111376762390137,0.7435216903686523,0.22028625011444092
COCO_val2014_000000297349,0.8291395902633667,0.7548997402191162,0.20954382419586182
COCO_val2014_000000400525,0.619074821472168,0.7140051126480103,0.2446056604385376
COCO_val2014_000000481285,0.9542245268821716,0.8193802237510681,0.1234000027179718
COCO_val2014_000000137118,0.8936598300933838,0.7918514013290405,0.2008737474679947
COCO_val2014_000000200291,0.9442002177238464,0.8350959420204163,0.08204446732997894
COCO_val2014_000000218703,0.8870640993118286,0.7863427400588989,0.15072190761566162
COCO_val2014_000000267910,0.8582969307899475,0.7857332229614258,0.1439538151025772
COCO_val2014_000000180653,0.931399941444397,0.7928410172462463,0.17662563920021057
COCO_val2014_000000248142,0.8019757270812988,0.7192410230636597,0.2447800636291504
COCO_val2014_000000100238,0.8837005496025085,0.7611145377159119,0.19545377790927887
COCO_val2014_000000352895,0.8796136379241943,0.8050545454025269,0.12921634316444397
COCO_val2014_000000334746,0.8304077386856079,0.7876185178756714,0.15619570016860962
COCO_val2014_000000534467,0.8576875329017639,0.7756695747375488,0.21057674288749695
COCO_val2014_000000510992,0.8607521653175354,0.6982131004333496,0.29105082154273987
COCO_val2014_000000242543,0.8511695861816406,0.7601965069770813,0.1987023502588272
COCO_val2014_000000195800,0.920103132724762,0.7582651972770691,0.19196158647537231
COCO_val2014_000000518383,0.8952949643135071,0.7586519718170166,0.2286255955696106
COCO_val2014_000000318523,0.9127800464630127,0.824376106262207,0.0946386456489563
COCO_val2014_000000451944,0.8413082361221313,0.765180230140686,0.18097767233848572
COCO_val2014_000000345353,0.903360903263092,0.8361814022064209,0.11472724378108978
COCO_val2014_000000307773,0.9399856328964233,0.7991673350334167,0.19421502947807312
COCO_val2014_000000098003,0.8797982335090637,0.7806970477104187,0.16759391129016876
COCO_val2014_000000289941,0.776237964630127,0.6921316385269165,0.3068997859954834
COCO_val2014_000000402405,0.9331193566322327,0.7997603416442871,0.1856297105550766
COCO_val2014_000000400567,0.8869725465774536,0.8167696595191956,0.11340212821960449
COCO_val2014_000000401004,0.9205970764160156,0.7916033864021301,0.165590301156044
COCO_val2014_000000434898,0.8677861094474792,0.7754520177841187,0.1681954711675644
COCO_val2014_000000451144,0.9020689725875854,0.7472661137580872,0.28238362073898315
COCO_val2014_000000176328,0.9166273474693298,0.7983030676841736,0.15341058373451233
COCO_val2014_000000434580,0.9148613810539246,0.8026325702667236,0.13741713762283325
COCO_val2014_000000085340,0.9241788387298584,0.8217042684555054,0.11635136604309082
COCO_val2014_000000290093,0.8199941515922546,0.7218115329742432,0.2729068398475647
COCO_val2014_000000180584,0.8707485198974609,0.5915435552597046,0.5807709693908691
COCO_val2014_000000308430,0.8878341913223267,0.8424476385116577,0.1060297042131424
COCO_val2014_000000424464,0.9030978679656982,0.7976144552230835,0.12727892398834229
COCO_val2014_000000456690,0.8802874088287354,0.778171181678772,0.24905255436897278
COCO_val2014_000000263359,0.9170004725456238,0.8186041712760925,0.09744793176651001
COCO_val2014_000000494345,0.8830294013023376,0.7618378400802612,0.2180171012878418
COCO_val2014_000000245432,0.880215585231781,0.7976316213607788,0.14303965866565704
COCO_val2014_000000380734,0.9117990732192993,0.7949405312538147,0.16894590854644775
COCO_val2014_000000363527,0.8506879210472107,0.8011510372161865,0.13706034421920776
COCO_val2014_000000306644,0.8533112406730652,0.8438553214073181,0.0934712365269661
COCO_val2014_000000368980,0.9677892327308655,0.7215989828109741,0.251994252204895
COCO_val2014_000000561403,0.933391809463501,0.8376631736755371,0.10425848513841629
COCO_val2014_000000105040,0.855532705783844,0.8210290670394897,0.11287936568260193
COCO_val2014_000000181449,0.8617188334465027,0.7865762710571289,0.16103196144104004
COCO_val2014_000000037751,0.8897387385368347,0.6917639374732971,0.3382696211338043
COCO_val2014_000000535013,0.9123051762580872,0.7568622827529907,0.18527257442474365
COCO_val2014_000000125755,0.8743975162506104,0.8153125047683716,0.10758135467767715
COCO_val2014_000000051702,0.9069015383720398,0.8257282376289368,0.10945148766040802
COCO_val2014_000000289995,0.8759973049163818,0.7918719053268433,0.15099772810935974
COCO_val2014_000000470935,0.9053613543510437,0.8074781894683838,0.14293411374092102
COCO_val2014_000000360494,0.8401920199394226,0.7896648049354553,0.18575845658779144
COCO_val2014_000000050942,0.915825605392456,0.7907850742340088,0.16601553559303284
COCO_val2014_000000557679,0.8632775545120239,0.7763882875442505,0.17180781066417694
COCO_val2014_000000386553,0.873263418674469,0.7173464894294739,0.2571970820426941
COCO_val2014_000000005282,0.936407744884491,0.8208596110343933,0.1188567653298378
COCO_val2014_000000131743,0.8993253707885742,0.7804857492446899,0.1691519320011139
COCO_val2014_000000533003,0.8710811734199524,0.816389799118042,0.11358542740345001
COCO_val2014_000000228350,0.8993984460830688,0.7911989688873291,0.16460596024990082
COCO_val2014_000000566651,0.8338590860366821,0.7463276386260986,0.21588069200515747
COCO_val2014_000000433279,0.936052143573761,0.7663742303848267,0.2241545170545578
COCO_val2014_000000166320,0.7473568320274353,0.80302894115448,0.13062958419322968
COCO_val2014_000000207151,0.9090279936790466,0.827312171459198,0.1072363555431366
COCO_val2014_000000113058,0.7532022595405579,0.668943464756012,0.3391944169998169
COCO_val2014_000000294541,0.9334595203399658,0.8028937578201294,0.14288407564163208
COCO_val2014_000000450263,0.8504307270050049,0.7289620041847229,0.2632453441619873
COCO_val2014_000000265971,0.7261210680007935,0.6378209590911865,0.44709911942481995
COCO_val2014_000000152808,0.9320581555366516,0.8364784121513367,0.10629304498434067
COCO_val2014_000000115846,0.8789584636688232,0.8230613470077515,0.09059688448905945
COCO_val2014_000000131138,0.8511478304862976,0.7958632707595825,0.18011263012886047
COCO_val2014_000000354368,0.9265782237052917,0.7584066390991211,0.19973421096801758
COCO_val2014_000000188824,0.8868904709815979,0.7432634830474854,0.2500351667404175
COCO_val2014_000000044269,0.7833840847015381,0.7375779151916504,0.23275162279605865
COCO_val2014_000000561958,0.8968815207481384,0.7899519801139832,0.2018892765045166
COCO_val2014_000000465129,0.7320429086685181,0.6652599573135376,0.33938783407211304
COCO_val2014_000000001000,0.8961068987846375,0.797856867313385,0.14665594696998596
COCO_val2014_000000083844,0.8512955904006958,0.789190411567688,0.14453747868537903
COCO_val2014_000000540172,0.9752452373504639,0.8783388137817383,0.07237932085990906
COCO_val2014_000000431891,0.8516176342964172,0.8465635180473328,0.08264264464378357
COCO_val2014_000000477016,0.8601307272911072,0.7450403571128845,0.2248489409685135
COCO_val2014_000000489873,0.8163359761238098,0.7803261280059814,0.15714213252067566
COCO_val2014_000000043243,0.874796450138092,0.7756458520889282,0.17885960638523102
COCO_val2014_000000033114,0.8747972249984741,0.7760663032531738,0.1528095304965973
COCO_val2014_000000259814,0.9677274227142334,0.8296175003051758,0.13874384760856628
COCO_val2014_000000427612,0.806937038898468,0.7065719366073608,0.3290840983390808
COCO_val2014_000000037709,0.7748311161994934,0.6875017285346985,0.2991902530193329
COCO_val2014_000000129832,0.8769621253013611,0.8244092464447021,0.10698656737804413
COCO_val2014_000000038875,0.8151558041572571,0.7794283628463745,0.13970406353473663
COCO_val2014_000000210394,0.9283370971679688,0.8397672772407532,0.07897219806909561
COCO_val2014_000000193674,0.9162686467170715,0.7732173204421997,0.17716474831104279
COCO_val2014_000000545959,0.7905970811843872,0.7215113043785095,0.24539434909820557
COCO_val2014_000000148067,0.9267095923423767,0.8019105195999146,0.15222479403018951
COCO_val2014_000000574315,0.90496426820755,0.6299922466278076,0.3955761194229126
COCO_val2014_000000042953,0.9100126624107361,0.8006462454795837,0.17212393879890442
COCO_val2014_000000574145,0.8912612795829773,0.8180015087127686,0.11733177304267883
COCO_val2014_000000088562,0.844822108745575,0.7860255241394043,0.14958834648132324
COCO_val2014_000000506717,0.9300471544265747,0.8111714124679565,0.11068778485059738
COCO_val2014_000000558635,0.9440339207649231,0.8121442794799805,0.11972859501838684
COCO_val2014_000000542079,0.8971778154373169,0.7310891151428223,0.2594076991081238
COCO_val2014_000000214349,0.887876033782959,0.7606468200683594,0.22723440825939178
COCO_val2014_000000570022,0.7975930571556091,0.7526535987854004,0.19274114072322845
COCO_val2014_000000399832,0.9148457050323486,0.8332552313804626,0.09549126029014587
COCO_val2014_000000033345,0.8183521032333374,0.7502962350845337,0.2111450582742691
COCO_val2014_000000162249,0.9183952212333679,0.8419314026832581,0.0854119062423706
COCO_val2014_000000556073,0.7572294473648071,0.730754017829895,0.27043581008911133
COCO_val2014_000000233868,0.9426578879356384,0.7854725122451782,0.17317605018615723
COCO_val2014_000000025560,0.7918248176574707,0.7293628454208374,0.3087913393974304
COCO_val2014_000000419473,0.8828767538070679,0.824753999710083,0.1083228588104248
COCO_val2014_000000489088,0.8636763095855713,0.7529001832008362,0.2236579805612564
COCO_val2014_000000025603,0.9154756665229797,0.7251342535018921,0.24754256010055542
COCO_val2014_000000197130,0.9237393140792847,0.7780410051345825,0.173933207988739
COCO_val2014_000000561366,0.8750885128974915,0.8060377836227417,0.14250174164772034
COCO_val2014_000000156974,0.7933651804924011,0.7304677367210388,0.2656551003456116
COCO_val2014_000000413419,0.8095343112945557,0.7662554979324341,0.18442657589912415
COCO_val2014_000000277991,0.8919157385826111,0.7807259559631348,0.14877328276634216
COCO_val2014_000000142879,0.8827005624771118,0.8416918516159058,0.08410051465034485
COCO_val2014_000000281758,0.9191552996635437,0.7599395513534546,0.3244739770889282
COCO_val2014_000000185936,0.6629998683929443,0.5780755877494812,0.6373964548110962
COCO_val2014_000000458048,0.8447213172912598,0.8103992938995361,0.1182948499917984
COCO_val2014_000000521359,0.8261876702308655,0.7758240699768066,0.1944010704755783
COCO_val2014_000000288313,0.9143689274787903,0.8240844011306763,0.12373269349336624
COCO_val2014_000000328200,0.8739376068115234,0.6627773642539978,0.34433478116989136
COCO_val2014_000000143526,0.9165388345718384,0.8113144040107727,0.1363559067249298
COCO_val2014_000000545363,0.7437958121299744,0.761767566204071,0.21404176950454712
COCO_val2014_000000196210,0.8967673182487488,0.8283320665359497,0.09805985540151596
COCO_val2014_000000337563,0.8955652117729187,0.7541741728782654,0.19981729984283447
COCO_val2014_000000580607,0.8988161683082581,0.806859016418457,0.15646255016326904
COCO_val2014_000000448849,0.8923996686935425,0.7110748887062073,0.3039005994796753
COCO_val2014_000000136720,0.9131509065628052,0.7563050389289856,0.20348972082138062
COCO_val2014_000000251195,0.7585567235946655,0.6772381663322449,0.3153951168060303
COCO_val2014_000000522935,0.8376344442367554,0.6402548551559448,0.49395525455474854
COCO_val2014_000000090138,0.8801270723342896,0.7988349199295044,0.1321672797203064
COCO_val2014_000000526028,0.9535356163978577,0.8476468324661255,0.09242720901966095
COCO_val2014_000000072536,0.8576160073280334,0.8377884030342102,0.09403887391090393
COCO_val2014_000000148719,0.8974801301956177,0.8262286186218262,0.10209356248378754
COCO_val2014_000000122467,0.8727366328239441,0.7507479190826416,0.22016331553459167
COCO_val2014_000000487722,0.8796470761299133,0.8388925194740295,0.07334655523300171
COCO_val2014_000000360573,0.8183982968330383,0.7942460775375366,0.1495642364025116
COCO_val2014_000000060835,0.8156228065490723,0.7125375866889954,0.27834999561309814
COCO_val2014_000000226171,0.8954509496688843,0.8370615243911743,0.09866450726985931
COCO_val2014_000000227031,0.9608168601989746,0.8588055372238159,0.0800354853272438
COCO_val2014_000000571544,0.9175027012825012,0.7921990156173706,0.15712027251720428
COCO_val2014_000000430160,0.8762067556381226,0.8047851324081421,0.1329624503850937
COCO_val2014_000000085183,0.9583243727684021,0.7976163625717163,0.24367137253284454
COCO_val2014_000000242570,0.9218073487281799,0.8142125606536865,0.12338393926620483
COCO_val2014_000000536933,0.8889493346214294,0.7910017967224121,0.1542053073644638
COCO_val2014_000000185807,0.9504836797714233,0.8317946195602417,0.13817133009433746
COCO_val2014_000000021639,0.8216046094894409,0.7378103733062744,0.2301402986049652
COCO_val2014_000000482242,0.9144558906555176,0.7831758260726929,0.1988978087902069
COCO_val2014_000000013383,0.7711878418922424,0.7268566489219666,0.26077985763549805
COCO_val2014_000000461775,0.9563499689102173,0.8303337693214417,0.12003552913665771
COCO_val2014_000000395843,0.9697917103767395,0.827072024345398,0.1253424882888794
COCO_val2014_000000385770,0.8339825868606567,0.7614824771881104,0.19108501076698303
COCO_val2014_000000406841,0.6982921957969666,0.7090115547180176,0.252018004655838
COCO_val2014_000000065798,0.8741194009780884,0.740281343460083,0.24955175817012787
COCO_val2014_000000390130,0.9547435641288757,0.8402194976806641,0.08016300201416016
COCO_val2014_000000285005,0.7171947360038757,0.714117169380188,0.33293914794921875
COCO_val2014_000000350230,0.9435381889343262,0.8530496954917908,0.08814334869384766
COCO_val2014_000000564936,0.8713688850402832,0.7238576412200928,0.29912030696868896
COCO_val2014_000000090373,0.822153627872467,0.7448853254318237,0.22290784120559692
COCO_val2014_000000098895,0.9361799955368042,0.8176189661026001,0.13205724954605103
COCO_val2014_000000497640,0.7798845171928406,0.7189993858337402,0.285458505153656
COCO_val2014_000000103122,0.8554040193557739,0.703406572341919,0.2954450845718384
COCO_val2014_000000045094,0.8545598983764648,0.7555043697357178,0.21183985471725464
COCO_val2014_000000142826,0.8580045104026794,0.8134971261024475,0.10470439493656158
COCO_val2014_000000501294,0.9256443977355957,0.8242870569229126,0.0953550636768341
COCO_val2014_000000005001,0.6948256492614746,0.6493114233016968,0.43462085723876953
COCO_val2014_000000226119,0.8948154449462891,0.8146370649337769,0.11755672097206116
COCO_val2014_000000511050,0.7388597726821899,0.6640660762786865,0.3920271694660187
COCO_val2014_000000428375,0.7983154654502869,0.7449816465377808,0.19772374629974365
COCO_val2014_000000478528,0.8403807282447815,0.7759398221969604,0.1881362497806549
COCO_val2014_000000418692,0.7844361066818237,0.6461051106452942,0.34390270709991455
COCO_val2014_000000042482,0.915320098400116,0.8109267950057983,0.11522391438484192
COCO_val2014_000000551713,0.7810930609703064,0.5622418522834778,0.5872901082038879
COCO_val2014_000000093476,0.8066505789756775,0.6066831350326538,0.4880984425544739
COCO_val2014_000000376093,0.9517490863800049,0.8436065912246704,0.08487355709075928
COCO_val2014_000000563615,0.9081853032112122,0.8105039000511169,0.12212443351745605
COCO_val2014_000000105885,0.8832260966300964,0.7988651990890503,0.14529874920845032
COCO_val2014_000000526359,0.9056088924407959,0.8345738649368286,0.08608455955982208
COCO_val2014_000000130826,0.8336171507835388,0.6584415435791016,0.4118812084197998
COCO_val2014_000000076595,0.9168683290481567,0.7617491483688354,0.2157626450061798
COCO_val2014_000000342765,0.9513913989067078,0.8435910940170288,0.08722169697284698
COCO_val2014_000000451008,0.892524778842926,0.765687108039856,0.19256499409675598
COCO_val2014_000000233005,0.8707946538925171,0.7108906507492065,0.2903687655925751
COCO_val2014_000000119414,0.8706484436988831,0.7977480888366699,0.1317240595817566
COCO_val2014_000000292480,0.9267366528511047,0.8333600163459778,0.08438064157962799
COCO_val2014_000000498286,0.8362223505973816,0.7588013410568237,0.19157251715660095
COCO_val2014_000000234914,0.7527524828910828,0.6727640628814697,0.34288936853408813
COCO_val2014_000000344903,0.8625872731208801,0.796245276927948,0.14120137691497803
COCO_val2014_000000350157,0.9170308113098145,0.809045672416687,0.12442738562822342
COCO_val2014_000000283060,0.84214186668396,0.7739169001579285,0.1697133481502533
COCO_val2014_000000151742,0.9689720273017883,0.860908031463623,0.1148463785648346
COCO_val2014_000000274083,0.7641642093658447,0.7136238813400269,0.2967900335788727
COCO_val2014_000000196843,0.6622636914253235,0.5027490258216858,0.6873236298561096
COCO_val2014_000000436273,0.891207754611969,0.7516855001449585,0.2133588194847107
COCO_val2014_000000504958,0.8291548490524292,0.6401634216308594,0.39150184392929077
COCO_val2014_000000166358,0.8574011921882629,0.7312178611755371,0.22841568291187286
COCO_val2014_000000395633,0.9235205054283142,0.8412142992019653,0.08192694932222366
COCO_val2014_000000008599,0.9352734684944153,0.8271875977516174,0.10897870361804962
COCO_val2014_000000492084,0.8678547143936157,0.7272462248802185,0.24546387791633606
COCO_val2014_000000337561,0.8013876676559448,0.7266906499862671,0.238858163356781
COCO_val2014_000000350898,0.8442445993423462,0.8115922808647156,0.12950430810451508
COCO_val2014_000000413058,0.7936580777168274,0.7832198739051819,0.15223288536071777
COCO_val2014_000000163057,0.8733362555503845,0.7792029976844788,0.2142389863729477
COCO_val2014_000000328661,0.9610950946807861,0.7928128242492676,0.16728666424751282
COCO_val2014_000000577169,0.819743812084198,0.7743854522705078,0.1759762465953827
COCO_val2014_000000264599,0.8133750557899475,0.7545818090438843,0.20702996850013733
COCO_val2014_000000109291,0.9137080907821655,0.5864178538322449,0.5356905460357666
COCO_val2014_000000342204,0.9176127910614014,0.7735641002655029,0.19390837848186493
COCO_val2014_000000111448,0.8831366300582886,0.7742217779159546,0.20168502628803253
COCO_val2014_000000230096,0.9213731288909912,0.8131934404373169,0.16444526612758636
COCO_val2014_000000241466,0.8137370944023132,0.7835051417350769,0.1654769778251648
COCO_val2014_000000449403,0.9353976249694824,0.8142906427383423,0.13595327734947205
COCO_val2014_000000299207,0.8488263487815857,0.7372246384620667,0.24552622437477112
COCO_val2014_000000079906,0.9122271537780762,0.799374520778656,0.17350122332572937
COCO_val2014_000000071938,0.8926814198493958,0.7750571966171265,0.16806821525096893
COCO_val2014_000000329341,0.8998181819915771,0.8163447380065918,0.12024182081222534
COCO_val2014_000000033377,0.911108136177063,0.7661560773849487,0.1830998957157135
COCO_val2014_000000170974,0.9157268404960632,0.8056936264038086,0.13583384454250336
COCO_val2014_000000407644,0.8392792344093323,0.6911191940307617,0.3584211468696594
COCO_val2014_000000519271,0.9384181499481201,0.8556474447250366,0.060054369270801544
COCO_val2014_000000018575,0.817925214767456,0.78670334815979,0.15063083171844482
COCO_val2014_000000096351,0.9103252291679382,0.8179993033409119,0.10145920515060425
COCO_val2014_000000298405,0.8483971953392029,0.7739306688308716,0.18368834257125854
COCO_val2014_000000386313,0.8896591663360596,0.840171217918396,0.09168030321598053
COCO_val2014_000000498747,0.94939786195755,0.8287990093231201,0.12445162236690521
COCO_val2014_000000003716,0.8637047410011292,0.6518174409866333,0.4612787365913391
COCO_val2014_000000485139,0.925258457660675,0.6716886758804321,0.3696582615375519
COCO_val2014_000000389168,0.8417630195617676,0.786612868309021,0.1468009054660797
COCO_val2014_000000478157,0.9338897466659546,0.7817701101303101,0.17169682681560516
COCO_val2014_000000314792,0.8313295245170593,0.7925945520401001,0.1530340015888214
COCO_val2014_000000137265,0.7889613509178162,0.720059871673584,0.38712260127067566
COCO_val2014_000000409921,0.8813668489456177,0.8156535029411316,0.1365036517381668
COCO_val2014_000000479948,0.8262243270874023,0.6913781762123108,0.30899715423583984
COCO_val2014_000000106180,0.8373055458068848,0.7171624898910522,0.2721402645111084
COCO_val2014_000000090707,0.921596348285675,0.8395087718963623,0.11678294837474823
COCO_val2014_000000086755,0.9752662777900696,0.8264243602752686,0.11791149526834488
COCO_val2014_000000267300,0.8211812973022461,0.7002898454666138,0.30917423963546753
COCO_val2014_000000051025,0.9520690441131592,0.8536602258682251,0.08420129865407944
COCO_val2014_000000291686,0.9408625960350037,0.8320395946502686,0.1070057675242424
COCO_val2014_000000160531,0.735989511013031,0.6306688785552979,0.4203473925590515
COCO_val2014_000000355123,0.9389169812202454,0.8368427753448486,0.09868717938661575
COCO_val2014_000000391972,0.8941693902015686,0.8321477174758911,0.10165770351886749
COCO_val2014_000000120340,0.8719314932823181,0.7775875329971313,0.17121440172195435
COCO_val2014_000000352552,0.8675733804702759,0.730634331703186,0.2683566212654114
COCO_val2014_000000469134,0.921224057674408,0.8398117423057556,0.08849772810935974
COCO_val2014_000000357633,0.801875650882721,0.8052048087120056,0.11111783981323242
COCO_val2014_000000398727,0.8939814567565918,0.8124627470970154,0.12646421790122986
COCO_val2014_000000020650,0.907688558101654,0.8538856506347656,0.09052222967147827
COCO_val2014_000000419401,0.8141044974327087,0.8045110702514648,0.11552396416664124
COCO_val2014_000000022271,0.8937577605247498,0.8218186497688293,0.12276145815849304
COCO_val2014_000000224542,0.888263463973999,0.8185749053955078,0.11277323961257935
COCO_val2014_000000328008,0.9476374387741089,0.8357435464859009,0.10026632249355316
COCO_val2014_000000076625,0.8481804132461548,0.7656149864196777,0.1751544177532196
COCO_val2014_000000260774,0.8180925250053406,0.7678672671318054,0.2017517387866974
COCO_val2014_000000092134,0.7635971307754517,0.7230033874511719,0.23888984322547913
COCO_val2014_000000151141,0.8983716368675232,0.7532265782356262,0.1998194456100464
COCO_val2014_000000450359,0.8974049687385559,0.8072633147239685,0.11336686462163925
COCO_val2014_000000323888,0.8936309218406677,0.6965230703353882,0.34971457719802856
COCO_val2014_000000131581,0.9260449409484863,0.8059444427490234,0.19332033395767212
COCO_val2014_000000008594,0.9157900810241699,0.775078296661377,0.20931485295295715
COCO_val2014_000000142665,0.8469827771186829,0.7577472925186157,0.19619089365005493
COCO_val2014_000000279974,0.9566179513931274,0.7884888648986816,0.2423185408115387
COCO_val2014_000000037688,0.6599785685539246,0.46375709772109985,0.7985420227050781
COCO_val2014_000000082554,0.8407652974128723,0.8277692198753357,0.09850587695837021
COCO_val2014_000000350270,0.9002480506896973,0.7732234001159668,0.17591828107833862
COCO_val2014_000000153717,0.8806240558624268,0.7639995813369751,0.18064066767692566
COCO_val2014_000000324500,0.9420729279518127,0.8362909555435181,0.08751405775547028
COCO_val2014_000000383594,0.847610354423523,0.8193967938423157,0.10631027817726135
COCO_val2014_000000023807,0.9272469282150269,0.8113376498222351,0.11393380165100098
COCO_val2014_000000240811,0.9260836243629456,0.830199122428894,0.09897884726524353
COCO_val2014_000000455384,0.876882791519165,0.7736517190933228,0.2126007229089737
COCO_val2014_000000262938,0.8367682099342346,0.7866079807281494,0.1496005356311798
COCO_val2014_000000227220,0.8254287242889404,0.7504627704620361,0.216921865940094
COCO_val2014_000000257136,0.9210051894187927,0.7683500051498413,0.21844923496246338
COCO_val2014_000000242946,0.8293578028678894,0.7806010246276855,0.1600591391324997
COCO_val2014_000000207205,0.8519861698150635,0.814666211605072,0.10701901465654373
COCO_val2014_000000164330,0.8834978938102722,0.7637481689453125,0.22255653142929077
COCO_val2014_000000083850,0.8112242221832275,0.7984272241592407,0.11883478611707687
COCO_val2014_000000183991,0.9213403463363647,0.7998269200325012,0.17365220189094543
COCO_val2014_000000007274,0.8861131072044373,0.7780905961990356,0.23928456008434296
COCO_val2014_000000127313,0.8405351638793945,0.6694862842559814,0.3409245014190674
COCO_val2014_000000534669,0.8765802383422852,0.7760813236236572,0.1687142550945282
COCO_val2014_000000238355,0.8998109102249146,0.8305407166481018,0.12381051480770111
COCO_val2014_000000340894,0.847160816192627,0.6719633340835571,0.39640486240386963
COCO_val2014_000000395291,0.9031565189361572,0.7675856351852417,0.18539437651634216
COCO_val2014_000000364596,0.6730514168739319,0.5649354457855225,0.6210733652114868
COCO_val2014_000000420229,0.8601107001304626,0.6961908340454102,0.27824515104293823
COCO_val2014_000000556703,0.8856585025787354,0.815028190612793,0.13356555998325348
COCO_val2014_000000092519,0.8512840867042542,0.7919133901596069,0.1547817587852478
COCO_val2014_000000135561,0.921164333820343,0.826394259929657,0.11416631191968918
COCO_val2014_000000350214,0.8056092262268066,0.6789628267288208,0.40550240874290466
COCO_val2014_000000522418,0.6652755737304688,0.6884312629699707,0.3214663863182068
COCO_val2014_000000412471,0.8085488677024841,0.7531524896621704,0.19549691677093506
COCO_val2014_000000348730,0.8779621124267578,0.7442644834518433,0.21208520233631134
COCO_val2014_000000476664,0.932227373123169,0.747148871421814,0.21997825801372528
COCO_val2014_000000292158,0.7614092230796814,0.639958381652832,0.511759877204895
COCO_val2014_000000097857,0.8914457559585571,0.8039190173149109,0.15972590446472168
COCO_val2014_000000167724,0.5039864778518677,0.6496461033821106,0.4236227869987488
COCO_val2014_000000273698,0.9198220372200012,0.8194191455841064,0.12293171137571335
COCO_val2014_000000555131,0.9087581634521484,0.8111884593963623,0.11021432280540466
COCO_val2014_000000337443,0.8947045207023621,0.7894375920295715,0.14812853932380676
COCO_val2014_000000056070,0.8677191138267517,0.8097866773605347,0.1313035786151886
COCO_val2014_000000546229,0.9190810322761536,0.7955988645553589,0.15993331372737885
COCO_val2014_000000263323,0.904219388961792,0.7765339016914368,0.17642128467559814
COCO_val2014_000000408049,0.9214107394218445,0.7773500084877014,0.19183166325092316
COCO_val2014_000000333998,0.8833566904067993,0.8277115225791931,0.09314557164907455
COCO_val2014_000000157052,0.9111993312835693,0.8576645851135254,0.071169912815094
COCO_val2014_000000255966,0.8881735801696777,0.793411135673523,0.1659526228904724
COCO_val2014_000000468925,0.9190232157707214,0.8500273823738098,0.08146793395280838
COCO_val2014_000000564934,0.9235334992408752,0.8264606595039368,0.11605565249919891
COCO_val2014_000000437465,0.8738287687301636,0.767028272151947,0.170252725481987
COCO_val2014_000000327590,0.9226481914520264,0.835623562335968,0.11233355104923248
COCO_val2014_000000501652,0.9292596578598022,0.7714451551437378,0.17312368750572205
COCO_val2014_000000530975,0.7973955869674683,0.7369689345359802,0.2018352448940277
COCO_val2014_000000315769,0.742110013961792,0.7005356550216675,0.3421105742454529
COCO_val2014_000000277793,0.7660545706748962,0.5009497404098511,0.6967997550964355
COCO_val2014_000000355106,0.8567478060722351,0.8171789646148682,0.11642081290483475
COCO_val2014_000000277865,0.8229137063026428,0.7632176280021667,0.17622843384742737
COCO_val2014_000000047916,0.8922247886657715,0.7678016424179077,0.25240808725357056
COCO_val2014_000000397433,0.9092662334442139,0.7848188877105713,0.16708579659461975
COCO_val2014_000000545734,0.9029070138931274,0.8527214527130127,0.07502371072769165
COCO_val2014_000000504353,0.6435225009918213,0.5001170635223389,0.701079785823822
COCO_val2014_000000004265,0.8599058389663696,0.7962430715560913,0.13287250697612762
COCO_val2014_000000426259,0.9256210327148438,0.808578372001648,0.11805298924446106
COCO_val2014_000000238708,0.8309221267700195,0.7983028888702393,0.11924758553504944
COCO_val2014_000000406403,0.8126092553138733,0.6825015544891357,0.3208354711532593
COCO_val2014_000000310735,0.9671981930732727,0.8333636522293091,0.13109663128852844
COCO_val2014_000000377595,0.873022735118866,0.8159639835357666,0.12215936928987503
COCO_val2014_000000137809,0.9263458847999573,0.7958692312240601,0.16027791798114777
COCO_val2014_000000045463,0.8498984575271606,0.7946432828903198,0.14066123962402344
COCO_val2014_000000567118,0.676480233669281,0.6697418689727783,0.29903411865234375
COCO_val2014_000000433182,0.8702395558357239,0.676447868347168,0.3381160497665405
COCO_val2014_000000384823,0.9087454080581665,0.8055980205535889,0.1387070119380951
COCO_val2014_000000486254,0.879211962223053,0.833013653755188,0.09744381904602051
COCO_val2014_000000461963,0.7916809320449829,0.635379433631897,0.49354496598243713
COCO_val2014_000000307564,0.7492637038230896,0.6322474479675293,0.4266890287399292
COCO_val2014_000000488075,0.8498324751853943,0.793872594833374,0.1562265008687973
COCO_val2014_000000066072,0.8921759724617004,0.7712578773498535,0.21453285217285156
COCO_val2014_000000525376,0.7995746731758118,0.7616084218025208,0.1862492859363556
COCO_val2014_000000075563,0.9333285689353943,0.8223177194595337,0.12197620421648026
COCO_val2014_000000558114,0.7817038893699646,0.6052408218383789,0.5231896638870239
COCO_val2014_000000181816,0.8622756004333496,0.5500061511993408,0.5600099563598633
COCO_val2014_000000134574,0.9008467197418213,0.7986234426498413,0.1354595124721527
COCO_val2014_000000112830,0.7911282777786255,0.7595404386520386,0.2635915279388428
COCO_val2014_000000147546,0.8758994936943054,0.8199061155319214,0.10621720552444458
COCO_val2014_000000292997,0.8720008134841919,0.789958119392395,0.14523527026176453
COCO_val2014_000000470924,0.9389700889587402,0.839674174785614,0.08711893856525421
COCO_val2014_000000463290,0.8529408574104309,0.7585620880126953,0.20462273061275482
COCO_val2014_000000574250,0.7344605326652527,0.7206170558929443,0.2608710527420044
COCO_val2014_000000444817,0.8359711170196533,0.6912164688110352,0.4855431318283081
COCO_val2014_000000532142,0.8375959396362305,0.7946590781211853,0.13213469088077545
COCO_val2014_000000072657,0.7274884581565857,0.6155953407287598,0.4753396511077881
COCO_val2014_000000109976,0.7577134370803833,0.682662308216095,0.30904245376586914
COCO_val2014_000000500940,0.9192690253257751,0.8081464767456055,0.15391755104064941
COCO_val2014_000000330248,0.9643458127975464,0.817741870880127,0.1403055191040039
COCO_val2014_000000425578,0.8266900181770325,0.7773004770278931,0.19769202172756195
COCO_val2014_000000428403,0.7818723917007446,0.7521891593933105,0.1841614842414856
COCO_val2014_000000362941,0.8737694621086121,0.7423551082611084,0.2596680521965027
COCO_val2014_000000472364,0.8696280717849731,0.7692964673042297,0.19184798002243042
COCO_val2014_000000322895,0.9104471802711487,0.7653180360794067,0.20571862161159515
COCO_val2014_000000475906,0.8465346097946167,0.7911426424980164,0.15275074541568756
COCO_val2014_000000152525,0.8700000047683716,0.6035759449005127,0.47673511505126953
COCO_val2014_000000422778,0.9062797427177429,0.8227827548980713,0.11759431660175323
COCO_val2014_000000191054,0.9322032332420349,0.8172439336776733,0.1448059380054474
COCO_val2014_000000188865,0.9496277570724487,0.7572002410888672,0.2526722550392151
COCO_val2014_000000335844,0.8334653973579407,0.7607388496398926,0.21123814582824707
COCO_val2014_000000077415,0.8157250285148621,0.6632837653160095,0.35733169317245483
COCO_val2014_000000100283,0.9074963331222534,0.8190608024597168,0.1039779931306839
COCO_val2014_000000372294,0.8220546841621399,0.6537841558456421,0.4430895447731018
COCO_val2014_000000232900,0.9387648701667786,0.8375553488731384,0.10494092106819153
COCO_val2014_000000186497,0.8729352951049805,0.7538086771965027,0.20740213990211487
COCO_val2014_000000266627,0.8175470232963562,0.7759618759155273,0.17544573545455933
COCO_val2014_000000347766,0.8201542496681213,0.6367201805114746,0.3844907581806183
COCO_val2014_000000195211,0.8444535732269287,0.8039329051971436,0.13495129346847534
COCO_val2014_000000076844,0.9136970043182373,0.8018603920936584,0.13871493935585022
COCO_val2014_000000091500,0.9280481934547424,0.7672421932220459,0.25090837478637695
COCO_val2014_000000300008,0.906679093837738,0.7631828784942627,0.2288811355829239
COCO_val2014_000000532003,0.899545431137085,0.7303933501243591,0.21478240191936493
COCO_val2014_000000471789,0.9103778600692749,0.7708697319030762,0.20490771532058716
COCO_val2014_000000441874,0.8622323274612427,0.7459787130355835,0.2226748764514923
COCO_val2014_000000238125,0.8963096141815186,0.8210309743881226,0.1329122632741928
COCO_val2014_000000512416,0.8989589810371399,0.7663997411727905,0.2707279920578003
COCO_val2014_000000274084,0.8479140996932983,0.7335610389709473,0.2657995820045471
COCO_val2014_000000278172,0.9153954982757568,0.7612364888191223,0.17468228936195374
COCO_val2014_000000138382,0.9013457298278809,0.8680461645126343,0.06187247112393379
COCO_val2014_000000462342,0.8495050072669983,0.6792287826538086,0.341541051864624
COCO_val2014_000000312056,0.803907036781311,0.6107439994812012,0.6347523331642151
COCO_val2014_000000168890,0.8833039402961731,0.8234728574752808,0.09355716407299042
COCO_val2014_000000056960,0.9330187439918518,0.8374919891357422,0.09741181135177612
COCO_val2014_000000533378,0.8829007148742676,0.8191595077514648,0.10876874625682831
COCO_val2014_000000435389,0.8228510022163391,0.7316339612007141,0.22733746469020844
COCO_val2014_000000469924,0.8563265800476074,0.8099496960639954,0.1018306240439415
COCO_val2014_000000016977,0.8258713483810425,0.7902711629867554,0.12411266565322876
COCO_val2014_000000181888,0.8618583083152771,0.7836940288543701,0.16203799843788147
COCO_val2014_000000509416,0.7815496921539307,0.7139136791229248,0.29984521865844727
COCO_val2014_000000309852,0.9390006065368652,0.7768520712852478,0.19762356579303741
COCO_val2014_000000097679,0.9227410554885864,0.842204213142395,0.07456908375024796
COCO_val2014_000000296222,0.9336727261543274,0.7905698418617249,0.1501343846321106
COCO_val2014_000000099645,0.9222787618637085,0.7972314357757568,0.16336217522621155
COCO_val2014_000000540697,0.886600136756897,0.7857846021652222,0.1510554403066635
COCO_val2014_000000548713,0.9091716408729553,0.7814352512359619,0.16853439807891846
COCO_val2014_000000478759,0.8386186957359314,0.823769211769104,0.11845365911722183
COCO_val2014_000000546896,0.8979196548461914,0.7652139663696289,0.18989911675453186
COCO_val2014_000000258996,0.9201997518539429,0.8357639312744141,0.10682174563407898
COCO_val2014_000000542205,0.9036334753036499,0.742889404296875,0.2236940860748291
COCO_val2014_000000062491,0.7940922379493713,0.6450527906417847,0.3984117805957794
COCO_val2014_000000033008,0.8550866842269897,0.768185555934906,0.2032853662967682
COCO_val2014_000000230040,0.8463445901870728,0.5524629950523376,0.5554378032684326
COCO_val2014_000000088244,0.8886358737945557,0.8332022428512573,0.11481955647468567
COCO_val2014_000000159667,0.8483834862709045,0.7880702614784241,0.1483820378780365
COCO_val2014_000000433574,0.9158346056938171,0.7148935794830322,0.2723345458507538
COCO_val2014_000000120745,0.9296959042549133,0.8073529005050659,0.13380080461502075
COCO_val2014_000000346638,0.846413791179657,0.7951062917709351,0.12936919927597046
COCO_val2014_000000328890,0.8363668918609619,0.827007532119751,0.09168139100074768
COCO_val2014_000000227940,0.9175098538398743,0.818344235420227,0.09401214122772217
COCO_val2014_000000209044,0.8940929174423218,0.7631334066390991,0.20357941091060638
COCO_val2014_000000306466,0.896151602268219,0.8219457864761353,0.10218818485736847
COCO_val2014_000000236338,0.8867170810699463,0.8079276084899902,0.11526835709810257
COCO_val2014_000000530500,0.7843657732009888,0.5836764574050903,0.5195549130439758
COCO_val2014_000000577614,0.7972874045372009,0.6665925979614258,0.3501688241958618
COCO_val2014_000000234347,0.8897185325622559,0.7431749105453491,0.23878097534179688
COCO_val2014_000000368218,0.932156503200531,0.8161721229553223,0.12291401624679565
COCO_val2014_000000096215,0.9338347315788269,0.8247584104537964,0.12546399235725403
COCO_val2014_000000251752,0.9471773505210876,0.8444610238075256,0.08877687156200409
COCO_val2014_000000493295,0.8899410963058472,0.7600048780441284,0.20174336433410645
COCO_val2014_000000089362,0.9634642004966736,0.8680957555770874,0.052212394773960114
COCO_val2014_000000383606,0.9371237754821777,0.7893021702766418,0.2239943891763687
COCO_val2014_000000368595,0.7941451668739319,0.7048746347427368,0.3046865165233612
COCO_val2014_000000182417,0.93013596534729,0.8231526613235474,0.11678233742713928
COCO_val2014_000000139428,0.9412449598312378,0.8171547651290894,0.11360655725002289
COCO_val2014_000000495680,0.9121965765953064,0.8078401684761047,0.13031190633773804
COCO_val2014_000000240495,0.8007767200469971,0.6957919597625732,0.3622870445251465
COCO_val2014_000000433499,0.9141527414321899,0.8318912982940674,0.10760685056447983
COCO_val2014_000000082338,0.9506945610046387,0.8396384716033936,0.08156948536634445
COCO_val2014_000000019176,0.9005511999130249,0.7906519174575806,0.16587607562541962
COCO_val2014_000000578347,0.924231767654419,0.5815330743789673,0.5066515207290649
COCO_val2014_000000570659,0.8950253129005432,0.8332377672195435,0.09546375274658203
COCO_val2014_000000575970,0.883158266544342,0.8174751996994019,0.1141258031129837
COCO_val2014_000000366141,0.8636465072631836,0.772476851940155,0.16022370755672455
COCO_val2014_000000389205,0.9027583003044128,0.7800174951553345,0.18590551614761353
COCO_val2014_000000418471,0.7785940766334534,0.7784099578857422,0.1831032931804657
COCO_val2014_000000473720,0.8777232766151428,0.8070574998855591,0.13512903451919556
COCO_val2014_000000570515,0.9264840483665466,0.8043837547302246,0.1635522097349167
COCO_val2014_000000046101,0.8823097348213196,0.6582537889480591,0.4234524965286255
COCO_val2014_000000126107,0.7519237399101257,0.6587824821472168,0.4148207902908325
COCO_val2014_000000168713,0.9193762540817261,0.768450140953064,0.20213307440280914
COCO_val2014_000000440284,0.9378730058670044,0.8263532519340515,0.10795287787914276
COCO_val2014_000000272153,0.9479568004608154,0.8381587266921997,0.1317763328552246
COCO_val2014_000000411086,0.8071836233139038,0.7337905168533325,0.26576077938079834
COCO_val2014_000000042260,0.9138675928115845,0.7672208547592163,0.19947125017642975
COCO_val2014_000000471483,0.92258220911026,0.8156458139419556,0.11707088351249695
COCO_val2014_000000353982,0.8064444065093994,0.692729651927948,0.31847965717315674
COCO_val2014_000000467988,0.908679723739624,0.7982131838798523,0.1850900948047638
COCO_val2014_000000181139,0.8551587462425232,0.7487367987632751,0.2232356071472168
COCO_val2014_000000483553,0.5819756984710693,0.528220534324646,0.7261632680892944
COCO_val2014_000000235595,0.8957936763763428,0.8378868699073792,0.08084242790937424
COCO_val2014_000000321195,0.8720381259918213,0.832780122756958,0.11277656257152557
COCO_val2014_000000124995,0.8801778554916382,0.7996095418930054,0.12391451001167297
COCO_val2014_000000509020,0.884154736995697,0.7666003704071045,0.23632429540157318
COCO_val2014_000000448897,0.9086208939552307,0.8575541377067566,0.059116195887327194
COCO_val2014_000000293625,0.8582163453102112,0.7176072597503662,0.2777494788169861
COCO_val2014_000000352703,0.811475396156311,0.7269791960716248,0.23616476356983185
COCO_val2014_000000038769,0.904629111289978,0.684934139251709,0.316810667514801
COCO_val2014_000000468027,0.9331094622612,0.7301102876663208,0.2811233401298523
COCO_val2014_000000086135,0.9192250370979309,0.8348944187164307,0.10425233840942383
COCO_val2014_000000418680,0.943649172782898,0.8017593622207642,0.18057787418365479
COCO_val2014_000000175437,0.8475700616836548,0.7153632044792175,0.2962036430835724
COCO_val2014_000000166948,0.9023422002792358,0.74137282371521,0.3044975996017456
COCO_val2014_000000494887,0.9252536296844482,0.8168636560440063,0.14413028955459595
COCO_val2014_000000365766,0.858547568321228,0.7915915250778198,0.15520751476287842
COCO_val2014_000000382125,0.9635162949562073,0.8546786308288574,0.0757637694478035
COCO_val2014_000000391415,0.926541805267334,0.8373476266860962,0.07890558242797852
COCO_val2014_000000012375,0.9194864630699158,0.8443492650985718,0.07156558334827423
COCO_val2014_000000152751,0.8060206174850464,0.6968753933906555,0.2965899109840393
COCO_val2014_000000284623,0.8799015283584595,0.7038073539733887,0.325928270816803
COCO_val2014_000000158849,0.7772788405418396,0.7412899732589722,0.28946417570114136
COCO_val2014_000000034820,0.7461242079734802,0.7300926446914673,0.2797442376613617
COCO_val2014_000000106244,0.8847485184669495,0.7848838567733765,0.22903560101985931
COCO_val2014_000000202963,0.6342217922210693,0.5412018895149231,0.6615238189697266
COCO_val2014_000000044347,0.9452514052391052,0.8514494895935059,0.08975699543952942
COCO_val2014_000000022671,0.9400146007537842,0.8109720349311829,0.1420116424560547
COCO_val2014_000000161720,0.8422214984893799,0.786198616027832,0.14901705086231232
COCO_val2014_000000487498,0.8467135429382324,0.7102946043014526,0.31338217854499817
COCO_val2014_000000035825,0.9011976718902588,0.6522353887557983,0.4319232702255249
COCO_val2014_000000248314,0.8897562026977539,0.8029259443283081,0.1449902057647705
COCO_val2014_000000179141,0.8783097863197327,0.78476881980896,0.13789916038513184
COCO_val2014_000000155131,0.8618291020393372,0.7429155111312866,0.2668483853340149
COCO_val2014_000000181030,0.9106062650680542,0.8212007284164429,0.1109369546175003
COCO_val2014_000000110081,0.8484446406364441,0.7719056606292725,0.21076679229736328
COCO_val2014_000000283097,0.9460334181785583,0.8098623752593994,0.1412806212902069
COCO_val2014_000000316704,0.7875670194625854,0.6329079270362854,0.5753177404403687
COCO_val2014_000000035269,0.9234697222709656,0.8347283005714417,0.10843045264482498
COCO_val2014_000000347544,0.85821932554245,0.7369546890258789,0.23168030381202698
COCO_val2014_000000305050,0.8644510507583618,0.715031623840332,0.26109859347343445
COCO_val2014_000000434513,0.889360785484314,0.7835195660591125,0.17902377247810364
COCO_val2014_000000364284,0.9284413456916809,0.8016713857650757,0.14113864302635193
COCO_val2014_000000146127,0.8176485300064087,0.7739734053611755,0.1733090877532959
COCO_val2014_000000244181,0.8219050168991089,0.7753630876541138,0.17449478805065155
COCO_val2014_000000440529,0.8205382227897644,0.6999649405479431,0.36145949363708496
COCO_val2014_000000557517,0.9417546391487122,0.8233271837234497,0.14307092130184174
COCO_val2014_000000489358,0.8877304792404175,0.7996338605880737,0.15822914242744446
COCO_val2014_000000019631,0.8889279365539551,0.8071566820144653,0.11393816769123077
COCO_val2014_000000290196,0.8988320231437683,0.6987028121948242,0.3240368366241455
COCO_val2014_000000221303,0.8728906512260437,0.7723326683044434,0.24047964811325073
COCO_val2014_000000529762,0.8330796360969543,0.7159314751625061,0.25874921679496765
COCO_val2014_000000105538,0.880955696105957,0.7983355522155762,0.11814549565315247
COCO_val2014_000000018442,0.9079029560089111,0.8115118145942688,0.15302163362503052
COCO_val2014_000000500680,0.8881030082702637,0.795202374458313,0.12925538420677185
COCO_val2014_000000412437,0.803429901599884,0.7487655878067017,0.19544626772403717
COCO_val2014_000000478906,0.9380145072937012,0.787117063999176,0.16659453511238098
COCO_val2014_000000447337,0.9580095410346985,0.8665329813957214,0.063201904296875
COCO_val2014_000000423984,0.9017643928527832,0.8393592834472656,0.07360993325710297
COCO_val2014_000000514860,0.9236988425254822,0.7550851106643677,0.20426338911056519
COCO_val2014_000000475510,0.9056172370910645,0.7741129398345947,0.18635359406471252
COCO_val2014_000000463611,0.932766854763031,0.7440952658653259,0.23341327905654907
COCO_val2014_000000559364,0.7301062345504761,0.5991312861442566,0.4633862376213074
COCO_val2014_000000257060,0.896310031414032,0.8165150284767151,0.11831817775964737
COCO_val2014_000000405444,0.9317835569381714,0.7961058616638184,0.15613868832588196
COCO_val2014_000000386165,0.943740963935852,0.8377808332443237,0.07524750381708145
COCO_val2014_000000522713,0.9520882964134216,0.8290828466415405,0.10852047801017761
COCO_val2014_000000269099,0.8815576434135437,0.7703531384468079,0.1726761907339096
COCO_val2014_000000427055,0.910098671913147,0.6269624829292297,0.4071412980556488
COCO_val2014_000000328536,0.8641932010650635,0.834112286567688,0.09374392032623291
COCO_val2014_000000103870,0.7484993934631348,0.644571840763092,0.3731132447719574
COCO_val2014_000000394474,0.8971943855285645,0.797658383846283,0.14628291130065918
COCO_val2014_000000211425,0.9097417593002319,0.7616944313049316,0.20658431947231293
COCO_val2014_000000316526,0.6106815338134766,0.6035217046737671,0.5223757028579712
COCO_val2014_000000246248,0.940027117729187,0.8385725021362305,0.08995011448860168
COCO_val2014_000000277094,0.73870450258255,0.6349501013755798,0.42781803011894226
COCO_val2014_000000184621,0.906639575958252,0.7694042921066284,0.19010815024375916
COCO_val2014_000000124601,0.914344847202301,0.8115956783294678,0.13368944823741913
COCO_val2014_000000294297,0.9151655435562134,0.7548462748527527,0.3177528977394104
COCO_val2014_000000115752,0.8146146535873413,0.7933768033981323,0.13214728236198425
COCO_val2014_000000369979,0.9076420068740845,0.8177632093429565,0.11251023411750793
COCO_val2014_000000260478,0.9281848669052124,0.7886171340942383,0.21274587512016296
COCO_val2014_000000068525,0.9386975765228271,0.8080202341079712,0.1429031640291214
COCO_val2014_000000284160,0.8456923961639404,0.784358024597168,0.14808154106140137
COCO_val2014_000000043961,0.9436478614807129,0.8621910214424133,0.05561733990907669
COCO_val2014_000000050006,0.8983811736106873,0.8233346939086914,0.12531082332134247
COCO_val2014_000000083761,0.9062508940696716,0.7877142429351807,0.18968465924263
COCO_val2014_000000343642,0.9300175309181213,0.7972102165222168,0.17327368259429932
COCO_val2014_000000471273,0.8330472111701965,0.704969048500061,0.383974552154541
COCO_val2014_000000005965,0.877090334892273,0.7782436013221741,0.1549893319606781
COCO_val2014_000000134133,0.9018535017967224,0.7709322571754456,0.18626898527145386
COCO_val2014_000000472795,0.7968481779098511,0.7215867638587952,0.2807958722114563
COCO_val2014_000000340665,0.9122564792633057,0.7555283904075623,0.23560652136802673
COCO_val2014_000000520832,0.8928791284561157,0.7847779989242554,0.17814530432224274
COCO_val2014_000000190463,0.8655940294265747,0.7297822833061218,0.23480020463466644
COCO_val2014_000000433515,0.890548586845398,0.8026626110076904,0.12309502065181732
COCO_val2014_000000265200,0.7886085510253906,0.7535744905471802,0.20638912916183472
COCO_val2014_000000467314,0.9057224988937378,0.7770868539810181,0.16195377707481384
COCO_val2014_000000459342,0.8526758551597595,0.6864661574363708,0.3046068251132965
COCO_val2014_000000026611,0.8564574122428894,0.7985990047454834,0.14500394463539124
COCO_val2014_000000305978,0.6931700110435486,0.6831201314926147,0.39010441303253174
COCO_val2014_000000210372,0.9109190702438354,0.8350757956504822,0.08471474796533585
COCO_val2014_000000234963,0.8814151287078857,0.7625365853309631,0.18853026628494263
COCO_val2014_000000557926,0.8422330617904663,0.7043100595474243,0.3109123706817627
COCO_val2014_000000285568,0.889492392539978,0.805182933807373,0.12781304121017456
COCO_val2014_000000387098,0.797534704208374,0.733619749546051,0.21547150611877441
COCO_val2014_000000032300,0.8721073865890503,0.7952768802642822,0.1457638293504715
COCO_val2014_000000532983,0.8837350606918335,0.7754994034767151,0.17150630056858063
COCO_val2014_000000288824,0.9064487218856812,0.8177317380905151,0.11167474836111069
COCO_val2014_000000191225,0.8771986365318298,0.7348363995552063,0.22706159949302673
COCO_val2014_000000565479,0.8972797989845276,0.7925175428390503,0.13804370164871216
COCO_val2014_000000020485,0.8690121173858643,0.7907279133796692,0.1491013467311859
COCO_val2014_000000034471,0.8953244090080261,0.7732374668121338,0.18130619823932648
COCO_val2014_000000014494,0.902920126914978,0.7809268832206726,0.16814881563186646
COCO_val2014_000000534659,0.8522184491157532,0.819179117679596,0.0976250171661377
COCO_val2014_000000025595,0.8776484727859497,0.7707748413085938,0.16158688068389893
COCO_val2014_000000260695,0.7199179530143738,0.6714788675308228,0.34292900562286377
COCO_val2014_000000227478,0.916949450969696,0.7683700323104858,0.21349520981311798
COCO_val2014_000000296056,0.8914669156074524,0.7234258055686951,0.29833585023880005
COCO_val2014_000000078176,0.767534077167511,0.710571825504303,0.36000603437423706
COCO_val2014_000000506723,0.806090772151947,0.7110950946807861,0.30256009101867676
COCO_val2014_000000077811,0.8704034090042114,0.7194952368736267,0.2866462469100952
COCO_val2014_000000213453,0.8678649067878723,0.842347264289856,0.07451969385147095
COCO_val2014_000000228309,0.8995088934898376,0.7358112335205078,0.22930726408958435
COCO_val2014_000000547041,0.8885452747344971,0.8255088329315186,0.09906928241252899
COCO_val2014_000000119192,0.906937837600708,0.7829402089118958,0.1851072609424591
COCO_val2014_000000364919,0.7846350073814392,0.7054671049118042,0.3778057098388672
COCO_val2014_000000232432,0.882061779499054,0.6928289532661438,0.3292221128940582
COCO_val2014_000000112904,0.8322899341583252,0.7795007228851318,0.1607975959777832
COCO_val2014_000000292301,0.9414416551589966,0.7707940936088562,0.17934903502464294
COCO_val2014_000000398423,0.8432838320732117,0.5069079399108887,0.6744735240936279
COCO_val2014_000000154193,0.9097913503646851,0.7832857370376587,0.21693472564220428
COCO_val2014_000000090804,0.8405784964561462,0.7778517007827759,0.1763603389263153
COCO_val2014_000000069827,0.9136983752250671,0.6486243009567261,0.43796810507774353
COCO_val2014_000000458410,0.767460286617279,0.7479801774024963,0.19876916706562042
COCO_val2014_000000395701,0.8557435274124146,0.8045957088470459,0.1114715114235878
COCO_val2014_000000279524,0.9199684858322144,0.8015630841255188,0.1499362289905548
COCO_val2014_000000352194,0.8469755053520203,0.7428922653198242,0.22840049862861633
COCO_val2014_000000067833,0.8463481068611145,0.8074771165847778,0.1352464258670807
COCO_val2014_000000526186,0.8797727227210999,0.7294583320617676,0.25495827198028564
COCO_val2014_000000019523,0.7974019050598145,0.7321106195449829,0.21479561924934387
COCO_val2014_000000191846,0.8962815403938293,0.7836006879806519,0.20241762697696686
COCO_val2014_000000145512,0.8543322682380676,0.6868848204612732,0.33037877082824707
COCO_val2014_000000172995,0.8869126439094543,0.7797074317932129,0.16738244891166687
COCO_val2014_000000258516,0.8448383212089539,0.6078529357910156,0.4460696280002594
COCO_val2014_000000149500,0.8779377341270447,0.6938780546188354,0.3529970049858093
COCO_val2014_000000469192,0.9211820960044861,0.8360162973403931,0.09293756633996964
COCO_val2014_000000507473,0.9007580876350403,0.7370704412460327,0.28083908557891846
COCO_val2014_000000527064,0.8912328481674194,0.8218221664428711,0.1063539907336235
COCO_val2014_000000557923,0.9075225591659546,0.78536057472229,0.17944183945655823
COCO_val2014_000000239387,0.6646662950515747,0.6955478191375732,0.32502853870391846
COCO_val2014_000000168686,0.8663495779037476,0.831998884677887,0.10533342510461807
COCO_val2014_000000552636,0.8914597630500793,0.8257852792739868,0.09638183563947678
COCO_val2014_000000559837,0.6122170090675354,0.5653061866760254,0.582878589630127
COCO_val2014_000000168583,0.8871936202049255,0.7792389392852783,0.17442373931407928
COCO_val2014_000000322141,0.8873335719108582,0.7364741563796997,0.2104635089635849
COCO_val2014_000000216103,0.8700307011604309,0.6331082582473755,0.43686366081237793
COCO_val2014_000000569001,0.930339515209198,0.8192495107650757,0.11296258866786957
COCO_val2014_000000132272,0.9182193279266357,0.7930594682693481,0.16287535429000854
COCO_val2014_000000485485,0.9105113744735718,0.7713438868522644,0.211956188082695
COCO_val2014_000000550691,0.8558385372161865,0.7732993364334106,0.14844390749931335
COCO_val2014_000000510681,0.7484577894210815,0.7293174266815186,0.2572779655456543
COCO_val2014_000000400238,0.9314854145050049,0.8242766857147217,0.11718861758708954
COCO_val2014_000000340922,0.7627862095832825,0.465572714805603,0.7869771718978882
COCO_val2014_000000525087,0.7882601022720337,0.720311164855957,0.25405627489089966
COCO_val2014_000000278134,0.9436246752738953,0.8610284328460693,0.0602017343044281
COCO_val2014_000000455937,0.8684261441230774,0.6800522804260254,0.31888943910598755
COCO_val2014_000000097958,0.8092159628868103,0.6077163815498352,0.594062089920044
COCO_val2014_000000469982,0.8831536173820496,0.6779342889785767,0.29663732647895813
COCO_val2014_000000141158,0.9871289730072021,0.8733975887298584,0.09693034738302231
COCO_val2014_000000156071,0.8991122841835022,0.7975982427597046,0.14896255731582642
COCO_val2014_000000097146,0.8886932730674744,0.7669510841369629,0.1870296448469162
COCO_val2014_000000222842,0.859678328037262,0.7568018436431885,0.21953725814819336
COCO_val2014_000000533532,0.8926683664321899,0.7937307357788086,0.17098379135131836
COCO_val2014_000000087383,0.8785114288330078,0.8271954655647278,0.10911952704191208
COCO_val2014_000000523677,0.7503479719161987,0.7651902437210083,0.1837337464094162
COCO_val2014_000000453400,0.9360678195953369,0.7292839884757996,0.26580312848091125
COCO_val2014_000000176031,0.8771812319755554,0.7530297040939331,0.2095126211643219
COCO_val2014_000000125228,0.9428496360778809,0.8441576957702637,0.08514003455638885
COCO_val2014_000000487438,0.8319963216781616,0.7815903425216675,0.1783778965473175
COCO_val2014_000000088252,0.8226325511932373,0.6714968681335449,0.3931790292263031
COCO_val2014_000000570548,0.8001996874809265,0.6326496601104736,0.37758463621139526
COCO_val2014_000000527445,0.8517179489135742,0.7808911800384521,0.16507452726364136
COCO_val2014_000000395801,0.8828466534614563,0.7913545370101929,0.14201517403125763
COCO_val2014_000000335670,0.7880867123603821,0.7300032377243042,0.2680683732032776
COCO_val2014_000000291404,0.7494118213653564,0.6965044736862183,0.34112823009490967
COCO_val2014_000000288944,0.9517348408699036,0.7856612801551819,0.18356001377105713
COCO_val2014_000000093893,0.8735108971595764,0.7474039196968079,0.20104704797267914
COCO_val2014_000000419653,0.7647941708564758,0.7960963249206543,0.14315588772296906
COCO_val2014_000000480643,0.8982439041137695,0.8049803972244263,0.10551367700099945
COCO_val2014_000000497488,0.7969203591346741,0.6967191696166992,0.30088770389556885
COCO_val2014_000000510150,0.8452287316322327,0.6935888528823853,0.30403876304626465
COCO_val2014_000000247259,0.9625561237335205,0.8694901466369629,0.05184439569711685
COCO_val2014_000000446354,0.8877907395362854,0.8309217691421509,0.11853152513504028
COCO_val2014_000000191265,0.8433941602706909,0.7937025427818298,0.14374203979969025
COCO_val2014_000000273442,0.858302652835846,0.8185139298439026,0.13420192897319794
COCO_val2014_000000266951,0.9303938150405884,0.8668094873428345,0.063529372215271
COCO_val2014_000000067207,0.8958091139793396,0.7465329170227051,0.22397007048130035
COCO_val2014_000000140006,0.943440318107605,0.8471038341522217,0.08313747495412827
COCO_val2014_000000350023,0.8294858336448669,0.7418853044509888,0.22683262825012207
COCO_val2014_000000520531,0.9447639584541321,0.7554436922073364,0.21958698332309723
COCO_val2014_000000347172,0.8839080929756165,0.7813853621482849,0.18070051074028015
COCO_val2014_000000251798,0.8141844868659973,0.6921349167823792,0.3119269609451294
COCO_val2014_000000085556,0.8520311713218689,0.701879620552063,0.27747443318367004
COCO_val2014_000000175908,0.9154543280601501,0.7891445755958557,0.1849914789199829
COCO_val2014_000000375184,0.9093483090400696,0.7863983511924744,0.20546837151050568
COCO_val2014_000000068771,0.9389514327049255,0.8216249942779541,0.13272467255592346
COCO_val2014_000000443772,0.8564592003822327,0.7844958901405334,0.18310120701789856
COCO_val2014_000000192660,0.7812850475311279,0.7784820795059204,0.1625290811061859
COCO_val2014_000000360706,0.8838284015655518,0.8182566165924072,0.09913107752799988
COCO_val2014_000000244060,0.9227718114852905,0.8312660455703735,0.10447537899017334
COCO_val2014_000000569900,0.8745739459991455,0.8018410801887512,0.12807108461856842
COCO_val2014_000000160836,0.8633300065994263,0.8356510400772095,0.09911903738975525
COCO_val2014_000000020038,0.8025572299957275,0.7750198841094971,0.16647398471832275
COCO_val2014_000000561004,0.9165634512901306,0.8113936185836792,0.18903318047523499
COCO_val2014_000000578210,0.9206610321998596,0.7682816982269287,0.18668591976165771
COCO_val2014_000000197997,0.9426158666610718,0.8547970056533813,0.07152051478624344
COCO_val2014_000000287033,0.9264858365058899,0.7428085803985596,0.28271162509918213
COCO_val2014_000000411817,0.845857560634613,0.8118857741355896,0.11932407319545746
COCO_val2014_000000428067,0.9167300462722778,0.7673510313034058,0.20638129115104675
COCO_val2014_000000128849,0.8574023842811584,0.7466020584106445,0.2047884166240692
COCO_val2014_000000139872,0.945848822593689,0.7906469106674194,0.15425227582454681
COCO_val2014_000000191515,0.8800814151763916,0.8222398161888123,0.10321460664272308
COCO_val2014_000000100977,0.8334325551986694,0.7125386595726013,0.25557389855384827
COCO_val2014_000000475723,0.8939381837844849,0.79690021276474,0.14442381262779236
COCO_val2014_000000409100,0.9507366418838501,0.6789310574531555,0.32532188296318054
COCO_val2014_000000279097,0.9206088781356812,0.8418598175048828,0.07677114754915237
COCO_val2014_000000493774,0.6929501891136169,0.7099160552024841,0.3064449429512024
COCO_val2014_000000149783,0.8821815252304077,0.7982283234596252,0.12834873795509338
COCO_val2014_000000148549,0.7690982222557068,0.6748393774032593,0.34656643867492676
COCO_val2014_000000307511,0.907663106918335,0.8502485752105713,0.06349946558475494
COCO_val2014_000000478312,0.8289223909378052,0.7870382070541382,0.1521269828081131
COCO_val2014_000000429623,0.9121978878974915,0.8378493189811707,0.09687109291553497
COCO_val2014_000000531532,0.937399685382843,0.8061546087265015,0.13273489475250244
COCO_val2014_000000024610,0.8994930386543274,0.8339900970458984,0.09504401683807373
COCO_val2014_000000569722,0.9103244543075562,0.8314582705497742,0.09113514423370361
COCO_val2014_000000369345,0.8373284935951233,0.7584838271141052,0.19876381754875183
COCO_val2014_000000106810,0.9021168351173401,0.7359356880187988,0.2693723440170288
COCO_val2014_000000519815,0.8304687738418579,0.7896451354026794,0.1471649557352066
COCO_val2014_000000561745,0.9542936682701111,0.842255175113678,0.09693560004234314
COCO_val2014_000000350231,0.8874444365501404,0.705628514289856,0.26584652066230774
COCO_val2014_000000112591,0.8780028223991394,0.7170982956886292,0.2698085308074951
COCO_val2014_000000309655,0.9569042325019836,0.8164283037185669,0.12607347965240479
COCO_val2014_000000581451,0.8986778259277344,0.7698068022727966,0.18397867679595947
COCO_val2014_000000014353,0.9334530830383301,0.6856845617294312,0.3059666156768799
COCO_val2014_000000045746,0.8879916071891785,0.8349237442016602,0.09736476838588715
COCO_val2014_000000337354,0.822748601436615,0.7297808527946472,0.28481873869895935
COCO_val2014_000000096048,0.8755025863647461,0.7143741846084595,0.26438167691230774
COCO_val2014_000000457204,0.8850584626197815,0.7223185300827026,0.40408915281295776
COCO_val2014_000000431190,0.8974272608757019,0.764448881149292,0.18749240040779114
COCO_val2014_000000194331,0.903671145439148,0.8213921785354614,0.11546319723129272
COCO_val2014_000000013729,0.8662393689155579,0.7417625784873962,0.35255658626556396
COCO_val2014_000000052238,0.899279773235321,0.7776411771774292,0.1723727285861969
COCO_val2014_000000558587,0.9585031270980835,0.8431904315948486,0.09579622745513916
COCO_val2014_000000129100,0.9203298687934875,0.818583607673645,0.12420517206192017
COCO_val2014_000000071563,0.8078427314758301,0.6854833364486694,0.31735602021217346
COCO_val2014_000000466222,0.739587128162384,0.7490573525428772,0.25798463821411133
COCO_val2014_000000213091,0.9089564681053162,0.8259104490280151,0.11645850539207458
COCO_val2014_000000565582,0.7910909652709961,0.6784584522247314,0.30593881011009216
COCO_val2014_000000489733,0.8836857080459595,0.7457647323608398,0.24497130513191223
COCO_val2014_000000177149,0.7575353980064392,0.7484779953956604,0.26392698287963867
COCO_val2014_000000248129,0.9184526801109314,0.8538472056388855,0.06426818668842316
COCO_val2014_000000460107,0.840755045413971,0.7543594837188721,0.2146962583065033
COCO_val2014_000000439593,0.8839325308799744,0.8282550573348999,0.10175016522407532
COCO_val2014_000000491098,0.8838272094726562,0.8142778873443604,0.14875994622707367
COCO_val2014_000000285534,0.7684435248374939,0.5801358222961426,0.5788718461990356
COCO_val2014_000000008711,0.7661414742469788,0.7480594515800476,0.21409298479557037
COCO_val2014_000000000715,0.8815168738365173,0.8545660972595215,0.06185940280556679
COCO_val2014_000000581899,0.7219929099082947,0.6553031802177429,0.37334996461868286
COCO_val2014_000000059000,0.8947996497154236,0.8138350248336792,0.1318894773721695
COCO_val2014_000000545867,0.8835548758506775,0.7870185971260071,0.20863693952560425
COCO_val2014_000000440514,0.8062623739242554,0.7870969772338867,0.14734770357608795
COCO_val2014_000000251639,0.7680531740188599,0.7742976546287537,0.1805962771177292
COCO_val2014_000000083036,0.6576523184776306,0.6307675242424011,0.4001047909259796
COCO_val2014_000000054598,0.8842354416847229,0.7324648499488831,0.2486116886138916
COCO_val2014_000000162952,0.8970078825950623,0.780418336391449,0.19782786071300507
COCO_val2014_000000061647,0.9279118776321411,0.7979341745376587,0.14793458580970764
COCO_val2014_000000252388,0.9441966414451599,0.8227235078811646,0.14155375957489014
COCO_val2014_000000487925,0.9017931222915649,0.7353847622871399,0.2469153255224228
COCO_val2014_000000175597,0.8961845636367798,0.7708615064620972,0.1982811540365219
COCO_val2014_000000176180,0.8049696087837219,0.693755030632019,0.3388749957084656
COCO_val2014_000000359239,0.9227915406227112,0.8647176027297974,0.06463389098644257
COCO_val2014_000000462241,0.9205804467201233,0.8008289337158203,0.14625206589698792
COCO_val2014_000000419503,0.8987945914268494,0.7207217812538147,0.3600950837135315
COCO_val2014_000000528866,0.7567505240440369,0.8037289381027222,0.13310696184635162
COCO_val2014_000000063525,0.9327076077461243,0.8284603953361511,0.08707220107316971
COCO_val2014_000000462840,0.8201892971992493,0.6950246095657349,0.28466880321502686
COCO_val2014_000000378655,0.8752493262290955,0.8355449438095093,0.08592226356267929
COCO_val2014_000000360216,0.9402338862419128,0.7826069593429565,0.17389661073684692
COCO_val2014_000000298261,0.9426963925361633,0.8030857443809509,0.12790244817733765
COCO_val2014_000000218996,0.8903069496154785,0.8130288124084473,0.106636643409729
COCO_val2014_000000032907,0.8767231106758118,0.7671213150024414,0.19494447112083435
COCO_val2014_000000026363,0.9223628640174866,0.8037868738174438,0.15201511979103088
COCO_val2014_000000467096,0.937971293926239,0.7707028388977051,0.17666608095169067
COCO_val2014_000000028540,0.8712217211723328,0.7602428197860718,0.22276949882507324
COCO_val2014_000000326510,0.8920389413833618,0.7871217131614685,0.15089353919029236
COCO_val2014_000000578489,0.9365772008895874,0.8269168734550476,0.08656317740678787
COCO_val2014_000000371652,0.8707263469696045,0.7716367244720459,0.18335865437984467
COCO_val2014_000000034196,0.8816592693328857,0.7301563024520874,0.22763381898403168
COCO_val2014_000000099875,0.9122525453567505,0.7998226881027222,0.15982089936733246
COCO_val2014_000000000692,0.9213082194328308,0.7915157675743103,0.1261827051639557
COCO_val2014_000000529944,0.7543259859085083,0.550662636756897,0.5658373832702637
COCO_val2014_000000394009,0.8650655150413513,0.7996350526809692,0.12787288427352905
COCO_val2014_000000458119,0.8170380592346191,0.6768231391906738,0.38883188366889954
COCO_val2014_000000143320,0.9361971616744995,0.8155449628829956,0.1124788299202919
COCO_val2014_000000214471,0.8908129334449768,0.8170980215072632,0.11229512095451355
COCO_val2014_000000398119,0.9227535128593445,0.8535841107368469,0.08122950792312622
COCO_val2014_000000480624,0.8024657368659973,0.7416301965713501,0.2344905287027359
COCO_val2014_000000388100,0.8243362307548523,0.7598869800567627,0.2516806125640869
COCO_val2014_000000384468,0.8566022515296936,0.7344696521759033,0.25607380270957947
COCO_val2014_000000451859,0.8866296410560608,0.8029005527496338,0.14473886787891388
COCO_val2014_000000566941,0.9195904731750488,0.7863569855690002,0.1630174219608307
COCO_val2014_000000061315,0.8418821096420288,0.7639472484588623,0.17615261673927307
COCO_val2014_000000316342,0.9171712398529053,0.8271150588989258,0.1260986328125
COCO_val2014_000000024223,0.8766576051712036,0.8275871276855469,0.1309717893600464
COCO_val2014_000000206417,0.8852453827857971,0.7619432210922241,0.17071238160133362
COCO_val2014_000000525667,0.893273115158081,0.7805927991867065,0.20535896718502045
COCO_val2014_000000496618,0.8864541053771973,0.8358802795410156,0.10063083469867706
COCO_val2014_000000357819,0.7828930616378784,0.7050046324729919,0.2738673985004425
COCO_val2014_000000095297,0.9112481474876404,0.8091586828231812,0.12419150769710541
COCO_val2014_000000054039,0.8570122718811035,0.782983124256134,0.18182340264320374
COCO_val2014_000000460378,0.852950930595398,0.7881780862808228,0.1570829451084137
COCO_val2014_000000564629,0.6783808469772339,0.7774471044540405,0.1636684536933899
COCO_val2014_000000281028,0.8169220685958862,0.7580180168151855,0.1918138861656189
COCO_val2014_000000451123,0.5807639956474304,0.5265671014785767,0.8315755128860474
COCO_val2014_000000068833,0.875318706035614,0.819174587726593,0.116038978099823
COCO_val2014_000000375205,0.9427012205123901,0.856378436088562,0.07610167562961578
COCO_val2014_000000444444,0.9211344122886658,0.8338479399681091,0.10140704363584518
COCO_val2014_000000093353,0.7324663996696472,0.6034191846847534,0.47485822439193726
COCO_val2014_000000485424,0.7451057434082031,0.7458617687225342,0.20590254664421082
COCO_val2014_000000257215,0.6619616150856018,0.6114610433578491,0.4786500632762909
COCO_val2014_000000027493,0.8197866082191467,0.7799246311187744,0.2414679229259491
COCO_val2014_000000051628,0.8226228356361389,0.685936689376831,0.35909706354141235
COCO_val2014_000000264976,0.9219794273376465,0.6916534304618835,0.28724464774131775
COCO_val2014_000000035711,0.9220867156982422,0.7657876014709473,0.2230406403541565
COCO_val2014_000000169250,0.8730252385139465,0.7622487545013428,0.17213058471679688
COCO_val2014_000000246069,0.9064518809318542,0.8384703993797302,0.08139435946941376
COCO_val2014_000000377867,0.8553289771080017,0.7048084735870361,0.2966412901878357
COCO_val2014_000000388707,0.9296566247940063,0.8319984078407288,0.10629047453403473
COCO_val2014_000000037403,0.9349023103713989,0.7484687566757202,0.21477103233337402
COCO_val2014_000000113461,0.9548423290252686,0.8116762638092041,0.14154811203479767
COCO_val2014_000000100000,0.9029971361160278,0.7735349535942078,0.1733330488204956
COCO_val2014_000000482719,0.874056875705719,0.8064296245574951,0.16138947010040283
COCO_val2014_000000218494,0.8946219086647034,0.811954140663147,0.11733885854482651
COCO_val2014_000000524282,0.9428937435150146,0.8349958658218384,0.08157548308372498
COCO_val2014_000000420658,0.7182689905166626,0.6744139790534973,0.36760449409484863
COCO_val2014_000000174425,0.8992822766304016,0.7588173151016235,0.1974974274635315
COCO_val2014_000000497365,0.8797494173049927,0.7545348405838013,0.211992084980011
COCO_val2014_000000070048,0.9062884449958801,0.8199653625488281,0.10885420441627502
COCO_val2014_000000222512,0.9098430871963501,0.7594655752182007,0.3562259078025818
COCO_val2014_000000061899,0.8329032063484192,0.7350766658782959,0.28845053911209106
COCO_val2014_000000551811,0.8140115737915039,0.6577457189559937,0.35259437561035156
COCO_val2014_000000100850,0.9174975156784058,0.8334420323371887,0.10632903128862381
COCO_val2014_000000457580,0.8514036536216736,0.7573330402374268,0.20521697402000427
COCO_val2014_000000548670,0.9245380163192749,0.7899265885353088,0.13506385684013367
COCO_val2014_000000555356,0.8957053422927856,0.8024617433547974,0.13625916838645935
COCO_val2014_000000550514,0.9513071179389954,0.828906774520874,0.10443511605262756
COCO_val2014_000000455267,0.891348123550415,0.792749285697937,0.15359848737716675
COCO_val2014_000000281601,0.7995749711990356,0.6471848487854004,0.43108895421028137
COCO_val2014_000000312412,0.8631083965301514,0.7968593239784241,0.15489262342453003
COCO_val2014_000000142742,0.9356679916381836,0.7806718349456787,0.20891547203063965
COCO_val2014_000000215808,0.893992006778717,0.8306119441986084,0.11615089327096939
COCO_val2014_000000054533,0.8336384892463684,0.7618362903594971,0.2605234384536743
COCO_val2014_000000513054,0.9061868190765381,0.7623200416564941,0.2584483027458191
COCO_val2014_000000472256,0.8125398755073547,0.7464361190795898,0.2414252758026123
COCO_val2014_000000168662,0.8904989957809448,0.7456818222999573,0.22108565270900726
COCO_val2014_000000543347,0.938303530216217,0.8110960721969604,0.1473165899515152
COCO_val2014_000000003192,0.9415456056594849,0.8649442195892334,0.06249212101101875
COCO_val2014_000000268412,0.8993342518806458,0.7903363108634949,0.13115598261356354
COCO_val2014_000000491478,0.8964114785194397,0.8410796523094177,0.09390950947999954
COCO_val2014_000000140487,0.8877704739570618,0.7468891143798828,0.3202410936355591
COCO_val2014_000000377097,0.9079592227935791,0.676069974899292,0.4083128571510315
COCO_val2014_000000124004,0.8602949380874634,0.8142564296722412,0.10577815771102905
COCO_val2014_000000206784,0.810597836971283,0.774419367313385,0.1822122186422348
COCO_val2014_000000107596,0.9022870063781738,0.7818769216537476,0.20170006155967712
COCO_val2014_000000529838,0.8892036080360413,0.7610536813735962,0.21357357501983643
COCO_val2014_000000120776,0.8992120623588562,0.8289821743965149,0.08345676213502884
COCO_val2014_000000001668,0.8821436762809753,0.6438640356063843,0.464826762676239
COCO_val2014_000000312423,0.910608172416687,0.773113489151001,0.1828409731388092
COCO_val2014_000000151480,0.9042716026306152,0.7800219655036926,0.17910562455654144
COCO_val2014_000000526188,0.9167186617851257,0.7752395868301392,0.1891595870256424
COCO_val2014_000000066239,0.9253416657447815,0.8079944849014282,0.15990231931209564
COCO_val2014_000000543961,0.7067293524742126,0.7081564664840698,0.2804192304611206
COCO_val2014_000000043670,0.9410443902015686,0.8244751691818237,0.14505720138549805
COCO_val2014_000000408235,0.9368174076080322,0.823073148727417,0.11654655635356903
COCO_val2014_000000576222,0.9318997263908386,0.8133946657180786,0.15452373027801514
COCO_val2014_000000373381,0.9316251873970032,0.8175991177558899,0.14703470468521118
COCO_val2014_000000357229,0.7539526224136353,0.7906222939491272,0.1627858430147171
COCO_val2014_000000555648,0.9145060777664185,0.820039689540863,0.10491538047790527
COCO_val2014_000000187734,0.8133773803710938,0.7019137144088745,0.271819531917572
COCO_val2014_000000081661,0.8244196772575378,0.7176812291145325,0.28674212098121643
COCO_val2014_000000089589,0.8510106801986694,0.717003345489502,0.30143439769744873
COCO_val2014_000000266487,0.7763912081718445,0.7799910306930542,0.14683666825294495
COCO_val2014_000000486846,0.8525457978248596,0.7414457201957703,0.2518784701824188
COCO_val2014_000000157155,0.7728667855262756,0.7130376100540161,0.31498491764068604
COCO_val2014_000000448269,0.8785701394081116,0.752383828163147,0.24960443377494812
COCO_val2014_000000333150,0.8568914532661438,0.7803926467895508,0.17121769487857819
COCO_val2014_000000119120,0.947196364402771,0.8038843870162964,0.28426504135131836
COCO_val2014_000000211186,0.8345548510551453,0.7202739119529724,0.21411173045635223
COCO_val2014_000000350122,0.907381534576416,0.8186561465263367,0.11937621235847473
COCO_val2014_000000154830,0.8744058609008789,0.7663776874542236,0.2037305235862732
COCO_val2014_000000052232,0.8342875838279724,0.7907251119613647,0.16555052995681763
COCO_val2014_000000089378,0.8865172266960144,0.7435290813446045,0.2551928758621216
COCO_val2014_000000362640,0.9802769422531128,0.7703841328620911,0.20344841480255127
COCO_val2014_000000217016,0.9059615731239319,0.8193603754043579,0.09998050332069397
COCO_val2014_000000560721,0.8226256370544434,0.7705448269844055,0.19215068221092224
COCO_val2014_000000062251,0.7655322551727295,0.707888126373291,0.26611971855163574
COCO_val2014_000000328797,0.7062236070632935,0.7378274202346802,0.200173482298851
COCO_val2014_000000298578,0.9196162223815918,0.7998391389846802,0.15198811888694763
COCO_val2014_000000523782,0.7728822231292725,0.6315422058105469,0.4313790798187256
COCO_val2014_000000209989,0.9017989635467529,0.8179997205734253,0.13374321162700653
COCO_val2014_000000489304,0.9291685819625854,0.831697940826416,0.09747253358364105
COCO_val2014_000000156687,0.9119789600372314,0.8155205249786377,0.13100342452526093
COCO_val2014_000000494634,0.685864269733429,0.601109504699707,0.45725753903388977
COCO_val2014_000000342146,0.942395031452179,0.8005527257919312,0.15004798769950867
COCO_val2014_000000266601,0.8906654119491577,0.8078429698944092,0.11657212674617767
COCO_val2014_000000293390,0.7463355660438538,0.7048389911651611,0.2906896770000458
COCO_val2014_000000002346,0.9270511865615845,0.8265306353569031,0.10118697583675385
COCO_val2014_000000016593,0.8451546430587769,0.7207056283950806,0.44169530272483826
COCO_val2014_000000395644,0.898368775844574,0.810880184173584,0.12066464871168137
COCO_val2014_000000479858,0.9272763133049011,0.8515503406524658,0.07563644647598267
COCO_val2014_000000230915,0.9382623434066772,0.8664411306381226,0.06116931885480881
COCO_val2014_000000397303,0.9048397541046143,0.7502073049545288,0.28773391246795654
COCO_val2014_000000015850,0.9276270270347595,0.8392746448516846,0.08381496369838715
COCO_val2014_000000081812,0.9180783629417419,0.8223906755447388,0.11011458933353424
COCO_val2014_000000193498,0.846501350402832,0.8330914974212646,0.09224085509777069
COCO_val2014_000000350389,0.6154506802558899,0.5958123207092285,0.49942076206207275
COCO_val2014_000000443167,0.8805340528488159,0.7630946636199951,0.20071834325790405
COCO_val2014_000000250164,0.7597033381462097,0.7760418653488159,0.1826658546924591
COCO_val2014_000000461715,0.8882489204406738,0.7330411672592163,0.2424241304397583
COCO_val2014_000000487548,0.9012421369552612,0.8103442788124084,0.1744767725467682
COCO_val2014_000000040681,0.8619176149368286,0.6583552360534668,0.36581510305404663
COCO_val2014_000000025853,0.9122737646102905,0.8303173780441284,0.10164351016283035
COCO_val2014_000000331688,0.8999497294425964,0.7734727263450623,0.1693381369113922
COCO_val2014_000000497049,0.9034852981567383,0.7597450017929077,0.26254695653915405
COCO_val2014_000000134223,0.7980072498321533,0.7555368542671204,0.22542887926101685
