image_id,cc,sim,kld
COCO_val2014_000000157469,0.36578354239463806,0.4787953794002533,0.8960670232772827
COCO_val2014_000000211476,0.5403028130531311,0.6680669784545898,0.3603668510913849
COCO_val2014_000000569319,0.47134530544281006,0.42849618196487427,0.9599506855010986
COCO_val2014_000000173693,0.5256129503250122,0.3127884864807129,1.3285906314849854
COCO_val2014_000000543836,0.4755558967590332,0.4515581727027893,0.8736035227775574
COCO_val2014_000000106909,0.6697105765342712,0.6971315145492554,0.2804535925388336
COCO_val2014_000000048475,0.46986860036849976,0.6308928728103638,0.44315096735954285
COCO_val2014_000000042408,0.6446295976638794,0.5399163961410522,0.6380367875099182
COCO_val2014_000000034114,0.3612003028392792,0.6480041742324829,0.43757784366607666
COCO_val2014_000000081315,0.6410686373710632,0.7153971195220947,0.28270936012268066
COCO_val2014_000000462784,0.4273958206176758,0.5897145867347717,0.578744649887085
COCO_val2014_000000152598,0.1419675648212433,0.36320555210113525,1.4154467582702637
COCO_val2014_000000134096,0.5739458203315735,0.3986126184463501,1.0264575481414795
COCO_val2014_000000209898,0.35244354605674744,0.24572458863258362,1.724665880203247
COCO_val2014_000000485673,0.2501241862773895,0.4824299216270447,0.8692660927772522
COCO_val2014_000000486457,0.6095042824745178,0.7212892770767212,0.2525025010108948
COCO_val2014_000000142249,0.5525276064872742,0.40671682357788086,0.9839969873428345
COCO_val2014_000000365745,0.7266921997070312,0.7015499472618103,0.3713459372520447
COCO_val2014_000000200421,0.5641162395477295,0.4639319181442261,0.8541600704193115
COCO_val2014_000000564830,0.5115396976470947,0.6393582820892334,0.45774009823799133
COCO_val2014_000000256251,0.7267906069755554,0.64947509765625,0.3909916281700134
COCO_val2014_000000567881,0.708373486995697,0.6403719782829285,0.4235425591468811
COCO_val2014_000000017425,0.4606478214263916,0.49693140387535095,0.8499730229377747
COCO_val2014_000000345434,0.5693133473396301,0.5303192138671875,0.6654180288314819
COCO_val2014_000000528201,0.6120857000350952,0.42933332920074463,0.9091887474060059
COCO_val2014_000000123622,0.6898102164268494,0.7243415713310242,0.2606353163719177
COCO_val2014_000000529234,0.49246442317962646,0.5454610586166382,0.6282163858413696
COCO_val2014_000000312632,0.37234053015708923,0.6470739841461182,0.3775802552700043
COCO_val2014_000000091326,0.144219771027565,0.3338889181613922,1.5326015949249268
COCO_val2014_000000093948,0.6637450456619263,0.5537405610084534,0.6009409427642822
COCO_val2014_000000188136,0.6655974388122559,0.6948957443237305,0.32520362734794617
COCO_val2014_000000527440,0.6501714587211609,0.5746839046478271,0.5764901638031006
COCO_val2014_000000267363,0.6001317501068115,0.6296519041061401,0.4330948293209076
COCO_val2014_000000165589,0.3701551556587219,0.6310322284698486,0.4268839359283447
COCO_val2014_000000453283,0.7045329809188843,0.5718770623207092,0.5463476777076721
COCO_val2014_000000370462,0.6360096335411072,0.6021534204483032,0.48621535301208496
COCO_val2014_000000112437,0.8071740865707397,0.6409553289413452,0.38894522190093994
COCO_val2014_000000041603,0.5978717803955078,0.6206158399581909,0.49873027205467224
COCO_val2014_000000000761,0.45194464921951294,0.49467384815216064,0.7355031967163086
COCO_val2014_000000122166,0.39536285400390625,0.5162925124168396,0.7023769617080688
COCO_val2014_000000284152,0.6151871681213379,0.6562380790710449,0.38576433062553406
COCO_val2014_000000318888,0.5849689841270447,0.411848247051239,0.9267626404762268
COCO_val2014_000000511658,0.5862870216369629,0.7306886911392212,0.2526206970214844
COCO_val2014_000000455859,0.5509394407272339,0.5939784049987793,0.5251221060752869
COCO_val2014_000000153803,0.6098013520240784,0.5999683737754822,0.5418134927749634
COCO_val2014_000000078420,0.2585483193397522,0.6075100898742676,0.4859831929206848
COCO_val2014_000000216790,0.27207010984420776,0.5103248357772827,0.8070810437202454
COCO_val2014_000000474078,0.4520583152770996,0.44982966780662537,0.8311728835105896
COCO_val2014_000000264992,0.3684735596179962,0.35234516859054565,1.1748242378234863
COCO_val2014_000000104625,0.7133930921554565,0.579672634601593,0.5404859781265259
COCO_val2014_000000070657,0.6732456684112549,0.7121067047119141,0.31490230560302734
COCO_val2014_000000463066,0.5982055068016052,0.3728311061859131,1.0874868631362915
COCO_val2014_000000208793,0.14914163947105408,0.3774872124195099,1.1432877779006958
COCO_val2014_000000016896,0.14098107814788818,0.5153834223747253,0.7781756520271301
COCO_val2014_000000332609,0.5630744695663452,0.4602806866168976,0.8358227610588074
COCO_val2014_000000188817,0.5992513298988342,0.6135488748550415,0.484719455242157
COCO_val2014_000000055768,0.7797039747238159,0.7806721925735474,0.18985407054424286
COCO_val2014_000000555953,0.29632219672203064,0.40644052624702454,1.0563313961029053
COCO_val2014_000000301735,0.5606955885887146,0.3871852457523346,1.0426857471466064
COCO_val2014_000000135579,0.7776558995246887,0.7035479545593262,0.29212942719459534
COCO_val2014_000000134688,0.4705800414085388,0.4938218593597412,0.8227934837341309
COCO_val2014_000000567494,0.573077917098999,0.49230441451072693,0.7729460000991821
COCO_val2014_000000549230,0.5283061265945435,0.49322035908699036,0.7474151849746704
COCO_val2014_000000415646,0.6978025436401367,0.7002776265144348,0.3033311367034912
COCO_val2014_000000534734,0.669501543045044,0.5857914686203003,0.5314368605613708
COCO_val2014_000000198563,0.49319273233413696,0.40498048067092896,1.0244414806365967
COCO_val2014_000000448923,0.5903561115264893,0.7308831214904785,0.2348959743976593
COCO_val2014_000000525024,0.5035542249679565,0.4803898334503174,0.8263248205184937
COCO_val2014_000000000987,0.656484067440033,0.6915998458862305,0.3047748804092407
COCO_val2014_000000244159,0.6397638916969299,0.7011346817016602,0.319242388010025
COCO_val2014_000000301582,0.12654633820056915,0.39108604192733765,1.2057831287384033
COCO_val2014_000000296243,0.5445154905319214,0.6068344116210938,0.5106131434440613
COCO_val2014_000000546928,0.5147573351860046,0.5814075469970703,0.5628311634063721
COCO_val2014_000000196885,0.5131426453590393,0.38981562852859497,1.0272479057312012
COCO_val2014_000000166287,0.6384587287902832,0.5840862989425659,0.5545263886451721
COCO_val2014_000000493196,0.5438445210456848,0.3891156315803528,1.0157588720321655
COCO_val2014_000000520707,0.6191399693489075,0.4841199517250061,0.7724400758743286
COCO_val2014_000000557150,0.38503777980804443,0.3883543908596039,1.1582467555999756
COCO_val2014_000000441253,0.5936127305030823,0.6392467021942139,0.4212918281555176
COCO_val2014_000000135976,0.7070893049240112,0.7464098930358887,0.20268496870994568
COCO_val2014_000000183905,0.3413982689380646,0.4426634907722473,0.916197657585144
COCO_val2014_000000025550,0.169002965092659,0.33858194947242737,1.2414860725402832
COCO_val2014_000000279145,0.7503638863563538,0.8085068464279175,0.1310957968235016
COCO_val2014_000000564129,0.4230170249938965,0.5422350168228149,0.7838881611824036
COCO_val2014_000000361527,0.5497810244560242,0.6267146468162537,0.5995156764984131
COCO_val2014_000000182233,0.7051706910133362,0.6000028848648071,0.48750782012939453
COCO_val2014_000000334975,0.6729785203933716,0.6899774670600891,0.34201711416244507
COCO_val2014_000000240111,0.3536515533924103,0.6164675951004028,0.5116370320320129
COCO_val2014_000000557552,0.26391956210136414,0.5729080438613892,0.5617802143096924
COCO_val2014_000000092801,0.32446587085723877,0.5151426196098328,0.77647864818573
COCO_val2014_000000141328,0.7940525412559509,0.8209511041641235,0.11355171352624893
COCO_val2014_000000097264,0.5393438935279846,0.5789691209793091,0.550268828868866
COCO_val2014_000000327255,0.4580591022968292,0.4341655969619751,0.9550465941429138
COCO_val2014_000000090020,0.4281245172023773,0.6182901263237,0.53910893201828
COCO_val2014_000000123677,0.6654358506202698,0.7274422645568848,0.2445511519908905
COCO_val2014_000000288639,0.43554481863975525,0.46255022287368774,0.8669911623001099
COCO_val2014_000000323515,0.7233864665031433,0.7071437835693359,0.3032318949699402
COCO_val2014_000000128201,0.649516761302948,0.7097485065460205,0.26738598942756653
COCO_val2014_000000227468,0.7590169906616211,0.7797467708587646,0.19957920908927917
COCO_val2014_000000235672,0.7113094329833984,0.671677827835083,0.3509432077407837
COCO_val2014_000000129756,0.31945911049842834,0.3269650936126709,1.35297429561615
COCO_val2014_000000469671,0.6653971672058105,0.7157504558563232,0.31491172313690186
COCO_val2014_000000344881,0.20447362959384918,0.3000621199607849,1.7165429592132568
COCO_val2014_000000445009,0.6106831431388855,0.708027720451355,0.2837165296077728
COCO_val2014_000000036810,0.6162261962890625,0.44098830223083496,0.8991812467575073
COCO_val2014_000000242968,0.3439057767391205,0.49550288915634155,0.9573127627372742
COCO_val2014_000000062510,0.6657060384750366,0.6657469272613525,0.3539539873600006
COCO_val2014_000000494679,0.5114227533340454,0.6067523956298828,0.5510415434837341
COCO_val2014_000000418816,0.5315219759941101,0.48579949140548706,0.8225306272506714
COCO_val2014_000000567535,0.42150017619132996,0.5748470425605774,0.5827121734619141
COCO_val2014_000000536947,0.6626416444778442,0.7245191931724548,0.2703773081302643
COCO_val2014_000000033717,0.3608585298061371,0.4395783543586731,0.871243953704834
COCO_val2014_000000256713,0.630162239074707,0.7150090336799622,0.24281565845012665
COCO_val2014_000000284658,0.6491389274597168,0.6195051670074463,0.44874048233032227
COCO_val2014_000000329336,0.5241603255271912,0.3680710792541504,1.1369456052780151
COCO_val2014_000000131018,0.4276697635650635,0.46269720792770386,0.8591943979263306
COCO_val2014_000000347818,0.5114142298698425,0.5043094158172607,0.7728144526481628
COCO_val2014_000000334399,0.4592723250389099,0.42088985443115234,0.9718143343925476
COCO_val2014_000000166244,0.5529866218566895,0.5688831806182861,0.5778241157531738
COCO_val2014_000000479213,0.45747241377830505,0.49488598108291626,0.7552686333656311
COCO_val2014_000000459440,0.6377584338188171,0.6323705911636353,0.4487733840942383
COCO_val2014_000000422700,0.5784703493118286,0.48616451025009155,0.7911405563354492
COCO_val2014_000000187543,0.7060605883598328,0.528556227684021,0.6339114308357239
COCO_val2014_000000008333,0.5469011068344116,0.5310301184654236,0.6510262489318848
COCO_val2014_000000246263,0.4563853144645691,0.6037396192550659,0.5303748846054077
COCO_val2014_000000457400,0.5908254981040955,0.6775873303413391,0.38010603189468384
COCO_val2014_000000153931,0.40814903378486633,0.3478361964225769,1.2862963676452637
COCO_val2014_000000098520,0.4877912402153015,0.4339519143104553,0.9598098397254944
COCO_val2014_000000102625,0.759833037853241,0.7531565427780151,0.21360906958580017
COCO_val2014_000000531784,0.5711352825164795,0.6544826030731201,0.48382294178009033
COCO_val2014_000000087456,0.5300939083099365,0.6671847701072693,0.3234081268310547
COCO_val2014_000000119581,0.729904055595398,0.6722142696380615,0.3588758409023285
COCO_val2014_000000224111,0.27913418412208557,0.5329145193099976,0.6419538855552673
COCO_val2014_000000370899,0.7405306100845337,0.7451431751251221,0.22364526987075806
COCO_val2014_000000114158,0.3359646797180176,0.38519519567489624,1.2511606216430664
COCO_val2014_000000170442,0.5407982468605042,0.6576897501945496,0.3267310559749603
COCO_val2014_000000261558,0.583234429359436,0.6911588907241821,0.33521997928619385
COCO_val2014_000000577858,0.5112873911857605,0.5188031196594238,0.7000958919525146
COCO_val2014_000000113408,0.4344673752784729,0.6542645692825317,0.45001405477523804
COCO_val2014_000000430469,0.8211060166358948,0.7867041826248169,0.1668073832988739
COCO_val2014_000000238498,0.6345290541648865,0.709327220916748,0.25622397661209106
COCO_val2014_000000353593,0.511415421962738,0.4605388343334198,0.8778470158576965
COCO_val2014_000000303305,0.6030615568161011,0.6680710315704346,0.37391796708106995
COCO_val2014_000000099794,0.6509889364242554,0.5660645961761475,0.5853294134140015
COCO_val2014_000000564820,0.5388683676719666,0.7126829624176025,0.26062437891960144
COCO_val2014_000000097036,0.38153141736984253,0.4193476438522339,1.0401105880737305
COCO_val2014_000000018918,0.8118431568145752,0.7985800504684448,0.15119509398937225
COCO_val2014_000000512793,0.7565084099769592,0.7493571043014526,0.20381233096122742
COCO_val2014_000000160195,0.3811430037021637,0.427651971578598,1.015121340751648
COCO_val2014_000000210846,0.7181110978126526,0.6649267673492432,0.3519223928451538
COCO_val2014_000000283203,0.25202813744544983,0.42802131175994873,1.014258861541748
COCO_val2014_000000223757,0.7126408815383911,0.5545358657836914,0.5714481472969055
COCO_val2014_000000341603,0.6847760081291199,0.6723589897155762,0.3195425868034363
COCO_val2014_000000159458,0.5258927941322327,0.3611903190612793,1.2202669382095337
COCO_val2014_000000043944,0.8240526914596558,0.8282972574234009,0.10252482444047928
COCO_val2014_000000122354,0.3980028033256531,0.4866800308227539,0.8712460994720459
COCO_val2014_000000152609,0.6260181069374084,0.4743001461029053,0.7766046524047852
COCO_val2014_000000260105,0.7753854393959045,0.6925206184387207,0.3161354660987854
COCO_val2014_000000171310,0.463686466217041,0.5974847078323364,0.4760499596595764
COCO_val2014_000000413955,0.6003314256668091,0.6224768161773682,0.48177701234817505
COCO_val2014_000000278401,0.5452175140380859,0.5273786783218384,0.6907355189323425
COCO_val2014_000000174690,0.7488315105438232,0.6024443507194519,0.46720564365386963
COCO_val2014_000000315195,0.7504055500030518,0.6700918078422546,0.384840190410614
COCO_val2014_000000238410,0.7116795182228088,0.6536559462547302,0.3982672691345215
COCO_val2014_000000383414,0.4388633370399475,0.3607605993747711,1.2974827289581299
COCO_val2014_000000132375,0.6872890591621399,0.6561387777328491,0.353344202041626
COCO_val2014_000000078823,0.5679538249969482,0.4189411401748657,0.9720284342765808
COCO_val2014_000000027642,0.39243313670158386,0.5910421013832092,0.6174795627593994
COCO_val2014_000000429174,0.43741074204444885,0.6472580432891846,0.44131433963775635
COCO_val2014_000000048684,0.13919539749622345,0.43297135829925537,0.9373651146888733
COCO_val2014_000000289393,0.46757400035858154,0.598596453666687,0.5620650053024292
COCO_val2014_000000478380,0.7809858322143555,0.7538045644760132,0.21328184008598328
COCO_val2014_000000076416,0.6909538507461548,0.666080892086029,0.3793850541114807
COCO_val2014_000000323067,0.6348806619644165,0.5404850244522095,0.6202830076217651
COCO_val2014_000000334007,0.6373988389968872,0.5749093890190125,0.5661854147911072
COCO_val2014_000000081079,0.5994206070899963,0.4724041223526001,0.8121408224105835
COCO_val2014_000000528084,0.6416482329368591,0.6928399801254272,0.3195149302482605
COCO_val2014_000000360073,0.6217761039733887,0.5585004091262817,0.6169402599334717
COCO_val2014_000000121989,0.4159334599971771,0.6258770227432251,0.5347920656204224
COCO_val2014_000000444199,0.5274080038070679,0.3468879461288452,1.2157381772994995
COCO_val2014_000000377730,0.539272129535675,0.47832632064819336,0.8033020496368408
COCO_val2014_000000078060,0.6211130023002625,0.5868219137191772,0.586129367351532
COCO_val2014_000000188040,0.3509092926979065,0.40149199962615967,1.0707511901855469
COCO_val2014_000000422240,0.8190277218818665,0.7354556322097778,0.23554691672325134
COCO_val2014_000000487282,0.14262083172798157,0.22266004979610443,1.7629395723342896
COCO_val2014_000000477112,0.4925495386123657,0.4706760048866272,0.8675743341445923
COCO_val2014_000000055466,0.5533119440078735,0.4359018802642822,0.9165161848068237
COCO_val2014_000000495377,0.6340362429618835,0.6479023694992065,0.40670090913772583
COCO_val2014_000000382307,0.5063415169715881,0.41315674781799316,0.9814162850379944
COCO_val2014_000000190291,0.2632559537887573,0.49085626006126404,0.7980729937553406
COCO_val2014_000000453317,0.6132164597511292,0.6754029989242554,0.32787591218948364
COCO_val2014_000000507080,0.06407264620065689,0.22361254692077637,1.8005006313323975
COCO_val2014_000000177262,0.677436888217926,0.746427059173584,0.18908727169036865
COCO_val2014_000000485951,0.7622339129447937,0.7880158424377441,0.1547800749540329
COCO_val2014_000000233140,0.4710133373737335,0.521238386631012,0.7391200065612793
COCO_val2014_000000430052,0.33457300066947937,0.3533940315246582,1.27303946018219
COCO_val2014_000000039852,0.6233713626861572,0.7086712121963501,0.31490418314933777
COCO_val2014_000000558449,0.5756041407585144,0.6507211923599243,0.44625523686408997
COCO_val2014_000000461681,0.6199261546134949,0.6670283079147339,0.3544924855232239
COCO_val2014_000000044621,0.45652878284454346,0.4700077772140503,0.9511942863464355
COCO_val2014_000000461620,0.5919117331504822,0.6191156506538391,0.5156896114349365
COCO_val2014_000000017313,0.2890925109386444,0.4369100332260132,0.8930907845497131
COCO_val2014_000000514083,0.053088389337062836,0.2999361455440521,1.5873353481292725
COCO_val2014_000000113672,0.7175039052963257,0.605019211769104,0.4612671732902527
COCO_val2014_000000020671,0.7064425945281982,0.5287423133850098,0.6479717493057251
COCO_val2014_000000367074,0.6398229598999023,0.6478029489517212,0.37609365582466125
COCO_val2014_000000000133,0.5518768429756165,0.7383641004562378,0.27664715051651
COCO_val2014_000000340511,0.6274146437644958,0.6472924947738647,0.41739094257354736
COCO_val2014_000000337498,0.865005373954773,0.8129712343215942,0.13207334280014038
COCO_val2014_000000555905,0.6579662561416626,0.6398537755012512,0.4304850101470947
COCO_val2014_000000447602,0.38622406125068665,0.48372703790664673,0.8088997602462769
COCO_val2014_000000311385,0.8087762594223022,0.7964128255844116,0.14600332081317902
COCO_val2014_000000394199,0.5055686831474304,0.5342377424240112,0.6614452004432678
COCO_val2014_000000139856,0.5773758888244629,0.5519727468490601,0.6662380695343018
COCO_val2014_000000448181,0.42654722929000854,0.45568105578422546,0.9899874925613403
COCO_val2014_000000350262,0.5113052725791931,0.6303622722625732,0.4651501178741455
COCO_val2014_000000517081,0.6997281312942505,0.6986687183380127,0.30826056003570557
COCO_val2014_000000232185,0.4740922451019287,0.4085979461669922,1.0127824544906616
COCO_val2014_000000102978,0.6819884181022644,0.78559410572052,0.19867850840091705
COCO_val2014_000000067412,0.39112263917922974,0.5764586925506592,0.516411542892456
COCO_val2014_000000366884,0.5304576754570007,0.6446064710617065,0.496665894985199
COCO_val2014_000000575367,0.6583638191223145,0.7678402662277222,0.20088449120521545
COCO_val2014_000000001369,0.6586676239967346,0.45038938522338867,0.8224436044692993
COCO_val2014_000000171241,0.6122947931289673,0.4941045343875885,0.7272477149963379
COCO_val2014_000000015725,0.3870227634906769,0.5140321254730225,0.7594749927520752
COCO_val2014_000000033904,0.636841893196106,0.5690305233001709,0.5875821113586426
COCO_val2014_000000174888,0.5423464775085449,0.5130398273468018,0.7284735441207886
COCO_val2014_000000012085,0.2532440721988678,0.36812371015548706,1.1554559469223022
COCO_val2014_000000353028,0.6892091631889343,0.7840348482131958,0.16853193938732147
COCO_val2014_000000067106,0.39466843008995056,0.33187294006347656,1.2640867233276367
COCO_val2014_000000570952,0.512607753276825,0.6118354797363281,0.42315003275871277
COCO_val2014_000000038186,0.5695202350616455,0.6473252773284912,0.424638032913208
COCO_val2014_000000121826,0.5638812184333801,0.6432242393493652,0.40298786759376526
COCO_val2014_000000146489,0.6220396757125854,0.5682121515274048,0.5782803297042847
COCO_val2014_000000126226,0.47710326313972473,0.5366382598876953,0.6344647407531738
COCO_val2014_000000560744,0.5327392220497131,0.5530637502670288,0.646501898765564
COCO_val2014_000000027478,0.637581467628479,0.42700493335723877,0.9169968366622925
COCO_val2014_000000498061,0.5578492283821106,0.4726952314376831,0.8483899831771851
COCO_val2014_000000006580,0.8089678883552551,0.7388721108436584,0.24657391011714935
COCO_val2014_000000482022,0.6245100498199463,0.6851680874824524,0.31346550583839417
COCO_val2014_000000005105,0.5642719268798828,0.5098016262054443,0.7325639724731445
COCO_val2014_000000415076,0.4906860888004303,0.6605972051620483,0.4238279163837433
COCO_val2014_000000407298,0.6807195544242859,0.6647915840148926,0.3356497883796692
COCO_val2014_000000546052,0.6530384421348572,0.5432695150375366,0.6267939805984497
COCO_val2014_000000087144,0.567709743976593,0.5325956344604492,0.7028535008430481
COCO_val2014_000000003001,0.5167372226715088,0.6097809076309204,0.4721152186393738
COCO_val2014_000000331242,0.5066633224487305,0.518073558807373,0.7727409601211548
COCO_val2014_000000405188,0.567312479019165,0.6453792452812195,0.4143378734588623
COCO_val2014_000000098658,0.4437675476074219,0.5767827033996582,0.5919052362442017
COCO_val2014_000000037616,0.44083842635154724,0.5692383646965027,0.8176616430282593
COCO_val2014_000000579158,0.6906901001930237,0.7528932094573975,0.1944119930267334
COCO_val2014_000000581593,0.5855328440666199,0.46100568771362305,0.7823367118835449
COCO_val2014_000000135975,0.5577926635742188,0.560023307800293,0.5922020673751831
COCO_val2014_000000441672,0.7354859709739685,0.7160243988037109,0.2967020571231842
COCO_val2014_000000333888,0.5434468388557434,0.6327720284461975,0.424611896276474
COCO_val2014_000000170340,-0.05417846888303757,0.1485951542854309,2.4818592071533203
COCO_val2014_000000245664,0.389754056930542,0.5046569108963013,0.729537844657898
COCO_val2014_000000512576,0.6910127997398376,0.6926842331886292,0.31464406847953796
COCO_val2014_000000494957,0.23777459561824799,0.5315128564834595,0.8531814813613892
COCO_val2014_000000313337,0.5097591280937195,0.5223610401153564,0.6587726473808289
COCO_val2014_000000161940,0.5927001237869263,0.5774393081665039,0.5796514749526978
COCO_val2014_000000209468,0.6598330736160278,0.5345271229743958,0.647793710231781
COCO_val2014_000000023201,0.6279237866401672,0.5504621267318726,0.626104474067688
COCO_val2014_000000511777,0.717593252658844,0.5833241939544678,0.5139753818511963
COCO_val2014_000000312192,0.7550262808799744,0.7865539789199829,0.17524504661560059
COCO_val2014_000000046048,0.4893968403339386,0.4990260601043701,0.8024733066558838
COCO_val2014_000000150599,0.6435508728027344,0.6454209685325623,0.39595818519592285
COCO_val2014_000000533548,0.403005987405777,0.4158220887184143,1.0722241401672363
COCO_val2014_000000014108,0.44403502345085144,0.5117470622062683,0.759515643119812
COCO_val2014_000000002124,0.7238485813140869,0.6816913485527039,0.33385682106018066
COCO_val2014_000000409855,0.562682032585144,0.6594917178153992,0.34676358103752136
COCO_val2014_000000024104,0.7379796504974365,0.7698640823364258,0.1782701462507248
COCO_val2014_000000195842,0.37205830216407776,0.4565410017967224,0.9456062316894531
COCO_val2014_000000240783,0.7707727551460266,0.8041728138923645,0.16508233547210693
COCO_val2014_000000341645,0.13238179683685303,0.3249063491821289,1.5299052000045776
COCO_val2014_000000524822,0.5448716878890991,0.5437572598457336,0.622600257396698
COCO_val2014_000000329080,0.7119816541671753,0.675905704498291,0.3744277358055115
COCO_val2014_000000267224,0.6709509491920471,0.697981595993042,0.2932758629322052
COCO_val2014_000000154423,0.7597318887710571,0.6334333419799805,0.40905672311782837
COCO_val2014_000000136008,0.3189776539802551,0.38507527112960815,1.0914803743362427
COCO_val2014_000000178941,0.6612540483474731,0.5102710723876953,0.7167750597000122
COCO_val2014_000000140963,0.42957401275634766,0.6212489604949951,0.5396822690963745
COCO_val2014_000000326702,0.671841561794281,0.6909123659133911,0.3298133611679077
COCO_val2014_000000536708,0.5933746695518494,0.6729779243469238,0.3212447166442871
COCO_val2014_000000543706,0.6833238005638123,0.7535521984100342,0.21498320996761322
COCO_val2014_000000349130,0.47210755944252014,0.4524228572845459,0.9532349109649658
COCO_val2014_000000001799,0.6050085425376892,0.4785071015357971,0.818637490272522
COCO_val2014_000000131714,0.7135854959487915,0.6669824123382568,0.36359846591949463
COCO_val2014_000000324008,0.6701931953430176,0.6652507781982422,0.3807734251022339
COCO_val2014_000000427341,0.5905574560165405,0.514224648475647,0.701766848564148
COCO_val2014_000000522791,0.2628830373287201,0.4467238187789917,1.002974510192871
COCO_val2014_000000463296,0.4967876374721527,0.6895740032196045,0.28928983211517334
COCO_val2014_000000262940,0.3012683093547821,0.4309558868408203,0.9849750399589539
COCO_val2014_000000116206,0.8018724322319031,0.7233110666275024,0.26735374331474304
COCO_val2014_000000313341,0.6348384618759155,0.6020402908325195,0.5018399953842163
COCO_val2014_000000093763,0.16403011977672577,0.4240184724330902,1.029909610748291
COCO_val2014_000000208423,0.0431319996714592,0.41021227836608887,1.2588838338851929
COCO_val2014_000000408480,0.609039843082428,0.6279105544090271,0.4231008291244507
COCO_val2014_000000268435,-0.028168421238660812,0.1360800713300705,3.052523612976074
COCO_val2014_000000047603,0.29019832611083984,0.4071216881275177,1.1715588569641113
COCO_val2014_000000578498,0.343434602022171,0.5746464729309082,0.6108437180519104
COCO_val2014_000000003326,0.5713505744934082,0.5169938206672668,0.6630113124847412
COCO_val2014_000000510707,0.7213650941848755,0.7700637578964233,0.18108320236206055
COCO_val2014_000000400507,0.7325394749641418,0.7048212289810181,0.3157084584236145
COCO_val2014_000000229659,0.5269822478294373,0.6164230704307556,0.4973575472831726
COCO_val2014_000000436814,0.5860512852668762,0.7101492881774902,0.29658812284469604
COCO_val2014_000000315641,0.2873530983924866,0.43223708868026733,0.9414251446723938
COCO_val2014_000000419848,0.743564784526825,0.6378752589225769,0.4060046076774597
COCO_val2014_000000129886,0.5431138277053833,0.5911800861358643,0.5233609676361084
COCO_val2014_000000181118,0.633777916431427,0.7522376775741577,0.20103393495082855
COCO_val2014_000000463865,0.6636815667152405,0.5856812596321106,0.5372223854064941
COCO_val2014_000000043375,0.5773078799247742,0.623221755027771,0.44692468643188477
COCO_val2014_000000361430,0.6241405606269836,0.7305400371551514,0.31958526372909546
COCO_val2014_000000203294,0.571247398853302,0.565493106842041,0.6218843460083008
COCO_val2014_000000116067,0.5242621898651123,0.5663886070251465,0.607180118560791
COCO_val2014_000000095062,0.45918428897857666,0.5894193053245544,0.6257622241973877
COCO_val2014_000000273711,0.7576650977134705,0.7935154438018799,0.1651054322719574
COCO_val2014_000000368541,0.5834106206893921,0.4717442989349365,0.7588443756103516
COCO_val2014_000000294451,0.6733375787734985,0.7793495059013367,0.14786657691001892
COCO_val2014_000000415163,0.5634974241256714,0.5026931166648865,0.7367757558822632
COCO_val2014_000000152103,0.7198383212089539,0.5565540790557861,0.5654351711273193
COCO_val2014_000000159240,0.23294733464717865,0.516270101070404,0.8049927949905396
COCO_val2014_000000364016,0.543188750743866,0.5154510736465454,0.708195149898529
COCO_val2014_000000486974,0.4793219268321991,0.6280351877212524,0.4909282326698303
COCO_val2014_000000460373,0.6296641826629639,0.6988083124160767,0.2996847331523895
COCO_val2014_000000061520,0.6367247104644775,0.5707278847694397,0.5541871190071106
COCO_val2014_000000465735,0.2643193006515503,0.48579418659210205,0.7248252034187317
COCO_val2014_000000400528,0.5858272910118103,0.5414325594902039,0.688300609588623
COCO_val2014_000000451120,0.22814948856830597,0.39079558849334717,1.1721305847167969
COCO_val2014_000000364608,0.2695537507534027,0.37504443526268005,1.1323518753051758
COCO_val2014_000000261721,0.7531679272651672,0.712127685546875,0.327664852142334
COCO_val2014_000000167898,0.6662869453430176,0.6261428594589233,0.439458429813385
COCO_val2014_000000033652,0.8349311947822571,0.8308563232421875,0.10970419645309448
COCO_val2014_000000004296,0.39843109250068665,0.6403278708457947,0.45742079615592957
COCO_val2014_000000523871,0.5784959197044373,0.45405155420303345,0.8460797071456909
COCO_val2014_000000356349,0.7836434841156006,0.7469757795333862,0.23752039670944214
COCO_val2014_000000184384,0.587182343006134,0.6935579776763916,0.3100837171077728
COCO_val2014_000000253665,0.6051616072654724,0.5083539485931396,0.7238889932632446
COCO_val2014_000000481710,0.6507569551467896,0.7082991003990173,0.3321428894996643
COCO_val2014_000000535934,0.6254479289054871,0.6841868758201599,0.34048545360565186
COCO_val2014_000000289222,0.5005128383636475,0.46568363904953003,0.8566362857818604
COCO_val2014_000000191925,0.5239694714546204,0.39173972606658936,1.0427823066711426
COCO_val2014_000000572260,0.4909308850765228,0.5971612334251404,0.5402320623397827
COCO_val2014_000000572825,0.5203070640563965,0.37781381607055664,1.0786826610565186
COCO_val2014_000000196074,0.4343721568584442,0.5715199112892151,0.6356692910194397
COCO_val2014_000000082174,0.5791769623756409,0.4885942041873932,0.7819280624389648
COCO_val2014_000000221095,0.7211406230926514,0.7600679397583008,0.20311342179775238
COCO_val2014_000000133327,0.3343062698841095,0.39501458406448364,1.1330888271331787
COCO_val2014_000000081287,0.6458479762077332,0.7182309627532959,0.2418752908706665
COCO_val2014_000000344521,0.45471301674842834,0.6744340658187866,0.31000256538391113
COCO_val2014_000000314251,0.35156914591789246,0.3739877939224243,1.1299653053283691
COCO_val2014_000000313246,0.5063234567642212,0.421818345785141,0.9907561540603638
COCO_val2014_000000578225,0.7185108661651611,0.6342366933822632,0.41823962330818176
COCO_val2014_000000009769,0.7879138588905334,0.7344720363616943,0.2402057945728302
COCO_val2014_000000508950,0.5749397873878479,0.4559231698513031,0.8428798317909241
COCO_val2014_000000522782,0.6902077794075012,0.6854724287986755,0.31210869550704956
COCO_val2014_000000357418,0.7959323525428772,0.7158094048500061,0.2742857336997986
COCO_val2014_000000543330,0.6257031559944153,0.6985607743263245,0.2801242470741272
COCO_val2014_000000532976,0.6020130515098572,0.5047568082809448,0.6901043653488159
COCO_val2014_000000369533,0.39899465441703796,0.544840395450592,0.6685632467269897
COCO_val2014_000000457037,0.740044891834259,0.7328038215637207,0.23853835463523865
COCO_val2014_000000294124,0.3647390604019165,0.49192988872528076,0.7930223941802979
COCO_val2014_000000104495,0.5183111429214478,0.6452771425247192,0.4207497239112854
COCO_val2014_000000133515,0.6961379647254944,0.6312346458435059,0.44909825921058655
COCO_val2014_000000445557,0.6018403172492981,0.5856790542602539,0.5229417085647583
COCO_val2014_000000503101,0.40586793422698975,0.5626846551895142,0.6568731069564819
COCO_val2014_000000365626,0.5037541389465332,0.5537174940109253,0.6758036613464355
COCO_val2014_000000363767,0.4886150062084198,0.6306026577949524,0.5197054743766785
COCO_val2014_000000400887,0.5445855259895325,0.5816414952278137,0.576647162437439
COCO_val2014_000000239625,0.6414221525192261,0.7170244455337524,0.2774617075920105
COCO_val2014_000000135139,0.4807369112968445,0.6335395574569702,0.43170076608657837
COCO_val2014_000000278705,0.6338154077529907,0.632201075553894,0.4555554986000061
COCO_val2014_000000412440,0.49327877163887024,0.6320892572402954,0.43306851387023926
COCO_val2014_000000426611,0.5252220630645752,0.6357495784759521,0.48783475160598755
COCO_val2014_000000564572,0.3240203857421875,0.42758890986442566,0.9111285209655762
COCO_val2014_000000446352,0.45201629400253296,0.49267086386680603,0.8074343204498291
COCO_val2014_000000249599,0.6491020917892456,0.7121847867965698,0.2946014404296875
COCO_val2014_000000097967,0.25969749689102173,0.6013835072517395,0.5643602013587952
COCO_val2014_000000432234,0.5572460889816284,0.6231673955917358,0.4888656735420227
COCO_val2014_000000007511,0.4079437851905823,0.4603973925113678,0.9040967226028442
COCO_val2014_000000414133,0.5381967425346375,0.41282299160957336,1.0198941230773926
COCO_val2014_000000462376,0.6138771176338196,0.5948295593261719,0.5151790380477905
COCO_val2014_000000552610,0.41318944096565247,0.596906840801239,0.48560988903045654
COCO_val2014_000000187236,0.5455483794212341,0.559099555015564,0.6208564043045044
COCO_val2014_000000253742,0.5316706895828247,0.5604958534240723,0.6194694638252258
COCO_val2014_000000364399,0.6594719886779785,0.6738928556442261,0.35886910557746887
COCO_val2014_000000113707,0.6152077913284302,0.6169228553771973,0.4689188301563263
COCO_val2014_000000363840,0.4925285577774048,0.6395545601844788,0.4786772131919861
COCO_val2014_000000073256,0.5264327526092529,0.5100271105766296,0.7354006767272949
COCO_val2014_000000126163,0.5778220891952515,0.5411623120307922,0.688477098941803
COCO_val2014_000000559312,0.6596657037734985,0.6589080095291138,0.36583834886550903
COCO_val2014_000000000589,0.3234209716320038,0.296872615814209,1.3763641119003296
COCO_val2014_000000361073,0.7066972851753235,0.736414909362793,0.23450347781181335
COCO_val2014_000000072315,0.5344213843345642,0.4822975695133209,0.815931499004364
COCO_val2014_000000432657,0.18292930722236633,0.3433065116405487,1.2832306623458862
COCO_val2014_000000064121,0.4806870222091675,0.4385409951210022,0.9489548206329346
COCO_val2014_000000367398,0.31238240003585815,0.5573720932006836,0.663920521736145
COCO_val2014_000000451440,0.49788105487823486,0.521716833114624,0.6770493984222412
COCO_val2014_000000275661,0.6754512190818787,0.7131897807121277,0.3175673186779022
COCO_val2014_000000067757,0.29768866300582886,0.36571627855300903,1.323169231414795
COCO_val2014_000000261805,0.4116770029067993,0.45873650908470154,0.803217887878418
COCO_val2014_000000358296,0.7302172183990479,0.717193067073822,0.2763064503669739
COCO_val2014_000000346702,0.7337847948074341,0.7556848526000977,0.20167456567287445
COCO_val2014_000000123633,0.21676386892795563,0.44853460788726807,0.9418803453445435
COCO_val2014_000000478736,0.6421945691108704,0.6173394322395325,0.48614025115966797
COCO_val2014_000000341719,0.421455442905426,0.46721136569976807,0.8999576568603516
COCO_val2014_000000040497,0.7197849750518799,0.7725478410720825,0.2198691964149475
COCO_val2014_000000451559,0.32944902777671814,0.33805903792381287,1.2524393796920776
COCO_val2014_000000199783,0.5768211483955383,0.6182655692100525,0.44676876068115234
COCO_val2014_000000277869,0.5734564661979675,0.6047626733779907,0.47198203206062317
COCO_val2014_000000548336,0.6566910147666931,0.6425319910049438,0.39651185274124146
COCO_val2014_000000271424,0.2879435122013092,0.6305506825447083,0.4021463692188263
COCO_val2014_000000300066,0.2853059768676758,0.42846179008483887,0.9920036792755127
COCO_val2014_000000129492,0.6397844552993774,0.5696585178375244,0.5792648792266846
COCO_val2014_000000082889,0.5327577590942383,0.45601779222488403,0.8542335033416748
COCO_val2014_000000523454,0.39963337779045105,0.4927346110343933,0.8826757669448853
COCO_val2014_000000049194,0.062010642141103745,0.21492740511894226,1.8966083526611328
COCO_val2014_000000119452,0.5359278321266174,0.31820473074913025,1.3544065952301025
COCO_val2014_000000460646,0.6688400506973267,0.45517027378082275,0.8211655616760254
COCO_val2014_000000085940,0.6076135635375977,0.7168962955474854,0.2720664441585541
COCO_val2014_000000471488,0.32911422848701477,0.4415931701660156,0.9355334043502808
COCO_val2014_000000221893,0.4216013550758362,0.48398372530937195,0.8239313364028931
COCO_val2014_000000008005,0.591285765171051,0.5313699841499329,0.639528751373291
COCO_val2014_000000009175,0.5477883815765381,0.7015304565429688,0.31456297636032104
COCO_val2014_000000402233,0.5486202239990234,0.5955122113227844,0.5432586669921875
COCO_val2014_000000287387,0.6892052888870239,0.5536087155342102,0.5976427793502808
COCO_val2014_000000565693,0.43523433804512024,0.4279203414916992,0.9488409757614136
COCO_val2014_000000341246,0.6340510249137878,0.6126940846443176,0.4691717028617859
COCO_val2014_000000084442,0.626282811164856,0.7688570022583008,0.17399194836616516
COCO_val2014_000000253835,0.41423365473747253,0.5540099143981934,0.6925431489944458
COCO_val2014_000000285832,0.6817522048950195,0.7739043235778809,0.15430410206317902
COCO_val2014_000000129897,0.5024082064628601,0.614967405796051,0.551358163356781
COCO_val2014_000000030657,0.33895143866539,0.3764764368534088,1.2427613735198975
COCO_val2014_000000330522,0.569243311882019,0.6705049276351929,0.40067151188850403
COCO_val2014_000000328289,0.11323855817317963,0.30427035689353943,1.401362657546997
COCO_val2014_000000274109,0.8150209188461304,0.797496497631073,0.17217737436294556
COCO_val2014_000000225913,0.6186157464981079,0.5600066184997559,0.580915093421936
COCO_val2014_000000286089,0.5254806280136108,0.48542577028274536,0.784870445728302
COCO_val2014_000000175653,0.44810935854911804,0.5176198482513428,0.7130556106567383
COCO_val2014_000000427034,0.49492380023002625,0.5339057445526123,0.6133003830909729
COCO_val2014_000000225281,0.6126106977462769,0.7367491722106934,0.24832001328468323
COCO_val2014_000000541493,0.5397976040840149,0.6889590620994568,0.33414191007614136
COCO_val2014_000000185781,0.4243151545524597,0.45509546995162964,0.7946435213088989
COCO_val2014_000000575719,0.6378244757652283,0.4736339747905731,0.7713442444801331
COCO_val2014_000000264110,0.2668396234512329,0.3524244725704193,1.2738624811172485
COCO_val2014_000000357737,0.4042433202266693,0.5457485318183899,0.9023503065109253
COCO_val2014_000000053629,0.43620696663856506,0.4938468337059021,0.8065987825393677
COCO_val2014_000000003779,0.6131103038787842,0.7204457521438599,0.25172144174575806
COCO_val2014_000000114458,0.6627241373062134,0.5376622676849365,0.6108216047286987
COCO_val2014_000000227204,0.38800010085105896,0.45843440294265747,0.9299885034561157
COCO_val2014_000000204036,0.35077154636383057,0.554323673248291,0.5697652101516724
COCO_val2014_000000388042,0.4384532570838928,0.5643867254257202,0.5836200714111328
COCO_val2014_000000129862,0.43676847219467163,0.5657711029052734,0.5948916077613831
COCO_val2014_000000105291,0.5918048620223999,0.5074657201766968,0.7324389219284058
COCO_val2014_000000450391,0.42356619238853455,0.5758695602416992,0.5858737230300903
COCO_val2014_000000413339,0.7369314432144165,0.7296884655952454,0.24457845091819763
COCO_val2014_000000035726,0.6332388520240784,0.6611005067825317,0.3744519352912903
COCO_val2014_000000053328,0.5225898623466492,0.5953488349914551,0.5834250450134277
COCO_val2014_000000369370,0.5916566252708435,0.7291343212127686,0.21931248903274536
COCO_val2014_000000426897,0.48746171593666077,0.5385347604751587,0.6825711727142334
COCO_val2014_000000009236,0.5233760476112366,0.6231346130371094,0.48592162132263184
COCO_val2014_000000375503,0.5665100812911987,0.7266744375228882,0.24981364607810974
COCO_val2014_000000544574,0.7093076109886169,0.512839138507843,0.6911897659301758
COCO_val2014_000000207826,0.33903968334198,0.4313737154006958,1.0746034383773804
COCO_val2014_000000488463,0.6096702814102173,0.6245715618133545,0.4335411787033081
COCO_val2014_000000282553,0.6128877401351929,0.5004783868789673,0.7144376635551453
COCO_val2014_000000067018,0.4498119354248047,0.3870677351951599,1.115328073501587
COCO_val2014_000000558171,0.3638150990009308,0.30005332827568054,1.3808311223983765
COCO_val2014_000000349647,0.4862648546695709,0.48203808069229126,0.8041914701461792
COCO_val2014_000000485916,0.7167819142341614,0.7772262692451477,0.16890063881874084
COCO_val2014_000000135914,0.37559810280799866,0.5405155420303345,0.7221899032592773
COCO_val2014_000000231028,0.7115527391433716,0.5328869819641113,0.6340240836143494
COCO_val2014_000000100245,0.5228145122528076,0.6994386911392212,0.36386004090309143
COCO_val2014_000000020334,0.6427872180938721,0.524030327796936,0.654855489730835
COCO_val2014_000000142890,0.4341464936733246,0.6376689076423645,0.4415120780467987
COCO_val2014_000000180662,0.5914894938468933,0.5793228149414062,0.5206138491630554
COCO_val2014_000000519673,0.6886802911758423,0.6948403716087341,0.36104023456573486
COCO_val2014_000000224010,0.3980174958705902,0.538084864616394,0.6568524241447449
COCO_val2014_000000112093,0.6858579516410828,0.558272123336792,0.5730308294296265
COCO_val2014_000000517056,0.3548760414123535,0.4749522805213928,0.8292654752731323
COCO_val2014_000000348913,0.25304633378982544,0.5370850563049316,0.766136884689331
COCO_val2014_000000493683,0.7586880922317505,0.7731771469116211,0.1891169250011444
COCO_val2014_000000316862,0.6557846665382385,0.6875874996185303,0.31999441981315613
COCO_val2014_000000327780,0.7551506161689758,0.7780472040176392,0.1609150618314743
COCO_val2014_000000567205,0.58249431848526,0.661557674407959,0.38173002004623413
COCO_val2014_000000096207,0.7399416565895081,0.7602670192718506,0.19063030183315277
COCO_val2014_000000451155,0.6131043434143066,0.35373955965042114,1.1548640727996826
COCO_val2014_000000156370,0.17402982711791992,0.310346394777298,1.5970954895019531
COCO_val2014_000000043673,0.7118424773216248,0.5423597693443298,0.6142414808273315
COCO_val2014_000000397354,0.6224655508995056,0.6499638557434082,0.47293680906295776
COCO_val2014_000000008119,0.3039919137954712,0.45141303539276123,0.8775544166564941
COCO_val2014_000000257336,0.31186044216156006,0.5156540870666504,0.8678516149520874
COCO_val2014_000000420120,0.4957316219806671,0.447848916053772,0.8880952596664429
COCO_val2014_000000099348,0.6895800828933716,0.7423232197761536,0.22846055030822754
COCO_val2014_000000476810,0.5820059180259705,0.458895206451416,0.8406208753585815
COCO_val2014_000000090645,0.259073406457901,0.5535035133361816,0.7197996377944946
COCO_val2014_000000489550,0.7582946419715881,0.6716012954711914,0.34246763586997986
COCO_val2014_000000092998,0.7169173359870911,0.6587640047073364,0.40321779251098633
COCO_val2014_000000308274,0.42998677492141724,0.372697114944458,1.1465716361999512
COCO_val2014_000000240784,0.42795002460479736,0.5088257789611816,0.7287562489509583
COCO_val2014_000000172556,0.2929534912109375,0.3455359935760498,1.2945947647094727
COCO_val2014_000000306230,0.6914986371994019,0.5506250858306885,0.5848116278648376
COCO_val2014_000000102837,0.586466372013092,0.3480897545814514,1.1856898069381714
COCO_val2014_000000262476,0.5363435745239258,0.4625202417373657,0.8368543982505798
COCO_val2014_000000002839,0.5096322298049927,0.6281909942626953,0.42813417315483093
COCO_val2014_000000442667,0.7471407055854797,0.6745792031288147,0.3384944796562195
COCO_val2014_000000140783,0.7094820141792297,0.6483184099197388,0.413502037525177
COCO_val2014_000000144706,0.6897332668304443,0.647475004196167,0.3885651230812073
COCO_val2014_000000450724,0.5067283511161804,0.3798423707485199,1.1097750663757324
COCO_val2014_000000278966,0.5190272331237793,0.443051278591156,0.8718423843383789
COCO_val2014_000000006701,0.612022876739502,0.52503901720047,0.6831737756729126
COCO_val2014_000000167122,0.6537140011787415,0.5992575287818909,0.4929662048816681
COCO_val2014_000000528411,0.3298552632331848,0.5275650024414062,0.8326886296272278
COCO_val2014_000000438567,0.5164470672607422,0.6301412582397461,0.4169291853904724
COCO_val2014_000000568398,0.8015084862709045,0.7741585969924927,0.19884681701660156
COCO_val2014_000000433892,0.2436043620109558,0.2806040644645691,1.521999716758728
COCO_val2014_000000242529,0.7225594520568848,0.6336408257484436,0.43174952268600464
COCO_val2014_000000336324,0.7490493059158325,0.697184145450592,0.31756776571273804
COCO_val2014_000000176330,0.4452155828475952,0.5057885646820068,0.739386796951294
COCO_val2014_000000192128,0.4971807301044464,0.528567373752594,0.7028944492340088
COCO_val2014_000000203661,0.5549679398536682,0.7015963196754456,0.29275983572006226
COCO_val2014_000000400166,0.7097723484039307,0.7107516527175903,0.30267947912216187
COCO_val2014_000000264619,0.4531669616699219,0.5361589193344116,0.7317842245101929
COCO_val2014_000000427118,0.40893036127090454,0.5431862473487854,0.6779668927192688
COCO_val2014_000000054517,0.238251194357872,0.5059361457824707,0.7090797424316406
COCO_val2014_000000385029,0.5366520881652832,0.5464993715286255,0.6097962856292725
COCO_val2014_000000565085,0.4439845681190491,0.5025613307952881,0.7802925109863281
COCO_val2014_000000054355,0.4819062352180481,0.5837717652320862,0.558559775352478
COCO_val2014_000000556120,0.6507830023765564,0.7278323769569397,0.29247239232063293
COCO_val2014_000000137271,0.6214176416397095,0.48023244738578796,0.7571742534637451
COCO_val2014_000000094422,0.5593607425689697,0.4297727346420288,0.9193356037139893
COCO_val2014_000000029059,0.7753032445907593,0.6510769724845886,0.38187074661254883
COCO_val2014_000000277239,0.553582489490509,0.5976294279098511,0.4807899296283722
COCO_val2014_000000564489,0.4193470776081085,0.3820815086364746,1.165064811706543
COCO_val2014_000000048281,0.5981941223144531,0.49753913283348083,0.7519606351852417
COCO_val2014_000000109441,0.6181026101112366,0.6727228164672852,0.33896130323410034
COCO_val2014_000000499480,0.5702232718467712,0.7215518951416016,0.2986316680908203
COCO_val2014_000000378614,0.5451013445854187,0.7035407423973083,0.2918526530265808
COCO_val2014_000000330536,0.4081859290599823,0.688015341758728,0.32604363560676575
COCO_val2014_000000131627,0.7191818952560425,0.5159635543823242,0.653065025806427
COCO_val2014_000000300753,0.4980793297290802,0.45210790634155273,0.8801687955856323
COCO_val2014_000000251892,0.6100849509239197,0.7183165550231934,0.2683316469192505
COCO_val2014_000000114684,0.5982666015625,0.47219496965408325,0.7619003653526306
COCO_val2014_000000265256,0.6323394775390625,0.45559728145599365,0.8348653316497803
COCO_val2014_000000099938,0.6168807148933411,0.5752079486846924,0.5849282145500183
COCO_val2014_000000281711,0.7844203114509583,0.7115975618362427,0.2736158072948456
COCO_val2014_000000484751,0.7268038988113403,0.7187286615371704,0.2679747939109802
COCO_val2014_000000146570,0.4783887267112732,0.6784930229187012,0.38034218549728394
COCO_val2014_000000290289,0.545975923538208,0.7274935841560364,0.22648829221725464
COCO_val2014_000000113271,0.42990243434906006,0.370012104511261,1.1547214984893799
COCO_val2014_000000497660,0.5838145613670349,0.5145393013954163,0.7447119951248169
COCO_val2014_000000326854,0.6517900228500366,0.6435474157333374,0.43286561965942383
COCO_val2014_000000460866,0.7621206641197205,0.7773822546005249,0.16634520888328552
COCO_val2014_000000377999,0.2954027056694031,0.4331981837749481,0.9970742464065552
COCO_val2014_000000476838,0.5713425278663635,0.6841404438018799,0.3441830575466156
COCO_val2014_000000235203,0.6038910746574402,0.6921554207801819,0.30910173058509827
COCO_val2014_000000097561,0.46512457728385925,0.5828989744186401,0.651515781879425
COCO_val2014_000000002302,0.35730767250061035,0.5084068775177002,0.8209950923919678
COCO_val2014_000000193194,0.2339417040348053,0.5515585541725159,0.6795364618301392
COCO_val2014_000000222317,0.546839714050293,0.3754962682723999,1.1096776723861694
COCO_val2014_000000225603,0.6858958601951599,0.6259236931800842,0.42739248275756836
COCO_val2014_000000458485,0.4903179407119751,0.6092719435691833,0.4922090768814087
COCO_val2014_000000207886,0.5729030966758728,0.5740468502044678,0.630235493183136
COCO_val2014_000000358765,0.45408210158348083,0.44640958309173584,0.9551429748535156
COCO_val2014_000000524187,0.5432018041610718,0.42134571075439453,0.9614020586013794
COCO_val2014_000000015335,0.5732149481773376,0.5433410406112671,0.6267793774604797
COCO_val2014_000000084540,0.524945855140686,0.5289255976676941,0.6533644795417786
COCO_val2014_000000091779,0.7084320187568665,0.7364124059677124,0.2225733995437622
COCO_val2014_000000560256,0.6023101210594177,0.7395625114440918,0.2262571156024933
COCO_val2014_000000451324,0.53255295753479,0.6492143869400024,0.493233859539032
COCO_val2014_000000364266,0.6528392434120178,0.6859887838363647,0.3599090576171875
COCO_val2014_000000082263,0.5930365920066833,0.6237913370132446,0.5265228748321533
COCO_val2014_000000080895,0.622184693813324,0.5674813985824585,0.5624094009399414
COCO_val2014_000000366576,0.6712992191314697,0.6099557876586914,0.48494577407836914
COCO_val2014_000000516805,0.6827567219734192,0.7321574687957764,0.24049752950668335
COCO_val2014_000000307342,0.5391112565994263,0.5820626020431519,0.5632293224334717
COCO_val2014_000000319345,0.5566710233688354,0.6501535773277283,0.350832998752594
COCO_val2014_000000032965,0.5371795892715454,0.526910126209259,0.6985633373260498
COCO_val2014_000000199951,0.4914199411869049,0.4111458659172058,1.0143413543701172
COCO_val2014_000000005535,0.29750174283981323,0.4949205219745636,0.8037471175193787
COCO_val2014_000000150235,0.6838259696960449,0.5157192349433899,0.681907594203949
COCO_val2014_000000485368,0.668254017829895,0.5014148950576782,0.6850942373275757
COCO_val2014_000000034500,0.5378199219703674,0.3178257346153259,1.3237717151641846
COCO_val2014_000000569801,0.5149761438369751,0.6966478228569031,0.33653759956359863
COCO_val2014_000000505455,0.5513418316841125,0.501808762550354,0.7234841585159302
COCO_val2014_000000125778,0.590116024017334,0.6998482346534729,0.32208961248397827
COCO_val2014_000000373075,0.24599909782409668,0.4745059609413147,0.9618902802467346
COCO_val2014_000000000397,0.798096776008606,0.8102395534515381,0.13310199975967407
COCO_val2014_000000010138,0.5521723628044128,0.5166419148445129,0.6965603232383728
COCO_val2014_000000082787,0.6183422207832336,0.7124180793762207,0.2684224843978882
COCO_val2014_000000060128,0.6763339638710022,0.7239381670951843,0.2713209092617035
COCO_val2014_000000250592,0.6878370046615601,0.6561272144317627,0.37756115198135376
COCO_val2014_000000338625,0.623026967048645,0.6299203038215637,0.4415472149848938
COCO_val2014_000000259422,0.7737938761711121,0.7889218330383301,0.15131060779094696
COCO_val2014_000000131282,0.4439190924167633,0.6577668190002441,0.3757477402687073
COCO_val2014_000000413341,0.7143838405609131,0.6737358570098877,0.37356966733932495
COCO_val2014_000000380348,0.6542158126831055,0.7360230684280396,0.2246384173631668
COCO_val2014_000000209357,0.6026314496994019,0.4250032305717468,0.9125433564186096
COCO_val2014_000000358658,0.5636850595474243,0.5606724619865417,0.5677988529205322
COCO_val2014_000000299887,0.5254455208778381,0.5322707295417786,0.659598708152771
COCO_val2014_000000258243,0.5080908536911011,0.5274454355239868,0.6875906586647034
COCO_val2014_000000349101,0.6771522164344788,0.6938632726669312,0.3282124400138855
COCO_val2014_000000323525,0.593603789806366,0.4479355216026306,0.8838014602661133
COCO_val2014_000000000520,0.6535214185714722,0.6868441104888916,0.3081890642642975
COCO_val2014_000000393497,0.5261565446853638,0.5278078317642212,0.6973457932472229
COCO_val2014_000000217783,0.5608404874801636,0.5544190406799316,0.6249378323554993
COCO_val2014_000000447328,0.6465520262718201,0.6391607522964478,0.4214429259300232
COCO_val2014_000000310906,0.4667782187461853,0.5804646015167236,0.5389436483383179
COCO_val2014_000000541773,0.5386282801628113,0.6157158613204956,0.5155786275863647
COCO_val2014_000000326428,0.24269640445709229,0.43475037813186646,0.9357447624206543
COCO_val2014_000000541132,0.4968251585960388,0.5364322662353516,0.6800237894058228
COCO_val2014_000000076547,0.5550061464309692,0.528087317943573,0.6367499232292175
COCO_val2014_000000366096,0.6310515403747559,0.6966236233711243,0.2853420674800873
COCO_val2014_000000501443,0.4073503911495209,0.6385605931282043,0.4335203468799591
COCO_val2014_000000106411,0.5596817135810852,0.45103296637535095,0.8922029137611389
COCO_val2014_000000370209,0.10011131316423416,0.3743475079536438,1.2097969055175781
COCO_val2014_000000275117,0.4999428987503052,0.46105432510375977,0.8538668155670166
COCO_val2014_000000100083,0.5419088006019592,0.6239213347434998,0.46119701862335205
COCO_val2014_000000173825,0.7245132923126221,0.7548421621322632,0.25794005393981934
COCO_val2014_000000350003,0.4929366707801819,0.457914263010025,0.8354264497756958
COCO_val2014_000000377393,0.4203798174858093,0.5839015245437622,0.521791934967041
COCO_val2014_000000178446,0.6452662944793701,0.630431056022644,0.41358107328414917
COCO_val2014_000000008665,0.42569366097450256,0.29430651664733887,1.3979432582855225
COCO_val2014_000000516856,0.4160117506980896,0.35617581009864807,1.1802023649215698
COCO_val2014_000000017627,0.7063571810722351,0.617107093334198,0.4379289448261261
COCO_val2014_000000455735,0.7149136662483215,0.6454392671585083,0.39234521985054016
COCO_val2014_000000208991,0.5456385016441345,0.6997737288475037,0.29781097173690796
COCO_val2014_000000508514,0.4152749180793762,0.4978780746459961,0.6935716271400452
COCO_val2014_000000229132,0.6943731307983398,0.7440637350082397,0.2097858339548111
COCO_val2014_000000183519,0.6714786291122437,0.5826753377914429,0.5213892459869385
COCO_val2014_000000367142,0.5123733878135681,0.42888861894607544,0.9822307825088501
COCO_val2014_000000289260,0.477317214012146,0.6540237665176392,0.4119687080383301
COCO_val2014_000000098683,0.06358323246240616,0.29317402839660645,1.4733641147613525
COCO_val2014_000000347995,0.5428558588027954,0.432827353477478,0.8884012699127197
COCO_val2014_000000450790,0.8493784666061401,0.8148983716964722,0.12476670742034912
COCO_val2014_000000456525,0.5189560055732727,0.5092421174049377,0.7185338735580444
COCO_val2014_000000120420,0.707298219203949,0.5108672380447388,0.6665724515914917
COCO_val2014_000000439773,0.08053960651159286,0.2549835443496704,1.653862714767456
COCO_val2014_000000103558,0.4597775638103485,0.5096542239189148,0.7386332750320435
COCO_val2014_000000216277,0.5574396848678589,0.5409437417984009,0.66105055809021
COCO_val2014_000000442724,0.7625665068626404,0.7818630933761597,0.16959400475025177
COCO_val2014_000000200627,0.8001037836074829,0.7200783491134644,0.2818607687950134
COCO_val2014_000000218855,0.6441303491592407,0.5461532473564148,0.6148104071617126
COCO_val2014_000000406211,0.34683287143707275,0.42365485429763794,0.9625650644302368
COCO_val2014_000000435075,0.7190595269203186,0.7497034072875977,0.22345906496047974
COCO_val2014_000000003742,0.6606371998786926,0.6838918328285217,0.3328603506088257
COCO_val2014_000000145597,0.5691065788269043,0.7172567844390869,0.3484450578689575
COCO_val2014_000000107304,0.394623339176178,0.5294731855392456,0.6848182678222656
COCO_val2014_000000479466,0.45464906096458435,0.3857118487358093,1.0696202516555786
COCO_val2014_000000200365,0.4395732879638672,0.659176230430603,0.3648878037929535
COCO_val2014_000000120021,0.6588563323020935,0.75804603099823,0.2254716455936432
COCO_val2014_000000387850,0.716117262840271,0.6569234132766724,0.38213247060775757
COCO_val2014_000000085826,0.548748791217804,0.37442293763160706,1.1138904094696045
COCO_val2014_000000543570,0.6789662837982178,0.6179836988449097,0.45813363790512085
COCO_val2014_000000066685,0.5504329204559326,0.6454908847808838,0.38715076446533203
COCO_val2014_000000156572,0.3807949125766754,0.41778120398521423,0.9902514219284058
COCO_val2014_000000156643,0.5338453650474548,0.45012935996055603,0.8604859709739685
COCO_val2014_000000273470,0.6459439396858215,0.6184958219528198,0.49833884835243225
COCO_val2014_000000058690,0.47376376390457153,0.4471592605113983,0.9363776445388794
COCO_val2014_000000389295,0.25947338342666626,0.3939839005470276,1.2999428510665894
COCO_val2014_000000357317,0.3233764171600342,0.2840653657913208,1.5753836631774902
COCO_val2014_000000017311,0.5233819484710693,0.5812944769859314,0.5822717547416687
COCO_val2014_000000334034,0.6636225581169128,0.4909125864505768,0.7185626029968262
COCO_val2014_000000359128,0.637587308883667,0.7068548202514648,0.3247257471084595
COCO_val2014_000000186927,0.6549463868141174,0.5811177492141724,0.5395272970199585
COCO_val2014_000000325483,0.5827885270118713,0.5189608931541443,0.7246854901313782
COCO_val2014_000000577924,0.6947393417358398,0.7171304225921631,0.2909282445907593
COCO_val2014_000000200451,0.40043696761131287,0.5158511400222778,0.7504094839096069
COCO_val2014_000000411530,0.4810057282447815,0.5477375388145447,0.6466542482376099
COCO_val2014_000000493724,0.4307622015476227,0.5258086919784546,0.7540360689163208
COCO_val2014_000000573930,0.3957458436489105,0.62514328956604,0.498323917388916
COCO_val2014_000000204507,0.2434001863002777,0.4312892556190491,1.0242397785186768
COCO_val2014_000000379441,0.4906803071498871,0.5828697681427002,0.5661900043487549
COCO_val2014_000000069366,0.5032075643539429,0.467816561460495,0.8848352432250977
COCO_val2014_000000547493,0.6447641849517822,0.708869457244873,0.270803302526474
COCO_val2014_000000499266,0.5229455828666687,0.31256839632987976,1.3274216651916504
COCO_val2014_000000458755,0.6840395331382751,0.6925102472305298,0.3217009902000427
COCO_val2014_000000051028,0.3482869863510132,0.6319521069526672,0.40811681747436523
COCO_val2014_000000278161,0.4011514186859131,0.5443301200866699,0.6421107053756714
COCO_val2014_000000432333,0.8173822164535522,0.7753927111625671,0.18033191561698914
COCO_val2014_000000186130,0.7038587927818298,0.5436463356018066,0.6041519641876221
COCO_val2014_000000281111,0.4950113892555237,0.5607884526252747,0.6709825396537781
COCO_val2014_000000124712,0.3872078061103821,0.5570787787437439,0.5760921239852905
COCO_val2014_000000302603,0.08906439691781998,0.32325655221939087,1.3905503749847412
COCO_val2014_000000287714,0.3479222357273102,0.474572092294693,0.7853130102157593
COCO_val2014_000000164005,0.42956897616386414,0.5922656059265137,0.6703702211380005
COCO_val2014_000000381416,0.5183378458023071,0.486461877822876,0.808967113494873
COCO_val2014_000000153011,0.587785005569458,0.5762249827384949,0.5551943778991699
COCO_val2014_000000523195,0.6548591256141663,0.7555972933769226,0.2009941041469574
COCO_val2014_000000090616,0.5885065197944641,0.6274539828300476,0.4188440442085266
COCO_val2014_000000087740,0.4936276376247406,0.5260462760925293,0.6813778281211853
COCO_val2014_000000493932,0.6786272525787354,0.623150110244751,0.45404693484306335
COCO_val2014_000000306453,0.30087682604789734,0.47873055934906006,0.7849246263504028
COCO_val2014_000000228013,0.44557371735572815,0.5059500932693481,0.7996989488601685
COCO_val2014_000000358293,0.5219473242759705,0.3999355435371399,1.0146501064300537
COCO_val2014_000000294134,0.6686000227928162,0.48465707898139954,0.7123118042945862
COCO_val2014_000000492284,0.6396604776382446,0.6046583652496338,0.5230968594551086
COCO_val2014_000000464196,0.5592815279960632,0.3947245478630066,1.0016881227493286
COCO_val2014_000000574332,0.4456993341445923,0.5181338787078857,0.7042865753173828
COCO_val2014_000000486306,0.6669524908065796,0.767936110496521,0.1552252322435379
COCO_val2014_000000114861,0.723199188709259,0.7255257368087769,0.27859920263290405
COCO_val2014_000000118181,0.2612820863723755,0.26655468344688416,1.6768596172332764
COCO_val2014_000000524957,0.36239850521087646,0.4545649290084839,0.9175617098808289
COCO_val2014_000000329373,0.38299140334129333,0.5763604640960693,0.6226973533630371
COCO_val2014_000000239010,0.5539008975028992,0.684685230255127,0.29890716075897217
COCO_val2014_000000187177,0.503691554069519,0.39207226037979126,1.009556770324707
COCO_val2014_000000551334,0.5054703950881958,0.34786033630371094,1.2708103656768799
COCO_val2014_000000230450,0.6732529997825623,0.7355582118034363,0.23501601815223694
COCO_val2014_000000142177,0.6144401431083679,0.6479784846305847,0.3823883533477783
COCO_val2014_000000043851,0.04028932377696037,0.2996945381164551,1.5455373525619507
COCO_val2014_000000249969,0.8090306520462036,0.701682448387146,0.3140464425086975
COCO_val2014_000000570981,0.5918529629707336,0.7127779722213745,0.25994038581848145
COCO_val2014_000000253630,0.4806843400001526,0.5866525173187256,0.6000306606292725
COCO_val2014_000000491784,0.5232257843017578,0.5489095449447632,0.6698404550552368
COCO_val2014_000000561336,0.571540117263794,0.5350614786148071,0.6926661729812622
COCO_val2014_000000318550,0.6767829060554504,0.7335006594657898,0.2964080274105072
COCO_val2014_000000450129,0.6415958404541016,0.6383649706840515,0.4628896713256836
COCO_val2014_000000010707,0.5251230001449585,0.599411129951477,0.6185412406921387
COCO_val2014_000000445371,0.2152233123779297,0.2665308117866516,1.5599570274353027
COCO_val2014_000000550707,0.1266511231660843,0.42114752531051636,1.1450774669647217
COCO_val2014_000000068093,0.48487725853919983,0.6225403547286987,0.5831944942474365
COCO_val2014_000000417965,0.6311341524124146,0.5674841403961182,0.5903050899505615
COCO_val2014_000000144874,0.4776100218296051,0.40538424253463745,1.0461300611495972
COCO_val2014_000000508949,0.5385650992393494,0.3046187162399292,1.3165972232818604
COCO_val2014_000000511674,0.5363879799842834,0.5780918598175049,0.592692494392395
COCO_val2014_000000352418,0.7855680584907532,0.6868064403533936,0.33696120977401733
COCO_val2014_000000542509,0.7031821608543396,0.7589280009269714,0.18613144755363464
COCO_val2014_000000229740,0.5903149843215942,0.46293947100639343,0.8116167783737183
COCO_val2014_000000068059,0.8071919679641724,0.792957067489624,0.1633327752351761
COCO_val2014_000000206487,0.7161957621574402,0.7272751331329346,0.2560666501522064
COCO_val2014_000000557163,0.7335319519042969,0.5603590607643127,0.5622234344482422
COCO_val2014_000000488942,0.7353492379188538,0.5335828065872192,0.6307111978530884
COCO_val2014_000000052835,0.49240562319755554,0.5664606094360352,0.5464565753936768
COCO_val2014_000000466211,0.5425763726234436,0.5671554803848267,0.5754385590553284
COCO_val2014_000000192932,0.09462222456932068,0.33806443214416504,1.626198410987854
COCO_val2014_000000383406,0.7585662007331848,0.7811708450317383,0.17815595865249634
COCO_val2014_000000427306,0.6349664926528931,0.7159720659255981,0.278799444437027
COCO_val2014_000000445267,0.7003892064094543,0.6226670742034912,0.4415004849433899
COCO_val2014_000000176606,0.4211958348751068,0.4550130367279053,0.9475758075714111
COCO_val2014_000000454203,0.7064540386199951,0.7764509916305542,0.20601493120193481
COCO_val2014_000000189368,0.3285842835903168,0.5173229575157166,0.8158894777297974
COCO_val2014_000000369249,0.5701111555099487,0.5909219980239868,0.6038298010826111
COCO_val2014_000000296231,0.4804917871952057,0.6231590509414673,0.4836156964302063
COCO_val2014_000000028719,0.4223741292953491,0.5351877212524414,0.663253664970398
COCO_val2014_000000304379,0.44587281346321106,0.5113577842712402,0.724138617515564
COCO_val2014_000000215644,0.597912609577179,0.6494208574295044,0.3978606164455414
COCO_val2014_000000072582,0.4014618396759033,0.5277653336524963,0.686008632183075
COCO_val2014_000000020979,0.7462037205696106,0.695157527923584,0.29272374510765076
COCO_val2014_000000050485,0.5289264917373657,0.45684367418289185,0.8862345218658447
COCO_val2014_000000078748,0.6084112524986267,0.6409681439399719,0.4305970072746277
COCO_val2014_000000344498,0.5514417886734009,0.5951706171035767,0.5446351766586304
COCO_val2014_000000501491,0.7177963256835938,0.6581569314002991,0.35912665724754333
COCO_val2014_000000003067,0.5928276777267456,0.6153737902641296,0.4826621413230896
COCO_val2014_000000177015,0.4166211783885956,0.4260396957397461,0.9880958795547485
COCO_val2014_000000020410,0.29761338233947754,0.5616580247879028,0.7289206385612488
COCO_val2014_000000305101,0.685376763343811,0.7382869124412537,0.25812727212905884
COCO_val2014_000000404349,0.7827169299125671,0.7094302177429199,0.27197355031967163
COCO_val2014_000000163112,0.5326789617538452,0.3874863386154175,1.094846248626709
COCO_val2014_000000191218,0.784513533115387,0.7984218001365662,0.1396562159061432
COCO_val2014_000000435444,0.6459507346153259,0.5325188636779785,0.6655406951904297
COCO_val2014_000000015956,0.5759148001670837,0.508931040763855,0.7195404767990112
COCO_val2014_000000236721,0.607984185218811,0.657539963722229,0.37195777893066406
COCO_val2014_000000467887,0.4326275587081909,0.5796706676483154,0.6003652215003967
COCO_val2014_000000183319,0.7692433595657349,0.7523727416992188,0.1978270411491394
COCO_val2014_000000397628,0.43092501163482666,0.6314538717269897,0.45990562438964844
COCO_val2014_000000338105,0.517991840839386,0.5258238315582275,0.6496796607971191
COCO_val2014_000000058304,0.59527188539505,0.6057401895523071,0.5146838426589966
COCO_val2014_000000002179,0.1278732866048813,0.46534648537635803,0.8203654885292053
COCO_val2014_000000355569,0.6837655305862427,0.6080453395843506,0.5008084177970886
COCO_val2014_000000128180,0.4601164758205414,0.5808183550834656,0.5466229915618896
COCO_val2014_000000007570,0.5642702579498291,0.6016322374343872,0.5042973160743713
COCO_val2014_000000469246,0.507932186126709,0.4591640830039978,0.8733349442481995
COCO_val2014_000000137961,0.5478047728538513,0.4599893391132355,0.8589696884155273
COCO_val2014_000000197444,0.6934153437614441,0.7049974203109741,0.29884225130081177
COCO_val2014_000000108484,0.592193603515625,0.592615008354187,0.5779176950454712
COCO_val2014_000000468917,0.5080970525741577,0.4944002628326416,0.7738115787506104
COCO_val2014_000000567708,0.5211129784584045,0.517581582069397,0.6942131519317627
COCO_val2014_000000186095,0.5966394543647766,0.5785907506942749,0.5581302642822266
COCO_val2014_000000047775,0.6384214162826538,0.6760284900665283,0.36616408824920654
COCO_val2014_000000397636,0.27110642194747925,0.3687676191329956,1.2541229724884033
COCO_val2014_000000469777,0.3851355314254761,0.5631285905838013,0.6537632942199707
COCO_val2014_000000256628,0.47102785110473633,0.44678643345832825,0.9160904884338379
COCO_val2014_000000400139,0.8522120118141174,0.8045122027397156,0.1504492312669754
COCO_val2014_000000024693,0.6480672955513,0.7253189086914062,0.29325318336486816
COCO_val2014_000000568281,0.5286899209022522,0.6330463290214539,0.5354671478271484
COCO_val2014_000000087588,0.17098021507263184,0.34757673740386963,1.404783010482788
COCO_val2014_000000559277,0.5838004946708679,0.44832247495651245,0.8839882016181946
COCO_val2014_000000268729,0.4683822989463806,0.5727038979530334,0.5293848514556885
COCO_val2014_000000038817,0.38579684495925903,0.613582968711853,0.5028513669967651
COCO_val2014_000000077396,0.5864077210426331,0.5526166558265686,0.6776103973388672
COCO_val2014_000000127659,0.5738948583602905,0.5055306553840637,0.6961677074432373
COCO_val2014_000000093620,0.6778022050857544,0.6264915466308594,0.41666123270988464
COCO_val2014_000000077050,0.47669002413749695,0.6008502244949341,0.4702407717704773
COCO_val2014_000000199575,0.1767847239971161,0.41476985812187195,1.0758135318756104
COCO_val2014_000000293148,0.01875527948141098,0.390010267496109,1.1876027584075928
COCO_val2014_000000298461,0.5123265385627747,0.6759487986564636,0.34058260917663574
COCO_val2014_000000130524,0.7413107752799988,0.6599565744400024,0.3764704465866089
COCO_val2014_000000419723,0.6962267160415649,0.7725412845611572,0.17215970158576965
COCO_val2014_000000426011,0.5268670916557312,0.5399878025054932,0.6407149434089661
COCO_val2014_000000427615,0.6275216937065125,0.5094484090805054,0.6946175694465637
COCO_val2014_000000129062,0.49784523248672485,0.6521223187446594,0.38792937994003296
COCO_val2014_000000390826,0.5778930187225342,0.36900922656059265,1.0851430892944336
COCO_val2014_000000297944,0.47738298773765564,0.378936231136322,1.1203832626342773
COCO_val2014_000000328111,0.44721731543540955,0.6406713128089905,0.4705771803855896
COCO_val2014_000000526364,0.4396643340587616,0.7101260423660278,0.3018511235713959
COCO_val2014_000000051203,0.4285902976989746,0.5000244379043579,0.7462923526763916
COCO_val2014_000000309232,0.6682179570198059,0.5189769268035889,0.6622123122215271
COCO_val2014_000000425964,0.3476664423942566,0.4721013307571411,0.8401063084602356
COCO_val2014_000000240903,0.43199652433395386,0.5035640597343445,0.8694223165512085
COCO_val2014_000000042641,0.15051202476024628,0.3316744267940521,1.5422992706298828
COCO_val2014_000000019624,0.43250927329063416,0.6352895498275757,0.3790256977081299
COCO_val2014_000000443784,0.5063791275024414,0.3966590166091919,1.0074353218078613
COCO_val2014_000000387909,0.6417827606201172,0.6411103010177612,0.45356377959251404
COCO_val2014_000000074256,0.4905485212802887,0.4985901713371277,0.7724195718765259
COCO_val2014_000000267135,0.3192693591117859,0.540075421333313,0.6731605529785156
COCO_val2014_000000096832,0.5472429990768433,0.5996702909469604,0.5141122341156006
COCO_val2014_000000370513,0.6883447170257568,0.6786547899246216,0.3470446467399597
COCO_val2014_000000145214,0.3724954426288605,0.6396437883377075,0.47549745440483093
COCO_val2014_000000332845,0.622796893119812,0.5928100347518921,0.5160724520683289
COCO_val2014_000000045248,0.44962289929389954,0.4905266761779785,0.7492842078208923
COCO_val2014_000000470121,0.5971864461898804,0.7138392925262451,0.274425208568573
COCO_val2014_000000329946,0.6902095079421997,0.7138347029685974,0.2722606658935547
COCO_val2014_000000224114,0.5956459641456604,0.6261313557624817,0.44888630509376526
COCO_val2014_000000131131,0.5428127646446228,0.3843787610530853,1.0761263370513916
COCO_val2014_000000353130,0.7109962105751038,0.7920651435852051,0.1244063526391983
COCO_val2014_000000228749,0.7324225902557373,0.7444084882736206,0.20738324522972107
COCO_val2014_000000121123,0.5501245856285095,0.4438629150390625,0.9050068855285645
COCO_val2014_000000358976,0.5423831939697266,0.4451499283313751,0.9301869869232178
COCO_val2014_000000483446,0.250368595123291,0.3963615894317627,1.0444419384002686
COCO_val2014_000000451275,0.49000558257102966,0.5413589477539062,0.6525036096572876
COCO_val2014_000000513993,0.705814003944397,0.7692415714263916,0.18904143571853638
COCO_val2014_000000581887,0.4784448742866516,0.2667140066623688,1.6100399494171143
COCO_val2014_000000399452,0.7370520234107971,0.7358989119529724,0.23808519542217255
COCO_val2014_000000413044,0.41491132974624634,0.35510799288749695,1.1963173151016235
COCO_val2014_000000072376,0.26481199264526367,0.4156609773635864,1.1115942001342773
COCO_val2014_000000237759,0.5671974420547485,0.7216941118240356,0.23833951354026794
COCO_val2014_000000485822,0.7311320900917053,0.764803409576416,0.19092321395874023
COCO_val2014_000000565395,0.30587783455848694,0.406831830739975,1.2201881408691406
COCO_val2014_000000234328,0.6606203317642212,0.703289806842804,0.27126723527908325
COCO_val2014_000000530259,0.6457300782203674,0.6978492140769958,0.3568194508552551
COCO_val2014_000000384114,0.6990328431129456,0.6543701887130737,0.39161819219589233
COCO_val2014_000000398534,0.5983326435089111,0.5102168321609497,0.7178521156311035
COCO_val2014_000000293022,0.6591180562973022,0.5476487278938293,0.5878300070762634
COCO_val2014_000000183204,0.734166145324707,0.7886710166931152,0.16154813766479492
COCO_val2014_000000204471,0.7288955450057983,0.7047791481018066,0.30441564321517944
COCO_val2014_000000066771,0.24559850990772247,0.4988294839859009,0.8027070164680481
COCO_val2014_000000044934,0.7992039322853088,0.8278719186782837,0.0944845974445343
COCO_val2014_000000430073,0.6799309849739075,0.6340044140815735,0.4363953471183777
COCO_val2014_000000009400,0.5680452585220337,0.6262595653533936,0.4297522306442261
COCO_val2014_000000562084,0.4327928125858307,0.6022214889526367,0.4830365777015686
COCO_val2014_000000153632,0.7803553938865662,0.6642080545425415,0.361886203289032
COCO_val2014_000000033116,0.35103657841682434,0.47306543588638306,0.7752029299736023
COCO_val2014_000000076588,0.596096932888031,0.6254797577857971,0.4755159318447113
COCO_val2014_000000176278,0.507075309753418,0.5213601589202881,0.6896169185638428
COCO_val2014_000000447187,0.5817309617996216,0.6134040355682373,0.47150924801826477
COCO_val2014_000000220808,0.5262213349342346,0.48443764448165894,0.7780591249465942
COCO_val2014_000000187054,0.5574867725372314,0.513456404209137,0.7509658932685852
COCO_val2014_000000455975,0.740842342376709,0.6103662848472595,0.4777315855026245
COCO_val2014_000000490105,0.3266906142234802,0.37284594774246216,1.1762446165084839
COCO_val2014_000000046252,0.5707123279571533,0.5463290810585022,0.6172580122947693
COCO_val2014_000000169111,0.6791332364082336,0.7318880558013916,0.26634958386421204
COCO_val2014_000000413839,0.48598840832710266,0.5751549005508423,0.6287834644317627
COCO_val2014_000000503837,0.5602879524230957,0.6655856370925903,0.37077391147613525
COCO_val2014_000000250951,0.7171494364738464,0.6228421926498413,0.45718249678611755
COCO_val2014_000000160341,0.5426238179206848,0.6014800071716309,0.5570836663246155
COCO_val2014_000000380756,0.5662469863891602,0.6502324342727661,0.40068209171295166
COCO_val2014_000000363784,0.5437254309654236,0.705429196357727,0.25666165351867676
COCO_val2014_000000069544,0.42323237657546997,0.5654112696647644,0.6643772125244141
COCO_val2014_000000154971,0.6509878635406494,0.6006996631622314,0.4984344244003296
COCO_val2014_000000179898,0.6250216960906982,0.6425732374191284,0.4145372807979584
COCO_val2014_000000156497,0.5937210917472839,0.4766363501548767,0.8008443117141724
COCO_val2014_000000578813,0.3638906478881836,0.39462944865226746,1.12790048122406
COCO_val2014_000000158344,0.5345478057861328,0.6305529475212097,0.438197523355484
COCO_val2014_000000056002,0.35544440150260925,0.4656459093093872,0.9539061188697815
COCO_val2014_000000310200,0.7196489572525024,0.6887109875679016,0.3166322410106659
COCO_val2014_000000068435,0.4992697238922119,0.4701317250728607,0.858377993106842
COCO_val2014_000000038034,0.6947704553604126,0.5956788063049316,0.4921678304672241
COCO_val2014_000000009156,0.5608634352684021,0.7031571865081787,0.2713649868965149
COCO_val2014_000000562622,0.5939053893089294,0.6710036993026733,0.3771756887435913
COCO_val2014_000000396845,0.6645187735557556,0.6971940994262695,0.3175285756587982
COCO_val2014_000000112586,0.512748122215271,0.6131590604782104,0.452834814786911
COCO_val2014_000000524992,0.5589439272880554,0.6624688506126404,0.41795796155929565
COCO_val2014_000000160811,0.5697852969169617,0.6958646774291992,0.30534669756889343
COCO_val2014_000000549224,0.6712761521339417,0.7205259799957275,0.31174445152282715
COCO_val2014_000000354724,0.5624990463256836,0.6858288049697876,0.3690706789493561
COCO_val2014_000000441553,0.6200008392333984,0.6887965202331543,0.33025622367858887
COCO_val2014_000000200250,0.7280479073524475,0.5804975032806396,0.5258939266204834
COCO_val2014_000000562803,0.5995497107505798,0.4867599308490753,0.7540152072906494
COCO_val2014_000000230585,0.5870880484580994,0.5863813161849976,0.5514450073242188
COCO_val2014_000000001270,0.5396336913108826,0.598548948764801,0.4749038815498352
COCO_val2014_000000433547,0.6109884977340698,0.45751073956489563,0.8195327520370483
COCO_val2014_000000197809,0.791702151298523,0.6406075358390808,0.3924313187599182
COCO_val2014_000000531178,0.6290152072906494,0.7255661487579346,0.26116126775741577
COCO_val2014_000000210081,0.5070344805717468,0.5434757471084595,0.5982764959335327
COCO_val2014_000000213843,0.6022112965583801,0.5974911451339722,0.5069654583930969
COCO_val2014_000000490878,0.547113835811615,0.5148576498031616,0.6974947452545166
COCO_val2014_000000512869,0.2928740382194519,0.4844423234462738,0.8255839347839355
COCO_val2014_000000458613,0.7705913186073303,0.7297254800796509,0.25981205701828003
COCO_val2014_000000167854,0.4685206413269043,0.5173537731170654,0.7126604318618774
COCO_val2014_000000087998,0.5803236365318298,0.7002964019775391,0.3537250757217407
COCO_val2014_000000075527,0.48439133167266846,0.4998447597026825,0.7751004695892334
COCO_val2014_000000495456,0.6869546175003052,0.5626663565635681,0.5445534586906433
COCO_val2014_000000565485,0.5678570866584778,0.538434624671936,0.6596265435218811
COCO_val2014_000000135748,0.6440101265907288,0.6090589761734009,0.5311681032180786
COCO_val2014_000000532164,0.6030368804931641,0.7041126489639282,0.30443763732910156
COCO_val2014_000000425324,0.19801528751850128,0.36562517285346985,1.240180492401123
COCO_val2014_000000306467,0.3553699553012848,0.40461766719818115,1.0041451454162598
COCO_val2014_000000043261,0.5628753900527954,0.670037031173706,0.35209429264068604
COCO_val2014_000000064196,0.708527147769928,0.6867924332618713,0.31371235847473145
COCO_val2014_000000172599,0.5689972043037415,0.6359226703643799,0.4344528019428253
COCO_val2014_000000496252,0.299338698387146,0.36211925745010376,1.2198072671890259
COCO_val2014_000000100306,0.15636317431926727,0.28659290075302124,1.6943039894104004
COCO_val2014_000000056752,0.3505982756614685,0.5447562336921692,0.7226307392120361
COCO_val2014_000000221846,0.6561153531074524,0.6997730731964111,0.2939130365848541
COCO_val2014_000000262576,0.7916548848152161,0.6916431784629822,0.32603245973587036
COCO_val2014_000000017714,0.5615941286087036,0.5637390613555908,0.5786540508270264
COCO_val2014_000000531798,0.5657970309257507,0.6862424612045288,0.3449634313583374
COCO_val2014_000000085195,0.7030841708183289,0.5392351150512695,0.5928418636322021
COCO_val2014_000000496897,0.6324138641357422,0.6129024028778076,0.520027756690979
COCO_val2014_000000418623,0.7144749760627747,0.7404733896255493,0.2325773388147354
COCO_val2014_000000003590,0.5150285363197327,0.5532019734382629,0.6737046241760254
COCO_val2014_000000262617,0.757951021194458,0.8045045733451843,0.13533750176429749
COCO_val2014_000000387150,0.49167290329933167,0.5922797918319702,0.6344454288482666
COCO_val2014_000000011305,0.44230541586875916,0.5590899586677551,0.5910494327545166
COCO_val2014_000000390731,0.5703893899917603,0.5420742630958557,0.6249677538871765
COCO_val2014_000000570773,0.4160277545452118,0.37863272428512573,1.2188644409179688
COCO_val2014_000000039663,0.548758864402771,0.7179123163223267,0.2385578155517578
COCO_val2014_000000005816,0.5419744253158569,0.7255779504776001,0.2956729531288147
COCO_val2014_000000139306,0.6814776659011841,0.7530813813209534,0.20629563927650452
COCO_val2014_000000296224,0.23064462840557098,0.4531312882900238,1.083064079284668
COCO_val2014_000000207611,0.11615480482578278,0.29787009954452515,1.4659006595611572
COCO_val2014_000000361351,0.6646396517753601,0.6936237215995789,0.3417348265647888
COCO_val2014_000000433505,0.5587303042411804,0.6941899061203003,0.3440472483634949
COCO_val2014_000000342293,0.3625255525112152,0.4710921347141266,0.8461798429489136
COCO_val2014_000000363207,0.6582101583480835,0.49317046999931335,0.7108764052391052
COCO_val2014_000000393682,0.7444095611572266,0.7528044581413269,0.22482211887836456
COCO_val2014_000000190185,0.8001526594161987,0.7977249026298523,0.1473512351512909
COCO_val2014_000000106392,0.4547403156757355,0.6201545000076294,0.47156810760498047
COCO_val2014_000000193122,0.5119316577911377,0.6323434710502625,0.44080930948257446
COCO_val2014_000000389108,0.6435983180999756,0.6793957948684692,0.3717693090438843
COCO_val2014_000000350639,0.27756011486053467,0.38678744435310364,1.0648512840270996
COCO_val2014_000000505818,0.35299938917160034,0.46979960799217224,0.9387038946151733
COCO_val2014_000000163589,0.6584563851356506,0.6998136639595032,0.2789202630519867
COCO_val2014_000000318204,0.6486385464668274,0.5266724824905396,0.6139698028564453
COCO_val2014_000000493376,0.7004651427268982,0.7709741592407227,0.17142952978610992
COCO_val2014_000000361933,0.5038381814956665,0.5785355567932129,0.5390254259109497
COCO_val2014_000000378962,0.7128967642784119,0.6856807470321655,0.3436005711555481
COCO_val2014_000000025860,0.1835922747850418,0.35120803117752075,1.3062021732330322
COCO_val2014_000000542625,0.6008790135383606,0.6072863936424255,0.45842716097831726
COCO_val2014_000000300437,0.8180243968963623,0.8112552165985107,0.13080886006355286
COCO_val2014_000000374448,0.7083499431610107,0.670123815536499,0.34981220960617065
COCO_val2014_000000015345,0.6310253143310547,0.5501689910888672,0.6293247938156128
COCO_val2014_000000309573,-0.043099869042634964,0.3114544153213501,1.7550218105316162
COCO_val2014_000000218988,0.3761877417564392,0.45550549030303955,0.9489122629165649
COCO_val2014_000000375407,0.5034911036491394,0.4976175129413605,0.7731828689575195
COCO_val2014_000000554445,0.3817332088947296,0.5824212431907654,0.6976794004440308
COCO_val2014_000000324837,0.6158941388130188,0.6389727592468262,0.4271060824394226
COCO_val2014_000000457575,0.48434171080589294,0.4996383786201477,0.7562059164047241
COCO_val2014_000000569450,0.7477756142616272,0.751624345779419,0.22770413756370544
COCO_val2014_000000105732,0.5061944127082825,0.6070190668106079,0.5028834342956543
COCO_val2014_000000531286,0.4555869996547699,0.37604641914367676,1.1606440544128418
COCO_val2014_000000229391,0.5464358329772949,0.5454723834991455,0.6347707509994507
COCO_val2014_000000248469,0.7202870845794678,0.7407103776931763,0.21783088147640228
COCO_val2014_000000172057,0.49779897928237915,0.6968451738357544,0.32192057371139526
COCO_val2014_000000407868,0.5279493927955627,0.4508182406425476,0.8571128845214844
COCO_val2014_000000283286,0.7600435614585876,0.6688646674156189,0.3494354486465454
COCO_val2014_000000414516,0.7341564297676086,0.6611473560333252,0.3722481429576874
COCO_val2014_000000140017,0.7168155312538147,0.6548998355865479,0.4094078838825226
COCO_val2014_000000404517,0.4904109537601471,0.4481821060180664,0.90240079164505
COCO_val2014_000000187240,0.6484116315841675,0.6085418462753296,0.4577050507068634
COCO_val2014_000000243780,0.540841281414032,0.3734106719493866,1.0891532897949219
COCO_val2014_000000349485,0.7621409893035889,0.7884337902069092,0.14952757954597473
COCO_val2014_000000264238,0.6144938468933105,0.5188254117965698,0.6963111162185669
COCO_val2014_000000148193,0.4250001907348633,0.4583577513694763,0.901290237903595
COCO_val2014_000000496324,0.7034841775894165,0.7128052711486816,0.2609065771102905
COCO_val2014_000000080131,0.40352126955986023,0.5683634281158447,0.6079578399658203
COCO_val2014_000000195815,0.48607927560806274,0.419528603553772,1.024739146232605
COCO_val2014_000000373945,0.6670333743095398,0.5594684481620789,0.5955317616462708
COCO_val2014_000000376959,0.5434879064559937,0.5224959254264832,0.7084519267082214
COCO_val2014_000000181446,0.5629807114601135,0.5957990884780884,0.5057575702667236
COCO_val2014_000000510329,0.5211500525474548,0.5185223817825317,0.7255464196205139
COCO_val2014_000000507575,0.6324949264526367,0.7149580717086792,0.29563021659851074
COCO_val2014_000000464092,0.3990442454814911,0.4858365058898926,0.9205434322357178
COCO_val2014_000000024243,0.2647489011287689,0.3217727541923523,1.4621076583862305
COCO_val2014_000000040602,0.3886484205722809,0.42608219385147095,1.0414763689041138
COCO_val2014_000000091080,0.4849921464920044,0.6508227586746216,0.3985406160354614
COCO_val2014_000000336053,0.592171847820282,0.6599223017692566,0.41489243507385254
COCO_val2014_000000358707,0.6329017877578735,0.6234786510467529,0.4920719861984253
COCO_val2014_000000101933,0.2886005938053131,0.4684007167816162,0.9239018559455872
COCO_val2014_000000382696,0.6436230540275574,0.654949426651001,0.427432119846344
COCO_val2014_000000205729,0.6104000210762024,0.5510424971580505,0.5932167768478394
COCO_val2014_000000296303,0.693153977394104,0.44214922189712524,0.8543521165847778
COCO_val2014_000000213728,0.1892172396183014,0.42053553462028503,1.1744893789291382
COCO_val2014_000000388299,0.46591442823410034,0.47794413566589355,0.8888766169548035
COCO_val2014_000000519460,0.7079088091850281,0.7114549279212952,0.27649468183517456
COCO_val2014_000000056326,0.6571241617202759,0.669951319694519,0.34678885340690613
COCO_val2014_000000527846,0.5930838584899902,0.7156500816345215,0.2730463147163391
COCO_val2014_000000278226,0.2475368082523346,0.42731422185897827,0.980455219745636
COCO_val2014_000000359569,0.5426080822944641,0.44247138500213623,0.9402539134025574
COCO_val2014_000000239492,0.5051653385162354,0.5426323413848877,0.6492924690246582
COCO_val2014_000000459103,0.5800607800483704,0.6851524710655212,0.335987389087677
COCO_val2014_000000198312,0.7157182097434998,0.7167763710021973,0.30618584156036377
COCO_val2014_000000163611,0.6148122549057007,0.7697418928146362,0.17234501242637634
COCO_val2014_000000176226,0.4383533298969269,0.4310283660888672,0.9191492795944214
COCO_val2014_000000014635,0.2978023886680603,0.4165078103542328,1.1601841449737549
COCO_val2014_000000242673,0.6489262580871582,0.7202958464622498,0.28353679180145264
COCO_val2014_000000034701,0.560792863368988,0.6774688959121704,0.33072102069854736
COCO_val2014_000000515247,0.5518974661827087,0.5443015098571777,0.749622106552124
COCO_val2014_000000259793,0.6927361488342285,0.6355742812156677,0.4284486472606659
COCO_val2014_000000547798,0.5873327255249023,0.6098395586013794,0.47838354110717773
COCO_val2014_000000457581,0.5262761116027832,0.47053009271621704,0.8246650695800781
COCO_val2014_000000368193,0.4943702220916748,0.3614693284034729,1.137856125831604
COCO_val2014_000000156928,0.37154683470726013,0.5601378679275513,0.7069264650344849
COCO_val2014_000000484280,0.8393582105636597,0.775850772857666,0.19133426249027252
COCO_val2014_000000198447,0.5433223843574524,0.5220122933387756,0.6853227615356445
COCO_val2014_000000370839,0.19015643000602722,0.4395519196987152,1.041625738143921
COCO_val2014_000000110048,0.5924761295318604,0.6769571304321289,0.32774126529693604
COCO_val2014_000000419081,0.6278706192970276,0.7281085252761841,0.2720634937286377
COCO_val2014_000000284641,0.6276088953018188,0.5749582052230835,0.5841634273529053
COCO_val2014_000000273645,0.6053447723388672,0.7288455367088318,0.2971493601799011
COCO_val2014_000000192554,0.4762668013572693,0.6126060485839844,0.43693840503692627
COCO_val2014_000000147058,0.09381886571645737,0.38538312911987305,1.1316890716552734
COCO_val2014_000000157283,0.45240265130996704,0.6032193899154663,0.4872467517852783
COCO_val2014_000000398489,0.508511483669281,0.3882107734680176,1.1574695110321045
COCO_val2014_000000327383,0.6506839990615845,0.6979122161865234,0.3807104825973511
COCO_val2014_000000128224,0.4249916076660156,0.49280571937561035,0.7364258170127869
COCO_val2014_000000180013,0.39942464232444763,0.4426845908164978,0.9301556348800659
COCO_val2014_000000527054,0.27679237723350525,0.4088761806488037,1.2440193891525269
COCO_val2014_000000353510,0.43071645498275757,0.3971877098083496,1.0769789218902588
COCO_val2014_000000494144,0.37733882665634155,0.420903742313385,1.0176007747650146
COCO_val2014_000000367666,0.18171343207359314,0.4500659704208374,0.9110957384109497
COCO_val2014_000000045721,0.4066764712333679,0.4581161141395569,0.8801316022872925
COCO_val2014_000000219546,0.8386222124099731,0.834926426410675,0.09918057918548584
COCO_val2014_000000217181,0.06549888104200363,0.4305996298789978,1.1991777420043945
COCO_val2014_000000167443,0.6086847186088562,0.6970819234848022,0.3123360872268677
COCO_val2014_000000002822,0.0462377555668354,0.409748375415802,1.1524393558502197
COCO_val2014_000000120792,0.6308452486991882,0.6144331097602844,0.4817318320274353
COCO_val2014_000000253964,0.44185328483581543,0.4523337185382843,0.9355356693267822
COCO_val2014_000000571598,0.49751126766204834,0.5925586223602295,0.5172455310821533
COCO_val2014_000000019292,0.5514164566993713,0.6123683452606201,0.4601244032382965
COCO_val2014_000000548420,0.5046361088752747,0.5117102861404419,0.7470074892044067
COCO_val2014_000000112818,0.7356961369514465,0.76560378074646,0.1783246546983719
COCO_val2014_000000487095,0.6894559860229492,0.6206598281860352,0.48214903473854065
COCO_val2014_000000441511,0.5163559913635254,0.43324148654937744,0.902025580406189
COCO_val2014_000000113097,0.5352534055709839,0.7348806858062744,0.2263902872800827
COCO_val2014_000000567740,0.1587723344564438,0.3215724229812622,1.511152744293213
COCO_val2014_000000342322,0.5717447400093079,0.5501244068145752,0.5823287963867188
COCO_val2014_000000490964,0.5318657159805298,0.5596926212310791,0.579782247543335
COCO_val2014_000000533408,0.6171194911003113,0.6722558736801147,0.3546198010444641
COCO_val2014_000000499597,0.4198591113090515,0.36842846870422363,1.1233357191085815
COCO_val2014_000000292792,0.7087721228599548,0.7678843140602112,0.19254986941814423
COCO_val2014_000000135399,0.6136175990104675,0.590054988861084,0.49436861276626587
COCO_val2014_000000394715,0.7511163949966431,0.6490745544433594,0.3853791058063507
COCO_val2014_000000280918,0.24412840604782104,0.4861569404602051,0.8942787647247314
COCO_val2014_000000082468,0.7321599125862122,0.6494605541229248,0.40477755665779114
COCO_val2014_000000121788,0.35394442081451416,0.36159124970436096,1.1877360343933105
COCO_val2014_000000050752,0.7203593254089355,0.6398767232894897,0.42045027017593384
COCO_val2014_000000011796,0.5987646579742432,0.51307213306427,0.7068393230438232
COCO_val2014_000000061693,0.435638427734375,0.5562316179275513,0.6196564435958862
COCO_val2014_000000473199,0.7487648725509644,0.7437282800674438,0.23347342014312744
COCO_val2014_000000265879,0.5495318174362183,0.4903193712234497,0.7980552911758423
COCO_val2014_000000205232,0.08139362931251526,0.4759654402732849,0.8514286279678345
COCO_val2014_000000487631,0.5109633207321167,0.5490546226501465,0.666692316532135
COCO_val2014_000000274272,0.6758211851119995,0.48009029030799866,0.7562255859375
COCO_val2014_000000083283,0.48526206612586975,0.5347018241882324,0.7346744537353516
COCO_val2014_000000568004,0.5124896168708801,0.667839765548706,0.37798792123794556
COCO_val2014_000000012230,0.5027720332145691,0.7039495706558228,0.28008949756622314
COCO_val2014_000000181179,0.636106550693512,0.6118755340576172,0.4719822406768799
COCO_val2014_000000126631,0.6193792223930359,0.5037289261817932,0.7387654781341553
COCO_val2014_000000300577,0.2154761254787445,0.34304577112197876,1.2459983825683594
COCO_val2014_000000291257,0.2859497666358948,0.426941454410553,1.0631215572357178
COCO_val2014_000000557117,0.43813425302505493,0.45170965790748596,0.929947555065155
COCO_val2014_000000473370,0.5751187205314636,0.46897369623184204,0.7979734539985657
COCO_val2014_000000063328,0.6372776627540588,0.5212420225143433,0.6691546440124512
COCO_val2014_000000251531,0.6201446056365967,0.6756208539009094,0.3512641191482544
COCO_val2014_000000487685,0.7118436098098755,0.6339722871780396,0.44311922788619995
COCO_val2014_000000544876,0.4847201108932495,0.4234885573387146,1.0067076683044434
COCO_val2014_000000080104,0.5712514519691467,0.531599760055542,0.7107480764389038
COCO_val2014_000000400916,0.5604955554008484,0.5519171953201294,0.6387655735015869
COCO_val2014_000000550601,0.6938997507095337,0.6055035591125488,0.47720715403556824
COCO_val2014_000000224289,0.8346025943756104,0.7167633771896362,0.2627292275428772
COCO_val2014_000000126340,0.29824918508529663,0.36169907450675964,1.2200498580932617
COCO_val2014_000000002640,0.6815634369850159,0.6750468611717224,0.3536190986633301
COCO_val2014_000000537081,0.7206041216850281,0.7380549907684326,0.22595763206481934
COCO_val2014_000000121904,0.7488345503807068,0.771544337272644,0.20144560933113098
COCO_val2014_000000470115,0.3312833607196808,0.5950547456741333,0.5844186544418335
COCO_val2014_000000144379,0.2606956362724304,0.4583547115325928,0.876473069190979
COCO_val2014_000000460333,0.47251924872398376,0.42433544993400574,0.9970885515213013
COCO_val2014_000000144870,0.45931074023246765,0.6240049600601196,0.4843025207519531
COCO_val2014_000000474608,0.3930812180042267,0.4295421242713928,0.9056597948074341
COCO_val2014_000000348091,0.5289757251739502,0.7048277854919434,0.2537022829055786
COCO_val2014_000000317898,0.2977409362792969,0.26136070489883423,1.6930478811264038
COCO_val2014_000000444236,0.7237498164176941,0.6439722776412964,0.387012243270874
COCO_val2014_000000370657,0.5133640766143799,0.548079252243042,0.6558061838150024
COCO_val2014_000000113860,0.3789059817790985,0.3852709233760834,1.1203677654266357
COCO_val2014_000000390704,0.5384534001350403,0.6451470255851746,0.4353973865509033
COCO_val2014_000000056724,0.4462730288505554,0.5400211811065674,0.7858652472496033
COCO_val2014_000000344308,0.7227213978767395,0.7675913572311401,0.19678395986557007
COCO_val2014_000000303219,0.2769540548324585,0.39447668194770813,1.0971307754516602
COCO_val2014_000000565635,0.5560504794120789,0.5354285836219788,0.6339250206947327
COCO_val2014_000000235093,0.004329803865402937,0.3799394369125366,1.2097256183624268
COCO_val2014_000000406997,0.4409187436103821,0.5862333178520203,0.6400583982467651
COCO_val2014_000000466259,0.6628142595291138,0.4849882125854492,0.7480509281158447
COCO_val2014_000000199449,0.6719065308570862,0.6175675392150879,0.48354870080947876
COCO_val2014_000000333095,0.5712312459945679,0.572052538394928,0.547256350517273
COCO_val2014_000000194790,-0.1526416838169098,0.35608184337615967,1.2900168895721436
COCO_val2014_000000394659,0.31801071763038635,0.6084991693496704,0.5033966302871704
COCO_val2014_000000165831,0.6730204820632935,0.7429426908493042,0.2329413890838623
COCO_val2014_000000461311,0.28367671370506287,0.4736950099468231,0.877609372138977
COCO_val2014_000000185614,0.5322847962379456,0.6626041531562805,0.3906380534172058
COCO_val2014_000000389649,0.7264363169670105,0.601201593875885,0.4790359139442444
COCO_val2014_000000099428,0.5687791109085083,0.7199634313583374,0.23510080575942993
COCO_val2014_000000554037,0.6420416235923767,0.6724920868873596,0.3707750737667084
COCO_val2014_000000562818,0.7074774503707886,0.5457929372787476,0.5957599878311157
COCO_val2014_000000534121,0.5010506510734558,0.6488954424858093,0.38396766781806946
COCO_val2014_000000435880,0.6448254585266113,0.7587116956710815,0.19594985246658325
COCO_val2014_000000026992,0.6385730504989624,0.6227409839630127,0.4495769143104553
COCO_val2014_000000431495,0.3175732493400574,0.4645567238330841,0.9553139209747314
COCO_val2014_000000463771,0.415640652179718,0.5586807727813721,0.6563253402709961
COCO_val2014_000000028682,0.4056512415409088,0.5870389938354492,0.4708114266395569
COCO_val2014_000000101189,0.5364761352539062,0.5357850193977356,0.6537426710128784
COCO_val2014_000000199989,0.5462803840637207,0.4051993489265442,0.9478060007095337
COCO_val2014_000000336300,0.47012144327163696,0.42648547887802124,0.9761987328529358
COCO_val2014_000000003091,0.748893141746521,0.7614238858222961,0.1764799952507019
COCO_val2014_000000135666,0.65350741147995,0.6339448690414429,0.4462825059890747
COCO_val2014_000000165643,0.2511703073978424,0.5107693672180176,0.8544037342071533
COCO_val2014_000000362530,0.6235442757606506,0.7018204927444458,0.33733850717544556
COCO_val2014_000000342933,0.8146496415138245,0.788898229598999,0.20297329127788544
COCO_val2014_000000214919,0.851714551448822,0.7880733013153076,0.16342714428901672
COCO_val2014_000000360661,0.5980644226074219,0.5267171859741211,0.6810555458068848
COCO_val2014_000000474499,0.5725133419036865,0.691948652267456,0.3433499038219452
COCO_val2014_000000358606,0.552743136882782,0.629653811454773,0.5028531551361084
COCO_val2014_000000012991,0.34038591384887695,0.4704432487487793,1.0174459218978882
COCO_val2014_000000535569,0.537510871887207,0.6389813423156738,0.45704036951065063
COCO_val2014_000000548423,0.6214314103126526,0.6909094452857971,0.33324360847473145
COCO_val2014_000000527733,0.4510056972503662,0.5862833261489868,0.5790435671806335
COCO_val2014_000000412975,0.4875750243663788,0.4468252658843994,0.8944021463394165
COCO_val2014_000000201925,0.47832831740379333,0.5825961232185364,0.5046151876449585
COCO_val2014_000000578974,0.6777225732803345,0.6308908462524414,0.4714239239692688
COCO_val2014_000000211177,0.5532334446907043,0.6675897836685181,0.3521087169647217
COCO_val2014_000000288933,0.32707881927490234,0.4443280100822449,0.94539475440979
COCO_val2014_000000129864,0.6112816333770752,0.5487098693847656,0.6512402296066284
COCO_val2014_000000205108,0.32509246468544006,0.5771704912185669,0.6370642185211182
COCO_val2014_000000275175,0.6572160720825195,0.7132211923599243,0.26648908853530884
COCO_val2014_000000188434,0.6878452301025391,0.7162622213363647,0.2647029757499695
COCO_val2014_000000039405,0.45538973808288574,0.42286446690559387,0.9245507121086121
COCO_val2014_000000417632,0.499965101480484,0.6193114519119263,0.5574420690536499
COCO_val2014_000000243777,0.5297567844390869,0.6963733434677124,0.27931398153305054
COCO_val2014_000000495808,0.6469329595565796,0.7085177898406982,0.32653340697288513
COCO_val2014_000000562632,0.5473623275756836,0.5556795597076416,0.5898098349571228
COCO_val2014_000000338901,0.49101120233535767,0.3691422939300537,1.2038061618804932
COCO_val2014_000000082668,0.5813674926757812,0.6291413903236389,0.4067308008670807
COCO_val2014_000000468778,0.6338253021240234,0.6887208223342896,0.3401433229446411
COCO_val2014_000000275695,0.7288107872009277,0.7359318733215332,0.22667178511619568
COCO_val2014_000000326970,0.43263721466064453,0.608855664730072,0.47731709480285645
COCO_val2014_000000549674,0.5764281153678894,0.7117630243301392,0.24171549081802368
COCO_val2014_000000346207,0.4616829454898834,0.5562798380851746,0.6313149333000183
COCO_val2014_000000007726,0.7715577483177185,0.6210527420043945,0.4320070743560791
COCO_val2014_000000403294,0.5102711319923401,0.6616998910903931,0.41375619173049927
COCO_val2014_000000240119,0.6601582169532776,0.6788273453712463,0.3830052614212036
COCO_val2014_000000485201,0.3710348606109619,0.4237825870513916,0.9887009263038635
COCO_val2014_000000316008,0.5978110432624817,0.5484182834625244,0.6133026480674744
COCO_val2014_000000382603,0.5559291243553162,0.7482260465621948,0.19054481387138367
COCO_val2014_000000423498,0.6758692860603333,0.5479772686958313,0.583406925201416
COCO_val2014_000000283653,0.7267621755599976,0.5572230815887451,0.5846970081329346
COCO_val2014_000000560365,0.7341901063919067,0.7854753732681274,0.16384299099445343
COCO_val2014_000000047361,0.3349672555923462,0.448220431804657,0.9228966236114502
COCO_val2014_000000187072,0.18251760303974152,0.4063761830329895,1.143367052078247
COCO_val2014_000000495020,0.5106773972511292,0.33402055501937866,1.2733559608459473
COCO_val2014_000000276024,0.5497145056724548,0.455803245306015,0.8170648813247681
COCO_val2014_000000553879,0.6697333455085754,0.7132490873336792,0.2962559461593628
COCO_val2014_000000404602,0.37522172927856445,0.477547287940979,0.8775849938392639
COCO_val2014_000000433915,0.7940792441368103,0.6056877374649048,0.4601232409477234
COCO_val2014_000000325374,0.6055997014045715,0.39928048849105835,0.9824923276901245
COCO_val2014_000000558457,0.40499255061149597,0.40756601095199585,1.0240612030029297
COCO_val2014_000000209904,0.7334259748458862,0.7229688167572021,0.2620879113674164
COCO_val2014_000000373111,0.6556251049041748,0.7167018055915833,0.26910096406936646
COCO_val2014_000000315790,0.741553008556366,0.7314049005508423,0.24690160155296326
COCO_val2014_000000224104,0.593950629234314,0.4949427545070648,0.7502209544181824
COCO_val2014_000000045844,0.5036055445671082,0.6703213453292847,0.42053771018981934
COCO_val2014_000000426917,0.7065049409866333,0.6773619651794434,0.33459919691085815
COCO_val2014_000000054092,0.3973615765571594,0.6298677921295166,0.42968565225601196
COCO_val2014_000000550815,0.7141773700714111,0.779138445854187,0.17434412240982056
COCO_val2014_000000369771,0.5999325513839722,0.7376654744148254,0.20101642608642578
COCO_val2014_000000073470,0.6547859907150269,0.681901216506958,0.31775814294815063
COCO_val2014_000000075612,0.7310545444488525,0.5278444290161133,0.627249538898468
COCO_val2014_000000178691,0.4542621076107025,0.38270121812820435,1.0894432067871094
COCO_val2014_000000547212,0.43639907240867615,0.5663056969642639,0.5583451390266418
COCO_val2014_000000060448,0.5394080877304077,0.4704541265964508,0.851770281791687
COCO_val2014_000000462928,0.5245150327682495,0.5173438787460327,0.6965779066085815
COCO_val2014_000000497466,0.33916547894477844,0.4475865066051483,0.9410476684570312
COCO_val2014_000000558677,0.5533662438392639,0.6819825172424316,0.37270188331604004
COCO_val2014_000000236234,0.6405248641967773,0.5992356538772583,0.5285634994506836
COCO_val2014_000000520892,0.43146374821662903,0.3840446472167969,1.0494638681411743
COCO_val2014_000000132612,0.6825408339500427,0.4621061682701111,0.8251712322235107
COCO_val2014_000000285633,0.5051226615905762,0.5410791635513306,0.5988456606864929
COCO_val2014_000000091283,0.6475371718406677,0.6135709285736084,0.46736204624176025
COCO_val2014_000000031636,0.6319372057914734,0.6055309772491455,0.49462518095970154
COCO_val2014_000000189694,0.41895127296447754,0.5031181573867798,0.7527819275856018
COCO_val2014_000000573349,0.6860995888710022,0.6506592035293579,0.3672557771205902
COCO_val2014_000000445309,0.7694910168647766,0.7021809816360474,0.31930968165397644
COCO_val2014_000000225730,0.6717116236686707,0.5235614776611328,0.6931498050689697
COCO_val2014_000000244665,0.7097007632255554,0.6043856739997864,0.5022021532058716
COCO_val2014_000000531134,0.422332227230072,0.3782392144203186,1.1439405679702759
COCO_val2014_000000096110,0.6137879490852356,0.6582447290420532,0.394767701625824
COCO_val2014_000000120411,0.5334559679031372,0.4385885000228882,0.8840577602386475
COCO_val2014_000000397045,0.2443472445011139,0.40283888578414917,1.2287837266921997
COCO_val2014_000000415432,0.5256052017211914,0.6400325298309326,0.4463103413581848
COCO_val2014_000000517069,0.6379119157791138,0.6206167936325073,0.44432616233825684
COCO_val2014_000000238691,0.43926164507865906,0.5390150547027588,0.7500022649765015
COCO_val2014_000000503202,0.6063847541809082,0.6027596592903137,0.5374453663825989
COCO_val2014_000000012443,0.3897400200366974,0.5022801160812378,0.7973606586456299
COCO_val2014_000000549109,0.43550679087638855,0.6729557514190674,0.3258231580257416
COCO_val2014_000000097479,0.5185261368751526,0.3789682984352112,1.113766074180603
COCO_val2014_000000055017,0.7572613954544067,0.7625621557235718,0.16501551866531372
COCO_val2014_000000469067,0.34453409910202026,0.3556370139122009,1.257398009300232
COCO_val2014_000000160057,0.8662444353103638,0.8226537704467773,0.12920953333377838
COCO_val2014_000000022118,0.5397294163703918,0.5515051484107971,0.6819652915000916
COCO_val2014_000000070478,0.48642274737358093,0.48815596103668213,0.7800012826919556
COCO_val2014_000000449567,0.41733402013778687,0.541479229927063,0.7688696384429932
COCO_val2014_000000403657,0.16247552633285522,0.47249236702919006,0.916558027267456
COCO_val2014_000000157876,0.7406002879142761,0.6778329610824585,0.361487478017807
COCO_val2014_000000463527,0.6012591123580933,0.5830135345458984,0.5389218926429749
COCO_val2014_000000387369,0.5632047653198242,0.6747428774833679,0.38830965757369995
COCO_val2014_000000126744,0.5954990386962891,0.6249158382415771,0.4357491731643677
COCO_val2014_000000443602,0.4235953390598297,0.5104202032089233,0.7010951042175293
COCO_val2014_000000565405,0.5931307077407837,0.6985005140304565,0.294435977935791
COCO_val2014_000000580953,0.5271381139755249,0.6678464412689209,0.3271309733390808
COCO_val2014_000000226220,0.39626601338386536,0.5000753998756409,0.7352482080459595
COCO_val2014_000000398153,0.7364274859428406,0.6550549864768982,0.3812940716743469
COCO_val2014_000000331395,0.4949378967285156,0.5366606712341309,0.6282919645309448
COCO_val2014_000000370953,0.15469902753829956,0.44116175174713135,1.2550684213638306
COCO_val2014_000000557324,0.7568576335906982,0.7963796854019165,0.1457522064447403
COCO_val2014_000000113235,0.5464725494384766,0.5624408721923828,0.5861358642578125
COCO_val2014_000000369482,0.40772736072540283,0.3877052664756775,1.066807746887207
COCO_val2014_000000085632,0.1376694291830063,0.5117998719215393,0.7417614459991455
COCO_val2014_000000392320,0.5490265488624573,0.6088187098503113,0.5022861957550049
COCO_val2014_000000221609,0.41305842995643616,0.3667345643043518,1.339453935623169
COCO_val2014_000000510651,0.589686393737793,0.5178395509719849,0.6974117755889893
COCO_val2014_000000219928,0.2567070722579956,0.4806861877441406,0.9420638084411621
COCO_val2014_000000457078,0.2670394480228424,0.5819929838180542,0.7052223682403564
COCO_val2014_000000289120,0.4867173433303833,0.5524551272392273,0.6512040495872498
COCO_val2014_000000198486,0.6894632577896118,0.5266669988632202,0.6625226736068726
COCO_val2014_000000460684,0.6038320660591125,0.628520667552948,0.46921634674072266
COCO_val2014_000000421865,0.3545055687427521,0.5529438257217407,0.7289266586303711
COCO_val2014_000000294032,0.47956159710884094,0.4886220693588257,0.7642894983291626
COCO_val2014_000000341401,0.629414975643158,0.5203306674957275,0.6702868342399597
COCO_val2014_000000328433,0.1863112449645996,0.20971737802028656,2.03071665763855
COCO_val2014_000000071826,0.33330413699150085,0.6017453670501709,0.6154738664627075
COCO_val2014_000000066568,0.676159143447876,0.6733785271644592,0.3510514199733734
COCO_val2014_000000106344,0.6430189609527588,0.5755391120910645,0.5544859170913696
COCO_val2014_000000314074,0.6017009019851685,0.5723298788070679,0.5605190992355347
COCO_val2014_000000092602,0.7908103466033936,0.8265745639801025,0.12004074454307556
COCO_val2014_000000144938,0.5530686974525452,0.4983575940132141,0.7569079995155334
COCO_val2014_000000337551,0.298428475856781,0.43681591749191284,0.8947796821594238
COCO_val2014_000000051376,0.7369853258132935,0.7469701766967773,0.223005011677742
COCO_val2014_000000041110,0.4328318238258362,0.42424994707107544,1.0177479982376099
COCO_val2014_000000349936,0.5906519889831543,0.7299761772155762,0.34111565351486206
COCO_val2014_000000114481,0.43981900811195374,0.4354247450828552,0.9810771942138672
COCO_val2014_000000150986,0.6480836272239685,0.7105993032455444,0.2924841642379761
COCO_val2014_000000315565,0.5464004874229431,0.4647926390171051,0.8449522852897644
COCO_val2014_000000309022,0.6744024753570557,0.7192280292510986,0.28844118118286133
COCO_val2014_000000168781,0.24767833948135376,0.3881775736808777,1.1600877046585083
COCO_val2014_000000528311,0.6916676759719849,0.6986585855484009,0.3250313997268677
COCO_val2014_000000338207,0.6894264221191406,0.5775580406188965,0.5339959263801575
COCO_val2014_000000096539,0.3489432632923126,0.35782480239868164,1.214979648590088
COCO_val2014_000000292118,0.575163722038269,0.40519648790359497,1.005293607711792
COCO_val2014_000000279491,0.29769837856292725,0.41886770725250244,1.0500872135162354
COCO_val2014_000000275585,0.7532567381858826,0.7806464433670044,0.17497122287750244
COCO_val2014_000000097379,0.45112425088882446,0.5585073232650757,0.5956902503967285
COCO_val2014_000000129502,0.5969619154930115,0.39875680208206177,1.0327537059783936
COCO_val2014_000000006608,0.5865254402160645,0.6229171752929688,0.4525555670261383
COCO_val2014_000000287443,0.8171897530555725,0.727287769317627,0.26990199089050293
COCO_val2014_000000340420,0.5927321910858154,0.6034437417984009,0.4928249418735504
COCO_val2014_000000441541,0.6176742315292358,0.7218931913375854,0.2567242383956909
COCO_val2014_000000499810,0.2335706651210785,0.5973497629165649,0.5675027370452881
COCO_val2014_000000427133,0.6731953024864197,0.6377984285354614,0.460603266954422
COCO_val2014_000000568132,0.540346622467041,0.421871155500412,1.0133607387542725
COCO_val2014_000000573605,0.6006312370300293,0.6543669700622559,0.41031110286712646
COCO_val2014_000000191949,0.4661461114883423,0.2944575548171997,1.4390424489974976
COCO_val2014_000000210736,0.4195263683795929,0.5073382258415222,0.7210203409194946
COCO_val2014_000000438737,0.6684163212776184,0.6871926784515381,0.3157482445240021
COCO_val2014_000000473573,0.7192065119743347,0.7603781223297119,0.20125031471252441
COCO_val2014_000000392753,0.7004374861717224,0.6291245818138123,0.4684097468852997
COCO_val2014_000000457226,0.5343213081359863,0.4697515070438385,0.7747915983200073
COCO_val2014_000000269037,0.49907970428466797,0.5996596813201904,0.48116958141326904
COCO_val2014_000000299074,0.47564756870269775,0.660373866558075,0.42797794938087463
COCO_val2014_000000059015,0.6882097125053406,0.5965267419815063,0.5320441126823425
COCO_val2014_000000482589,0.6789256930351257,0.5425173044204712,0.6266183853149414
COCO_val2014_000000301746,0.5008668899536133,0.5735538601875305,0.6156585216522217
COCO_val2014_000000149676,0.4307205379009247,0.5113709568977356,0.8672853708267212
COCO_val2014_000000401088,0.6302701830863953,0.6547005772590637,0.4296118915081024
COCO_val2014_000000393692,0.8152819871902466,0.766208291053772,0.2073400318622589
COCO_val2014_000000011696,0.6267768740653992,0.4650324881076813,0.760505735874176
COCO_val2014_000000558498,0.6309548020362854,0.4190227687358856,0.9359853863716125
COCO_val2014_000000225558,0.5002471804618835,0.4883681535720825,0.7500553131103516
COCO_val2014_000000330750,0.4365628957748413,0.5063425302505493,0.7614675760269165
COCO_val2014_000000488401,0.5021471381187439,0.6511837244033813,0.37740620970726013
COCO_val2014_000000566049,0.46184322237968445,0.45927369594573975,0.8365751504898071
COCO_val2014_000000262030,0.5963648557662964,0.7172785997390747,0.276792049407959
COCO_val2014_000000358525,0.5385798811912537,0.4652522802352905,0.8603602051734924
COCO_val2014_000000436992,0.4100133180618286,0.5190616250038147,0.6782987117767334
COCO_val2014_000000013659,0.26043206453323364,0.4593231678009033,0.8943966627120972
COCO_val2014_000000332844,0.4863833487033844,0.3910386562347412,1.0701878070831299
COCO_val2014_000000064015,0.43269747495651245,0.30801165103912354,1.4254190921783447
COCO_val2014_000000361481,0.8395887017250061,0.7827421426773071,0.18228024244308472
COCO_val2014_000000077615,0.5896846652030945,0.4603673815727234,0.8195896148681641
COCO_val2014_000000505822,0.4730794131755829,0.5595381259918213,0.6798322200775146
COCO_val2014_000000514376,0.6730418801307678,0.599888265132904,0.4838184118270874
COCO_val2014_000000459050,0.7436850666999817,0.7658935785293579,0.1789163053035736
COCO_val2014_000000498641,0.6018123030662537,0.6298635005950928,0.42119747400283813
COCO_val2014_000000170700,0.5100072026252747,0.6340523958206177,0.40846115350723267
COCO_val2014_000000251920,0.7104253172874451,0.7343058586120605,0.22871971130371094
COCO_val2014_000000059744,0.5394809246063232,0.5060545206069946,0.7335470914840698
COCO_val2014_000000119641,-0.06362809240818024,0.23991838097572327,1.7121670246124268
COCO_val2014_000000270096,0.608740508556366,0.6670704483985901,0.39315280318260193
COCO_val2014_000000389644,0.6603865623474121,0.6019419431686401,0.5079330205917358
COCO_val2014_000000405279,0.6696475744247437,0.6907516121864319,0.3200468122959137
COCO_val2014_000000312627,0.6203717589378357,0.54432213306427,0.623553454875946
COCO_val2014_000000001532,0.6004559397697449,0.4766837954521179,0.7734395861625671
COCO_val2014_000000434990,0.46117281913757324,0.5609239339828491,0.6219527721405029
COCO_val2014_000000231343,0.433231920003891,0.4739300608634949,0.9058665633201599
COCO_val2014_000000579822,0.4943258464336395,0.46293315291404724,0.9119695425033569
COCO_val2014_000000330676,0.4430469274520874,0.5445084571838379,0.6476335525512695
COCO_val2014_000000414385,0.3618124723434448,0.39976388216018677,1.074587106704712
COCO_val2014_000000480400,0.638704776763916,0.7085944414138794,0.3031826615333557
COCO_val2014_000000442942,0.6156600713729858,0.552918553352356,0.6064112782478333
COCO_val2014_000000506933,0.5440431237220764,0.6097707748413086,0.4693284034729004
COCO_val2014_000000104326,0.6827504634857178,0.6461908221244812,0.4050840437412262
COCO_val2014_000000206922,0.5738549828529358,0.6427904963493347,0.44467639923095703
COCO_val2014_000000512116,0.5489237308502197,0.3573238253593445,1.133001446723938
COCO_val2014_000000018687,0.5481685996055603,0.6255676746368408,0.4515342116355896
COCO_val2014_000000416308,0.5899296998977661,0.6511236429214478,0.42382359504699707
COCO_val2014_000000541018,0.775179922580719,0.7535889744758606,0.1972450315952301
COCO_val2014_000000194414,0.30171531438827515,0.31683844327926636,1.3027493953704834
COCO_val2014_000000490225,0.5349576473236084,0.5533274412155151,0.6087422370910645
COCO_val2014_000000508899,0.5451176762580872,0.4086786210536957,0.9869508147239685
COCO_val2014_000000014248,0.47363099455833435,0.3775913119316101,1.0781707763671875
COCO_val2014_000000255096,0.5422254204750061,0.4300079345703125,0.9264475107192993
COCO_val2014_000000395402,0.7128695249557495,0.6952472925186157,0.29333895444869995
COCO_val2014_000000147740,0.7144996523857117,0.6229175329208374,0.44436681270599365
COCO_val2014_000000453001,0.559959888458252,0.5605190992355347,0.6779463291168213
COCO_val2014_000000090659,0.43336203694343567,0.5838932991027832,0.6095552444458008
COCO_val2014_000000075696,0.4823125898838043,0.5387635827064514,0.623015820980072
COCO_val2014_000000154884,0.23089873790740967,0.39565417170524597,1.0818846225738525
COCO_val2014_000000397734,0.6039278507232666,0.6121242642402649,0.4788097143173218
COCO_val2014_000000544121,0.5463233590126038,0.5856341123580933,0.5750380754470825
COCO_val2014_000000117836,0.5989388823509216,0.7430804967880249,0.21559464931488037
COCO_val2014_000000257058,0.34286966919898987,0.42975741624832153,1.0877282619476318
COCO_val2014_000000469165,0.617495596408844,0.5785317420959473,0.5524944067001343
COCO_val2014_000000347930,0.5022833347320557,0.42928287386894226,0.9608323574066162
COCO_val2014_000000359801,0.4672134220600128,0.31654831767082214,1.3702268600463867
COCO_val2014_000000393271,0.5577068328857422,0.5331317782402039,0.6900424957275391
COCO_val2014_000000361521,0.5132686495780945,0.46997174620628357,0.8782291412353516
COCO_val2014_000000187424,0.05588817223906517,0.3016727864742279,1.4832592010498047
COCO_val2014_000000125071,0.416379451751709,0.6072454452514648,0.5982270240783691
COCO_val2014_000000200541,0.4755053222179413,0.5867322087287903,0.5147351622581482
COCO_val2014_000000453159,0.5064679980278015,0.6637893915176392,0.40779921412467957
COCO_val2014_000000441862,0.3609257638454437,0.4899076819419861,0.8066045045852661
COCO_val2014_000000545219,0.6764684319496155,0.691879391670227,0.32044973969459534
COCO_val2014_000000096306,0.6802812814712524,0.5981671810150146,0.5116000175476074
COCO_val2014_000000323327,0.5494985580444336,0.5434855222702026,0.6614946126937866
COCO_val2014_000000539787,0.38730955123901367,0.4341728687286377,0.9929938912391663
COCO_val2014_000000373768,0.5349583029747009,0.5664819478988647,0.5974842309951782
COCO_val2014_000000214692,0.27023667097091675,0.4481154978275299,0.9390004873275757
COCO_val2014_000000327890,0.5974724292755127,0.7374591827392578,0.22264544665813446
COCO_val2014_000000012700,0.47252053022384644,0.5940903425216675,0.5224504470825195
COCO_val2014_000000007574,0.36071956157684326,0.5211508274078369,0.6980435848236084
COCO_val2014_000000050350,0.6548529863357544,0.6128066778182983,0.4695764183998108
COCO_val2014_000000457566,0.6401041746139526,0.6224817633628845,0.42733055353164673
COCO_val2014_000000001675,0.17682118713855743,0.28279179334640503,1.525134563446045
COCO_val2014_000000248014,0.5509323477745056,0.669796884059906,0.36302274465560913
COCO_val2014_000000482275,0.3961527645587921,0.38063883781433105,1.0932649374008179
COCO_val2014_000000002154,0.21573704481124878,0.4846736788749695,0.7860995531082153
COCO_val2014_000000540414,0.7353469729423523,0.7540950775146484,0.23183795809745789
COCO_val2014_000000279386,0.5244771838188171,0.4721948504447937,0.8472573757171631
COCO_val2014_000000371054,0.7031278610229492,0.737343430519104,0.24459543824195862
COCO_val2014_000000185444,0.06973618268966675,0.2990570366382599,1.6125662326812744
COCO_val2014_000000487375,0.2916092276573181,0.3694079518318176,1.1559240818023682
COCO_val2014_000000097579,0.5799826383590698,0.5429208278656006,0.6482492685317993
COCO_val2014_000000133146,0.7441553473472595,0.7662363648414612,0.1868482381105423
COCO_val2014_000000577654,0.6329885721206665,0.7446828484535217,0.23579564690589905
COCO_val2014_000000167477,0.43834641575813293,0.5461487174034119,0.6907533407211304
COCO_val2014_000000073209,0.25588929653167725,0.482949435710907,0.9176424741744995
COCO_val2014_000000274134,0.5375069379806519,0.7010034322738647,0.28332653641700745
COCO_val2014_000000001561,0.3860808312892914,0.3408024311065674,1.2747654914855957
COCO_val2014_000000122588,0.6936396956443787,0.711857795715332,0.29089587926864624
COCO_val2014_000000167347,0.5957154631614685,0.3666006028652191,1.1334539651870728
COCO_val2014_000000507037,0.42253807187080383,0.47208917140960693,0.789204478263855
COCO_val2014_000000317622,0.5271140933036804,0.55976402759552,0.5875909328460693
COCO_val2014_000000114147,0.7012712955474854,0.6447232961654663,0.4132998585700989
COCO_val2014_000000493206,0.8055078387260437,0.8023796677589417,0.14594492316246033
COCO_val2014_000000385997,0.409140944480896,0.5612701773643494,0.5904008150100708
COCO_val2014_000000089556,0.7590779066085815,0.7388991117477417,0.2158661186695099
COCO_val2014_000000209071,0.6164936423301697,0.6624518036842346,0.426075279712677
COCO_val2014_000000055467,0.7253184914588928,0.7059918642044067,0.2948688268661499
COCO_val2014_000000011360,0.4778241515159607,0.5739469528198242,0.5697283148765564
COCO_val2014_000000558633,0.3018142282962799,0.3981793522834778,1.0444104671478271
COCO_val2014_000000265915,0.7352392673492432,0.6421847343444824,0.4078081250190735
COCO_val2014_000000556597,0.5409483313560486,0.553439736366272,0.5921499729156494
COCO_val2014_000000043305,0.32951825857162476,0.5349071025848389,0.707202672958374
COCO_val2014_000000116405,0.5735424160957336,0.5233153104782104,0.723035991191864
COCO_val2014_000000494580,0.7938083410263062,0.7536468505859375,0.22399106621742249
COCO_val2014_000000119939,0.5739044547080994,0.5828505754470825,0.5340094566345215
COCO_val2014_000000405674,0.3439907133579254,0.5265660285949707,0.6640387773513794
COCO_val2014_000000382512,0.6258296370506287,0.5569048523902893,0.6067866086959839
COCO_val2014_000000313562,0.18004494905471802,0.294625461101532,1.6472976207733154
COCO_val2014_000000003983,0.6652635335922241,0.686268150806427,0.3507201671600342
COCO_val2014_000000490441,0.39446040987968445,0.4715504050254822,0.7957085967063904
COCO_val2014_000000141779,0.5306544899940491,0.6010713577270508,0.5952867269515991
COCO_val2014_000000242679,0.5907496213912964,0.7445249557495117,0.24123387038707733
COCO_val2014_000000378502,0.6388944387435913,0.5804141759872437,0.5402119159698486
COCO_val2014_000000580704,0.647438645362854,0.5752414464950562,0.5413511991500854
COCO_val2014_000000210990,0.2588488459587097,0.32403460144996643,1.4473931789398193
COCO_val2014_000000291742,0.7251681685447693,0.707123875617981,0.29368871450424194
COCO_val2014_000000150686,0.5828351974487305,0.6632144451141357,0.3900039792060852
COCO_val2014_000000179926,0.4959016442298889,0.44759005308151245,0.8712546229362488
COCO_val2014_000000057508,0.4433589279651642,0.43387746810913086,0.9647119045257568
COCO_val2014_000000529355,0.421005517244339,0.4954224228858948,0.7841655015945435
COCO_val2014_000000326086,0.6154752373695374,0.5465055108070374,0.6343360543251038
COCO_val2014_000000336872,0.5921157598495483,0.7355779409408569,0.22509470582008362
COCO_val2014_000000179699,0.33413612842559814,0.4917980432510376,0.7398221492767334
COCO_val2014_000000296604,0.6642481088638306,0.7493915557861328,0.2054530382156372
COCO_val2014_000000536403,0.6785706281661987,0.642093300819397,0.43073222041130066
COCO_val2014_000000275449,0.36748066544532776,0.4759335517883301,0.9210278987884521
COCO_val2014_000000033109,0.7450400590896606,0.6434298157691956,0.40108299255371094
COCO_val2014_000000020925,0.46287432312965393,0.4012295603752136,1.019697666168213
COCO_val2014_000000429505,0.4749669134616852,0.6759644746780396,0.34415826201438904
COCO_val2014_000000482585,0.6454680562019348,0.6789801716804504,0.3384956121444702
COCO_val2014_000000306974,0.5373442769050598,0.41904011368751526,1.0187616348266602
COCO_val2014_000000555582,0.3306195139884949,0.4231032729148865,0.9325989484786987
COCO_val2014_000000182236,0.43700191378593445,0.4155835211277008,1.059178352355957
COCO_val2014_000000096043,0.5140458345413208,0.5276181697845459,0.6517747640609741
COCO_val2014_000000034786,0.5020820498466492,0.447966605424881,0.8736535310745239
COCO_val2014_000000492524,0.22156770527362823,0.3695845603942871,1.169396162033081
COCO_val2014_000000234238,0.40958458185195923,0.6429911255836487,0.38053709268569946
COCO_val2014_000000520524,0.6657288670539856,0.7329400181770325,0.24798113107681274
COCO_val2014_000000316666,0.7553419470787048,0.6760962009429932,0.35468170046806335
COCO_val2014_000000568041,0.6122927069664001,0.7130385041236877,0.25697797536849976
COCO_val2014_000000171360,0.6561763286590576,0.7745975852012634,0.1951575130224228
COCO_val2014_000000182784,0.6757714748382568,0.6536844968795776,0.4021397829055786
COCO_val2014_000000555005,0.762784481048584,0.8065043687820435,0.14255687594413757
COCO_val2014_000000210522,0.1368565559387207,0.32699447870254517,1.3578513860702515
COCO_val2014_000000431152,0.610784113407135,0.5447030067443848,0.6589727401733398
COCO_val2014_000000014713,0.6733038425445557,0.7665153741836548,0.19457978010177612
COCO_val2014_000000033645,0.10110077261924744,0.26260441541671753,1.7307672500610352
COCO_val2014_000000380057,0.5081487894058228,0.6082946062088013,0.4781602621078491
COCO_val2014_000000262658,0.4932880103588104,0.34543049335479736,1.1997008323669434
COCO_val2014_000000031569,0.6895079612731934,0.7305317521095276,0.2371167242527008
COCO_val2014_000000088436,0.7008953094482422,0.7199177145957947,0.29506850242614746
COCO_val2014_000000466665,0.778380274772644,0.7731247544288635,0.19107037782669067
COCO_val2014_000000358817,0.10166584700345993,0.3156420588493347,1.447333574295044
COCO_val2014_000000085390,0.33487728238105774,0.5435498952865601,0.6242576837539673
COCO_val2014_000000540159,0.3988529145717621,0.5905316472053528,0.49798575043678284
COCO_val2014_000000447169,0.5303292274475098,0.7009738683700562,0.2643691897392273
COCO_val2014_000000188311,0.7558979392051697,0.7793058156967163,0.18144607543945312
COCO_val2014_000000019158,0.05079219117760658,0.3075264096260071,1.6557049751281738
COCO_val2014_000000088513,0.5848270654678345,0.3823780119419098,1.041892170906067
COCO_val2014_000000423715,0.6279251575469971,0.5913101434707642,0.5297905206680298
COCO_val2014_000000015497,0.46972012519836426,0.4734785556793213,0.8954988121986389
COCO_val2014_000000109532,0.5933696031570435,0.7231447696685791,0.2622221112251282
COCO_val2014_000000334332,0.6217922568321228,0.5493501424789429,0.6022657155990601
COCO_val2014_000000162454,0.6956518888473511,0.6109150648117065,0.45757317543029785
COCO_val2014_000000507330,0.6029602885246277,0.4741835296154022,0.8152191638946533
COCO_val2014_000000270066,0.5024861693382263,0.639930248260498,0.44889408349990845
COCO_val2014_000000358796,0.5803415179252625,0.6126789450645447,0.49051034450531006
COCO_val2014_000000267932,0.6027448177337646,0.6067948341369629,0.4937644302845001
COCO_val2014_000000000810,0.621285080909729,0.5273680686950684,0.6337482929229736
COCO_val2014_000000190829,0.49583879113197327,0.5342415571212769,0.628987193107605
COCO_val2014_000000101936,0.6024468541145325,0.6745972633361816,0.357705682516098
COCO_val2014_000000158292,0.7066889405250549,0.569830596446991,0.5386654138565063
COCO_val2014_000000120356,0.3806019127368927,0.47220611572265625,0.9036442041397095
COCO_val2014_000000052282,0.6202319860458374,0.6130075454711914,0.4826463460922241
COCO_val2014_000000138054,0.39713847637176514,0.5422200560569763,0.6550847291946411
COCO_val2014_000000555848,0.7589189410209656,0.6919152140617371,0.31912368535995483
COCO_val2014_000000303847,0.5680826306343079,0.6770635843276978,0.34574535489082336
COCO_val2014_000000510798,0.6257033348083496,0.45294487476348877,0.8190882802009583
COCO_val2014_000000049985,0.47383010387420654,0.551742434501648,0.6679683923721313
COCO_val2014_000000000192,0.5425527095794678,0.4131672978401184,0.9693682193756104
COCO_val2014_000000020268,0.5060759782791138,0.5433387756347656,0.6740356087684631
COCO_val2014_000000516786,0.34531110525131226,0.2800053358078003,1.5896379947662354
COCO_val2014_000000319053,0.6322984099388123,0.5429078340530396,0.6088679432868958
COCO_val2014_000000153445,0.17183823883533478,0.36862897872924805,1.2209184169769287
COCO_val2014_000000465223,0.7302795052528381,0.6601026058197021,0.35699450969696045
COCO_val2014_000000552377,0.6542307138442993,0.7349652647972107,0.20566953718662262
COCO_val2014_000000375285,0.640641450881958,0.6442669034004211,0.43980932235717773
COCO_val2014_000000265227,0.7473987340927124,0.6903924345970154,0.3081669807434082
COCO_val2014_000000290248,0.4699169099330902,0.5635690689086914,0.5873274207115173
COCO_val2014_000000091617,0.5248788595199585,0.6015255451202393,0.4812436103820801
COCO_val2014_000000333434,-0.1019969955086708,0.29693055152893066,1.4423010349273682
COCO_val2014_000000427476,0.47977882623672485,0.3869091272354126,1.1256864070892334
COCO_val2014_000000405657,0.38782042264938354,0.45055392384529114,0.8522007465362549
COCO_val2014_000000403150,0.5258820652961731,0.45419588685035706,0.8365885615348816
COCO_val2014_000000086426,0.6883295178413391,0.6585041284561157,0.38075071573257446
COCO_val2014_000000502001,0.49097228050231934,0.6568752527236938,0.36219075322151184
COCO_val2014_000000322610,0.5618185997009277,0.6265534162521362,0.45079225301742554
COCO_val2014_000000370478,0.587817907333374,0.6777434349060059,0.3386111259460449
COCO_val2014_000000153040,0.6313449740409851,0.6366069316864014,0.41750067472457886
COCO_val2014_000000019763,0.6165217161178589,0.7109839916229248,0.2936897575855255
COCO_val2014_000000303670,0.6038228273391724,0.6563824415206909,0.3528795838356018
COCO_val2014_000000549943,0.5082948207855225,0.553075909614563,0.6688866019248962
COCO_val2014_000000569543,0.5160240530967712,0.5440467000007629,0.6371365189552307
COCO_val2014_000000295683,0.3932756781578064,0.5946905016899109,0.4835839569568634
COCO_val2014_000000030785,0.5780128240585327,0.6008203625679016,0.49711212515830994
COCO_val2014_000000531917,0.4064614176750183,0.40570068359375,1.0691373348236084
COCO_val2014_000000554828,0.578223466873169,0.5297923684120178,0.6582619547843933
COCO_val2014_000000536720,0.5984243154525757,0.5355332493782043,0.6572155952453613
COCO_val2014_000000000164,0.6486694812774658,0.6616989374160767,0.3722110986709595
COCO_val2014_000000397268,0.7213196754455566,0.768013596534729,0.17969362437725067
COCO_val2014_000000512302,0.7186570763587952,0.7408363819122314,0.2262851595878601
COCO_val2014_000000534018,0.7068435549736023,0.651772141456604,0.39527785778045654
COCO_val2014_000000278463,0.5438154339790344,0.5309862494468689,0.6157597303390503
COCO_val2014_000000308900,0.4129481017589569,0.5661208629608154,0.7018545866012573
COCO_val2014_000000504005,0.7867383360862732,0.8288521766662598,0.09432019293308258
COCO_val2014_000000396385,0.2313874214887619,0.4174996316432953,1.1100106239318848
COCO_val2014_000000404526,0.597393810749054,0.6287733316421509,0.49441128969192505
COCO_val2014_000000531510,0.60854572057724,0.5914010405540466,0.5206425786018372
COCO_val2014_000000009483,0.23189499974250793,0.4022086262702942,1.1587233543395996
COCO_val2014_000000159223,0.569086492061615,0.4577171802520752,0.8387168645858765
COCO_val2014_000000458109,0.7037825584411621,0.7564072608947754,0.18235577642917633
COCO_val2014_000000256180,0.582570493221283,0.6959949731826782,0.32361501455307007
COCO_val2014_000000254994,0.5148700475692749,0.4906401038169861,0.8043991923332214
COCO_val2014_000000491213,0.6479679942131042,0.6674978733062744,0.3620774447917938
COCO_val2014_000000561619,0.229751855134964,0.44642743468284607,0.9765279293060303
COCO_val2014_000000558539,0.28235453367233276,0.44974514842033386,1.006152868270874
COCO_val2014_000000077951,0.8211205005645752,0.6837623119354248,0.3179726004600525
COCO_val2014_000000559550,0.30124926567077637,0.505927562713623,0.7682322263717651
COCO_val2014_000000075023,0.5655641555786133,0.46779370307922363,0.7786848545074463
COCO_val2014_000000229342,0.36558523774147034,0.5094724893569946,0.7907400131225586
COCO_val2014_000000189376,0.4958314001560211,0.4912838935852051,0.7946004867553711
COCO_val2014_000000394510,0.23227789998054504,0.3255620002746582,1.361762285232544
COCO_val2014_000000199842,0.29588696360588074,0.42313113808631897,1.0166876316070557
COCO_val2014_000000429833,0.7641303539276123,0.7361119985580444,0.23499393463134766
COCO_val2014_000000091883,0.6407192349433899,0.6577832698822021,0.37604188919067383
COCO_val2014_000000214727,0.41480520367622375,0.31099915504455566,1.419556736946106
COCO_val2014_000000331535,0.6805537939071655,0.7710845470428467,0.17236724495887756
COCO_val2014_000000083462,0.6223403215408325,0.6861751675605774,0.3773459196090698
COCO_val2014_000000511241,0.7004923820495605,0.72052401304245,0.2698168158531189
COCO_val2014_000000155341,0.5999149084091187,0.6077791452407837,0.4696025550365448
COCO_val2014_000000147904,0.4035414755344391,0.44052448868751526,0.9884687662124634
COCO_val2014_000000511599,0.609620213508606,0.546066164970398,0.5861829519271851
COCO_val2014_000000171190,0.6768004298210144,0.662429928779602,0.3766975402832031
COCO_val2014_000000257370,0.68278968334198,0.6490153670310974,0.4049493670463562
COCO_val2014_000000337160,0.3008120656013489,0.4828273057937622,0.8835517168045044
COCO_val2014_000000000257,0.5103929042816162,0.5814415216445923,0.5886124968528748
COCO_val2014_000000135436,0.6146546006202698,0.6457032561302185,0.4344288110733032
COCO_val2014_000000514417,0.3162081837654114,0.5146738290786743,0.6670777201652527
COCO_val2014_000000112568,0.2886219918727875,0.455650269985199,0.911391019821167
COCO_val2014_000000501982,0.5633593797683716,0.4558943510055542,0.8599215745925903
COCO_val2014_000000085795,0.43327951431274414,0.46352195739746094,0.9265681505203247
COCO_val2014_000000162579,0.3312669098377228,0.537883996963501,0.6782069802284241
COCO_val2014_000000577128,0.7770724296569824,0.7437900304794312,0.2106669545173645
COCO_val2014_000000467726,0.6308902502059937,0.6675013303756714,0.3676747977733612
COCO_val2014_000000119402,0.5309213995933533,0.328852117061615,1.2290127277374268
COCO_val2014_000000348186,0.6542404890060425,0.5722900629043579,0.5423892736434937
COCO_val2014_000000422918,0.16706319153308868,0.29093196988105774,1.4207570552825928
COCO_val2014_000000328403,0.460887610912323,0.6419813632965088,0.39100831747055054
COCO_val2014_000000369093,0.8008375763893127,0.7736954092979431,0.1939631849527359
COCO_val2014_000000242734,0.8141359686851501,0.7648361921310425,0.2198052704334259
COCO_val2014_000000087038,0.71991366147995,0.6019936203956604,0.4721073508262634
COCO_val2014_000000239837,0.5072055459022522,0.5636327862739563,0.6114424467086792
COCO_val2014_000000453824,0.4085177481174469,0.5428295731544495,0.6284209489822388
COCO_val2014_000000550405,0.6213747262954712,0.6649588346481323,0.3595736622810364
COCO_val2014_000000182523,0.5445472002029419,0.5202678442001343,0.6941908001899719
COCO_val2014_000000407056,0.7345176339149475,0.7786444425582886,0.17326709628105164
COCO_val2014_000000033489,0.6526905298233032,0.7453478574752808,0.23583866655826569
COCO_val2014_000000421566,0.5012006759643555,0.6037713289260864,0.5363587737083435
COCO_val2014_000000325867,0.7216451168060303,0.7629296779632568,0.1900012046098709
COCO_val2014_000000157516,0.5478419661521912,0.4455071687698364,0.874242901802063
COCO_val2014_000000254814,0.707239031791687,0.7264219522476196,0.2552236318588257
COCO_val2014_000000243418,0.5303052067756653,0.5572935342788696,0.5800858736038208
COCO_val2014_000000074638,0.28706827759742737,0.5105382800102234,0.819209098815918
COCO_val2014_000000166565,0.6765328049659729,0.7021759152412415,0.31388646364212036
COCO_val2014_000000318777,0.4688912630081177,0.5580995082855225,0.6415034532546997
COCO_val2014_000000057878,0.13516250252723694,0.4096422791481018,1.3972265720367432
COCO_val2014_000000031519,0.5998120307922363,0.640169084072113,0.4433252215385437
COCO_val2014_000000248582,0.7239302396774292,0.7813332080841064,0.18877938389778137
COCO_val2014_000000027975,0.4612742066383362,0.4727490544319153,0.8862850666046143
COCO_val2014_000000274671,0.7534649968147278,0.7366973161697388,0.24859267473220825
COCO_val2014_000000065358,0.5439972877502441,0.5905927419662476,0.5010114908218384
COCO_val2014_000000181655,0.5145114660263062,0.5558225512504578,0.6383303999900818
COCO_val2014_000000539808,0.2849789261817932,0.4294995069503784,1.0683810710906982
COCO_val2014_000000530987,0.6417883038520813,0.5827016830444336,0.5362385511398315
COCO_val2014_000000558645,0.6222946643829346,0.5371854305267334,0.6546178460121155
COCO_val2014_000000346262,0.6350650787353516,0.731261134147644,0.25849050283432007
COCO_val2014_000000257971,0.20545080304145813,0.3666103780269623,1.208432674407959
COCO_val2014_000000283012,0.568700909614563,0.42349499464035034,0.9386182427406311
COCO_val2014_000000277831,0.5396319627761841,0.7492918968200684,0.22925637662410736
COCO_val2014_000000346759,0.5470028519630432,0.542309045791626,0.6291477084159851
COCO_val2014_000000456884,0.5640313029289246,0.6723965406417847,0.3539653420448303
COCO_val2014_000000298525,0.6810637712478638,0.7551857233047485,0.219813272356987
COCO_val2014_000000486770,0.49282029271125793,0.5878393054008484,0.537034273147583
COCO_val2014_000000075183,0.43023839592933655,0.6330907344818115,0.43387463688850403
COCO_val2014_000000187249,0.6598007082939148,0.6027804613113403,0.5156964063644409
COCO_val2014_000000125909,0.5821372866630554,0.6105097532272339,0.44967177510261536
COCO_val2014_000000197097,0.429309219121933,0.3883174955844879,1.0485379695892334
COCO_val2014_000000435922,0.5367563366889954,0.46879661083221436,0.8418490290641785
COCO_val2014_000000123642,0.5617364645004272,0.6899920105934143,0.3220895528793335
COCO_val2014_000000310532,0.5642811059951782,0.7102692127227783,0.29643261432647705
COCO_val2014_000000363286,0.5932767987251282,0.5935519337654114,0.49290162324905396
COCO_val2014_000000329217,0.7618557810783386,0.6934102773666382,0.31448686122894287
COCO_val2014_000000441156,0.6419059634208679,0.48413795232772827,0.7603833079338074
COCO_val2014_000000475990,0.49515292048454285,0.3477007746696472,1.205515742301941
COCO_val2014_000000216761,0.6896746754646301,0.7579672336578369,0.23782643675804138
COCO_val2014_000000479176,0.40914836525917053,0.49200868606567383,0.8216720819473267
COCO_val2014_000000037671,0.4295045733451843,0.5659806132316589,0.6022743582725525
COCO_val2014_000000466787,0.6944594979286194,0.7593530416488647,0.20031221210956573
COCO_val2014_000000565563,0.6507423520088196,0.7312078475952148,0.31229639053344727
COCO_val2014_000000142248,0.5628110766410828,0.6367707848548889,0.41394299268722534
COCO_val2014_000000297349,0.4304251968860626,0.5812668204307556,0.5574756264686584
COCO_val2014_000000400525,0.6081570982933044,0.7228080630302429,0.2726514935493469
COCO_val2014_000000481285,0.5662473440170288,0.47398680448532104,0.7692062854766846
COCO_val2014_000000137118,0.7001555562019348,0.669784426689148,0.3926084637641907
COCO_val2014_000000200291,0.5475499033927917,0.5610078573226929,0.5900129675865173
COCO_val2014_000000218703,0.6938412189483643,0.6903404593467712,0.3895953297615051
COCO_val2014_000000267910,0.6223756670951843,0.6661507487297058,0.4022197723388672
COCO_val2014_000000180653,0.3691006302833557,0.3968038856983185,1.1118347644805908
COCO_val2014_000000248142,0.33354243636131287,0.5049230456352234,0.7510039806365967
COCO_val2014_000000100238,0.36425235867500305,0.4612113833427429,0.9163318872451782
COCO_val2014_000000352895,0.6296852231025696,0.6555933952331543,0.4879113435745239
COCO_val2014_000000334746,0.607029378414154,0.6856814026832581,0.31622856855392456
COCO_val2014_000000534467,0.6498252749443054,0.6758475303649902,0.4019984006881714
COCO_val2014_000000510992,0.38655027747154236,0.446479469537735,0.9044198393821716
COCO_val2014_000000242543,0.7389819622039795,0.6682940721511841,0.375033974647522
COCO_val2014_000000195800,0.20110929012298584,0.3902271091938019,1.0666972398757935
COCO_val2014_000000518383,0.4223608076572418,0.49277937412261963,0.7877732515335083
COCO_val2014_000000318523,0.7249462008476257,0.6618198156356812,0.3520619571208954
COCO_val2014_000000451944,0.6772468686103821,0.7162613272666931,0.3271760940551758
COCO_val2014_000000345353,0.5059661865234375,0.6478039026260376,0.37984803318977356
COCO_val2014_000000307773,0.5064380168914795,0.5242092609405518,0.7558020353317261
COCO_val2014_000000098003,0.5011793971061707,0.5402489304542542,0.6403148770332336
COCO_val2014_000000289941,0.4789964556694031,0.48448556661605835,0.8026626110076904
COCO_val2014_000000402405,0.516119122505188,0.5232247114181519,0.7165287733078003
COCO_val2014_000000400567,0.6683874726295471,0.6961610913276672,0.2769854664802551
COCO_val2014_000000401004,0.411141574382782,0.4798646569252014,0.7729108333587646
COCO_val2014_000000434898,0.5935105681419373,0.6152558326721191,0.47621041536331177
COCO_val2014_000000451144,0.4556315541267395,0.5464826822280884,0.6340218186378479
COCO_val2014_000000176328,0.4585701823234558,0.5481048226356506,0.7112277150154114
COCO_val2014_000000434580,0.6376491785049438,0.5781604051589966,0.5417971611022949
COCO_val2014_000000085340,0.5009410381317139,0.5391006469726562,0.6312679052352905
COCO_val2014_000000290093,0.2950669229030609,0.5082849860191345,0.6942248940467834
COCO_val2014_000000180584,0.32364746928215027,0.2765812277793884,1.580439805984497
COCO_val2014_000000308430,0.7921050190925598,0.8267427086830139,0.09376904368400574
COCO_val2014_000000424464,0.6414770483970642,0.5854567289352417,0.5483447313308716
COCO_val2014_000000456690,0.3278011977672577,0.5166414976119995,0.6833450794219971
COCO_val2014_000000263359,0.5327589511871338,0.5229477882385254,0.6998413801193237
COCO_val2014_000000494345,0.515296459197998,0.5362328886985779,0.6921732425689697
COCO_val2014_000000245432,0.6915087699890137,0.7127246856689453,0.3304232954978943
COCO_val2014_000000380734,0.5398111939430237,0.5660820007324219,0.5663548707962036
COCO_val2014_000000363527,0.6015293598175049,0.7367724180221558,0.24322542548179626
COCO_val2014_000000306644,0.6597369909286499,0.7723159193992615,0.15758058428764343
COCO_val2014_000000368980,0.4054636061191559,0.2784583270549774,1.5798165798187256
COCO_val2014_000000561403,0.6501877307891846,0.651664137840271,0.42140597105026245
COCO_val2014_000000105040,0.5933193564414978,0.733811616897583,0.2524522840976715
COCO_val2014_000000181449,0.5581206679344177,0.6308459639549255,0.4418248236179352
COCO_val2014_000000037751,0.5238233804702759,0.4069470763206482,1.0428402423858643
COCO_val2014_000000535013,0.5971393585205078,0.556309163570404,0.6033461093902588
COCO_val2014_000000125755,0.5995653867721558,0.667620062828064,0.3949600160121918
COCO_val2014_000000051702,0.4139632284641266,0.6114151477813721,0.5775526762008667
COCO_val2014_000000289995,0.6740639209747314,0.7226070165634155,0.2762228548526764
COCO_val2014_000000470935,0.6756073832511902,0.6845718622207642,0.3295411765575409
COCO_val2014_000000360494,0.3621878921985626,0.605365514755249,0.45853331685066223
COCO_val2014_000000050942,0.6863681077957153,0.5772045254707336,0.6079641580581665
COCO_val2014_000000557679,0.5244372487068176,0.6523106694221497,0.46134477853775024
COCO_val2014_000000386553,0.5187008380889893,0.47522205114364624,0.7560450434684753
COCO_val2014_000000005282,0.7197120785713196,0.6315020322799683,0.430527925491333
COCO_val2014_000000131743,0.5333313345909119,0.6283446550369263,0.49497678875923157
COCO_val2014_000000533003,0.5612196922302246,0.6385658383369446,0.40591126680374146
COCO_val2014_000000228350,0.7348467111587524,0.6415250301361084,0.3859610855579376
COCO_val2014_000000566651,0.5132154822349548,0.5271273255348206,0.6793637871742249
COCO_val2014_000000433279,0.44488227367401123,0.3925371766090393,1.0309033393859863
COCO_val2014_000000166320,0.49605557322502136,0.7196576595306396,0.24764880537986755
COCO_val2014_000000207151,0.6800793409347534,0.7185300588607788,0.24780091643333435
COCO_val2014_000000113058,0.06859299540519714,0.378559410572052,1.225418210029602
COCO_val2014_000000294541,0.4003615379333496,0.3647698163986206,1.1264855861663818
COCO_val2014_000000450263,0.51076340675354,0.4637115001678467,0.8577154874801636
COCO_val2014_000000265971,0.4446513056755066,0.4278348386287689,1.0038015842437744
COCO_val2014_000000152808,0.7474817633628845,0.6846585869789124,0.35873332619667053
COCO_val2014_000000115846,0.7325836420059204,0.6829221248626709,0.3264336585998535
COCO_val2014_000000131138,0.7386572957038879,0.7307600975036621,0.2756016254425049
COCO_val2014_000000354368,0.42907777428627014,0.4438173770904541,0.8971540927886963
COCO_val2014_000000188824,0.5628904104232788,0.4009110927581787,1.0711743831634521
COCO_val2014_000000044269,0.5527857542037964,0.5838742256164551,0.581282377243042
COCO_val2014_000000561958,0.7486608624458313,0.6821680068969727,0.34563708305358887
COCO_val2014_000000465129,0.5202118754386902,0.5314270257949829,0.6904392242431641
COCO_val2014_000000001000,0.5835665464401245,0.5373014211654663,0.6049456596374512
COCO_val2014_000000083844,0.5854600667953491,0.5925204753875732,0.5068649053573608
COCO_val2014_000000540172,0.5557105541229248,0.4510233700275421,0.8382331132888794
COCO_val2014_000000431891,0.6808030605316162,0.765587329864502,0.1817951500415802
COCO_val2014_000000477016,0.7101215720176697,0.6476049423217773,0.41384172439575195
COCO_val2014_000000489873,0.7500031590461731,0.707646369934082,0.28040027618408203
COCO_val2014_000000043243,0.562527060508728,0.5991336107254028,0.5096467733383179
COCO_val2014_000000033114,0.506057858467102,0.4456425905227661,0.8620889782905579
COCO_val2014_000000259814,0.4038296341896057,0.3426405191421509,1.2241990566253662
COCO_val2014_000000427612,0.3358958065509796,0.5151571035385132,0.93504399061203
COCO_val2014_000000037709,0.6333527565002441,0.5449206829071045,0.6471515893936157
COCO_val2014_000000129832,0.34855762124061584,0.6285264492034912,0.41312384605407715
COCO_val2014_000000038875,0.6940612196922302,0.72046959400177,0.27178332209587097
COCO_val2014_000000210394,0.7855802178382874,0.6622770428657532,0.36540621519088745
COCO_val2014_000000193674,0.4688585698604584,0.42199623584747314,0.9601228833198547
COCO_val2014_000000545959,0.40507110953330994,0.6357938647270203,0.4460608661174774
COCO_val2014_000000148067,0.7462785840034485,0.639467716217041,0.4136040508747101
COCO_val2014_000000574315,0.49064400792121887,0.32107633352279663,1.394068956375122
COCO_val2014_000000042953,0.3083626329898834,0.49344736337661743,0.7470802664756775
COCO_val2014_000000574145,0.7285928726196289,0.7572489976882935,0.20268601179122925
COCO_val2014_000000088562,0.6140384674072266,0.6858192086219788,0.3390372693538666
COCO_val2014_000000506717,0.44026798009872437,0.4983929395675659,0.8282821178436279
COCO_val2014_000000558635,0.6701192259788513,0.49857789278030396,0.7334722876548767
COCO_val2014_000000542079,0.5438491106033325,0.4613688290119171,0.7886022925376892
COCO_val2014_000000214349,0.23711948096752167,0.47407907247543335,0.8770334720611572
COCO_val2014_000000570022,0.6320950388908386,0.7068325281143188,0.28349077701568604
COCO_val2014_000000399832,0.6572171449661255,0.6903620362281799,0.33027583360671997
COCO_val2014_000000033345,0.6519869565963745,0.7313928604125977,0.2956119179725647
COCO_val2014_000000162249,0.6887548565864563,0.6713441610336304,0.36515843868255615
COCO_val2014_000000556073,0.5619487762451172,0.622450590133667,0.46608030796051025
COCO_val2014_000000233868,0.4282222092151642,0.4005751609802246,1.0866914987564087
COCO_val2014_000000025560,0.5686097741127014,0.5856119394302368,0.585337221622467
COCO_val2014_000000419473,0.582406759262085,0.7039731740951538,0.2905665636062622
COCO_val2014_000000489088,0.5011842250823975,0.5259653925895691,0.676880955696106
COCO_val2014_000000025603,0.2273387759923935,0.37313148379325867,1.168881893157959
COCO_val2014_000000197130,0.7302983999252319,0.556269645690918,0.5716442465782166
COCO_val2014_000000561366,0.638691782951355,0.6305705308914185,0.45225435495376587
COCO_val2014_000000156974,0.3323310613632202,0.4480323791503906,0.9633010029792786
COCO_val2014_000000413419,0.6957463622093201,0.7317766547203064,0.30449163913726807
COCO_val2014_000000277991,0.5846186876296997,0.580583930015564,0.5531590580940247
COCO_val2014_000000142879,0.8103281855583191,0.8186720609664917,0.11880544573068619
COCO_val2014_000000281758,0.1469566375017166,0.38287246227264404,1.2523398399353027
COCO_val2014_000000185936,0.4037165343761444,0.4545630216598511,0.9607293009757996
COCO_val2014_000000458048,0.5049708485603333,0.6553964614868164,0.38195767998695374
COCO_val2014_000000521359,0.5156510472297668,0.657710075378418,0.38994085788726807
COCO_val2014_000000288313,0.4619253873825073,0.5971015691757202,0.5078089237213135
COCO_val2014_000000328200,0.5160475969314575,0.35848209261894226,1.1619703769683838
COCO_val2014_000000143526,0.7469655275344849,0.6240010857582092,0.46040889620780945
COCO_val2014_000000545363,0.5012415051460266,0.6970034837722778,0.2592083811759949
COCO_val2014_000000196210,0.8283998370170593,0.7684778571128845,0.19016510248184204
COCO_val2014_000000337563,0.5807801485061646,0.5498913526535034,0.6315043568611145
COCO_val2014_000000580607,0.3375527858734131,0.5404523611068726,0.7257546782493591
COCO_val2014_000000448849,0.47798609733581543,0.41704440116882324,1.0063209533691406
COCO_val2014_000000136720,0.5487626194953918,0.461018443107605,0.8308711051940918
COCO_val2014_000000251195,0.42114168405532837,0.5342403054237366,0.7166694402694702
COCO_val2014_000000522935,0.49460849165916443,0.40870264172554016,0.9977935552597046
COCO_val2014_000000090138,0.4858793020248413,0.5568926334381104,0.6156195402145386
COCO_val2014_000000526028,0.781765878200531,0.5549325942993164,0.548987090587616
COCO_val2014_000000072536,0.736220121383667,0.769773542881012,0.16067126393318176
COCO_val2014_000000148719,0.70177161693573,0.6683567762374878,0.3724730610847473
COCO_val2014_000000122467,0.5287375450134277,0.5650351047515869,0.6644458174705505
COCO_val2014_000000487722,0.6529256701469421,0.7495865821838379,0.22522224485874176
COCO_val2014_000000360573,0.6867008805274963,0.7525243759155273,0.2225935161113739
COCO_val2014_000000060835,0.3070116341114044,0.48177868127822876,0.8765820264816284
COCO_val2014_000000226171,0.6550345420837402,0.7303857803344727,0.25243449211120605
COCO_val2014_000000227031,0.5323148369789124,0.5034786462783813,0.7560721635818481
COCO_val2014_000000571544,0.4490527808666229,0.5295944213867188,0.6883161664009094
COCO_val2014_000000430160,0.6529760956764221,0.6729969382286072,0.34211111068725586
COCO_val2014_000000085183,0.5106844305992126,0.46188294887542725,0.8616905212402344
COCO_val2014_000000242570,0.7186132669448853,0.6154868006706238,0.44532233476638794
COCO_val2014_000000536933,0.6965031623840332,0.6251686811447144,0.4598243236541748
COCO_val2014_000000185807,0.6676515936851501,0.5943007469177246,0.5302837491035461
COCO_val2014_000000021639,0.7388014197349548,0.6867868900299072,0.33573195338249207
COCO_val2014_000000482242,0.45703360438346863,0.5270362496376038,0.703457236289978
COCO_val2014_000000013383,0.5778200626373291,0.6617039442062378,0.385032057762146
COCO_val2014_000000461775,0.6172069311141968,0.41584160923957825,0.9429993629455566
COCO_val2014_000000395843,0.5273794531822205,0.2940294146537781,1.434049367904663
COCO_val2014_000000385770,0.660280168056488,0.6578514575958252,0.37270116806030273
COCO_val2014_000000406841,0.6730610728263855,0.6918832659721375,0.3060336709022522
COCO_val2014_000000065798,0.6193172931671143,0.5868100523948669,0.5605804920196533
COCO_val2014_000000390130,0.6848233342170715,0.595300555229187,0.533279538154602
COCO_val2014_000000285005,0.2724134922027588,0.45658814907073975,0.9282464981079102
COCO_val2014_000000350230,0.6254657506942749,0.6305787563323975,0.43464791774749756
COCO_val2014_000000564936,0.31844785809516907,0.36213985085487366,1.2791521549224854
COCO_val2014_000000090373,0.37701472640037537,0.5149538516998291,0.7496641874313354
COCO_val2014_000000098895,0.47117117047309875,0.4704817533493042,0.8506319522857666
COCO_val2014_000000497640,0.5668668746948242,0.601944625377655,0.48653942346572876
COCO_val2014_000000103122,0.669033944606781,0.5932772159576416,0.4946352243423462
COCO_val2014_000000045094,0.6436052322387695,0.5892488956451416,0.5193558931350708
COCO_val2014_000000142826,0.7400417327880859,0.7416771650314331,0.2096109539270401
COCO_val2014_000000501294,0.6342752575874329,0.6274254322052002,0.42967259883880615
COCO_val2014_000000005001,0.5697507858276367,0.5821119546890259,0.5187841057777405
COCO_val2014_000000226119,0.6584947109222412,0.6504107117652893,0.4341859519481659
COCO_val2014_000000511050,0.5305942893028259,0.6055490970611572,0.6469240188598633
COCO_val2014_000000428375,0.5577735304832458,0.6303566694259644,0.45813533663749695
COCO_val2014_000000478528,0.6755613684654236,0.6980464458465576,0.2922512888908386
COCO_val2014_000000418692,0.38311824202537537,0.4074006676673889,1.0083729028701782
COCO_val2014_000000042482,0.5431279540061951,0.5776486396789551,0.5417412519454956
COCO_val2014_000000551713,0.21299511194229126,0.3435080647468567,1.2917689085006714
COCO_val2014_000000093476,0.4430406987667084,0.4296919107437134,0.9406718015670776
COCO_val2014_000000376093,0.5867701768875122,0.570280134677887,0.583402156829834
COCO_val2014_000000563615,0.49232837557792664,0.4920811355113983,0.7808231115341187
COCO_val2014_000000105885,0.5401262640953064,0.6601840853691101,0.4151672422885895
COCO_val2014_000000526359,0.6143761873245239,0.6644721627235413,0.36977022886276245
COCO_val2014_000000130826,0.519774854183197,0.5249680280685425,0.7035183310508728
COCO_val2014_000000076595,0.5550797581672668,0.4444447159767151,0.9081593155860901
COCO_val2014_000000342765,0.47219863533973694,0.5091614127159119,0.7229750156402588
COCO_val2014_000000451008,0.5754363536834717,0.5916792154312134,0.5590929388999939
COCO_val2014_000000233005,0.3443984389305115,0.47175133228302,0.8609981536865234
COCO_val2014_000000119414,0.5873112082481384,0.6619747877120972,0.434113472700119
COCO_val2014_000000292480,0.7021710276603699,0.6242167949676514,0.4152502417564392
COCO_val2014_000000498286,0.6067116856575012,0.6127464771270752,0.5042959451675415
COCO_val2014_000000234914,0.7413557767868042,0.6573050022125244,0.3767862617969513
COCO_val2014_000000344903,0.45341625809669495,0.6280086040496826,0.43244680762290955
COCO_val2014_000000350157,0.3882432281970978,0.5166858434677124,0.835565447807312
COCO_val2014_000000283060,0.7066361904144287,0.6895719170570374,0.3403061330318451
COCO_val2014_000000151742,0.5503714680671692,0.45771801471710205,0.8527160286903381
COCO_val2014_000000274083,0.6267769932746887,0.6052762866020203,0.5079225897789001
COCO_val2014_000000196843,0.42125406861305237,0.41798049211502075,1.0677759647369385
COCO_val2014_000000436273,0.6547794342041016,0.612153172492981,0.5162808299064636
COCO_val2014_000000504958,0.6355059742927551,0.5581114292144775,0.585057258605957
COCO_val2014_000000166358,0.3692859411239624,0.4800821542739868,0.8840272426605225
COCO_val2014_000000395633,0.6588440537452698,0.6322433948516846,0.44242924451828003
COCO_val2014_000000008599,0.6867752075195312,0.6349949240684509,0.4345897436141968
COCO_val2014_000000492084,0.5727507472038269,0.4965726137161255,0.7253847718238831
COCO_val2014_000000337561,0.5135012269020081,0.5775831341743469,0.5590529441833496
COCO_val2014_000000350898,0.6315849423408508,0.7148275375366211,0.3018961548805237
COCO_val2014_000000413058,0.5942997336387634,0.7126864194869995,0.3052867650985718
COCO_val2014_000000163057,0.4993792474269867,0.5585136413574219,0.6611242294311523
COCO_val2014_000000328661,0.43292200565338135,0.29373863339424133,1.3853129148483276
COCO_val2014_000000577169,0.7287027835845947,0.7168458700180054,0.2795303463935852
COCO_val2014_000000264599,0.594468891620636,0.6536498069763184,0.38686275482177734
COCO_val2014_000000109291,0.5763704180717468,0.38589197397232056,1.1113684177398682
COCO_val2014_000000342204,0.6364273428916931,0.5298712253570557,0.6448349952697754
COCO_val2014_000000111448,0.556277334690094,0.5588349103927612,0.6333388090133667
COCO_val2014_000000230096,0.6289650797843933,0.49141639471054077,0.7359265685081482
COCO_val2014_000000241466,0.5963999032974243,0.7391096353530884,0.2587846517562866
COCO_val2014_000000449403,0.6091594099998474,0.5627398490905762,0.5941494703292847
COCO_val2014_000000299207,0.30087998509407043,0.516372561454773,0.8386619687080383
COCO_val2014_000000079906,0.6661003828048706,0.6125707626342773,0.45877397060394287
COCO_val2014_000000071938,0.6969798803329468,0.5193681716918945,0.6476484537124634
COCO_val2014_000000329341,0.7654215693473816,0.7233588695526123,0.2710128128528595
COCO_val2014_000000033377,0.6146002411842346,0.4977048635482788,0.7316677570343018
COCO_val2014_000000170974,0.5614326596260071,0.5430346727371216,0.6960126757621765
COCO_val2014_000000407644,0.5804887413978577,0.589480996131897,0.5289071798324585
COCO_val2014_000000519271,0.6604592800140381,0.6598306894302368,0.37899917364120483
COCO_val2014_000000018575,0.5266304612159729,0.6818547248840332,0.3313543498516083
COCO_val2014_000000096351,0.7471234202384949,0.6565676927566528,0.37545958161354065
COCO_val2014_000000298405,0.684311032295227,0.6317416429519653,0.44322216510772705
COCO_val2014_000000386313,0.6625935435295105,0.7206387519836426,0.26059314608573914
COCO_val2014_000000498747,0.4013866186141968,0.4566360414028168,0.9151843190193176
COCO_val2014_000000003716,0.49205005168914795,0.364956259727478,1.1852221488952637
COCO_val2014_000000485139,0.29632678627967834,0.3450376093387604,1.3325648307800293
COCO_val2014_000000389168,0.4447617828845978,0.622779369354248,0.4840342104434967
COCO_val2014_000000478157,0.393192857503891,0.43366360664367676,0.9368038773536682
COCO_val2014_000000314792,0.5548129081726074,0.6834750175476074,0.3423054814338684
COCO_val2014_000000137265,0.4205637574195862,0.6180945634841919,0.5922849178314209
COCO_val2014_000000409921,0.6041693091392517,0.6714720726013184,0.4205074906349182
COCO_val2014_000000479948,0.7131695747375488,0.5864840149879456,0.5064812302589417
COCO_val2014_000000106180,0.4915737509727478,0.5267707705497742,0.7154340744018555
COCO_val2014_000000090707,0.7940754294395447,0.7632497549057007,0.18816502392292023
COCO_val2014_000000086755,0.4257633090019226,0.2637805640697479,1.5600435733795166
COCO_val2014_000000267300,0.6419128775596619,0.6006198525428772,0.5032178163528442
COCO_val2014_000000051025,0.6528867483139038,0.5924988985061646,0.4872477054595947
COCO_val2014_000000291686,0.19401149451732635,0.35790860652923584,1.1931273937225342
COCO_val2014_000000160531,0.18136288225650787,0.4058305621147156,1.1754745244979858
COCO_val2014_000000355123,0.6354462504386902,0.623223602771759,0.43744713068008423
COCO_val2014_000000391972,0.7343820333480835,0.7479957342147827,0.22711585462093353
COCO_val2014_000000120340,0.6188839077949524,0.652747392654419,0.4186244010925293
COCO_val2014_000000352552,0.18905869126319885,0.38269323110580444,1.1324841976165771
COCO_val2014_000000469134,0.7752450108528137,0.6683194637298584,0.3538288474082947
COCO_val2014_000000357633,0.6514312028884888,0.7738686800003052,0.17636728286743164
COCO_val2014_000000398727,0.6246304512023926,0.6642729043960571,0.35854023694992065
COCO_val2014_000000020650,0.7278963923454285,0.7633355855941772,0.18861699104309082
COCO_val2014_000000419401,0.6289867758750916,0.7618995308876038,0.21760939061641693
COCO_val2014_000000022271,0.5492556691169739,0.6980522871017456,0.2754381000995636
COCO_val2014_000000224542,0.4787135422229767,0.604435384273529,0.5095014572143555
COCO_val2014_000000328008,0.5933335423469543,0.5053377151489258,0.7401403188705444
COCO_val2014_000000076625,0.5634424686431885,0.6556528806686401,0.452802836894989
COCO_val2014_000000260774,0.6033613085746765,0.6412479877471924,0.44570887088775635
COCO_val2014_000000092134,0.6550669074058533,0.7145317792892456,0.2812420725822449
COCO_val2014_000000151141,0.2370937615633011,0.38050225377082825,1.1519911289215088
COCO_val2014_000000450359,0.42583855986595154,0.6264076232910156,0.5013294816017151
COCO_val2014_000000323888,0.4255661368370056,0.3951702117919922,1.14445960521698
COCO_val2014_000000131581,0.6330488324165344,0.6002799272537231,0.5359695553779602
COCO_val2014_000000008594,0.5213156938552856,0.5152715444564819,0.6780439019203186
COCO_val2014_000000142665,0.6866359114646912,0.7161587476730347,0.2710718512535095
COCO_val2014_000000279974,0.07779835909605026,0.28024426102638245,1.6479390859603882
COCO_val2014_000000037688,0.5317702293395996,0.3672735095024109,1.1427297592163086
COCO_val2014_000000082554,0.6755173802375793,0.7666991949081421,0.195747509598732
COCO_val2014_000000350270,0.4637182652950287,0.5547050833702087,0.614777684211731
COCO_val2014_000000153717,0.5459350943565369,0.4793131351470947,0.7905266880989075
COCO_val2014_000000324500,0.5282130241394043,0.4828042984008789,0.829387903213501
COCO_val2014_000000383594,0.7824950218200684,0.8123464584350586,0.14871995151042938
COCO_val2014_000000023807,0.5879938006401062,0.4954548180103302,0.7169124484062195
COCO_val2014_000000240811,0.5518537759780884,0.5906831622123718,0.5155963897705078
COCO_val2014_000000455384,0.5089733600616455,0.4997224807739258,0.7145894169807434
COCO_val2014_000000262938,0.6058371663093567,0.6959792375564575,0.2779451310634613
COCO_val2014_000000227220,0.6213759779930115,0.6619541645050049,0.37278515100479126
COCO_val2014_000000257136,0.662749707698822,0.5109150409698486,0.6790671348571777
COCO_val2014_000000242946,0.3001305162906647,0.6191526651382446,0.5683318972587585
COCO_val2014_000000207205,0.7485458850860596,0.7697722911834717,0.16557535529136658
COCO_val2014_000000164330,0.38682761788368225,0.5128775835037231,0.7364842295646667
COCO_val2014_000000083850,0.5926823019981384,0.7279536724090576,0.2308211773633957
COCO_val2014_000000183991,0.632060706615448,0.5870958566665649,0.5586720705032349
COCO_val2014_000000007274,0.418962687253952,0.4812825322151184,0.8549175262451172
COCO_val2014_000000127313,0.4407709538936615,0.43505609035491943,0.8923383951187134
COCO_val2014_000000534669,0.339016854763031,0.4335225820541382,0.8624833226203918
COCO_val2014_000000238355,0.5720624923706055,0.6736195087432861,0.36401909589767456
COCO_val2014_000000340894,0.4136342704296112,0.5202528834342957,0.7074757218360901
COCO_val2014_000000395291,0.3995077610015869,0.4184345304965973,0.9658352732658386
COCO_val2014_000000364596,0.4471805989742279,0.40847164392471313,1.0552303791046143
COCO_val2014_000000420229,0.5354539752006531,0.45961856842041016,0.855196475982666
COCO_val2014_000000556703,0.8904439210891724,0.8298876881599426,0.11878477782011032
COCO_val2014_000000092519,0.5016388297080994,0.6132969260215759,0.5042917728424072
COCO_val2014_000000135561,0.4717426896095276,0.5719349384307861,0.5988810658454895
COCO_val2014_000000350214,0.5017118453979492,0.5981125235557556,0.5557217597961426
COCO_val2014_000000522418,0.3024917542934418,0.5759381651878357,0.7255190014839172
COCO_val2014_000000412471,0.5795665979385376,0.7150338888168335,0.27861347794532776
COCO_val2014_000000348730,0.43662020564079285,0.4596230983734131,0.8450988531112671
COCO_val2014_000000476664,0.5381469130516052,0.33586448431015015,1.2499412298202515
COCO_val2014_000000292158,0.17747431993484497,0.3581559360027313,1.2052586078643799
COCO_val2014_000000097857,0.6133753061294556,0.5667736530303955,0.54917311668396
COCO_val2014_000000167724,0.5233199596405029,0.6691228151321411,0.3663449287414551
COCO_val2014_000000273698,0.4470926821231842,0.5428440570831299,0.6242136359214783
COCO_val2014_000000555131,0.47948774695396423,0.5172799229621887,0.7866442203521729
COCO_val2014_000000337443,0.6225841045379639,0.6261616945266724,0.41800200939178467
COCO_val2014_000000056070,0.6541693806648254,0.7041545510292053,0.31818336248397827
COCO_val2014_000000546229,0.5726029872894287,0.5688776969909668,0.6004155278205872
COCO_val2014_000000263323,0.5440901517868042,0.5479981303215027,0.6611889600753784
COCO_val2014_000000408049,0.5580021142959595,0.46997058391571045,0.8457596302032471
COCO_val2014_000000333998,0.5456844568252563,0.6674932241439819,0.37229764461517334
COCO_val2014_000000157052,0.7870432734489441,0.7818087339401245,0.19666826725006104
COCO_val2014_000000255966,0.6890535354614258,0.6742326021194458,0.342199444770813
COCO_val2014_000000468925,0.744915783405304,0.7627279758453369,0.181617870926857
COCO_val2014_000000564934,0.693605899810791,0.7152596116065979,0.32774826884269714
COCO_val2014_000000437465,0.652067244052887,0.7141250967979431,0.25691282749176025
COCO_val2014_000000327590,0.6809962391853333,0.6920058727264404,0.32091236114501953
COCO_val2014_000000501652,0.576353907585144,0.46346014738082886,0.8512979745864868
COCO_val2014_000000530975,0.2522558271884918,0.5387166738510132,0.6631306409835815
COCO_val2014_000000315769,0.6967397928237915,0.6813772916793823,0.3533368408679962
COCO_val2014_000000277793,0.40646469593048096,0.3422467112541199,1.3196591138839722
COCO_val2014_000000355106,0.8044087290763855,0.7964553833007812,0.14384478330612183
COCO_val2014_000000277865,0.7551998496055603,0.6680903434753418,0.3464798629283905
COCO_val2014_000000047916,0.42373159527778625,0.5233737230300903,0.6919393539428711
COCO_val2014_000000397433,0.6688773036003113,0.587397575378418,0.5204819440841675
COCO_val2014_000000545734,0.6763201951980591,0.7511594295501709,0.20384624600410461
COCO_val2014_000000504353,0.7352957129478455,0.5304656624794006,0.6355710029602051
COCO_val2014_000000004265,0.6188845634460449,0.6964775919914246,0.2962409257888794
COCO_val2014_000000426259,0.5628461241722107,0.5506066083908081,0.6053255200386047
COCO_val2014_000000238708,0.5421522855758667,0.6713709831237793,0.32574647665023804
COCO_val2014_000000406403,0.26286450028419495,0.5234231948852539,0.9029916524887085
COCO_val2014_000000310735,0.40422385931015015,0.3993346095085144,1.0607683658599854
COCO_val2014_000000377595,0.8256540894508362,0.7872549295425415,0.1601106822490692
COCO_val2014_000000137809,0.46590033173561096,0.5011008977890015,0.854453444480896
COCO_val2014_000000045463,0.5168678760528564,0.6614269614219666,0.3602863550186157
COCO_val2014_000000567118,0.3818818926811218,0.5877712965011597,0.5193068385124207
COCO_val2014_000000433182,0.45615729689598083,0.4513043463230133,0.900996208190918
COCO_val2014_000000384823,0.3797965347766876,0.545926034450531,0.6091966032981873
COCO_val2014_000000486254,0.6035682559013367,0.7150607109069824,0.2671492099761963
COCO_val2014_000000461963,0.5343608260154724,0.6137799024581909,0.4809132218360901
COCO_val2014_000000307564,0.5556245446205139,0.4940727949142456,0.8002563118934631
COCO_val2014_000000488075,0.5311360359191895,0.7016466856002808,0.33747828006744385
COCO_val2014_000000066072,0.4309100806713104,0.42284107208251953,1.0461719036102295
COCO_val2014_000000525376,0.6586169004440308,0.6790049076080322,0.3839226961135864
COCO_val2014_000000075563,0.6805636286735535,0.6352765560150146,0.4397500157356262
COCO_val2014_000000558114,0.5363155603408813,0.4114941954612732,0.9705933332443237
COCO_val2014_000000181816,0.2983863353729248,0.3015633821487427,1.5347256660461426
COCO_val2014_000000134574,0.5619550943374634,0.617992639541626,0.4505751132965088
COCO_val2014_000000112830,0.4625885784626007,0.5660437345504761,0.6580057144165039
COCO_val2014_000000147546,0.6077979207038879,0.6788540482521057,0.3354165256023407
COCO_val2014_000000292997,0.5149965286254883,0.5713383555412292,0.6157310009002686
COCO_val2014_000000470924,0.5312801599502563,0.6005404591560364,0.4794948101043701
COCO_val2014_000000463290,0.7118255496025085,0.6452888250350952,0.41261017322540283
COCO_val2014_000000574250,0.7376357316970825,0.7641477584838867,0.20302355289459229
COCO_val2014_000000444817,0.3000670075416565,0.3902720510959625,1.1202492713928223
COCO_val2014_000000532142,0.7381346225738525,0.7096068859100342,0.2955988347530365
COCO_val2014_000000072657,0.43608278036117554,0.500761091709137,0.8031659722328186
COCO_val2014_000000109976,0.47590184211730957,0.5660054683685303,0.5480483174324036
COCO_val2014_000000500940,0.63885498046875,0.513992965221405,0.6907318234443665
COCO_val2014_000000330248,0.5572554469108582,0.30257469415664673,1.3609564304351807
COCO_val2014_000000425578,0.5256706476211548,0.6340593099594116,0.4246320426464081
COCO_val2014_000000428403,0.579322099685669,0.7077794075012207,0.2624271512031555
COCO_val2014_000000362941,0.3156239092350006,0.46393731236457825,0.9031342267990112
COCO_val2014_000000472364,0.3230026364326477,0.5330758690834045,0.6663757562637329
COCO_val2014_000000322895,0.6354079842567444,0.5397365093231201,0.59886234998703
COCO_val2014_000000475906,0.5222340226173401,0.6914217472076416,0.30551791191101074
COCO_val2014_000000152525,0.35608646273612976,0.2757909297943115,1.4811451435089111
COCO_val2014_000000422778,0.7505359649658203,0.7150017023086548,0.27928483486175537
COCO_val2014_000000191054,0.5710393786430359,0.6138714551925659,0.5382187962532043
COCO_val2014_000000188865,0.46390300989151,0.36653202772140503,1.1495509147644043
COCO_val2014_000000335844,0.7181285619735718,0.6698594689369202,0.3589491844177246
COCO_val2014_000000077415,0.4069516062736511,0.47056296467781067,0.8911799192428589
COCO_val2014_000000100283,0.6093112826347351,0.6225513219833374,0.4994853138923645
COCO_val2014_000000372294,0.47584348917007446,0.475381463766098,0.8655163049697876
COCO_val2014_000000232900,0.6668887138366699,0.6107683181762695,0.4572848379611969
COCO_val2014_000000186497,0.5824586749076843,0.5084359049797058,0.7061091661453247
COCO_val2014_000000266627,0.7026387453079224,0.7515498399734497,0.19733822345733643
COCO_val2014_000000347766,0.3892071545124054,0.45352470874786377,0.8799712657928467
COCO_val2014_000000195211,0.7217513918876648,0.7555882930755615,0.19847449660301208
COCO_val2014_000000076844,0.5292280316352844,0.5813316106796265,0.5819689035415649
COCO_val2014_000000091500,0.41799283027648926,0.4693530201911926,0.8322845697402954
COCO_val2014_000000300008,0.4143308401107788,0.4510890245437622,0.8950584530830383
COCO_val2014_000000532003,0.6050052046775818,0.5148946046829224,0.7071307897567749
COCO_val2014_000000471789,0.3873780369758606,0.5036653876304626,0.8690060973167419
COCO_val2014_000000441874,0.44926607608795166,0.4828798174858093,0.7899956703186035
COCO_val2014_000000238125,0.5712190270423889,0.6202764511108398,0.46323269605636597
COCO_val2014_000000512416,0.6238223910331726,0.48992595076560974,0.7540783286094666
COCO_val2014_000000274084,0.4307389259338379,0.4293149709701538,0.9399915933609009
COCO_val2014_000000278172,0.25979551672935486,0.3715062737464905,1.187028169631958
COCO_val2014_000000138382,0.6465632915496826,0.7686722874641418,0.1748775690793991
COCO_val2014_000000462342,0.5222740173339844,0.43471992015838623,0.9128835797309875
COCO_val2014_000000312056,0.35886532068252563,0.44576746225357056,0.9305353760719299
COCO_val2014_000000168890,0.6812009811401367,0.7171277403831482,0.2830536365509033
COCO_val2014_000000056960,0.5146638751029968,0.6289629936218262,0.42848169803619385
COCO_val2014_000000533378,0.6283248066902161,0.708667516708374,0.274438738822937
COCO_val2014_000000435389,0.25786131620407104,0.5063155889511108,0.7438728213310242
COCO_val2014_000000469924,0.5663135647773743,0.6731736660003662,0.3587697744369507
COCO_val2014_000000016977,0.6713860034942627,0.730500340461731,0.23801885545253754
COCO_val2014_000000181888,0.5643762350082397,0.6125590801239014,0.5132505893707275
COCO_val2014_000000509416,0.5443260073661804,0.5606808066368103,0.603947639465332
COCO_val2014_000000309852,0.6826803684234619,0.517756462097168,0.6869077682495117
COCO_val2014_000000097679,0.7656280398368835,0.6527405977249146,0.38327860832214355
COCO_val2014_000000296222,0.3748989403247833,0.3999123275279999,1.0922882556915283
COCO_val2014_000000099645,0.4504207372665405,0.5102019309997559,0.6955737471580505
COCO_val2014_000000540697,0.42702826857566833,0.5030639171600342,0.7670844197273254
COCO_val2014_000000548713,0.7130202651023865,0.5931572914123535,0.49695953726768494
COCO_val2014_000000478759,0.5685386061668396,0.7177383899688721,0.2679123282432556
COCO_val2014_000000546896,0.6863918304443359,0.5634719133377075,0.557005763053894
COCO_val2014_000000258996,0.38957977294921875,0.5542364716529846,0.6522289514541626
COCO_val2014_000000542205,0.2290826290845871,0.38509857654571533,1.2185810804367065
COCO_val2014_000000062491,-0.005232030991464853,0.2894524335861206,1.778627872467041
COCO_val2014_000000033008,0.7550010681152344,0.6989023685455322,0.31881147623062134
COCO_val2014_000000230040,0.20768733322620392,0.2339983582496643,1.838775634765625
COCO_val2014_000000088244,0.6278843879699707,0.7184133529663086,0.3061392605304718
COCO_val2014_000000159667,0.6960317492485046,0.6597786545753479,0.3620442748069763
COCO_val2014_000000433574,0.07124548405408859,0.26512059569358826,1.6212643384933472
COCO_val2014_000000120745,0.5457355380058289,0.578174889087677,0.6230247616767883
COCO_val2014_000000346638,0.36857208609580994,0.5944437980651855,0.5355554819107056
COCO_val2014_000000328890,0.8215412497520447,0.8379175066947937,0.09862165153026581
COCO_val2014_000000227940,0.6082288026809692,0.5392691493034363,0.5831587910652161
COCO_val2014_000000209044,0.41839706897735596,0.4974881410598755,0.8075438141822815
COCO_val2014_000000306466,0.48836594820022583,0.5809041261672974,0.5411819815635681
COCO_val2014_000000236338,0.760343611240387,0.754993736743927,0.2117702215909958
COCO_val2014_000000530500,0.5283195376396179,0.4280639588832855,0.9465721845626831
COCO_val2014_000000577614,0.34328141808509827,0.43253225088119507,0.9343434572219849
COCO_val2014_000000234347,0.5875937342643738,0.5352396965026855,0.6405210494995117
COCO_val2014_000000368218,0.6765894293785095,0.5549017190933228,0.595720648765564
COCO_val2014_000000096215,0.40908023715019226,0.5064157247543335,0.7784879207611084
COCO_val2014_000000251752,0.3546481132507324,0.49159395694732666,0.7312883734703064
COCO_val2014_000000493295,0.3994583189487457,0.5412884950637817,0.6192535161972046
COCO_val2014_000000089362,0.5990632176399231,0.5385869741439819,0.6290019750595093
COCO_val2014_000000383606,0.5579032897949219,0.4486502707004547,0.8825000524520874
COCO_val2014_000000368595,0.6239674687385559,0.5552005767822266,0.6189596652984619
COCO_val2014_000000182417,0.7378014922142029,0.6434326171875,0.41935276985168457
COCO_val2014_000000139428,0.27715030312538147,0.36675846576690674,1.13252854347229
COCO_val2014_000000495680,0.5761368870735168,0.6266059875488281,0.46824178099632263
COCO_val2014_000000240495,0.41789740324020386,0.4712817966938019,0.8554766774177551
COCO_val2014_000000433499,0.6878527402877808,0.6283906698226929,0.4441582262516022
COCO_val2014_000000082338,0.591518759727478,0.5446011424064636,0.6586949825286865
COCO_val2014_000000019176,0.6440155506134033,0.5672858953475952,0.5865331888198853
COCO_val2014_000000578347,0.15079866349697113,0.2397829294204712,1.8720837831497192
COCO_val2014_000000570659,0.7323939204216003,0.7800043225288391,0.18971385061740875
COCO_val2014_000000575970,0.7840449810028076,0.7739290595054626,0.17250119149684906
COCO_val2014_000000366141,0.5799463987350464,0.6042085289955139,0.5097728967666626
COCO_val2014_000000389205,0.43421241641044617,0.5277433395385742,0.7057254314422607
COCO_val2014_000000418471,0.7097159028053284,0.7578009366989136,0.20329786837100983
COCO_val2014_000000473720,0.617112398147583,0.6641899347305298,0.38243988156318665
COCO_val2014_000000570515,0.47184959053993225,0.5373408794403076,0.6434410810470581
COCO_val2014_000000046101,0.39187291264533997,0.3922942280769348,1.0533301830291748
COCO_val2014_000000126107,0.25219962000846863,0.36449918150901794,1.2313523292541504
COCO_val2014_000000168713,0.37655794620513916,0.5225882530212402,0.7745233774185181
COCO_val2014_000000440284,0.3157680332660675,0.5433260202407837,0.7434122562408447
COCO_val2014_000000272153,0.41709214448928833,0.42343300580978394,0.9495759010314941
COCO_val2014_000000411086,0.613258957862854,0.6953498125076294,0.31966453790664673
COCO_val2014_000000042260,0.6678580045700073,0.5269849896430969,0.6696872711181641
COCO_val2014_000000471483,0.47395560145378113,0.5058431029319763,0.7055480480194092
COCO_val2014_000000353982,0.46490567922592163,0.4903489053249359,0.7905893325805664
COCO_val2014_000000467988,0.6469016075134277,0.6408681869506836,0.40906304121017456
COCO_val2014_000000181139,0.43132472038269043,0.5507737398147583,0.6680949926376343
COCO_val2014_000000483553,0.3806205987930298,0.4405999183654785,0.9201093912124634
COCO_val2014_000000235595,0.778865396976471,0.7812031507492065,0.18082433938980103
COCO_val2014_000000321195,0.7524308562278748,0.7930327653884888,0.15728759765625
COCO_val2014_000000124995,0.578735888004303,0.6481088399887085,0.43123066425323486
COCO_val2014_000000509020,0.41131168603897095,0.4841356873512268,0.7838776111602783
COCO_val2014_000000448897,0.8087613582611084,0.8115167617797852,0.14795447885990143
COCO_val2014_000000293625,0.4845232367515564,0.5120075345039368,0.7342638969421387
COCO_val2014_000000352703,0.41784146428108215,0.5385382175445557,0.6612117290496826
COCO_val2014_000000038769,0.13708171248435974,0.3162287175655365,1.5885555744171143
COCO_val2014_000000468027,0.3225812315940857,0.37797868251800537,1.1506149768829346
COCO_val2014_000000086135,0.5489282608032227,0.6218855381011963,0.491405189037323
COCO_val2014_000000418680,0.46442607045173645,0.42625176906585693,0.9581297636032104
COCO_val2014_000000175437,0.4993152618408203,0.5577629208564758,0.6989952325820923
COCO_val2014_000000166948,0.33631014823913574,0.4184299111366272,1.1034152507781982
COCO_val2014_000000494887,0.30476096272468567,0.5015249252319336,0.7346088886260986
COCO_val2014_000000365766,0.6636019349098206,0.743663489818573,0.20803040266036987
COCO_val2014_000000382125,0.5266421437263489,0.4905890226364136,0.8071174025535583
COCO_val2014_000000391415,0.7235379219055176,0.657477855682373,0.3759617507457733
COCO_val2014_000000012375,0.7255775928497314,0.717921793460846,0.26748126745224
COCO_val2014_000000152751,0.5812240242958069,0.6052169799804688,0.5000035166740417
COCO_val2014_000000284623,0.49029356241226196,0.47805944085121155,0.7921715974807739
COCO_val2014_000000158849,0.5332165360450745,0.5597394704818726,0.655055582523346
COCO_val2014_000000034820,0.5141132473945618,0.6668647527694702,0.3560219407081604
COCO_val2014_000000106244,0.6863299012184143,0.7359251379966736,0.25962409377098083
COCO_val2014_000000202963,0.04089730605483055,0.27939707040786743,1.545492172241211
COCO_val2014_000000044347,0.15774355828762054,0.3778791129589081,1.1954472064971924
COCO_val2014_000000022671,0.3526768386363983,0.37540584802627563,1.0944187641143799
COCO_val2014_000000161720,0.4278343915939331,0.662716269493103,0.38501447439193726
COCO_val2014_000000487498,0.38874125480651855,0.5210192203521729,0.7348223924636841
COCO_val2014_000000035825,0.37890884280204773,0.33146578073501587,1.4057722091674805
COCO_val2014_000000248314,0.709778904914856,0.7109789848327637,0.29684680700302124
COCO_val2014_000000179141,0.44123584032058716,0.5736163854598999,0.5536296367645264
COCO_val2014_000000155131,0.6229279041290283,0.5656274557113647,0.5975511074066162
COCO_val2014_000000181030,0.4854455888271332,0.5790309906005859,0.5692843198776245
COCO_val2014_000000110081,0.6026169657707214,0.625125527381897,0.4246276915073395
COCO_val2014_000000283097,0.5806319117546082,0.42958033084869385,0.9123789668083191
COCO_val2014_000000316704,0.5349962711334229,0.6137966513633728,0.5568006634712219
COCO_val2014_000000035269,0.6906370520591736,0.6796440482139587,0.31757763028144836
COCO_val2014_000000347544,0.47783687710762024,0.5548134446144104,0.6587482690811157
COCO_val2014_000000305050,0.3458612859249115,0.5322244763374329,0.7524028420448303
COCO_val2014_000000434513,0.468552827835083,0.5899971127510071,0.6117010116577148
COCO_val2014_000000364284,0.3739890456199646,0.4089781939983368,1.0187735557556152
COCO_val2014_000000146127,0.6995757222175598,0.7261703014373779,0.23255866765975952
COCO_val2014_000000244181,0.5633348226547241,0.6686742305755615,0.415569007396698
COCO_val2014_000000440529,0.32253900170326233,0.4758540391921997,1.0278501510620117
COCO_val2014_000000557517,0.5948367118835449,0.443745493888855,0.8749414682388306
COCO_val2014_000000489358,0.684524416923523,0.6709563136100769,0.3376975357532501
COCO_val2014_000000019631,0.7241961359977722,0.7131069898605347,0.3057318925857544
COCO_val2014_000000290196,0.27761921286582947,0.35774773359298706,1.2711987495422363
COCO_val2014_000000221303,0.3883926570415497,0.47314831614494324,0.846367597579956
COCO_val2014_000000529762,0.5228465795516968,0.5234330892562866,0.6960330605506897
COCO_val2014_000000105538,0.6295952200889587,0.6526813507080078,0.39322522282600403
COCO_val2014_000000018442,0.5877121090888977,0.5687167644500732,0.5711621642112732
COCO_val2014_000000500680,0.6881287097930908,0.687485933303833,0.3340221643447876
COCO_val2014_000000412437,0.4230799078941345,0.5422735214233398,0.6882331967353821
COCO_val2014_000000478906,0.5424588322639465,0.48254674673080444,0.7948628067970276
COCO_val2014_000000447337,0.7626911997795105,0.6124221086502075,0.4680706560611725
COCO_val2014_000000423984,0.7099019289016724,0.7330261468887329,0.278138130903244
COCO_val2014_000000514860,0.2879990339279175,0.35129523277282715,1.2259289026260376
COCO_val2014_000000475510,0.5369548797607422,0.5685011148452759,0.6033086776733398
COCO_val2014_000000463611,0.500384509563446,0.41694140434265137,0.9886358976364136
COCO_val2014_000000559364,0.22882044315338135,0.4442020654678345,1.1063569784164429
COCO_val2014_000000257060,0.7985745668411255,0.7454574108123779,0.26907187700271606
COCO_val2014_000000405444,0.24501605331897736,0.4256678819656372,1.033308744430542
COCO_val2014_000000386165,0.44488564133644104,0.45885565876960754,0.8641767501831055
COCO_val2014_000000522713,0.36144354939460754,0.4489747881889343,0.9014614820480347
COCO_val2014_000000269099,0.6120867729187012,0.5938817858695984,0.5969439744949341
COCO_val2014_000000427055,0.14053280651569366,0.3230574131011963,1.514423131942749
COCO_val2014_000000328536,0.6959061622619629,0.7713072299957275,0.1767720729112625
COCO_val2014_000000103870,0.6435139179229736,0.591483473777771,0.5228885412216187
COCO_val2014_000000394474,0.5037463903427124,0.5546002388000488,0.656682014465332
COCO_val2014_000000211425,0.3607192933559418,0.3942798376083374,1.0816820859909058
COCO_val2014_000000316526,0.3620602488517761,0.47485774755477905,0.8671126365661621
COCO_val2014_000000246248,0.4996899962425232,0.5358686447143555,0.6971045732498169
COCO_val2014_000000277094,0.655966579914093,0.5669021606445312,0.572665274143219
COCO_val2014_000000184621,0.4661301374435425,0.48242104053497314,0.8328375816345215
COCO_val2014_000000124601,0.6266986727714539,0.5957044959068298,0.5150298476219177
COCO_val2014_000000294297,0.5132178068161011,0.5862537026405334,0.5008758902549744
COCO_val2014_000000115752,0.7433604001998901,0.7732503414154053,0.18656018376350403
COCO_val2014_000000369979,0.4966718554496765,0.57520592212677,0.5448598265647888
COCO_val2014_000000260478,0.4628612697124481,0.5049848556518555,0.792878270149231
COCO_val2014_000000068525,0.29825153946876526,0.3489496111869812,1.2342193126678467
COCO_val2014_000000284160,0.5421654582023621,0.6335980892181396,0.4137505292892456
COCO_val2014_000000043961,0.5069764256477356,0.6165628433227539,0.4819714426994324
COCO_val2014_000000050006,0.45997104048728943,0.5905725955963135,0.5387971997261047
COCO_val2014_000000083761,0.47856011986732483,0.498380184173584,0.787136435508728
COCO_val2014_000000343642,0.5178211331367493,0.6234982013702393,0.5863667726516724
COCO_val2014_000000471273,0.46591731905937195,0.4549418091773987,0.9724020957946777
COCO_val2014_000000005965,0.525136411190033,0.5466396808624268,0.6195452213287354
COCO_val2014_000000134133,0.6520895957946777,0.6119927167892456,0.4435317814350128
COCO_val2014_000000472795,0.47444939613342285,0.570101261138916,0.6077040433883667
COCO_val2014_000000340665,0.26140323281288147,0.3088216781616211,1.526442050933838
COCO_val2014_000000520832,0.46400532126426697,0.4250110983848572,0.9035343527793884
COCO_val2014_000000190463,0.425263911485672,0.5064169764518738,0.7905075550079346
COCO_val2014_000000433515,0.6294183135032654,0.6340146064758301,0.41434550285339355
COCO_val2014_000000265200,0.49995630979537964,0.6310174465179443,0.4500109851360321
COCO_val2014_000000467314,0.7042185664176941,0.7036429643630981,0.28764310479164124
COCO_val2014_000000459342,0.19383402168750763,0.41234490275382996,1.0917470455169678
COCO_val2014_000000026611,0.7056925296783447,0.760359525680542,0.20081216096878052
COCO_val2014_000000305978,0.34718579053878784,0.4666489362716675,0.8598798513412476
COCO_val2014_000000210372,0.6753754615783691,0.7257293462753296,0.28557226061820984
COCO_val2014_000000234963,0.42734554409980774,0.5261732339859009,0.7044578790664673
COCO_val2014_000000557926,0.3643914461135864,0.36836013197898865,1.1823445558547974
COCO_val2014_000000285568,0.5148589015007019,0.5628238916397095,0.5912744402885437
COCO_val2014_000000387098,0.7230197191238403,0.7017929553985596,0.30605632066726685
COCO_val2014_000000032300,0.600659966468811,0.5748634934425354,0.6107304096221924
COCO_val2014_000000532983,0.6560986042022705,0.6301178932189941,0.4221353232860565
COCO_val2014_000000288824,0.5354129076004028,0.5929679870605469,0.5206359624862671
COCO_val2014_000000191225,0.3948396146297455,0.46926620602607727,0.8483281135559082
COCO_val2014_000000565479,0.3121192455291748,0.46054112911224365,0.8681000471115112
COCO_val2014_000000020485,0.5809193253517151,0.6344612240791321,0.45068520307540894
COCO_val2014_000000034471,0.44239768385887146,0.49514609575271606,0.8343771696090698
COCO_val2014_000000014494,0.4810541272163391,0.5573374032974243,0.6064426302909851
COCO_val2014_000000534659,0.6549813747406006,0.7663795948028564,0.17803069949150085
COCO_val2014_000000025595,0.4254350960254669,0.5074572563171387,0.7249529361724854
COCO_val2014_000000260695,0.22900061309337616,0.4926469922065735,0.912238597869873
COCO_val2014_000000227478,0.5017924904823303,0.41711127758026123,0.9462785720825195
COCO_val2014_000000296056,0.3379308581352234,0.3725690543651581,1.2192907333374023
COCO_val2014_000000078176,0.7569155693054199,0.7140995264053345,0.3043217658996582
COCO_val2014_000000506723,0.5073652267456055,0.6026096940040588,0.5511940717697144
COCO_val2014_000000077811,0.6301852464675903,0.5003972053527832,0.730344295501709
COCO_val2014_000000213453,0.659275472164154,0.7707785367965698,0.15482443571090698
COCO_val2014_000000228309,0.6116958260536194,0.43913766741752625,0.8798519968986511
COCO_val2014_000000547041,0.6964382529258728,0.7137118577957153,0.29506707191467285
COCO_val2014_000000119192,0.6003426909446716,0.5936696529388428,0.5444811582565308
COCO_val2014_000000364919,0.5168842077255249,0.6413618922233582,0.42109566926956177
COCO_val2014_000000232432,0.3108464479446411,0.4060709476470947,1.037564992904663
COCO_val2014_000000112904,0.4625895023345947,0.6479465961456299,0.41957008838653564
COCO_val2014_000000292301,0.22364188730716705,0.35308897495269775,1.2942222356796265
COCO_val2014_000000398423,0.1408405601978302,0.24183879792690277,1.86068856716156
COCO_val2014_000000154193,0.3754301071166992,0.5366940498352051,0.6936783194541931
COCO_val2014_000000090804,0.6766501665115356,0.6129109859466553,0.49802684783935547
COCO_val2014_000000069827,0.48721545934677124,0.3924785852432251,1.0867228507995605
COCO_val2014_000000458410,0.5951453447341919,0.6767892837524414,0.38446009159088135
COCO_val2014_000000395701,0.5326234102249146,0.6741101145744324,0.34019431471824646
COCO_val2014_000000279524,0.22502972185611725,0.4392286539077759,0.9030134081840515
COCO_val2014_000000352194,0.5079934597015381,0.5205169320106506,0.6949602365493774
COCO_val2014_000000067833,0.5706296563148499,0.716650128364563,0.2503144443035126
COCO_val2014_000000526186,0.4502842128276825,0.5306137204170227,0.7199562788009644
COCO_val2014_000000019523,0.5811229348182678,0.6204015016555786,0.5767176151275635
COCO_val2014_000000191846,0.5287079811096191,0.5656227469444275,0.623173713684082
COCO_val2014_000000145512,0.3410484790802002,0.3969879746437073,0.9724123477935791
COCO_val2014_000000172995,0.6152334809303284,0.6430532932281494,0.39465922117233276
COCO_val2014_000000258516,0.6931571960449219,0.43969064950942993,0.8446205258369446
COCO_val2014_000000149500,0.5256953239440918,0.4297073185443878,0.975548505783081
COCO_val2014_000000469192,0.457854300737381,0.5769022703170776,0.5746802687644958
COCO_val2014_000000507473,0.36413243412971497,0.30520737171173096,1.4071990251541138
COCO_val2014_000000527064,0.7103005051612854,0.7430326342582703,0.2728103995323181
COCO_val2014_000000557923,0.7231250405311584,0.6072432994842529,0.4658050537109375
COCO_val2014_000000239387,0.48548057675361633,0.5916674137115479,0.5300619602203369
COCO_val2014_000000168686,0.6201467514038086,0.7462254762649536,0.22051715850830078
COCO_val2014_000000552636,0.6435686349868774,0.7043262720108032,0.2786695063114166
COCO_val2014_000000559837,0.359429270029068,0.525347888469696,0.7084881067276001
COCO_val2014_000000168583,0.32361504435539246,0.5192350149154663,0.7308596968650818
COCO_val2014_000000322141,0.44078487157821655,0.4643355906009674,0.8753997087478638
COCO_val2014_000000216103,0.2867186367511749,0.3411100506782532,1.286145806312561
COCO_val2014_000000569001,0.48260316252708435,0.5672131776809692,0.5633843541145325
COCO_val2014_000000132272,0.547116756439209,0.481242299079895,0.820176362991333
COCO_val2014_000000485485,0.3503479063510895,0.49132606387138367,0.7952380776405334
COCO_val2014_000000550691,0.7380223870277405,0.7076154947280884,0.2873722314834595
COCO_val2014_000000510681,0.6679211854934692,0.7422986030578613,0.293222039937973
COCO_val2014_000000400238,0.5929955244064331,0.5375699996948242,0.6577738523483276
COCO_val2014_000000340922,0.39826852083206177,0.3064690828323364,1.4286472797393799
COCO_val2014_000000525087,0.31641921401023865,0.45623892545700073,0.8772104978561401
COCO_val2014_000000278134,0.4841075837612152,0.5913102626800537,0.5290859341621399
COCO_val2014_000000455937,0.5796891450881958,0.5122472643852234,0.7159987092018127
COCO_val2014_000000097958,0.18254981935024261,0.358333945274353,1.3492608070373535
COCO_val2014_000000469982,0.6868839263916016,0.49330979585647583,0.7401332855224609
COCO_val2014_000000141158,0.5439714193344116,0.3137299716472626,1.3265807628631592
COCO_val2014_000000156071,0.5400293469429016,0.6059993505477905,0.5168493986129761
COCO_val2014_000000097146,0.41514256596565247,0.47419917583465576,0.8772011995315552
COCO_val2014_000000222842,0.567678689956665,0.5982563495635986,0.5278422832489014
COCO_val2014_000000533532,0.5154328346252441,0.6306018233299255,0.5276410579681396
COCO_val2014_000000087383,0.681876540184021,0.7309859991073608,0.3065483570098877
COCO_val2014_000000523677,0.3038916289806366,0.6139988899230957,0.4288223683834076
COCO_val2014_000000453400,0.12581604719161987,0.308055579662323,1.4870414733886719
COCO_val2014_000000176031,0.38589954376220703,0.5099515914916992,0.7310599088668823
COCO_val2014_000000125228,0.6782529354095459,0.560369074344635,0.5629818439483643
COCO_val2014_000000487438,0.5225553512573242,0.6529182195663452,0.404041588306427
COCO_val2014_000000088252,0.2793455421924591,0.37256667017936707,1.1518231630325317
COCO_val2014_000000570548,0.4505940079689026,0.4636787176132202,0.9358141422271729
COCO_val2014_000000527445,0.6924383044242859,0.6967582106590271,0.2984173893928528
COCO_val2014_000000395801,0.3976513743400574,0.5302598476409912,0.7061198949813843
COCO_val2014_000000335670,0.6587010025978088,0.6304091215133667,0.43541795015335083
COCO_val2014_000000291404,0.3323412835597992,0.4766758680343628,0.9410827159881592
COCO_val2014_000000288944,0.47009995579719543,0.365619421005249,1.1343168020248413
COCO_val2014_000000093893,0.6004853248596191,0.5395500659942627,0.6331175565719604
COCO_val2014_000000419653,0.5060713887214661,0.7043677568435669,0.3132661283016205
COCO_val2014_000000480643,0.71718430519104,0.6013668775558472,0.4883672893047333
COCO_val2014_000000497488,0.34453174471855164,0.5537822246551514,0.6904815435409546
COCO_val2014_000000510150,0.49340254068374634,0.49858903884887695,0.8259263038635254
COCO_val2014_000000247259,0.5608194470405579,0.5145934224128723,0.7383119463920593
COCO_val2014_000000446354,0.8405739665031433,0.8083335161209106,0.15955588221549988
COCO_val2014_000000191265,0.816082775592804,0.7325771450996399,0.24664659798145294
COCO_val2014_000000273442,0.7065052390098572,0.785061240196228,0.15986685454845428
COCO_val2014_000000266951,0.36812761425971985,0.60725337266922,0.4184262752532959
COCO_val2014_000000067207,0.3726169168949127,0.39988404512405396,1.0402040481567383
COCO_val2014_000000140006,0.5975732207298279,0.5835961699485779,0.52491295337677
COCO_val2014_000000350023,0.3732620179653168,0.4883384108543396,0.8226732611656189
COCO_val2014_000000520531,0.45938512682914734,0.3730211853981018,1.1794618368148804
COCO_val2014_000000347172,0.650787353515625,0.5563473105430603,0.5658462643623352
COCO_val2014_000000251798,0.6156620383262634,0.47689610719680786,0.7809767723083496
COCO_val2014_000000085556,0.4776575267314911,0.553217887878418,0.6437225341796875
COCO_val2014_000000175908,0.4664318859577179,0.5898863077163696,0.5957903861999512
COCO_val2014_000000375184,0.3569523096084595,0.42874905467033386,0.9710898399353027
COCO_val2014_000000068771,0.5531176328659058,0.6080710887908936,0.44584354758262634
COCO_val2014_000000443772,0.717561662197113,0.768225908279419,0.1746262162923813
COCO_val2014_000000192660,0.6775937080383301,0.7494290471076965,0.21504758298397064
COCO_val2014_000000360706,0.6209871172904968,0.6640434861183167,0.40807926654815674
COCO_val2014_000000244060,0.756170928478241,0.6800068616867065,0.3273699879646301
COCO_val2014_000000569900,0.5735676884651184,0.6672831177711487,0.3846565783023834
COCO_val2014_000000160836,0.7998005151748657,0.8068771362304688,0.13175000250339508
COCO_val2014_000000020038,0.6403132677078247,0.7078245878219604,0.30431199073791504
COCO_val2014_000000561004,0.5989403128623962,0.6527328491210938,0.3723331391811371
COCO_val2014_000000578210,0.7901282906532288,0.6513152122497559,0.3844924569129944
COCO_val2014_000000197997,0.37504586577415466,0.5389729142189026,0.6712353229522705
COCO_val2014_000000287033,0.4436342418193817,0.4237644672393799,1.0599424839019775
COCO_val2014_000000411817,0.6721431016921997,0.7497662305831909,0.20084936916828156
COCO_val2014_000000428067,0.2523411214351654,0.383536696434021,1.2289223670959473
COCO_val2014_000000128849,0.5796144604682922,0.51941978931427,0.69490647315979
COCO_val2014_000000139872,0.2869562804698944,0.3543734550476074,1.2381569147109985
COCO_val2014_000000191515,0.5318580865859985,0.6885607242584229,0.30597758293151855
COCO_val2014_000000100977,0.6595766544342041,0.5034666061401367,0.6857350468635559
COCO_val2014_000000475723,0.7110565304756165,0.6588758230209351,0.3956313729286194
COCO_val2014_000000409100,0.47512173652648926,0.3339184820652008,1.2899539470672607
COCO_val2014_000000279097,0.687195897102356,0.6913975477218628,0.3596195578575134
COCO_val2014_000000493774,0.6005292534828186,0.6552203893661499,0.46154776215553284
COCO_val2014_000000149783,0.6801349520683289,0.6630975008010864,0.3821704089641571
COCO_val2014_000000148549,0.5787279009819031,0.5632562041282654,0.5964568853378296
COCO_val2014_000000307511,0.593421459197998,0.6938756704330444,0.3082600235939026
COCO_val2014_000000478312,0.5273675918579102,0.7249006032943726,0.3029148578643799
COCO_val2014_000000429623,0.6581684947013855,0.6794657111167908,0.35429859161376953
COCO_val2014_000000531532,0.5419473648071289,0.47330179810523987,0.8183436393737793
COCO_val2014_000000024610,0.32073768973350525,0.5083682537078857,0.7287046313285828
COCO_val2014_000000569722,0.8050988912582397,0.735214352607727,0.2408219873905182
COCO_val2014_000000369345,0.2906920313835144,0.5797620415687561,0.536506175994873
COCO_val2014_000000106810,0.48181331157684326,0.4935045838356018,0.8596711158752441
COCO_val2014_000000519815,0.5623230934143066,0.6877719759941101,0.2923043370246887
COCO_val2014_000000561745,0.6176753640174866,0.5151574611663818,0.7085440754890442
COCO_val2014_000000350231,0.443499892950058,0.4071340262889862,0.9657331705093384
COCO_val2014_000000112591,0.1643168330192566,0.38959214091300964,1.2096271514892578
COCO_val2014_000000309655,0.5198960304260254,0.38868680596351624,1.1333177089691162
COCO_val2014_000000581451,0.6628604531288147,0.6072816848754883,0.4864731431007385
COCO_val2014_000000014353,0.5367954969406128,0.3970452547073364,1.0446586608886719
COCO_val2014_000000045746,0.6979120373725891,0.7734503746032715,0.23032817244529724
COCO_val2014_000000337354,0.1910521686077118,0.48542091250419617,0.9422110915184021
COCO_val2014_000000096048,0.25475674867630005,0.3916100263595581,1.1507755517959595
COCO_val2014_000000457204,0.37607261538505554,0.43766769766807556,0.9165107011795044
COCO_val2014_000000431190,0.4846722483634949,0.46611782908439636,0.8321573734283447
COCO_val2014_000000194331,0.6426708102226257,0.6925134062767029,0.33444133400917053
COCO_val2014_000000013729,0.4396854341030121,0.5622656941413879,0.5974853038787842
COCO_val2014_000000052238,0.6282790303230286,0.5812619924545288,0.5695247650146484
COCO_val2014_000000558587,0.38773512840270996,0.42261040210723877,1.0815932750701904
COCO_val2014_000000129100,0.654641330242157,0.5804588794708252,0.5401941537857056
COCO_val2014_000000071563,0.7098230719566345,0.6376997232437134,0.4011293649673462
COCO_val2014_000000466222,0.4990875720977783,0.6714028120040894,0.41975921392440796
COCO_val2014_000000213091,0.8742638230323792,0.8044983744621277,0.13876983523368835
COCO_val2014_000000565582,0.6436998248100281,0.6045945882797241,0.48145341873168945
COCO_val2014_000000489733,0.5089295506477356,0.5275257229804993,0.7814067602157593
COCO_val2014_000000177149,0.6817779541015625,0.7002718448638916,0.3135890066623688
COCO_val2014_000000248129,0.5543691515922546,0.6528091430664062,0.4595174193382263
COCO_val2014_000000460107,0.701202392578125,0.6446373462677002,0.4180349111557007
COCO_val2014_000000439593,0.7209620475769043,0.7504425048828125,0.27177107334136963
COCO_val2014_000000491098,0.667496919631958,0.6645976305007935,0.34936583042144775
COCO_val2014_000000285534,0.17958423495292664,0.30946511030197144,1.4443556070327759
COCO_val2014_000000008711,0.5641943216323853,0.6432525515556335,0.43567776679992676
COCO_val2014_000000000715,0.6790449023246765,0.7761666774749756,0.1634202003479004
COCO_val2014_000000581899,0.7969176769256592,0.6363952159881592,0.41269463300704956
COCO_val2014_000000059000,0.6009552478790283,0.6694895029067993,0.32514727115631104
COCO_val2014_000000545867,0.48434358835220337,0.5369982123374939,0.6473550796508789
COCO_val2014_000000440514,0.30160802602767944,0.5996187329292297,0.4931817054748535
COCO_val2014_000000251639,0.5879670977592468,0.7015039920806885,0.27830439805984497
COCO_val2014_000000083036,0.39188989996910095,0.5266387462615967,0.7027697563171387
COCO_val2014_000000054598,0.3881630003452301,0.44573959708213806,0.9314655661582947
COCO_val2014_000000162952,0.5442032217979431,0.5806816816329956,0.5534619688987732
COCO_val2014_000000061647,0.6188824772834778,0.5371371507644653,0.629861056804657
COCO_val2014_000000252388,0.6827101707458496,0.5706636905670166,0.5387616157531738
COCO_val2014_000000487925,0.47435301542282104,0.49848610162734985,0.8241928815841675
COCO_val2014_000000175597,0.5077728629112244,0.5968144536018372,0.547183632850647
COCO_val2014_000000176180,0.52518630027771,0.4725990295410156,0.7666264772415161
COCO_val2014_000000359239,0.8194206357002258,0.8376376032829285,0.10231807827949524
COCO_val2014_000000462241,0.547423243522644,0.5097417235374451,0.7091989517211914
COCO_val2014_000000419503,0.6473315954208374,0.5244289636611938,0.6878763437271118
COCO_val2014_000000528866,0.6193713545799255,0.7455264329910278,0.2028568536043167
COCO_val2014_000000063525,0.5770322680473328,0.5322131514549255,0.6509089469909668
COCO_val2014_000000462840,0.6843653321266174,0.6195210218429565,0.4634774923324585
COCO_val2014_000000378655,0.4705527126789093,0.6537601947784424,0.3859800100326538
COCO_val2014_000000360216,0.5800876021385193,0.4086032509803772,0.9811774492263794
COCO_val2014_000000298261,0.5652515292167664,0.538112998008728,0.6440792083740234
COCO_val2014_000000218996,0.7796966433525085,0.6875576972961426,0.3136841058731079
COCO_val2014_000000032907,0.7311216592788696,0.6701935529708862,0.3687164783477783
COCO_val2014_000000026363,0.576627790927887,0.5220125913619995,0.6463127732276917
COCO_val2014_000000467096,0.5927397012710571,0.4929456412792206,0.7473495006561279
COCO_val2014_000000028540,0.37806326150894165,0.4911304712295532,0.9392058253288269
COCO_val2014_000000326510,0.7023218274116516,0.6581488847732544,0.3845553994178772
COCO_val2014_000000578489,0.45186740159988403,0.49785056710243225,0.7620683312416077
COCO_val2014_000000371652,0.6252660751342773,0.6450798511505127,0.445180743932724
COCO_val2014_000000034196,0.6779890060424805,0.6469919085502625,0.398493230342865
COCO_val2014_000000099875,0.5549641251564026,0.5078754425048828,0.7268127202987671
COCO_val2014_000000000692,0.5849202275276184,0.46816128492355347,0.7958613634109497
COCO_val2014_000000529944,0.2817063331604004,0.3952780067920685,1.162830114364624
COCO_val2014_000000394009,0.4972653388977051,0.6355336904525757,0.39547181129455566
COCO_val2014_000000458119,0.5778604745864868,0.3937097489833832,1.0630284547805786
COCO_val2014_000000143320,0.5482029914855957,0.389401912689209,1.082353949546814
COCO_val2014_000000214471,0.6699755191802979,0.7032539248466492,0.34595221281051636
COCO_val2014_000000398119,0.6536620855331421,0.7123712301254272,0.2860737144947052
COCO_val2014_000000480624,0.5700108408927917,0.62851881980896,0.42226940393447876
COCO_val2014_000000388100,0.6892479658126831,0.7135422825813293,0.27776819467544556
COCO_val2014_000000384468,0.4312506914138794,0.4799916744232178,0.8784883618354797
COCO_val2014_000000451859,0.4060947000980377,0.5488925576210022,0.6132739782333374
COCO_val2014_000000566941,0.748628556728363,0.5784592628479004,0.5386486053466797
COCO_val2014_000000061315,0.5865042805671692,0.6827957034111023,0.342303067445755
COCO_val2014_000000316342,0.6867560744285583,0.7119985818862915,0.34689104557037354
COCO_val2014_000000024223,0.8259896039962769,0.8307939767837524,0.10845772922039032
COCO_val2014_000000206417,0.47332265973091125,0.47756004333496094,0.7882276773452759
COCO_val2014_000000525667,0.5650185942649841,0.6315851211547852,0.4717637300491333
COCO_val2014_000000496618,0.5727311372756958,0.7143810391426086,0.2759610414505005
COCO_val2014_000000357819,0.3944956958293915,0.4874820411205292,0.7446058988571167
COCO_val2014_000000095297,0.6206948161125183,0.5924678444862366,0.5082683563232422
COCO_val2014_000000054039,0.5682718753814697,0.6362797021865845,0.4427577555179596
COCO_val2014_000000460378,0.5866385698318481,0.6718627214431763,0.35491496324539185
COCO_val2014_000000564629,0.5289193391799927,0.7401292324066162,0.21871814131736755
COCO_val2014_000000281028,0.7129024863243103,0.7223369479179382,0.25255462527275085
COCO_val2014_000000451123,0.3956400454044342,0.3287321925163269,1.3022513389587402
COCO_val2014_000000068833,0.6968027949333191,0.734130859375,0.24310952425003052
COCO_val2014_000000375205,0.6635565757751465,0.6487890481948853,0.4172654151916504
COCO_val2014_000000444444,0.7047242522239685,0.6718778014183044,0.37757813930511475
COCO_val2014_000000093353,0.6554761528968811,0.5333014726638794,0.6168102622032166
COCO_val2014_000000485424,0.5466755032539368,0.6690037846565247,0.3377079367637634
COCO_val2014_000000257215,0.5960063934326172,0.57032310962677,0.5530909299850464
COCO_val2014_000000027493,0.659580647945404,0.6919213533401489,0.38193321228027344
COCO_val2014_000000051628,0.4858575761318207,0.5287620425224304,0.6681828498840332
COCO_val2014_000000264976,0.43933743238449097,0.37188827991485596,1.1774089336395264
COCO_val2014_000000035711,0.5139554738998413,0.4666823148727417,0.8935478925704956
COCO_val2014_000000169250,0.45553866028785706,0.581981360912323,0.5826989412307739
COCO_val2014_000000246069,0.7561972141265869,0.7483389377593994,0.2221629023551941
COCO_val2014_000000377867,0.6456899642944336,0.46703165769577026,0.774411141872406
COCO_val2014_000000388707,0.5763081312179565,0.6228487491607666,0.44575709104537964
COCO_val2014_000000037403,0.423500657081604,0.295032799243927,1.4759423732757568
COCO_val2014_000000113461,0.5979342460632324,0.5058948397636414,0.7110843658447266
COCO_val2014_000000100000,0.5868098139762878,0.5250365734100342,0.6563083529472351
COCO_val2014_000000482719,0.7816035747528076,0.7955276370048523,0.15528933703899384
COCO_val2014_000000218494,0.547092616558075,0.6539576649665833,0.4044269919395447
COCO_val2014_000000524282,0.4724779427051544,0.5080640316009521,0.7093204259872437
COCO_val2014_000000420658,0.19436904788017273,0.4489338994026184,0.965700089931488
COCO_val2014_000000174425,0.23291023075580597,0.42457813024520874,0.9429582953453064
COCO_val2014_000000497365,0.5982559323310852,0.5052403211593628,0.7353653907775879
COCO_val2014_000000070048,0.525086522102356,0.6339691877365112,0.41013744473457336
COCO_val2014_000000222512,0.3556160628795624,0.4835335314273834,0.8210470676422119
COCO_val2014_000000061899,0.5886847376823425,0.5794453620910645,0.5585411190986633
COCO_val2014_000000551811,0.4632227122783661,0.46312326192855835,0.9065902233123779
COCO_val2014_000000100850,0.6681017875671387,0.6883938908576965,0.3752096891403198
COCO_val2014_000000457580,0.5736466646194458,0.5720081329345703,0.5947778224945068
COCO_val2014_000000548670,0.5480583906173706,0.4537976086139679,0.8624517917633057
COCO_val2014_000000555356,0.7559120655059814,0.7099603414535522,0.2948318421840668
COCO_val2014_000000550514,0.6465165019035339,0.5457417368888855,0.6309526562690735
COCO_val2014_000000455267,0.7864558696746826,0.6772574782371521,0.32924050092697144
COCO_val2014_000000281601,0.457550972700119,0.42969220876693726,0.9457254409790039
COCO_val2014_000000312412,0.6773702502250671,0.7224744558334351,0.2643584609031677
COCO_val2014_000000142742,0.44124552607536316,0.434148907661438,0.9550720453262329
COCO_val2014_000000215808,0.6086825728416443,0.7134952545166016,0.2931120693683624
COCO_val2014_000000054533,0.7519962787628174,0.6737927198410034,0.35943031311035156
COCO_val2014_000000513054,0.40727823972702026,0.4542160630226135,1.0091710090637207
COCO_val2014_000000472256,0.5221473574638367,0.5255252718925476,0.7186493873596191
COCO_val2014_000000168662,0.6414802670478821,0.6851012706756592,0.3479088842868805
COCO_val2014_000000543347,0.32656392455101013,0.3851667642593384,1.0633078813552856
COCO_val2014_000000003192,0.8554391860961914,0.8004196882247925,0.16339102387428284
COCO_val2014_000000268412,0.6086722612380981,0.5612446665763855,0.65315842628479
COCO_val2014_000000491478,0.7967776656150818,0.7738702297210693,0.19883055984973907
COCO_val2014_000000140487,0.4086567163467407,0.4357686936855316,0.9506044983863831
COCO_val2014_000000377097,0.6416747570037842,0.4690784513950348,0.8086305856704712
COCO_val2014_000000124004,0.6954464316368103,0.7460561990737915,0.22376075387001038
COCO_val2014_000000206784,0.7847967743873596,0.7324894666671753,0.2659571170806885
COCO_val2014_000000107596,0.5700430870056152,0.6189596056938171,0.45484060049057007
COCO_val2014_000000529838,0.6315851807594299,0.46253764629364014,0.8166986703872681
COCO_val2014_000000120776,0.5549333691596985,0.6589595079421997,0.38312995433807373
COCO_val2014_000000001668,0.26433202624320984,0.49593764543533325,0.8057582378387451
COCO_val2014_000000312423,0.5878013372421265,0.522771954536438,0.7231450080871582
COCO_val2014_000000151480,0.7197413444519043,0.6023319959640503,0.46754685044288635
COCO_val2014_000000526188,-0.031436119228601456,0.27010631561279297,1.6845526695251465
COCO_val2014_000000066239,0.3662537932395935,0.45736998319625854,0.9017643928527832
COCO_val2014_000000543961,0.35877725481987,0.621334433555603,0.5251843929290771
COCO_val2014_000000043670,0.5721395015716553,0.57889723777771,0.5435821413993835
COCO_val2014_000000408235,0.5616917014122009,0.5284337997436523,0.6791825294494629
COCO_val2014_000000576222,0.6464347243309021,0.6036425828933716,0.5069730877876282
COCO_val2014_000000373381,0.7522193193435669,0.6296131014823914,0.4021643400192261
COCO_val2014_000000357229,0.6238031983375549,0.748080849647522,0.21882924437522888
COCO_val2014_000000555648,0.40875914692878723,0.5101696252822876,0.7553325295448303
COCO_val2014_000000187734,0.4116155803203583,0.560720682144165,0.6549594402313232
COCO_val2014_000000081661,0.5065264701843262,0.6021822690963745,0.5373391509056091
COCO_val2014_000000089589,0.5682199597358704,0.5685403347015381,0.5803263187408447
COCO_val2014_000000266487,0.7110766172409058,0.7351939678192139,0.25442132353782654
COCO_val2014_000000486846,0.5752319097518921,0.49599960446357727,0.7719340920448303
COCO_val2014_000000157155,0.6688023805618286,0.5833649635314941,0.5417332649230957
COCO_val2014_000000448269,0.6531001925468445,0.5707626342773438,0.5633909106254578
COCO_val2014_000000333150,0.5795170068740845,0.6226325035095215,0.45030248165130615
COCO_val2014_000000119120,0.19449478387832642,0.27431371808052063,1.620774745941162
COCO_val2014_000000211186,0.667564332485199,0.7201291918754578,0.25413891673088074
COCO_val2014_000000350122,0.6854493021965027,0.6903550624847412,0.3377295136451721
COCO_val2014_000000154830,0.4763064682483673,0.5695738196372986,0.6311049461364746
COCO_val2014_000000052232,0.7281571626663208,0.7250832319259644,0.2798407971858978
COCO_val2014_000000089378,0.5871773958206177,0.5022225379943848,0.7458423376083374
COCO_val2014_000000362640,0.11945921182632446,0.1855136752128601,2.0872645378112793
COCO_val2014_000000217016,0.7424033880233765,0.6839512586593628,0.3371744751930237
COCO_val2014_000000560721,0.8234153985977173,0.7352485656738281,0.26350831985473633
COCO_val2014_000000062251,0.6719410419464111,0.6326776742935181,0.44251132011413574
COCO_val2014_000000328797,0.5569080114364624,0.6889957189559937,0.30155742168426514
COCO_val2014_000000298578,0.5790512561798096,0.5438505411148071,0.6429636478424072
COCO_val2014_000000523782,0.6146894097328186,0.49056971073150635,0.7199597358703613
COCO_val2014_000000209989,-0.08398937433958054,0.3732050955295563,1.136148452758789
COCO_val2014_000000489304,0.668502926826477,0.6688207983970642,0.3861226439476013
COCO_val2014_000000156687,0.662443220615387,0.6149069666862488,0.5454534292221069
COCO_val2014_000000494634,0.5975337624549866,0.71924889087677,0.2609298527240753
COCO_val2014_000000342146,0.47929757833480835,0.4763643145561218,0.8751308917999268
COCO_val2014_000000266601,0.6078977584838867,0.6490406394004822,0.4167432188987732
COCO_val2014_000000293390,0.34577691555023193,0.5660613775253296,0.6714790463447571
COCO_val2014_000000002346,0.7998483180999756,0.6212782859802246,0.43070560693740845
COCO_val2014_000000016593,0.5858580470085144,0.5929771065711975,0.535718560218811
COCO_val2014_000000395644,0.7470488548278809,0.7074024677276611,0.3017602562904358
COCO_val2014_000000479858,0.5968758463859558,0.6951299905776978,0.3338610529899597
COCO_val2014_000000230915,0.5923782587051392,0.6631097197532654,0.38195228576660156
COCO_val2014_000000397303,0.4749089479446411,0.487748920917511,0.7750363349914551
COCO_val2014_000000015850,0.685997486114502,0.6847131252288818,0.3226846754550934
COCO_val2014_000000081812,0.44868630170822144,0.5696819424629211,0.625290036201477
COCO_val2014_000000193498,0.6787671446800232,0.771662175655365,0.1729397475719452
COCO_val2014_000000350389,0.22162778675556183,0.46712183952331543,0.9097300171852112
COCO_val2014_000000443167,0.7005308270454407,0.516879677772522,0.657086968421936
COCO_val2014_000000250164,0.4358859062194824,0.6713885068893433,0.34406495094299316
COCO_val2014_000000461715,0.25954654812812805,0.4249270260334015,1.084654450416565
COCO_val2014_000000487548,0.3867291808128357,0.565159022808075,0.5890474915504456
COCO_val2014_000000040681,0.6467314958572388,0.4935727119445801,0.7312662601470947
COCO_val2014_000000025853,0.5769405364990234,0.6937868595123291,0.2849770188331604
COCO_val2014_000000331688,0.4385950267314911,0.4743863344192505,1.0081939697265625
COCO_val2014_000000497049,0.305996835231781,0.42593157291412354,0.9993362426757812
COCO_val2014_000000134223,0.45997241139411926,0.6097288727760315,0.4565441310405731
