image_id,cc,sim,kld
COCO_val2014_000000157469,0.8916105628013611,0.7558126449584961,0.21471945941448212
COCO_val2014_000000211476,0.8202301263809204,0.7696768045425415,0.16277199983596802
COCO_val2014_000000569319,0.769965648651123,0.590322732925415,0.4648274779319763
COCO_val2014_000000173693,0.9603638648986816,0.6848158836364746,0.3316892981529236
COCO_val2014_000000543836,0.8570377230644226,0.6919384002685547,0.33757513761520386
COCO_val2014_000000106909,0.8606762886047363,0.800662636756897,0.11866818368434906
COCO_val2014_000000048475,0.8308528661727905,0.7676485776901245,0.19466392695903778
COCO_val2014_000000042408,0.9262909293174744,0.8103731870651245,0.13529746234416962
COCO_val2014_000000034114,0.8282631635665894,0.789531409740448,0.17869320511817932
COCO_val2014_000000081315,0.8090624213218689,0.7708898782730103,0.20810091495513916
COCO_val2014_000000462784,0.8027099370956421,0.7237844467163086,0.2419985681772232
COCO_val2014_000000152598,0.9631600975990295,0.839676022529602,0.10682544112205505
COCO_val2014_000000134096,0.88368821144104,0.6737203598022461,0.3210446834564209
COCO_val2014_000000209898,0.9576910138130188,0.7640140056610107,0.26769980788230896
COCO_val2014_000000485673,0.850686252117157,0.6628838777542114,0.5685425400733948
COCO_val2014_000000486457,0.843586802482605,0.7766621112823486,0.1506580114364624
COCO_val2014_000000142249,0.9361185431480408,0.7436220645904541,0.250405877828598
COCO_val2014_000000365745,0.8998944163322449,0.8227338790893555,0.10040412843227386
COCO_val2014_000000200421,0.9549117684364319,0.8183214664459229,0.15247441828250885
COCO_val2014_000000564830,0.8712592124938965,0.8081945180892944,0.12351328134536743
COCO_val2014_000000256251,0.8081377148628235,0.725734531879425,0.28379255533218384
COCO_val2014_000000567881,0.9126996397972107,0.8114179372787476,0.0977751687169075
COCO_val2014_000000017425,0.8669037222862244,0.7274940013885498,0.2528444528579712
COCO_val2014_000000345434,0.9029080867767334,0.7511630654335022,0.27768170833587646
COCO_val2014_000000528201,0.9631402492523193,0.8367683291435242,0.10121826082468033
COCO_val2014_000000123622,0.7914972305297852,0.7481249570846558,0.1943257600069046
COCO_val2014_000000529234,0.9374995827674866,0.8299621343612671,0.11068088561296463
COCO_val2014_000000312632,0.8717482089996338,0.8176240921020508,0.10729116201400757
COCO_val2014_000000091326,0.8849551677703857,0.7351822853088379,0.2301664650440216
COCO_val2014_000000093948,0.9088237285614014,0.7732685804367065,0.21185816824436188
COCO_val2014_000000188136,0.9138084650039673,0.8395698070526123,0.07658375799655914
COCO_val2014_000000527440,0.8645145297050476,0.7725625038146973,0.16459456086158752
COCO_val2014_000000267363,0.8388382196426392,0.7775838971138,0.17391544580459595
COCO_val2014_000000165589,0.8739746809005737,0.8118541836738586,0.12050685286521912
COCO_val2014_000000453283,0.9314866065979004,0.8412420749664307,0.08544838428497314
COCO_val2014_000000370462,0.7917993664741516,0.7179177403450012,0.2434985190629959
COCO_val2014_000000112437,0.8985443115234375,0.7258383631706238,0.25096777081489563
COCO_val2014_000000041603,0.8401479125022888,0.7556778192520142,0.20574066042900085
COCO_val2014_000000000761,0.939799964427948,0.828460693359375,0.10930486023426056
COCO_val2014_000000122166,0.9115931391716003,0.8085031509399414,0.13960763812065125
COCO_val2014_000000284152,0.8732824325561523,0.7635239362716675,0.19638195633888245
COCO_val2014_000000318888,0.8770191669464111,0.7369688153266907,0.21814101934432983
COCO_val2014_000000511658,0.7047377824783325,0.6529883146286011,0.5009843111038208
COCO_val2014_000000455859,0.8698781728744507,0.7560068964958191,0.22056186199188232
COCO_val2014_000000153803,0.8290229439735413,0.7238231897354126,0.2221711277961731
COCO_val2014_000000078420,0.8057277798652649,0.7580270767211914,0.17718079686164856
COCO_val2014_000000216790,0.769053041934967,0.7001323699951172,0.36320945620536804
COCO_val2014_000000474078,0.9356162548065186,0.8184126019477844,0.1474325805902481
COCO_val2014_000000264992,0.7626394629478455,0.6004723310470581,0.4240674078464508
COCO_val2014_000000104625,0.8250092267990112,0.7205567359924316,0.2253286987543106
COCO_val2014_000000070657,0.9089513421058655,0.8325158357620239,0.10003708302974701
COCO_val2014_000000463066,0.9028984308242798,0.7095837593078613,0.3322846293449402
COCO_val2014_000000208793,0.8678396344184875,0.7392876148223877,0.23033855855464935
COCO_val2014_000000016896,0.7267128825187683,0.7143069505691528,0.35885757207870483
COCO_val2014_000000332609,0.8455790877342224,0.7238105535507202,0.2555014193058014
COCO_val2014_000000188817,0.7688853144645691,0.7160172462463379,0.3377779424190521
COCO_val2014_000000055768,0.8293510675430298,0.7785141468048096,0.1748412847518921
COCO_val2014_000000555953,0.8821010589599609,0.7748442888259888,0.18741929531097412
COCO_val2014_000000301735,0.9164305925369263,0.7777590155601501,0.16769562661647797
COCO_val2014_000000135579,0.9437410235404968,0.8502930402755737,0.0939784049987793
COCO_val2014_000000134688,0.9130759835243225,0.8119847774505615,0.09985508024692535
COCO_val2014_000000567494,0.9306060075759888,0.7510115504264832,0.34418147802352905
COCO_val2014_000000549230,0.8203240633010864,0.706106960773468,0.28790920972824097
COCO_val2014_000000415646,0.7962050437927246,0.7348364591598511,0.23038238286972046
COCO_val2014_000000534734,0.8115934133529663,0.693457841873169,0.34447163343429565
COCO_val2014_000000198563,0.9563448429107666,0.814877450466156,0.14408540725708008
COCO_val2014_000000448923,0.7849221229553223,0.7658244967460632,0.21991533041000366
COCO_val2014_000000525024,0.9192805886268616,0.8262733221054077,0.09823845326900482
COCO_val2014_000000000987,0.9033647775650024,0.8240813612937927,0.10747096687555313
COCO_val2014_000000244159,0.8743826150894165,0.7965255975723267,0.1299625188112259
COCO_val2014_000000301582,0.9262617826461792,0.7895389795303345,0.15757393836975098
COCO_val2014_000000296243,0.8776312470436096,0.7918872833251953,0.15589532256126404
COCO_val2014_000000546928,0.903988242149353,0.7727463245391846,0.15647253394126892
COCO_val2014_000000196885,0.9668851494789124,0.832695722579956,0.15270587801933289
COCO_val2014_000000166287,0.8698008060455322,0.7465471625328064,0.20976032316684723
COCO_val2014_000000493196,0.9284732341766357,0.8023039102554321,0.10519218444824219
COCO_val2014_000000520707,0.8841316103935242,0.7409735321998596,0.21427753567695618
COCO_val2014_000000557150,0.9309701919555664,0.8053929805755615,0.1060442253947258
COCO_val2014_000000441253,0.8812868595123291,0.7683141231536865,0.22718310356140137
COCO_val2014_000000135976,0.8060674667358398,0.7736061811447144,0.16629838943481445
COCO_val2014_000000183905,0.7808226943016052,0.6736992001533508,0.3295239508152008
COCO_val2014_000000025550,0.8678608536720276,0.7411683797836304,0.21922938525676727
COCO_val2014_000000279145,0.7750359177589417,0.7555289268493652,0.17496712505817413
COCO_val2014_000000564129,0.8255085349082947,0.725620448589325,0.2538214325904846
COCO_val2014_000000361527,0.590052604675293,0.6395400166511536,0.42008426785469055
COCO_val2014_000000182233,0.8679235577583313,0.7657092809677124,0.2360651046037674
COCO_val2014_000000334975,0.8680887222290039,0.7901097536087036,0.1784011423587799
COCO_val2014_000000240111,0.9048187136650085,0.7974265217781067,0.15625795722007751
COCO_val2014_000000557552,0.8775754570960999,0.7885621786117554,0.15535417199134827
COCO_val2014_000000092801,0.7145333290100098,0.5611706972122192,0.7793864011764526
COCO_val2014_000000141328,0.8231263160705566,0.8133998513221741,0.10781414806842804
COCO_val2014_000000097264,0.9421294927597046,0.8310534954071045,0.08558760583400726
COCO_val2014_000000327255,0.9593082666397095,0.8384493589401245,0.10605677217245102
COCO_val2014_000000090020,0.8608490824699402,0.7859748601913452,0.19997447729110718
COCO_val2014_000000123677,0.8431251049041748,0.7310917377471924,0.24083936214447021
COCO_val2014_000000288639,0.8331723809242249,0.7400789856910706,0.23056337237358093
COCO_val2014_000000323515,0.8614733219146729,0.805047869682312,0.1219412237405777
COCO_val2014_000000128201,0.8584676384925842,0.7918188571929932,0.1789979636669159
COCO_val2014_000000227468,0.8952984809875488,0.8178691864013672,0.10604177415370941
COCO_val2014_000000235672,0.8602923154830933,0.7687293291091919,0.16705121099948883
COCO_val2014_000000129756,0.9437196254730225,0.8140368461608887,0.1371804177761078
COCO_val2014_000000469671,0.9221369624137878,0.8456400632858276,0.08047065138816833
COCO_val2014_000000344881,0.7117835879325867,0.4635617733001709,0.8378397226333618
COCO_val2014_000000445009,0.8514333367347717,0.7821789979934692,0.15032906830310822
COCO_val2014_000000036810,0.9676729440689087,0.8531951308250427,0.07309621572494507
COCO_val2014_000000242968,0.7059101462364197,0.6410377025604248,0.46840763092041016
COCO_val2014_000000062510,0.873924732208252,0.7865011692047119,0.17073799669742584
COCO_val2014_000000494679,0.8061631321907043,0.7377033233642578,0.2859418988227844
COCO_val2014_000000418816,0.9154670238494873,0.7721882462501526,0.21708880364894867
COCO_val2014_000000567535,0.9028840065002441,0.7583341598510742,0.2152736783027649
COCO_val2014_000000536947,0.8650612235069275,0.8153629302978516,0.11216345429420471
COCO_val2014_000000033717,0.8052732348442078,0.7126913666725159,0.2556169331073761
COCO_val2014_000000256713,0.860145092010498,0.7998955249786377,0.1355573683977127
COCO_val2014_000000284658,0.8972707390785217,0.7981478571891785,0.15743349492549896
COCO_val2014_000000329336,0.9774526357650757,0.8655263185501099,0.08278247714042664
COCO_val2014_000000131018,0.8788117170333862,0.7449406385421753,0.21786093711853027
COCO_val2014_000000347818,0.9150282740592957,0.7448015809059143,0.2523164749145508
COCO_val2014_000000334399,0.9493255615234375,0.8366197347640991,0.10980843007564545
COCO_val2014_000000166244,0.8828516006469727,0.7574234008789062,0.2192075252532959
COCO_val2014_000000479213,0.9244331121444702,0.8157060146331787,0.09982194006443024
COCO_val2014_000000459440,0.8591516613960266,0.770283579826355,0.17902465164661407
COCO_val2014_000000422700,0.9227626919746399,0.8220734596252441,0.13193055987358093
COCO_val2014_000000187543,0.902330219745636,0.7571258544921875,0.20559120178222656
COCO_val2014_000000008333,0.8250921964645386,0.6722813248634338,0.34659138321876526
COCO_val2014_000000246263,0.8365519046783447,0.7383155822753906,0.2620295584201813
COCO_val2014_000000457400,0.6053153872489929,0.6048252582550049,0.5267575979232788
COCO_val2014_000000153931,0.9617927074432373,0.7409032583236694,0.24484582245349884
COCO_val2014_000000098520,0.8631724119186401,0.7455154657363892,0.18050312995910645
COCO_val2014_000000102625,0.8695940971374512,0.8049221634864807,0.1474914848804474
COCO_val2014_000000531784,0.8659284710884094,0.7648885250091553,0.2060750424861908
COCO_val2014_000000087456,0.855478823184967,0.7761747241020203,0.14186570048332214
COCO_val2014_000000119581,0.8804252743721008,0.7692731022834778,0.22222235798835754
COCO_val2014_000000224111,0.9463462233543396,0.8489605784416199,0.09737689793109894
COCO_val2014_000000370899,0.8566502332687378,0.7910157442092896,0.16474460065364838
COCO_val2014_000000114158,0.9109602570533752,0.7031295895576477,0.31111156940460205
COCO_val2014_000000170442,0.9073565602302551,0.8309120535850525,0.10771048069000244
COCO_val2014_000000261558,0.8703662157058716,0.7688267230987549,0.1973465383052826
COCO_val2014_000000577858,0.8218120336532593,0.7446695566177368,0.1945199817419052
COCO_val2014_000000113408,0.6760714054107666,0.7133409976959229,0.26096901297569275
COCO_val2014_000000430469,0.8549389243125916,0.7863376140594482,0.1396341323852539
COCO_val2014_000000238498,0.8714540600776672,0.8046615123748779,0.11099210381507874
COCO_val2014_000000353593,0.91560959815979,0.7739025354385376,0.1744825839996338
COCO_val2014_000000303305,0.7968065142631531,0.7842845916748047,0.1333753913640976
COCO_val2014_000000099794,0.6627148389816284,0.6224997043609619,0.5106844902038574
COCO_val2014_000000564820,0.7324312329292297,0.7643182277679443,0.16148343682289124
COCO_val2014_000000097036,0.8845130205154419,0.6985409259796143,0.2507633864879608
COCO_val2014_000000018918,0.8317775726318359,0.7986488342285156,0.13956767320632935
COCO_val2014_000000512793,0.9162520170211792,0.845077395439148,0.08358608931303024
COCO_val2014_000000160195,0.8156095743179321,0.6895004510879517,0.37576398253440857
COCO_val2014_000000210846,0.8582792282104492,0.7846508026123047,0.1315358579158783
COCO_val2014_000000283203,0.889792799949646,0.7625319361686707,0.1915399432182312
COCO_val2014_000000223757,0.8975954055786133,0.7317569255828857,0.3246645927429199
COCO_val2014_000000341603,0.8666646480560303,0.7532056570053101,0.1861305832862854
COCO_val2014_000000159458,0.9003019332885742,0.661296010017395,0.38938552141189575
COCO_val2014_000000043944,0.8742356300354004,0.8253501653671265,0.10956944525241852
COCO_val2014_000000122354,0.7668507099151611,0.5941387414932251,0.558687150478363
COCO_val2014_000000152609,0.9544167518615723,0.8121858239173889,0.12966027855873108
COCO_val2014_000000260105,0.9300685524940491,0.8294490575790405,0.10434465110301971
COCO_val2014_000000171310,0.7667486071586609,0.6910539865493774,0.33688297867774963
COCO_val2014_000000413955,0.8856604099273682,0.7707802653312683,0.20701301097869873
COCO_val2014_000000278401,0.7548869848251343,0.6969444751739502,0.27655357122421265
COCO_val2014_000000174690,0.9495959281921387,0.8489989042282104,0.07096565514802933
COCO_val2014_000000315195,0.8209834098815918,0.7164939641952515,0.2641701102256775
COCO_val2014_000000238410,0.9141460061073303,0.826915979385376,0.09334444999694824
COCO_val2014_000000383414,0.8384225368499756,0.5775026082992554,0.5233451128005981
COCO_val2014_000000132375,0.8552355170249939,0.7742806673049927,0.17836502194404602
COCO_val2014_000000078823,0.8654899001121521,0.6961920261383057,0.3402904272079468
COCO_val2014_000000027642,0.9137980341911316,0.8372557759284973,0.09431968629360199
COCO_val2014_000000429174,0.6769483089447021,0.7141405344009399,0.2637706995010376
COCO_val2014_000000048684,0.9194108247756958,0.8023601770401001,0.18080835044384003
COCO_val2014_000000289393,0.8676459193229675,0.797580897808075,0.1619270294904709
COCO_val2014_000000478380,0.8077515959739685,0.7717645168304443,0.1808701753616333
COCO_val2014_000000076416,0.9392251372337341,0.8524094820022583,0.06722065061330795
COCO_val2014_000000323067,0.9142147898674011,0.7831034660339355,0.18023647367954254
COCO_val2014_000000334007,0.8514130115509033,0.7494015097618103,0.2267450988292694
COCO_val2014_000000081079,0.9490206241607666,0.820369303226471,0.12271693348884583
COCO_val2014_000000528084,0.9075114130973816,0.8371109962463379,0.09753228724002838
COCO_val2014_000000360073,0.9392885565757751,0.81520676612854,0.13809236884117126
COCO_val2014_000000121989,0.7888372540473938,0.7324135899543762,0.21920529007911682
COCO_val2014_000000444199,0.733945369720459,0.5115493535995483,0.6914321184158325
COCO_val2014_000000377730,0.8963385224342346,0.7415767908096313,0.23061831295490265
COCO_val2014_000000078060,0.9097393155097961,0.7334511280059814,0.27216774225234985
COCO_val2014_000000188040,0.8137261271476746,0.6252893805503845,0.44085511565208435
COCO_val2014_000000422240,0.7747524380683899,0.7426655888557434,0.2608468532562256
COCO_val2014_000000487282,0.9475446343421936,0.7884572744369507,0.1911940574645996
COCO_val2014_000000477112,0.947484016418457,0.8063558340072632,0.15529662370681763
COCO_val2014_000000055466,0.9474484324455261,0.802160382270813,0.19455486536026
COCO_val2014_000000495377,0.9187505841255188,0.8336337804794312,0.09589962661266327
COCO_val2014_000000382307,0.8986644148826599,0.7133734226226807,0.2727258503437042
COCO_val2014_000000190291,0.8168246150016785,0.7154682874679565,0.3276866674423218
COCO_val2014_000000453317,0.9148921370506287,0.8123356103897095,0.17747452855110168
COCO_val2014_000000507080,0.918406069278717,0.6687633991241455,0.39280807971954346
COCO_val2014_000000177262,0.7498800754547119,0.720471203327179,0.22802338004112244
COCO_val2014_000000485951,0.9259647130966187,0.8470295667648315,0.10153273493051529
COCO_val2014_000000233140,0.821641206741333,0.7287094593048096,0.2531570494174957
COCO_val2014_000000430052,0.9395232796669006,0.8156516551971436,0.10436655580997467
COCO_val2014_000000039852,0.8537114262580872,0.8079733848571777,0.12740689516067505
COCO_val2014_000000558449,0.8453381061553955,0.781569242477417,0.1708638221025467
COCO_val2014_000000461681,0.8220121264457703,0.7698183655738831,0.22415988147258759
COCO_val2014_000000044621,0.8999494314193726,0.7641091346740723,0.18286755681037903
COCO_val2014_000000461620,0.8535825610160828,0.7588348984718323,0.19555950164794922
COCO_val2014_000000017313,0.93428635597229,0.7969988584518433,0.16148999333381653
COCO_val2014_000000514083,0.92648845911026,0.7710411548614502,0.1956688016653061
COCO_val2014_000000113672,0.8877197504043579,0.8041187524795532,0.11818774789571762
COCO_val2014_000000020671,0.8852195143699646,0.7221981883049011,0.262433260679245
COCO_val2014_000000367074,0.9328691363334656,0.8372988700866699,0.0788293406367302
COCO_val2014_000000000133,0.7723323702812195,0.7630645036697388,0.1817428171634674
COCO_val2014_000000340511,0.907191812992096,0.8348938822746277,0.08804604411125183
COCO_val2014_000000337498,0.9161911606788635,0.8375260233879089,0.10123446583747864
COCO_val2014_000000555905,0.8747937679290771,0.7896285057067871,0.16618841886520386
COCO_val2014_000000447602,0.8998794555664062,0.7619853019714355,0.19511070847511292
COCO_val2014_000000311385,0.9121072292327881,0.8551443219184875,0.06225908547639847
COCO_val2014_000000394199,0.9384278059005737,0.8196880221366882,0.12379098683595657
COCO_val2014_000000139856,0.9151156544685364,0.7697932720184326,0.20924437046051025
COCO_val2014_000000448181,0.9136386513710022,0.7761633396148682,0.20400238037109375
COCO_val2014_000000350262,0.8421033024787903,0.7246804237365723,0.30853185057640076
COCO_val2014_000000517081,0.8454312086105347,0.7845747470855713,0.17284750938415527
COCO_val2014_000000232185,0.9171165227890015,0.7257793545722961,0.3318747282028198
COCO_val2014_000000102978,0.8741074800491333,0.8618755340576172,0.06504000723361969
COCO_val2014_000000067412,0.8625268340110779,0.7865403890609741,0.1507740318775177
COCO_val2014_000000366884,0.8184350728988647,0.7477499842643738,0.23430432379245758
COCO_val2014_000000575367,0.8514013886451721,0.7483130693435669,0.2118116021156311
COCO_val2014_000000001369,0.959097146987915,0.8312696814537048,0.10729888081550598
COCO_val2014_000000171241,0.9237657785415649,0.769449770450592,0.2322961986064911
COCO_val2014_000000015725,0.6135873198509216,0.5388122797012329,0.7361572980880737
COCO_val2014_000000033904,0.9172067046165466,0.7850283980369568,0.156734436750412
COCO_val2014_000000174888,0.8109949827194214,0.7162371277809143,0.30650269985198975
COCO_val2014_000000012085,0.8783819675445557,0.7304109930992126,0.284843772649765
COCO_val2014_000000353028,0.7597095966339111,0.7608098983764648,0.1857345700263977
COCO_val2014_000000067106,0.9128845930099487,0.733976423740387,0.25168299674987793
COCO_val2014_000000570952,0.9106771945953369,0.7398782968521118,0.24151942133903503
COCO_val2014_000000038186,0.8302685022354126,0.748928427696228,0.2312677502632141
COCO_val2014_000000121826,0.9321568608283997,0.8260767459869385,0.12558548152446747
COCO_val2014_000000146489,0.9335666298866272,0.8259741067886353,0.1035098135471344
COCO_val2014_000000126226,0.8909209370613098,0.7861478328704834,0.15662695467472076
COCO_val2014_000000560744,0.9313017129898071,0.7815520167350769,0.16170476377010345
COCO_val2014_000000027478,0.8897224068641663,0.728386402130127,0.23033928871154785
COCO_val2014_000000498061,0.9390986561775208,0.7915811538696289,0.15220266580581665
COCO_val2014_000000006580,0.7983273863792419,0.7239149808883667,0.27598875761032104
COCO_val2014_000000482022,0.8467168211936951,0.782464861869812,0.17743602395057678
COCO_val2014_000000005105,0.9074169993400574,0.7707692384719849,0.19848638772964478
COCO_val2014_000000415076,0.6647330522537231,0.6875701546669006,0.3354525864124298
COCO_val2014_000000407298,0.762529194355011,0.7228941917419434,0.27309709787368774
COCO_val2014_000000546052,0.9471324682235718,0.8283385038375854,0.10408854484558105
COCO_val2014_000000087144,0.939947783946991,0.8154059052467346,0.12577089667320251
COCO_val2014_000000003001,0.8922788500785828,0.8072028756141663,0.13023409247398376
COCO_val2014_000000331242,0.8849582076072693,0.7779927253723145,0.1571439504623413
COCO_val2014_000000405188,0.8795158267021179,0.7965054512023926,0.12687179446220398
COCO_val2014_000000098658,0.8538886308670044,0.7570049166679382,0.21251115202903748
COCO_val2014_000000037616,0.7620511054992676,0.7128652334213257,0.30883902311325073
COCO_val2014_000000579158,0.8753874897956848,0.8188932538032532,0.10105505585670471
COCO_val2014_000000581593,0.9450391530990601,0.8101123571395874,0.13085390627384186
COCO_val2014_000000135975,0.8674131035804749,0.7116667032241821,0.31536173820495605
COCO_val2014_000000441672,0.8504123091697693,0.7846131324768066,0.17311862111091614
COCO_val2014_000000333888,0.924470841884613,0.8477734327316284,0.07183144986629486
COCO_val2014_000000170340,0.9668737053871155,0.6878257989883423,0.3148854672908783
COCO_val2014_000000245664,0.9201642274856567,0.8124659061431885,0.12232344597578049
COCO_val2014_000000512576,0.9340333938598633,0.856395423412323,0.06627790629863739
COCO_val2014_000000494957,0.7402531504631042,0.6821789741516113,0.3080174922943115
COCO_val2014_000000313337,0.8922170996665955,0.7729873657226562,0.18225154280662537
COCO_val2014_000000161940,0.9308082461357117,0.8158340454101562,0.12181542068719864
COCO_val2014_000000209468,0.8877701759338379,0.736583948135376,0.24558967351913452
COCO_val2014_000000023201,0.8789629340171814,0.7522281408309937,0.21980933845043182
COCO_val2014_000000511777,0.948472797870636,0.8547524809837341,0.06268809735774994
COCO_val2014_000000312192,0.8932328224182129,0.8400498032569885,0.09041844308376312
COCO_val2014_000000046048,0.8743636608123779,0.7273794412612915,0.25290217995643616
COCO_val2014_000000150599,0.8913411498069763,0.7998274564743042,0.13302934169769287
COCO_val2014_000000533548,0.9152450561523438,0.690071702003479,0.2895202934741974
COCO_val2014_000000014108,0.8705974221229553,0.7599601745605469,0.2513338327407837
COCO_val2014_000000002124,0.8883498907089233,0.8077539205551147,0.11202414333820343
COCO_val2014_000000409855,0.9170554280281067,0.8415656685829163,0.09186644852161407
COCO_val2014_000000024104,0.8896690011024475,0.8393149375915527,0.08784489333629608
COCO_val2014_000000195842,0.8965618014335632,0.7211264371871948,0.2804449200630188
COCO_val2014_000000240783,0.8430920243263245,0.7957788705825806,0.14518073201179504
COCO_val2014_000000341645,0.913545548915863,0.7248420715332031,0.33559566736221313
COCO_val2014_000000524822,0.7630426287651062,0.6634951829910278,0.33773595094680786
COCO_val2014_000000329080,0.9133375883102417,0.8254709243774414,0.09517405927181244
COCO_val2014_000000267224,0.8673779964447021,0.7816823720932007,0.1588217318058014
COCO_val2014_000000154423,0.9266257286071777,0.8142786026000977,0.13908052444458008
COCO_val2014_000000136008,0.912311315536499,0.7866142392158508,0.15803498029708862
COCO_val2014_000000178941,0.8951663970947266,0.7589083909988403,0.19169601798057556
COCO_val2014_000000140963,0.7899444699287415,0.6656680107116699,0.3218047618865967
COCO_val2014_000000326702,0.9054505228996277,0.7896118760108948,0.17201738059520721
COCO_val2014_000000536708,0.8542659878730774,0.7002097368240356,0.2893507480621338
COCO_val2014_000000543706,0.8425732851028442,0.8106595277786255,0.11472815275192261
COCO_val2014_000000349130,0.8722282648086548,0.6828454732894897,0.32309335470199585
COCO_val2014_000000001799,0.8815246820449829,0.7695631980895996,0.16828764975070953
COCO_val2014_000000131714,0.9335307478904724,0.8357611894607544,0.11188478022813797
COCO_val2014_000000324008,0.9230634570121765,0.8314884901046753,0.10154859721660614
COCO_val2014_000000427341,0.9352031946182251,0.7649431228637695,0.20506802201271057
COCO_val2014_000000522791,0.7733495235443115,0.6881184577941895,0.307594895362854
COCO_val2014_000000463296,0.7745367288589478,0.7988142967224121,0.16875898838043213
COCO_val2014_000000262940,0.9358238577842712,0.8386878967285156,0.09301263093948364
COCO_val2014_000000116206,0.9313721656799316,0.8482617139816284,0.07862284779548645
COCO_val2014_000000313341,0.8432238101959229,0.7433964610099792,0.21587270498275757
COCO_val2014_000000093763,0.8742101192474365,0.7610945701599121,0.225452721118927
COCO_val2014_000000208423,0.7647900581359863,0.7111958265304565,0.3540390133857727
COCO_val2014_000000408480,0.9386464357376099,0.8489720821380615,0.09034958481788635
COCO_val2014_000000268435,0.9345139861106873,0.5577728152275085,0.5652223825454712
COCO_val2014_000000047603,0.8702574968338013,0.7026622891426086,0.2771094739437103
COCO_val2014_000000578498,0.8704225420951843,0.7881650924682617,0.210386723279953
COCO_val2014_000000003326,0.9446357488632202,0.818769097328186,0.22363972663879395
COCO_val2014_000000510707,0.8323777914047241,0.7967751622200012,0.15838167071342468
COCO_val2014_000000400507,0.861861526966095,0.7947034239768982,0.11694123595952988
COCO_val2014_000000229659,0.8713003396987915,0.7833259105682373,0.1782989203929901
COCO_val2014_000000436814,0.7706317901611328,0.7206342220306396,0.2639503479003906
COCO_val2014_000000315641,0.8155260682106018,0.7098739147186279,0.29118451476097107
COCO_val2014_000000419848,0.9412052035331726,0.8209099769592285,0.12616083025932312
COCO_val2014_000000129886,0.9029346704483032,0.8130359053611755,0.10230205953121185
COCO_val2014_000000181118,0.7358224391937256,0.748955488204956,0.2058684527873993
COCO_val2014_000000463865,0.8267244696617126,0.6439745426177979,0.5010122060775757
COCO_val2014_000000043375,0.9419698715209961,0.8361718654632568,0.10602331161499023
COCO_val2014_000000361430,0.8617815375328064,0.8072795867919922,0.14760223031044006
COCO_val2014_000000203294,0.9220290184020996,0.8202131986618042,0.10566853731870651
COCO_val2014_000000116067,0.9082502126693726,0.8222759366035461,0.09551125764846802
COCO_val2014_000000095062,0.9197160601615906,0.8329033851623535,0.10076691210269928
COCO_val2014_000000273711,0.881019115447998,0.8490439653396606,0.06691516935825348
COCO_val2014_000000368541,0.9598686695098877,0.8586493730545044,0.05338272824883461
COCO_val2014_000000294451,0.8024780750274658,0.8284750580787659,0.09056743234395981
COCO_val2014_000000415163,0.7799921035766602,0.6717671751976013,0.3885927200317383
COCO_val2014_000000152103,0.9067302346229553,0.7752410173416138,0.2620452344417572
COCO_val2014_000000159240,0.9050450921058655,0.838133692741394,0.07678329944610596
COCO_val2014_000000364016,0.9368036985397339,0.7936692833900452,0.15337993204593658
COCO_val2014_000000486974,0.8316669464111328,0.7732185125350952,0.18091213703155518
COCO_val2014_000000460373,0.813200056552887,0.7474149465560913,0.2373291403055191
COCO_val2014_000000061520,0.9210413098335266,0.7815848588943481,0.18898135423660278
COCO_val2014_000000465735,0.9115118384361267,0.8064901828765869,0.1164281964302063
COCO_val2014_000000400528,0.949972927570343,0.8409883975982666,0.08673223108053207
COCO_val2014_000000451120,0.9052416682243347,0.7689473032951355,0.17463162541389465
COCO_val2014_000000364608,0.9155750274658203,0.7404133677482605,0.25026804208755493
COCO_val2014_000000261721,0.8794466257095337,0.782486081123352,0.16510680317878723
COCO_val2014_000000167898,0.9326900839805603,0.8041067719459534,0.14427873492240906
COCO_val2014_000000033652,0.9076797962188721,0.8388906717300415,0.09732577204704285
COCO_val2014_000000004296,0.831447184085846,0.8061617612838745,0.12021908164024353
COCO_val2014_000000523871,0.9254422783851624,0.8061597943305969,0.13299119472503662
COCO_val2014_000000356349,0.899224042892456,0.7954432964324951,0.14512190222740173
COCO_val2014_000000184384,0.8784852623939514,0.8121868371963501,0.12443907558917999
COCO_val2014_000000253665,0.8759501576423645,0.7628188133239746,0.21232381463050842
COCO_val2014_000000481710,0.9279086589813232,0.8400411605834961,0.11513261497020721
COCO_val2014_000000535934,0.820513904094696,0.7337833642959595,0.2649519145488739
COCO_val2014_000000289222,0.849231481552124,0.6933352947235107,0.2987980842590332
COCO_val2014_000000191925,0.945979654788971,0.8031327128410339,0.13383203744888306
COCO_val2014_000000572260,0.8368634581565857,0.7496068477630615,0.21677979826927185
COCO_val2014_000000572825,0.9313166737556458,0.7785234451293945,0.22740459442138672
COCO_val2014_000000196074,0.8271804451942444,0.7362299561500549,0.23195047676563263
COCO_val2014_000000082174,0.7602277398109436,0.6370065212249756,0.41105401515960693
COCO_val2014_000000221095,0.8930748701095581,0.8318884372711182,0.0934126079082489
COCO_val2014_000000133327,0.9230563640594482,0.7579232454299927,0.24015766382217407
COCO_val2014_000000081287,0.810440719127655,0.7751938700675964,0.16552770137786865
COCO_val2014_000000344521,0.8035881519317627,0.7838752269744873,0.14783719182014465
COCO_val2014_000000314251,0.9418618679046631,0.8024250268936157,0.1343984603881836
COCO_val2014_000000313246,0.8852124810218811,0.7640484571456909,0.19071832299232483
COCO_val2014_000000578225,0.8241456151008606,0.7456991076469421,0.20689034461975098
COCO_val2014_000000009769,0.9015014171600342,0.808777928352356,0.13423745334148407
COCO_val2014_000000508950,0.9205229878425598,0.7774969339370728,0.1800244152545929
COCO_val2014_000000522782,0.8464671969413757,0.7456455230712891,0.23419123888015747
COCO_val2014_000000357418,0.9302714467048645,0.8402081727981567,0.09177501499652863
COCO_val2014_000000543330,0.9076181650161743,0.8288968801498413,0.10436372458934784
COCO_val2014_000000532976,0.9730707406997681,0.8785321712493896,0.03991623967885971
COCO_val2014_000000369533,0.8060628175735474,0.6883448362350464,0.3097398579120636
COCO_val2014_000000457037,0.8866621851921082,0.8160731196403503,0.12532301247119904
COCO_val2014_000000294124,0.8720070719718933,0.7365789413452148,0.22722095251083374
COCO_val2014_000000104495,0.9134500622749329,0.8267030119895935,0.10217107832431793
COCO_val2014_000000133515,0.9146246314048767,0.8097745776176453,0.13093909621238708
COCO_val2014_000000445557,0.9330653548240662,0.8001866340637207,0.14830011129379272
COCO_val2014_000000503101,0.7263941168785095,0.6758819818496704,0.3343888521194458
COCO_val2014_000000365626,0.9399696588516235,0.8288261890411377,0.10929659754037857
COCO_val2014_000000363767,0.8032307624816895,0.7615407109260559,0.18148748576641083
COCO_val2014_000000400887,0.8374102115631104,0.747626781463623,0.2248765528202057
COCO_val2014_000000239625,0.7496053576469421,0.7717637419700623,0.19544944167137146
COCO_val2014_000000135139,0.7286550998687744,0.6951759457588196,0.2966175973415375
COCO_val2014_000000278705,0.8369162678718567,0.738988995552063,0.2672584056854248
COCO_val2014_000000412440,0.8526637554168701,0.7321068048477173,0.23479214310646057
COCO_val2014_000000426611,0.7153230309486389,0.7129025459289551,0.2740705907344818
COCO_val2014_000000564572,0.9165039658546448,0.8091514706611633,0.12597504258155823
COCO_val2014_000000446352,0.9017118811607361,0.7644624710083008,0.20350834727287292
COCO_val2014_000000249599,0.851859986782074,0.7981517910957336,0.13318563997745514
COCO_val2014_000000097967,0.7499386668205261,0.717382550239563,0.2887018024921417
COCO_val2014_000000432234,0.8425859808921814,0.7355369329452515,0.25792306661605835
COCO_val2014_000000007511,0.9379294514656067,0.7952764630317688,0.19619707763195038
COCO_val2014_000000414133,0.9341912269592285,0.7549867033958435,0.23436012864112854
COCO_val2014_000000462376,0.9289223551750183,0.8222002387046814,0.09222142398357391
COCO_val2014_000000552610,0.7178802490234375,0.7072553634643555,0.25285714864730835
COCO_val2014_000000187236,0.8847586512565613,0.7715611457824707,0.2026861011981964
COCO_val2014_000000253742,0.8206706643104553,0.7066041827201843,0.37133315205574036
COCO_val2014_000000364399,0.9508485198020935,0.8658696413040161,0.04443223401904106
COCO_val2014_000000113707,0.7708329558372498,0.7077540159225464,0.3052768111228943
COCO_val2014_000000363840,0.7702207565307617,0.7437061667442322,0.21468466520309448
COCO_val2014_000000073256,0.9016947150230408,0.7494989633560181,0.2052491307258606
COCO_val2014_000000126163,0.8438210487365723,0.7180822491645813,0.2654321491718292
COCO_val2014_000000559312,0.78974848985672,0.7211753129959106,0.26440656185150146
COCO_val2014_000000000589,0.971466064453125,0.8590120673179626,0.06755712628364563
COCO_val2014_000000361073,0.9113349318504333,0.8459223508834839,0.09558919072151184
COCO_val2014_000000072315,0.8660686016082764,0.7272257208824158,0.2505514621734619
COCO_val2014_000000432657,0.9450693130493164,0.8177010416984558,0.13104066252708435
COCO_val2014_000000064121,0.7858815789222717,0.62917160987854,0.4361626207828522
COCO_val2014_000000367398,0.708275556564331,0.6912935972213745,0.35105156898498535
COCO_val2014_000000451440,0.9369593858718872,0.7889273166656494,0.13861645758152008
COCO_val2014_000000275661,0.867978572845459,0.7997860908508301,0.12288816273212433
COCO_val2014_000000067757,0.9447113275527954,0.760414719581604,0.276711642742157
COCO_val2014_000000261805,0.947980523109436,0.8222532272338867,0.1114819347858429
COCO_val2014_000000358296,0.8938894867897034,0.8066806793212891,0.1344565451145172
COCO_val2014_000000346702,0.812598705291748,0.7423622608184814,0.23746681213378906
COCO_val2014_000000123633,0.8558731079101562,0.7111401557922363,0.35984379053115845
COCO_val2014_000000478736,0.921316921710968,0.8198639154434204,0.12576161324977875
COCO_val2014_000000341719,0.9090580940246582,0.7416344881057739,0.23014172911643982
COCO_val2014_000000040497,0.8666701316833496,0.8126524686813354,0.12288720905780792
COCO_val2014_000000451559,0.9136375188827515,0.6404479742050171,0.39604634046554565
COCO_val2014_000000199783,0.9182498455047607,0.8336290717124939,0.08232511579990387
COCO_val2014_000000277869,0.9381776452064514,0.8488115668296814,0.07251142710447311
COCO_val2014_000000548336,0.8673968315124512,0.6672765016555786,0.38461631536483765
COCO_val2014_000000271424,0.762397825717926,0.7490850687026978,0.22761516273021698
COCO_val2014_000000300066,0.9275285005569458,0.7712082862854004,0.22938129305839539
COCO_val2014_000000129492,0.9132653474807739,0.7915371656417847,0.1510148048400879
COCO_val2014_000000082889,0.9709651470184326,0.8450634479522705,0.1057400107383728
COCO_val2014_000000523454,0.7180984020233154,0.6623998284339905,0.4270463287830353
COCO_val2014_000000049194,0.8551639318466187,0.6362342834472656,0.5370631814002991
COCO_val2014_000000119452,0.9553194046020508,0.5515909194946289,0.5445882081985474
COCO_val2014_000000460646,0.9253115057945251,0.803923487663269,0.14925816655158997
COCO_val2014_000000085940,0.9002858996391296,0.8467435240745544,0.06951850652694702
COCO_val2014_000000471488,0.892210841178894,0.7845454812049866,0.15297344326972961
COCO_val2014_000000221893,0.8042718768119812,0.6762106418609619,0.37968677282333374
COCO_val2014_000000008005,0.9045189619064331,0.8022295236587524,0.12793076038360596
COCO_val2014_000000009175,0.8360872864723206,0.7670917510986328,0.1830464005470276
COCO_val2014_000000402233,0.8062693476676941,0.7351875901222229,0.2538100481033325
COCO_val2014_000000287387,0.9311206936836243,0.805484414100647,0.1292763203382492
COCO_val2014_000000565693,0.8818233013153076,0.7369644045829773,0.24940943717956543
COCO_val2014_000000341246,0.9617826342582703,0.876884937286377,0.06524062156677246
COCO_val2014_000000084442,0.7671301364898682,0.8003831505775452,0.11701097339391708
COCO_val2014_000000253835,0.8793849945068359,0.7670857906341553,0.18043670058250427
COCO_val2014_000000285832,0.8291090726852417,0.805815577507019,0.13060030341148376
COCO_val2014_000000129897,0.8058212995529175,0.714652419090271,0.30424851179122925
COCO_val2014_000000030657,0.8792508244514465,0.6735750436782837,0.3266943395137787
COCO_val2014_000000330522,0.763626217842102,0.7404952645301819,0.23406147956848145
COCO_val2014_000000328289,0.9166237711906433,0.8080931901931763,0.11405809223651886
COCO_val2014_000000274109,0.891966700553894,0.8091347217559814,0.11064358055591583
COCO_val2014_000000225913,0.9113919734954834,0.804407000541687,0.14862769842147827
COCO_val2014_000000286089,0.915323793888092,0.7666020393371582,0.320923388004303
COCO_val2014_000000175653,0.7981111407279968,0.700455904006958,0.30608949065208435
COCO_val2014_000000427034,0.9056075215339661,0.7715013027191162,0.21752488613128662
COCO_val2014_000000225281,0.7736576199531555,0.7899227142333984,0.15935449302196503
COCO_val2014_000000541493,0.8318943977355957,0.7946720123291016,0.15012198686599731
COCO_val2014_000000185781,0.9567463397979736,0.8603601455688477,0.06801149249076843
COCO_val2014_000000575719,0.9727904796600342,0.8754844069480896,0.05211691930890083
COCO_val2014_000000264110,0.897097110748291,0.6794266700744629,0.32391834259033203
COCO_val2014_000000357737,0.7867915630340576,0.6702159643173218,0.3001571297645569
COCO_val2014_000000053629,0.6501894593238831,0.6308921575546265,0.4328099489212036
COCO_val2014_000000003779,0.7847699522972107,0.736579954624176,0.22802942991256714
COCO_val2014_000000114458,0.9468231797218323,0.808106541633606,0.18270635604858398
COCO_val2014_000000227204,0.837200939655304,0.684047281742096,0.2934088408946991
COCO_val2014_000000204036,0.9026527404785156,0.823590099811554,0.12964940071105957
COCO_val2014_000000388042,0.9133561253547668,0.8257978558540344,0.12058719992637634
COCO_val2014_000000129862,0.8732070326805115,0.773322343826294,0.20263932645320892
COCO_val2014_000000105291,0.8344427347183228,0.6873399019241333,0.33318501710891724
COCO_val2014_000000450391,0.7594035267829895,0.6612145900726318,0.39028507471084595
COCO_val2014_000000413339,0.8358982801437378,0.7827916145324707,0.19394128024578094
COCO_val2014_000000035726,0.8893442749977112,0.8105980753898621,0.11546343564987183
COCO_val2014_000000053328,0.8741401433944702,0.7382954955101013,0.23339331150054932
COCO_val2014_000000369370,0.8164195418357849,0.808245062828064,0.1131918877363205
COCO_val2014_000000426897,0.8091740608215332,0.6952710747718811,0.3502851128578186
COCO_val2014_000000009236,0.8740114569664001,0.7708353400230408,0.18728125095367432
COCO_val2014_000000375503,0.7801550030708313,0.7607912421226501,0.19342127442359924
COCO_val2014_000000544574,0.971528947353363,0.8542783260345459,0.06846824288368225
COCO_val2014_000000207826,0.8881246447563171,0.7493022680282593,0.21814033389091492
COCO_val2014_000000488463,0.9088872075080872,0.7968552112579346,0.17663469910621643
COCO_val2014_000000282553,0.9678437113761902,0.8637700080871582,0.06036663427948952
COCO_val2014_000000067018,0.9393697381019592,0.7914888858795166,0.18907377123832703
COCO_val2014_000000558171,0.8231972455978394,0.6826596856117249,0.40932151675224304
COCO_val2014_000000349647,0.8892785310745239,0.7902083396911621,0.13154666125774384
COCO_val2014_000000485916,0.8903824090957642,0.812565803527832,0.13506005704402924
COCO_val2014_000000135914,0.8477335572242737,0.7382645010948181,0.3183380961418152
COCO_val2014_000000231028,0.9655653834342957,0.8525591492652893,0.09580289572477341
COCO_val2014_000000100245,0.7037147879600525,0.7411702871322632,0.23153135180473328
COCO_val2014_000000020334,0.8513460159301758,0.7036838531494141,0.28631746768951416
COCO_val2014_000000142890,0.7289584279060364,0.6781030893325806,0.3186325430870056
COCO_val2014_000000180662,0.8367661237716675,0.7447364330291748,0.24248719215393066
COCO_val2014_000000519673,0.8964753746986389,0.8163119554519653,0.15241411328315735
COCO_val2014_000000224010,0.8758049011230469,0.7861992120742798,0.13860365748405457
COCO_val2014_000000112093,0.9288562536239624,0.8087769746780396,0.10598206520080566
COCO_val2014_000000517056,0.8869673609733582,0.7712513208389282,0.24649551510810852
COCO_val2014_000000348913,0.8661369681358337,0.7598209381103516,0.2512994110584259
COCO_val2014_000000493683,0.8347176909446716,0.7428073287010193,0.25959670543670654
COCO_val2014_000000316862,0.8820521235466003,0.7830498218536377,0.14360937476158142
COCO_val2014_000000327780,0.9138944745063782,0.8506619334220886,0.09504774212837219
COCO_val2014_000000567205,0.855304479598999,0.7850432991981506,0.16817331314086914
COCO_val2014_000000096207,0.8620768189430237,0.7278757095336914,0.2829265594482422
COCO_val2014_000000451155,0.8141607642173767,0.5308268070220947,0.6193217039108276
COCO_val2014_000000156370,0.7451610565185547,0.5665589570999146,0.5684659481048584
COCO_val2014_000000043673,0.8748868107795715,0.735023021697998,0.22398912906646729
COCO_val2014_000000397354,0.9365355968475342,0.8461989164352417,0.08204738050699234
COCO_val2014_000000008119,0.930831789970398,0.8062893748283386,0.12898731231689453
COCO_val2014_000000257336,0.8825311064720154,0.78365159034729,0.18859168887138367
COCO_val2014_000000420120,0.8064740300178528,0.6538889408111572,0.40696874260902405
COCO_val2014_000000099348,0.8184362053871155,0.7115341424942017,0.3019779622554779
COCO_val2014_000000476810,0.9444730877876282,0.8316320180892944,0.08077063411474228
COCO_val2014_000000090645,0.7090563178062439,0.7065892815589905,0.26113033294677734
COCO_val2014_000000489550,0.9266970753669739,0.835030734539032,0.10272996127605438
COCO_val2014_000000092998,0.8735851645469666,0.7437324523925781,0.24025362730026245
COCO_val2014_000000308274,0.9088305830955505,0.7247787714004517,0.2521376609802246
COCO_val2014_000000240784,0.9400978088378906,0.8195165395736694,0.11397650837898254
COCO_val2014_000000172556,0.9639865159988403,0.8304427862167358,0.14629775285720825
COCO_val2014_000000306230,0.926524817943573,0.8058432936668396,0.14313893020153046
COCO_val2014_000000102837,0.9632701277732849,0.8068459033966064,0.17247477173805237
COCO_val2014_000000262476,0.8783522844314575,0.742317259311676,0.22405299544334412
COCO_val2014_000000002839,0.8886563181877136,0.7366271018981934,0.23251453042030334
COCO_val2014_000000442667,0.9241783022880554,0.8362035155296326,0.11198216676712036
COCO_val2014_000000140783,0.9128893613815308,0.8344626426696777,0.08110028505325317
COCO_val2014_000000144706,0.8665211200714111,0.7467848062515259,0.2490876168012619
COCO_val2014_000000450724,0.8749988675117493,0.6850327849388123,0.3762924075126648
COCO_val2014_000000278966,0.8874689340591431,0.7498552203178406,0.23431125283241272
COCO_val2014_000000006701,0.8920074701309204,0.7462226152420044,0.2518294155597687
COCO_val2014_000000167122,0.8583577871322632,0.7721980810165405,0.18272432684898376
COCO_val2014_000000528411,0.8193383812904358,0.7105029225349426,0.3191521465778351
COCO_val2014_000000438567,0.8666020035743713,0.8006398677825928,0.1359710991382599
COCO_val2014_000000568398,0.886713445186615,0.8222764730453491,0.12721461057662964
COCO_val2014_000000433892,0.955892026424408,0.8071172833442688,0.14977510273456573
COCO_val2014_000000242529,0.889927864074707,0.7951942682266235,0.14790643751621246
COCO_val2014_000000336324,0.8613465428352356,0.789060115814209,0.14467832446098328
COCO_val2014_000000176330,0.8926774263381958,0.7576045393943787,0.20003212988376617
COCO_val2014_000000192128,0.891899824142456,0.7485522031784058,0.21372215449810028
COCO_val2014_000000203661,0.820093035697937,0.7907388210296631,0.17011018097400665
COCO_val2014_000000400166,0.8734220266342163,0.8098975419998169,0.12005378305912018
COCO_val2014_000000264619,0.9058945178985596,0.8025506138801575,0.13571396470069885
COCO_val2014_000000427118,0.8859540224075317,0.7709677815437317,0.18433883786201477
COCO_val2014_000000054517,0.893115222454071,0.7931942939758301,0.1542241871356964
COCO_val2014_000000385029,0.9105497002601624,0.7968469262123108,0.13835465908050537
COCO_val2014_000000565085,0.9171284437179565,0.7816343307495117,0.20133012533187866
COCO_val2014_000000054355,0.9532344937324524,0.8504003286361694,0.08091157674789429
COCO_val2014_000000556120,0.8133194446563721,0.7515051364898682,0.20936943590641022
COCO_val2014_000000137271,0.9284220337867737,0.7915889024734497,0.1266375184059143
COCO_val2014_000000094422,0.9265663623809814,0.7833864688873291,0.2240782380104065
COCO_val2014_000000029059,0.9274348020553589,0.7829922437667847,0.21219602227210999
COCO_val2014_000000277239,0.8273929357528687,0.7612521648406982,0.18402855098247528
COCO_val2014_000000564489,0.822572648525238,0.6774009466171265,0.37083375453948975
COCO_val2014_000000048281,0.887672483921051,0.7518644332885742,0.22988519072532654
COCO_val2014_000000109441,0.8405686616897583,0.7978103160858154,0.13656070828437805
COCO_val2014_000000499480,0.8989251255989075,0.8475037813186646,0.09234162420034409
COCO_val2014_000000378614,0.5684487819671631,0.6692093014717102,0.3173748254776001
COCO_val2014_000000330536,0.8042891025543213,0.7291114926338196,0.23994143307209015
COCO_val2014_000000131627,0.9211816191673279,0.7832781076431274,0.16641870141029358
COCO_val2014_000000300753,0.9240570068359375,0.786865234375,0.18466176092624664
COCO_val2014_000000251892,0.9258707165718079,0.8717072010040283,0.05668404698371887
COCO_val2014_000000114684,0.8862147331237793,0.7411843538284302,0.2385757863521576
COCO_val2014_000000265256,0.9150769114494324,0.7796304225921631,0.16227957606315613
COCO_val2014_000000099938,0.9245924949645996,0.8114526867866516,0.10299758613109589
COCO_val2014_000000281711,0.9349322319030762,0.8487088084220886,0.07544141262769699
COCO_val2014_000000484751,0.9365645051002502,0.8535323739051819,0.07889086753129959
COCO_val2014_000000146570,0.8317404985427856,0.8079832792282104,0.1623067855834961
COCO_val2014_000000290289,0.7856215834617615,0.7444608211517334,0.21083194017410278
COCO_val2014_000000113271,0.9441612958908081,0.83022141456604,0.08929727971553802
COCO_val2014_000000497660,0.9359946846961975,0.8178514242172241,0.11223053187131882
COCO_val2014_000000326854,0.8871808648109436,0.8071802258491516,0.13341790437698364
COCO_val2014_000000460866,0.788029670715332,0.7552062273025513,0.21856689453125
COCO_val2014_000000377999,0.9226900339126587,0.8148564100265503,0.13293910026550293
COCO_val2014_000000476838,0.751085102558136,0.7549363970756531,0.22509169578552246
COCO_val2014_000000235203,0.7519469261169434,0.7416471242904663,0.2203245460987091
COCO_val2014_000000097561,0.8763916492462158,0.7889981269836426,0.16681313514709473
COCO_val2014_000000002302,0.9495820999145508,0.7975603342056274,0.24013054370880127
COCO_val2014_000000193194,0.8822268843650818,0.7833498120307922,0.15807466208934784
COCO_val2014_000000222317,0.9183608889579773,0.6997746229171753,0.2900044322013855
COCO_val2014_000000225603,0.9314829707145691,0.8299355506896973,0.12455931305885315
COCO_val2014_000000458485,0.9250103831291199,0.8209564685821533,0.15225271880626678
COCO_val2014_000000207886,0.9197775721549988,0.826265811920166,0.13134241104125977
COCO_val2014_000000358765,0.8990486264228821,0.693065881729126,0.3002470135688782
COCO_val2014_000000524187,0.9820477962493896,0.8614802956581116,0.09178603440523148
COCO_val2014_000000015335,0.8666783571243286,0.7469512224197388,0.27894002199172974
COCO_val2014_000000084540,0.9316389560699463,0.8063576221466064,0.12723183631896973
COCO_val2014_000000091779,0.8926271200180054,0.8267388939857483,0.10746097564697266
COCO_val2014_000000560256,0.8226771354675293,0.8180686235427856,0.09674015641212463
COCO_val2014_000000451324,0.8403896689414978,0.7908649444580078,0.1560574471950531
COCO_val2014_000000364266,0.8327735662460327,0.7736462354660034,0.1349232792854309
COCO_val2014_000000082263,0.9105513095855713,0.7783299088478088,0.17391051352024078
COCO_val2014_000000080895,0.9187890887260437,0.8102998733520508,0.149438738822937
COCO_val2014_000000366576,0.7805185914039612,0.7317471504211426,0.2555809020996094
COCO_val2014_000000516805,0.8694594502449036,0.8091191649436951,0.14122839272022247
COCO_val2014_000000307342,0.894303560256958,0.7843385338783264,0.17280928790569305
COCO_val2014_000000319345,0.8411470055580139,0.7467272281646729,0.2905732989311218
COCO_val2014_000000032965,0.9219643473625183,0.7927058935165405,0.13102847337722778
COCO_val2014_000000199951,0.9436877369880676,0.7404906749725342,0.3125147819519043
COCO_val2014_000000005535,0.8037177920341492,0.6896703839302063,0.31980234384536743
COCO_val2014_000000150235,0.9206207990646362,0.7609975337982178,0.20235924422740936
COCO_val2014_000000485368,0.8890097737312317,0.7519106268882751,0.2661096453666687
COCO_val2014_000000034500,0.9481276869773865,0.7635672092437744,0.27687981724739075
COCO_val2014_000000569801,0.8259674906730652,0.7764111757278442,0.1852266937494278
COCO_val2014_000000505455,0.9268175959587097,0.7787627577781677,0.2034679353237152
COCO_val2014_000000125778,0.7838394641876221,0.7440057396888733,0.24683545529842377
COCO_val2014_000000373075,0.7789360284805298,0.6910920739173889,0.2871730327606201
COCO_val2014_000000000397,0.8593084812164307,0.8262108564376831,0.10867656022310257
COCO_val2014_000000010138,0.928672730922699,0.8057947158813477,0.1322578489780426
COCO_val2014_000000082787,0.8950663805007935,0.825602650642395,0.08488637953996658
COCO_val2014_000000060128,0.9042454957962036,0.8524298667907715,0.0726623460650444
COCO_val2014_000000250592,0.90166175365448,0.7992903590202332,0.14628374576568604
COCO_val2014_000000338625,0.8963748812675476,0.7946432828903198,0.14547371864318848
COCO_val2014_000000259422,0.8939361572265625,0.8395975232124329,0.09391389787197113
COCO_val2014_000000131282,0.791715145111084,0.7515166401863098,0.20929452776908875
COCO_val2014_000000413341,0.9517375826835632,0.8433842062950134,0.11349048465490341
COCO_val2014_000000380348,0.8518833518028259,0.7797235250473022,0.19377833604812622
COCO_val2014_000000209357,0.9402099847793579,0.7965124249458313,0.1841617077589035
COCO_val2014_000000358658,0.8990524411201477,0.7817147374153137,0.18288040161132812
COCO_val2014_000000299887,0.9323692917823792,0.7822686433792114,0.16006022691726685
COCO_val2014_000000258243,0.931307852268219,0.809586763381958,0.1465434432029724
COCO_val2014_000000349101,0.7768250703811646,0.7276473045349121,0.21335919201374054
COCO_val2014_000000323525,0.9308834671974182,0.7994989156723022,0.24338489770889282
COCO_val2014_000000000520,0.87208092212677,0.8044183254241943,0.1313984990119934
COCO_val2014_000000393497,0.8740022778511047,0.7806942462921143,0.14550116658210754
COCO_val2014_000000217783,0.8940153121948242,0.7688267230987549,0.22237826883792877
COCO_val2014_000000447328,0.898199737071991,0.783281683921814,0.17999817430973053
COCO_val2014_000000310906,0.867218554019928,0.8007030487060547,0.14273887872695923
COCO_val2014_000000541773,0.8811675310134888,0.7970591187477112,0.14637523889541626
COCO_val2014_000000326428,0.8941075205802917,0.7486476898193359,0.22364476323127747
COCO_val2014_000000541132,0.877941370010376,0.7881935834884644,0.15147815644741058
COCO_val2014_000000076547,0.8516415953636169,0.7125024795532227,0.25981074571609497
COCO_val2014_000000366096,0.8695317506790161,0.8059538006782532,0.14170518517494202
COCO_val2014_000000501443,0.8439326286315918,0.7559143900871277,0.22744587063789368
COCO_val2014_000000106411,0.9069662690162659,0.7343230843544006,0.23317719995975494
COCO_val2014_000000370209,0.8397162556648254,0.7303946614265442,0.30008482933044434
COCO_val2014_000000275117,0.9330580234527588,0.8181089162826538,0.11482788622379303
COCO_val2014_000000100083,0.9334537386894226,0.8483522534370422,0.07393424212932587
COCO_val2014_000000173825,0.8101451396942139,0.7790724635124207,0.15431687235832214
COCO_val2014_000000350003,0.9523594975471497,0.8315930366516113,0.0691104531288147
COCO_val2014_000000377393,0.8650051355361938,0.7928920984268188,0.1558554470539093
COCO_val2014_000000178446,0.7868518829345703,0.6891195774078369,0.3470945358276367
COCO_val2014_000000008665,0.926979660987854,0.6755633354187012,0.40330928564071655
COCO_val2014_000000516856,0.9306292533874512,0.7859246134757996,0.17644977569580078
COCO_val2014_000000017627,0.9339374899864197,0.8358854055404663,0.08825306594371796
COCO_val2014_000000455735,0.8763924241065979,0.7918480038642883,0.13477903604507446
COCO_val2014_000000208991,0.8789404034614563,0.7761686444282532,0.18309199810028076
COCO_val2014_000000508514,0.8319088220596313,0.7332674860954285,0.2110101282596588
COCO_val2014_000000229132,0.8496088981628418,0.7847035527229309,0.16951072216033936
COCO_val2014_000000183519,0.9513257145881653,0.8246279954910278,0.1418890357017517
COCO_val2014_000000367142,0.9210596084594727,0.6689559817314148,0.387587308883667
COCO_val2014_000000289260,0.8434204459190369,0.7921055555343628,0.14857888221740723
COCO_val2014_000000098683,0.9227758049964905,0.7630904912948608,0.20967254042625427
COCO_val2014_000000347995,0.9300912618637085,0.7813737392425537,0.1696210354566574
COCO_val2014_000000450790,0.897365391254425,0.8350276947021484,0.09775900095701218
COCO_val2014_000000456525,0.9258261322975159,0.828644335269928,0.07539518177509308
COCO_val2014_000000120420,0.8688628673553467,0.7395023107528687,0.2072681188583374
COCO_val2014_000000439773,0.8921550512313843,0.6854748129844666,0.31647342443466187
COCO_val2014_000000103558,0.8955497741699219,0.7619697451591492,0.21227310597896576
COCO_val2014_000000216277,0.9547809362411499,0.8382984399795532,0.0661071166396141
COCO_val2014_000000442724,0.7677330374717712,0.7598117589950562,0.19868580996990204
COCO_val2014_000000200627,0.941950798034668,0.8602890372276306,0.08588466793298721
COCO_val2014_000000218855,0.8127877116203308,0.7069246172904968,0.28690341114997864
COCO_val2014_000000406211,0.8134828805923462,0.6601368188858032,0.4241044223308563
COCO_val2014_000000435075,0.8498659133911133,0.8023529648780823,0.12635432183742523
COCO_val2014_000000003742,0.8976486325263977,0.7992755770683289,0.1749120056629181
COCO_val2014_000000145597,0.7981328368186951,0.7314578294754028,0.2363920360803604
COCO_val2014_000000107304,0.8036006689071655,0.7019187211990356,0.39784958958625793
COCO_val2014_000000479466,0.9303973913192749,0.7808316349983215,0.18665507435798645
COCO_val2014_000000200365,0.8221411108970642,0.7078298330307007,0.2794169783592224
COCO_val2014_000000120021,0.8357508778572083,0.8009763956069946,0.1472618281841278
COCO_val2014_000000387850,0.8793840408325195,0.7825217843055725,0.13661307096481323
COCO_val2014_000000085826,0.84697425365448,0.6356115341186523,0.40117597579956055
COCO_val2014_000000543570,0.8987202644348145,0.8027074933052063,0.18107566237449646
COCO_val2014_000000066685,0.8816678524017334,0.8150947093963623,0.11369447410106659
COCO_val2014_000000156572,0.8639388680458069,0.7199866771697998,0.2612570822238922
COCO_val2014_000000156643,0.9187350869178772,0.7359048128128052,0.24899572134017944
COCO_val2014_000000273470,0.8769650459289551,0.7447711229324341,0.24558182060718536
COCO_val2014_000000058690,0.6651656627655029,0.5562325716018677,0.5698502063751221
COCO_val2014_000000389295,0.8649622797966003,0.7084709405899048,0.4787074327468872
COCO_val2014_000000357317,0.8689599633216858,0.5739344358444214,0.541182816028595
COCO_val2014_000000017311,0.8797500729560852,0.7760740518569946,0.15985947847366333
COCO_val2014_000000334034,0.8391710519790649,0.7571407556533813,0.21122312545776367
COCO_val2014_000000359128,0.8452449440956116,0.7979512214660645,0.12729626893997192
COCO_val2014_000000186927,0.9040179252624512,0.7855977416038513,0.1513092964887619
COCO_val2014_000000325483,0.9138122797012329,0.7675864696502686,0.20266862213611603
COCO_val2014_000000577924,0.8688439726829529,0.7882986068725586,0.1482740342617035
COCO_val2014_000000200451,0.9098643064498901,0.7980396747589111,0.1660272777080536
COCO_val2014_000000411530,0.8839647769927979,0.7699302434921265,0.18897676467895508
COCO_val2014_000000493724,0.9341190457344055,0.8117835521697998,0.13988442718982697
COCO_val2014_000000573930,0.8856271505355835,0.8054488301277161,0.13934040069580078
COCO_val2014_000000204507,0.8662328124046326,0.683979332447052,0.3935733735561371
COCO_val2014_000000379441,0.8951877355575562,0.8235427737236023,0.10656484216451645
COCO_val2014_000000069366,0.9549539089202881,0.8329977989196777,0.09931084513664246
COCO_val2014_000000547493,0.9473862648010254,0.8360449075698853,0.10040075331926346
COCO_val2014_000000499266,0.8641263246536255,0.5523890256881714,0.5621293783187866
COCO_val2014_000000458755,0.8519601821899414,0.7569781541824341,0.18287968635559082
COCO_val2014_000000051028,0.8049189448356628,0.8005802631378174,0.12218187749385834
COCO_val2014_000000278161,0.8656958341598511,0.8008832931518555,0.11529187858104706
COCO_val2014_000000432333,0.8835839629173279,0.8145244121551514,0.11287836730480194
COCO_val2014_000000186130,0.9376017451286316,0.7999936938285828,0.14169958233833313
COCO_val2014_000000281111,0.9097394943237305,0.7851436138153076,0.17124995589256287
COCO_val2014_000000124712,0.8457640409469604,0.7357465624809265,0.2680099606513977
COCO_val2014_000000302603,0.8438084125518799,0.6752511262893677,0.31617459654808044
COCO_val2014_000000287714,0.9095464944839478,0.7850474715232849,0.17777276039123535
COCO_val2014_000000164005,0.7830775380134583,0.7428922653198242,0.22296781837940216
COCO_val2014_000000381416,0.9657929539680481,0.8573259115219116,0.06473743915557861
COCO_val2014_000000153011,0.817974865436554,0.7252507209777832,0.26300138235092163
COCO_val2014_000000523195,0.7597595453262329,0.7757221460342407,0.16554640233516693
COCO_val2014_000000090616,0.9169996380805969,0.8152942061424255,0.13239431381225586
COCO_val2014_000000087740,0.9494127035140991,0.8165834546089172,0.09739100933074951
COCO_val2014_000000493932,0.9227943420410156,0.8271945714950562,0.09749504923820496
COCO_val2014_000000306453,0.8621249794960022,0.7435723543167114,0.20791295170783997
COCO_val2014_000000228013,0.8465731143951416,0.7223267555236816,0.3249051570892334
COCO_val2014_000000358293,0.9010224938392639,0.7554198503494263,0.24206897616386414
COCO_val2014_000000294134,0.9654107093811035,0.875876784324646,0.047050729393959045
COCO_val2014_000000492284,0.8938934803009033,0.790260910987854,0.17628800868988037
COCO_val2014_000000464196,0.918986439704895,0.6831488013267517,0.33630645275115967
COCO_val2014_000000574332,0.8723896741867065,0.7619009017944336,0.21014641225337982
COCO_val2014_000000486306,0.7974864840507507,0.7654929757118225,0.17142575979232788
COCO_val2014_000000114861,0.8666260242462158,0.7899895906448364,0.15286919474601746
COCO_val2014_000000118181,0.9329046607017517,0.6946372985839844,0.3212733566761017
COCO_val2014_000000524957,0.8725650906562805,0.7117760181427002,0.29215186834335327
COCO_val2014_000000329373,0.8925108909606934,0.7661318182945251,0.19407211244106293
COCO_val2014_000000239010,0.9127975702285767,0.795038104057312,0.15685626864433289
COCO_val2014_000000187177,0.9171321988105774,0.7801158428192139,0.17067086696624756
COCO_val2014_000000551334,0.9148823618888855,0.6343981027603149,0.3908093273639679
COCO_val2014_000000230450,0.822607159614563,0.7621911764144897,0.18301358819007874
COCO_val2014_000000142177,0.9172950983047485,0.8274956941604614,0.10781356692314148
COCO_val2014_000000043851,0.78999263048172,0.6027127504348755,0.49686598777770996
COCO_val2014_000000249969,0.9521647095680237,0.8625378012657166,0.06330849975347519
COCO_val2014_000000570981,0.7551190257072449,0.7624865770339966,0.1724235713481903
COCO_val2014_000000253630,0.7573398947715759,0.7131423354148865,0.2916792929172516
COCO_val2014_000000491784,0.9387218356132507,0.7823948264122009,0.15825533866882324
COCO_val2014_000000561336,0.8718507289886475,0.775558352470398,0.14401328563690186
COCO_val2014_000000318550,0.8214914202690125,0.7969962358474731,0.14814361929893494
COCO_val2014_000000450129,0.9210259318351746,0.8287933468818665,0.08523593842983246
COCO_val2014_000000010707,0.8438231945037842,0.7568840384483337,0.19141444563865662
COCO_val2014_000000445371,0.9131561517715454,0.6787868738174438,0.35421815514564514
COCO_val2014_000000550707,0.9146717190742493,0.7864559888839722,0.1447855830192566
COCO_val2014_000000068093,0.9190659523010254,0.8149261474609375,0.1284276247024536
COCO_val2014_000000417965,0.9174141883850098,0.7823489904403687,0.16460540890693665
COCO_val2014_000000144874,0.9437863826751709,0.7850978374481201,0.17716370522975922
COCO_val2014_000000508949,0.9160089492797852,0.7544450759887695,0.18361425399780273
COCO_val2014_000000511674,0.9170050024986267,0.8136554956436157,0.1083962619304657
COCO_val2014_000000352418,0.9163150191307068,0.831943154335022,0.07093331962823868
COCO_val2014_000000542509,0.9251312017440796,0.8610461354255676,0.07725684344768524
COCO_val2014_000000229740,0.9271064400672913,0.7781923413276672,0.2127174735069275
COCO_val2014_000000068059,0.9416484236717224,0.8626223802566528,0.05389920622110367
COCO_val2014_000000206487,0.9323062896728516,0.8518725633621216,0.09027561545372009
COCO_val2014_000000557163,0.9424049854278564,0.7721737027168274,0.19826450943946838
COCO_val2014_000000488942,0.9393854737281799,0.75266432762146,0.21926669776439667
COCO_val2014_000000052835,0.9035295248031616,0.7965182662010193,0.13035783171653748
COCO_val2014_000000466211,0.937300443649292,0.8125985860824585,0.10091475397348404
COCO_val2014_000000192932,0.9642653465270996,0.8177484273910522,0.1997281014919281
COCO_val2014_000000383406,0.8161064982414246,0.7682203054428101,0.2680395841598511
COCO_val2014_000000427306,0.8321372270584106,0.7753928899765015,0.1789226233959198
COCO_val2014_000000445267,0.8451119661331177,0.7633090019226074,0.19991210103034973
COCO_val2014_000000176606,0.8723164200782776,0.7153713703155518,0.33443135023117065
COCO_val2014_000000454203,0.8014933466911316,0.7556527853012085,0.19292759895324707
COCO_val2014_000000189368,0.8724187612533569,0.7082495093345642,0.3801230788230896
COCO_val2014_000000369249,0.6652876734733582,0.6336472034454346,0.408539742231369
COCO_val2014_000000296231,0.7742042541503906,0.688524603843689,0.3257448077201843
COCO_val2014_000000028719,0.9552124738693237,0.8376580476760864,0.07862014323472977
COCO_val2014_000000304379,0.9026538729667664,0.743427574634552,0.25117021799087524
COCO_val2014_000000215644,0.8977637887001038,0.8182398676872253,0.13034775853157043
COCO_val2014_000000072582,0.9056532382965088,0.770916223526001,0.19292473793029785
COCO_val2014_000000020979,0.9296991229057312,0.8227741718292236,0.12475954741239548
COCO_val2014_000000050485,0.9297115802764893,0.723993718624115,0.3530500829219818
COCO_val2014_000000078748,0.9039101004600525,0.8118388652801514,0.127935528755188
COCO_val2014_000000344498,0.9393145442008972,0.8304476141929626,0.08285634219646454
COCO_val2014_000000501491,0.9031495451927185,0.8079919815063477,0.15353131294250488
COCO_val2014_000000003067,0.902914822101593,0.8114664554595947,0.12316793948411942
COCO_val2014_000000177015,0.8093966245651245,0.6869059205055237,0.3160444498062134
COCO_val2014_000000020410,0.6062296032905579,0.6863415241241455,0.36471983790397644
COCO_val2014_000000305101,0.8763527870178223,0.7978563904762268,0.18782657384872437
COCO_val2014_000000404349,0.9119079113006592,0.8135634064674377,0.12646247446537018
COCO_val2014_000000163112,0.9363386034965515,0.7464096546173096,0.23890137672424316
COCO_val2014_000000191218,0.84482741355896,0.7806915044784546,0.1991129219532013
COCO_val2014_000000435444,0.8531668186187744,0.7130938768386841,0.2854381799697876
COCO_val2014_000000015956,0.9056060910224915,0.8029037117958069,0.13183735311031342
COCO_val2014_000000236721,0.8947429060935974,0.8152640461921692,0.10691996663808823
COCO_val2014_000000467887,0.7260482907295227,0.6374943256378174,0.4317772388458252
COCO_val2014_000000183319,0.8941616415977478,0.8121212720870972,0.1425325870513916
COCO_val2014_000000397628,0.7474338412284851,0.6797347068786621,0.2846052348613739
COCO_val2014_000000338105,0.8663992285728455,0.7413163185119629,0.21617057919502258
COCO_val2014_000000058304,0.8749855756759644,0.8082177042961121,0.11195676773786545
COCO_val2014_000000002179,0.7933064103126526,0.722626268863678,0.3452942967414856
COCO_val2014_000000355569,0.862699568271637,0.784656286239624,0.13071855902671814
COCO_val2014_000000128180,0.8469812273979187,0.749859094619751,0.20836681127548218
COCO_val2014_000000007570,0.9465034008026123,0.8364084959030151,0.09107615053653717
COCO_val2014_000000469246,0.8962868452072144,0.6737370491027832,0.3433552086353302
COCO_val2014_000000137961,0.9160290360450745,0.7501081228256226,0.21710534393787384
COCO_val2014_000000197444,0.9256945848464966,0.8434247970581055,0.08446452766656876
COCO_val2014_000000108484,0.9228768348693848,0.8080610036849976,0.1287778615951538
COCO_val2014_000000468917,0.8891769647598267,0.7660809755325317,0.1834750473499298
COCO_val2014_000000567708,0.9432680010795593,0.842370867729187,0.09277044236660004
COCO_val2014_000000186095,0.9101907014846802,0.7878352403640747,0.16031667590141296
COCO_val2014_000000047775,0.8995109796524048,0.8032801151275635,0.1514567881822586
COCO_val2014_000000397636,0.767250657081604,0.5964353084564209,0.4826137125492096
COCO_val2014_000000469777,0.9160576462745667,0.8071101903915405,0.12911468744277954
COCO_val2014_000000256628,0.8939375877380371,0.6813998222351074,0.36430424451828003
COCO_val2014_000000400139,0.8908807635307312,0.8103814125061035,0.12000800669193268
COCO_val2014_000000024693,0.8975120782852173,0.8442820906639099,0.0919870138168335
COCO_val2014_000000568281,0.8818293809890747,0.8104410767555237,0.12637439370155334
COCO_val2014_000000087588,0.9033965468406677,0.7330451011657715,0.23964905738830566
COCO_val2014_000000559277,0.9502149820327759,0.8398798704147339,0.0918256938457489
COCO_val2014_000000268729,0.9139969944953918,0.7947760224342346,0.21178510785102844
COCO_val2014_000000038817,0.8112112879753113,0.7118251323699951,0.28511399030685425
COCO_val2014_000000077396,0.9086940884590149,0.8068432807922363,0.1271340548992157
COCO_val2014_000000127659,0.9333986639976501,0.8131740093231201,0.1057487428188324
COCO_val2014_000000093620,0.9012059569358826,0.7865413427352905,0.16600258648395538
COCO_val2014_000000077050,0.5956343412399292,0.6488385200500488,0.3850758373737335
COCO_val2014_000000199575,0.7466666102409363,0.6340802907943726,0.43281447887420654
COCO_val2014_000000293148,0.8576169013977051,0.768164873123169,0.21424686908721924
COCO_val2014_000000298461,0.8394280076026917,0.7948278784751892,0.13659512996673584
COCO_val2014_000000130524,0.9125539660453796,0.8092014789581299,0.14203031361103058
COCO_val2014_000000419723,0.8464135527610779,0.8352710604667664,0.09299119561910629
COCO_val2014_000000426011,0.9029719233512878,0.7630798816680908,0.2238638997077942
COCO_val2014_000000427615,0.9274320006370544,0.7744928002357483,0.19468796253204346
COCO_val2014_000000129062,0.8978486657142639,0.8174307346343994,0.12916800379753113
COCO_val2014_000000390826,0.9667521715164185,0.8376766443252563,0.15021340548992157
COCO_val2014_000000297944,0.7208501696586609,0.4921222925186157,0.7142853736877441
COCO_val2014_000000328111,0.8163452744483948,0.7625023722648621,0.1788545846939087
COCO_val2014_000000526364,0.8198028206825256,0.8255065679550171,0.1024555116891861
COCO_val2014_000000051203,0.8998051881790161,0.7706005573272705,0.21603213250637054
COCO_val2014_000000309232,0.7405223250389099,0.6364918947219849,0.3726145029067993
COCO_val2014_000000425964,0.833065390586853,0.7078601717948914,0.3095366656780243
COCO_val2014_000000240903,0.9011073112487793,0.7778341770172119,0.2097211480140686
COCO_val2014_000000042641,0.728431224822998,0.4829188585281372,0.7382674217224121
COCO_val2014_000000019624,0.7946839332580566,0.7769433259963989,0.16242600977420807
COCO_val2014_000000443784,0.8987497091293335,0.7240291833877563,0.3181926906108856
COCO_val2014_000000387909,0.8875343203544617,0.7985938787460327,0.13102926313877106
COCO_val2014_000000074256,0.9246773719787598,0.7760795950889587,0.2432679533958435
COCO_val2014_000000267135,0.9002446532249451,0.8075604438781738,0.15076029300689697
COCO_val2014_000000096832,0.9052984118461609,0.7928413152694702,0.13880407810211182
COCO_val2014_000000370513,0.8663742542266846,0.7911210060119629,0.13421481847763062
COCO_val2014_000000145214,0.8238633275032043,0.7793970108032227,0.16026611626148224
COCO_val2014_000000332845,0.856042206287384,0.7226172685623169,0.30624717473983765
COCO_val2014_000000045248,0.9348285794258118,0.819158673286438,0.17237481474876404
COCO_val2014_000000470121,0.8483453989028931,0.8042805194854736,0.1277151107788086
COCO_val2014_000000329946,0.777545690536499,0.753113865852356,0.20026792585849762
COCO_val2014_000000224114,0.8756260275840759,0.7786179780960083,0.1632688343524933
COCO_val2014_000000131131,0.9488990306854248,0.7814728021621704,0.2222321331501007
COCO_val2014_000000353130,0.786216139793396,0.7935941219329834,0.19510343670845032
COCO_val2014_000000228749,0.8891554474830627,0.837801992893219,0.07812696695327759
COCO_val2014_000000121123,0.8976755738258362,0.7685807943344116,0.2039213925600052
COCO_val2014_000000358976,0.8903568387031555,0.7286193370819092,0.23170900344848633
COCO_val2014_000000483446,0.8627121448516846,0.7501641511917114,0.28710073232650757
COCO_val2014_000000451275,0.8978657126426697,0.7505977153778076,0.24971690773963928
COCO_val2014_000000513993,0.843928337097168,0.8155366778373718,0.10421885550022125
COCO_val2014_000000581887,0.9400519728660583,0.6137596368789673,0.4400218725204468
COCO_val2014_000000399452,0.8760064840316772,0.7719356417655945,0.17191347479820251
COCO_val2014_000000413044,0.9391541481018066,0.7971509695053101,0.15559300780296326
COCO_val2014_000000072376,0.9087538123130798,0.7847803235054016,0.2225230634212494
COCO_val2014_000000237759,0.8999108076095581,0.8421828746795654,0.10134914517402649
COCO_val2014_000000485822,0.888931930065155,0.8116090893745422,0.11530087888240814
COCO_val2014_000000565395,0.8903123736381531,0.7978342175483704,0.19075672328472137
COCO_val2014_000000234328,0.8915621042251587,0.8260700702667236,0.09006738662719727
COCO_val2014_000000530259,0.926364541053772,0.8457245230674744,0.0964532345533371
COCO_val2014_000000384114,0.9230231046676636,0.8127409219741821,0.12437708675861359
COCO_val2014_000000398534,0.8715687394142151,0.7402133941650391,0.2799220383167267
COCO_val2014_000000293022,0.9633110165596008,0.8583226203918457,0.08543766289949417
COCO_val2014_000000183204,0.8431473970413208,0.8229266405105591,0.11675547808408737
COCO_val2014_000000204471,0.9131131768226624,0.7916762232780457,0.15290282666683197
COCO_val2014_000000066771,0.9060443043708801,0.7733925580978394,0.2319507747888565
COCO_val2014_000000044934,0.9095104932785034,0.8378598690032959,0.08446617424488068
COCO_val2014_000000430073,0.9021896719932556,0.8050466775894165,0.13219812512397766
COCO_val2014_000000009400,0.7956251502037048,0.7244495749473572,0.28146907687187195
COCO_val2014_000000562084,0.9091631770133972,0.8065084218978882,0.2181655764579773
COCO_val2014_000000153632,0.9453350305557251,0.8216181397438049,0.11691312491893768
COCO_val2014_000000033116,0.8101862668991089,0.7186762094497681,0.2771114110946655
COCO_val2014_000000076588,0.8908161520957947,0.7475250959396362,0.2011798620223999
COCO_val2014_000000176278,0.9320502877235413,0.8152531385421753,0.15445789694786072
COCO_val2014_000000447187,0.9087163209915161,0.7520817518234253,0.2452644556760788
COCO_val2014_000000220808,0.870154857635498,0.7304486632347107,0.24927446246147156
COCO_val2014_000000187054,0.8207225799560547,0.7075777053833008,0.3046608567237854
COCO_val2014_000000455975,0.937426745891571,0.8173140287399292,0.16758906841278076
COCO_val2014_000000490105,0.9164533615112305,0.7525354623794556,0.2230902761220932
COCO_val2014_000000046252,0.9476382732391357,0.8228858709335327,0.11306070536375046
COCO_val2014_000000169111,0.8969320058822632,0.8224471807479858,0.09566083550453186
COCO_val2014_000000413839,0.6879501938819885,0.6242891550064087,0.4649401605129242
COCO_val2014_000000503837,0.8499173521995544,0.769382655620575,0.20220708847045898
COCO_val2014_000000250951,0.8021129369735718,0.6924471259117126,0.26871541142463684
COCO_val2014_000000160341,0.9325124025344849,0.8328314423561096,0.10339676588773727
COCO_val2014_000000380756,0.8917210102081299,0.7962674498558044,0.14146791398525238
COCO_val2014_000000363784,0.8978216052055359,0.842739462852478,0.08043287694454193
COCO_val2014_000000069544,0.8942527174949646,0.7793697714805603,0.17996405065059662
COCO_val2014_000000154971,0.8578187227249146,0.744908332824707,0.1770288199186325
COCO_val2014_000000179898,0.8818086981773376,0.7920173406600952,0.1322750300168991
COCO_val2014_000000156497,0.8621857762336731,0.6614394783973694,0.34339940547943115
COCO_val2014_000000578813,0.9304836988449097,0.7319704294204712,0.285283625125885
COCO_val2014_000000158344,0.8066984415054321,0.7412364482879639,0.24271997809410095
COCO_val2014_000000056002,0.8475936651229858,0.6560468673706055,0.3784020245075226
COCO_val2014_000000310200,0.8634968996047974,0.7937124967575073,0.14323972165584564
COCO_val2014_000000068435,0.9511241316795349,0.8340882062911987,0.09625346958637238
COCO_val2014_000000038034,0.757522463798523,0.685400128364563,0.2825678586959839
COCO_val2014_000000009156,0.7798188328742981,0.7384293079376221,0.19402167201042175
COCO_val2014_000000562622,0.9061073660850525,0.8193432688713074,0.11247275769710541
COCO_val2014_000000396845,0.8361679911613464,0.7159956693649292,0.2688114643096924
COCO_val2014_000000112586,0.870056688785553,0.7497456073760986,0.22246484458446503
COCO_val2014_000000524992,0.7335751056671143,0.7242144346237183,0.23457595705986023
COCO_val2014_000000160811,0.8507936000823975,0.7906011939048767,0.1327841728925705
COCO_val2014_000000549224,0.8297790884971619,0.7812515497207642,0.17625102400779724
COCO_val2014_000000354724,0.8787328004837036,0.8173466920852661,0.10784663259983063
COCO_val2014_000000441553,0.8341014981269836,0.7082867622375488,0.2344033420085907
COCO_val2014_000000200250,0.9276231527328491,0.8109725117683411,0.1321391612291336
COCO_val2014_000000562803,0.8913354873657227,0.739321768283844,0.26371246576309204
COCO_val2014_000000230585,0.930641233921051,0.8092115521430969,0.14554700255393982
COCO_val2014_000000001270,0.8327323198318481,0.6872044801712036,0.3585187494754791
COCO_val2014_000000433547,0.9143391251564026,0.7732104063034058,0.1679910272359848
COCO_val2014_000000197809,0.8069776892662048,0.7254258394241333,0.1949032098054886
COCO_val2014_000000531178,0.8208200335502625,0.7808946371078491,0.2000618577003479
COCO_val2014_000000210081,0.9005020260810852,0.7619497179985046,0.23918043076992035
COCO_val2014_000000213843,0.9215790629386902,0.8176497220993042,0.10183990746736526
COCO_val2014_000000490878,0.9076767563819885,0.6905467510223389,0.5644217729568481
COCO_val2014_000000512869,0.9016413688659668,0.7677668929100037,0.2177792340517044
COCO_val2014_000000458613,0.9292899966239929,0.8322544097900391,0.1251738965511322
COCO_val2014_000000167854,0.9021386504173279,0.764549970626831,0.22133909165859222
COCO_val2014_000000087998,0.8952698111534119,0.8209494352340698,0.1395391821861267
COCO_val2014_000000075527,0.88335120677948,0.7500840425491333,0.23139822483062744
COCO_val2014_000000495456,0.9271566867828369,0.8039485216140747,0.18192966282367706
COCO_val2014_000000565485,0.8685876131057739,0.717657208442688,0.2830505967140198
COCO_val2014_000000135748,0.856056809425354,0.7303858399391174,0.25838911533355713
COCO_val2014_000000532164,0.6673644781112671,0.6270972490310669,0.5637295246124268
COCO_val2014_000000425324,0.9429423213005066,0.8213968276977539,0.14173243939876556
COCO_val2014_000000306467,0.9041882753372192,0.7558343410491943,0.1928621381521225
COCO_val2014_000000043261,0.8461004495620728,0.7853123545646667,0.15641140937805176
COCO_val2014_000000064196,0.8816984295845032,0.7931993007659912,0.13589051365852356
COCO_val2014_000000172599,0.7389121055603027,0.7130503058433533,0.265134334564209
COCO_val2014_000000496252,0.842469334602356,0.6665988564491272,0.35558629035949707
COCO_val2014_000000100306,0.9777191281318665,0.829265296459198,0.149430513381958
COCO_val2014_000000056752,0.8089296221733093,0.6604120135307312,0.48082083463668823
COCO_val2014_000000221846,0.9327939748764038,0.8561893701553345,0.06664194166660309
COCO_val2014_000000262576,0.9322329163551331,0.797498345375061,0.1384374499320984
COCO_val2014_000000017714,0.929807186126709,0.8178038597106934,0.15576088428497314
COCO_val2014_000000531798,0.7689365744590759,0.75676429271698,0.19962090253829956
COCO_val2014_000000085195,0.8208290338516235,0.7001055479049683,0.2741274833679199
COCO_val2014_000000496897,0.7933796644210815,0.7207900285720825,0.3135223984718323
COCO_val2014_000000418623,0.8450267910957336,0.7737785577774048,0.1800970435142517
COCO_val2014_000000003590,0.945476233959198,0.8225630521774292,0.11758854985237122
COCO_val2014_000000262617,0.8703896403312683,0.8100870847702026,0.1113344356417656
COCO_val2014_000000387150,0.8211899399757385,0.7239688634872437,0.24931232631206512
COCO_val2014_000000011305,0.8216160535812378,0.7174584865570068,0.25377339124679565
COCO_val2014_000000390731,0.8577982783317566,0.7491078972816467,0.20357784628868103
COCO_val2014_000000570773,0.8490719199180603,0.6142140030860901,0.429293155670166
COCO_val2014_000000039663,0.8863398432731628,0.8401356339454651,0.07562527805566788
COCO_val2014_000000005816,0.8095710873603821,0.8072409629821777,0.12504878640174866
COCO_val2014_000000139306,0.8633261322975159,0.8069354295730591,0.132052481174469
COCO_val2014_000000296224,0.8388581275939941,0.67363440990448,0.31118613481521606
COCO_val2014_000000207611,0.9384185075759888,0.7995290756225586,0.17266663908958435
COCO_val2014_000000361351,0.8755857944488525,0.8100214004516602,0.11033666878938675
COCO_val2014_000000433505,0.8948246240615845,0.8319149017333984,0.09502239525318146
COCO_val2014_000000342293,0.8345789909362793,0.6963012218475342,0.40021663904190063
COCO_val2014_000000363207,0.9355928897857666,0.7714913487434387,0.19169774651527405
COCO_val2014_000000393682,0.8759655356407166,0.8108141422271729,0.12570098042488098
COCO_val2014_000000190185,0.8961111903190613,0.8111904859542847,0.1194581612944603
COCO_val2014_000000106392,0.8567607402801514,0.8031954169273376,0.17208793759346008
COCO_val2014_000000193122,0.8036820888519287,0.6758303642272949,0.2991601228713989
COCO_val2014_000000389108,0.8951659798622131,0.7664868235588074,0.23455552756786346
COCO_val2014_000000350639,0.8864390850067139,0.7120071053504944,0.26712608337402344
COCO_val2014_000000505818,0.8210000395774841,0.692225456237793,0.32356226444244385
COCO_val2014_000000163589,0.8200893402099609,0.7940758466720581,0.14392408728599548
COCO_val2014_000000318204,0.9437472820281982,0.8314760327339172,0.09323979914188385
COCO_val2014_000000493376,0.8715028762817383,0.8279361724853516,0.09397459030151367
COCO_val2014_000000361933,0.9183595180511475,0.8303249478340149,0.10156939923763275
COCO_val2014_000000378962,0.9383603930473328,0.8549895286560059,0.11561315506696701
COCO_val2014_000000025860,0.7642405033111572,0.5822024345397949,0.5424569845199585
COCO_val2014_000000542625,0.8782040476799011,0.8004764318466187,0.15747995674610138
COCO_val2014_000000300437,0.904401421546936,0.835092306137085,0.1308753341436386
COCO_val2014_000000374448,0.8818855285644531,0.7918215394020081,0.16729849576950073
COCO_val2014_000000015345,0.9648230075836182,0.8549355864524841,0.09239194542169571
COCO_val2014_000000309573,0.8961373567581177,0.7388256788253784,0.37003806233406067
COCO_val2014_000000218988,0.7070090770721436,0.5833160877227783,0.5186803340911865
COCO_val2014_000000375407,0.8031160831451416,0.6900191903114319,0.34424304962158203
COCO_val2014_000000554445,0.8111611008644104,0.7355630397796631,0.25265640020370483
COCO_val2014_000000324837,0.768539309501648,0.7116470336914062,0.25295984745025635
COCO_val2014_000000457575,0.9174808859825134,0.8158729076385498,0.1355002224445343
COCO_val2014_000000569450,0.9441086649894714,0.8756124973297119,0.052990008145570755
COCO_val2014_000000105732,0.8935527205467224,0.7864349484443665,0.16220368444919586
COCO_val2014_000000531286,0.8184811472892761,0.5429161190986633,0.6010098457336426
COCO_val2014_000000229391,0.9241304397583008,0.8147653341293335,0.11822245270013809
COCO_val2014_000000248469,0.9167753458023071,0.8502335548400879,0.06893050670623779
COCO_val2014_000000172057,0.8244823217391968,0.8035302758216858,0.1366841048002243
COCO_val2014_000000407868,0.9228826761245728,0.7696939706802368,0.25008177757263184
COCO_val2014_000000283286,0.8864085674285889,0.7849438190460205,0.15417152643203735
COCO_val2014_000000414516,0.8847376108169556,0.7723480463027954,0.16329734027385712
COCO_val2014_000000140017,0.8868408203125,0.7815554738044739,0.19359254837036133
COCO_val2014_000000404517,0.9558088183403015,0.8428599834442139,0.06992842257022858
COCO_val2014_000000187240,0.9460774660110474,0.8331835865974426,0.15447600185871124
COCO_val2014_000000243780,0.8784763813018799,0.6958584785461426,0.35119444131851196
COCO_val2014_000000349485,0.8695196509361267,0.833416223526001,0.09211772680282593
COCO_val2014_000000264238,0.8985087275505066,0.7584080696105957,0.2201489806175232
COCO_val2014_000000148193,0.8154413104057312,0.6702499389648438,0.3672322630882263
COCO_val2014_000000496324,0.8598600625991821,0.7964439392089844,0.14153775572776794
COCO_val2014_000000080131,0.7958518266677856,0.6768947243690491,0.44967445731163025
COCO_val2014_000000195815,0.7987545132637024,0.6129951477050781,0.4458683133125305
COCO_val2014_000000373945,0.975316047668457,0.8727552890777588,0.07495816051959991
COCO_val2014_000000376959,0.8649066686630249,0.7258237600326538,0.31837666034698486
COCO_val2014_000000181446,0.9159356355667114,0.79514080286026,0.23914475739002228
COCO_val2014_000000510329,0.9390837550163269,0.7962583303451538,0.1624334752559662
COCO_val2014_000000507575,0.8498185873031616,0.7915657758712769,0.14321359992027283
COCO_val2014_000000464092,0.8395630717277527,0.7510538697242737,0.2146686166524887
COCO_val2014_000000024243,0.9499592185020447,0.7929856181144714,0.1600911170244217
COCO_val2014_000000040602,0.9322566986083984,0.7680005431175232,0.1886652261018753
COCO_val2014_000000091080,0.8087960481643677,0.7639921307563782,0.1991289258003235
COCO_val2014_000000336053,0.876780092716217,0.7856919765472412,0.1641584038734436
COCO_val2014_000000358707,0.9125479459762573,0.7690302133560181,0.3186248242855072
COCO_val2014_000000101933,0.9305446743965149,0.7896103858947754,0.21777455508708954
COCO_val2014_000000382696,0.8502843379974365,0.7214691638946533,0.2663479447364807
COCO_val2014_000000205729,0.9438744187355042,0.8318208456039429,0.10965029895305634
COCO_val2014_000000296303,0.950716495513916,0.8099702596664429,0.12495632469654083
COCO_val2014_000000213728,0.8393170237541199,0.6658231019973755,0.37848180532455444
COCO_val2014_000000388299,0.896970272064209,0.7587506771087646,0.22283853590488434
COCO_val2014_000000519460,0.9110038876533508,0.834473729133606,0.09681351482868195
COCO_val2014_000000056326,0.9009840488433838,0.8027048110961914,0.13030469417572021
COCO_val2014_000000527846,0.7109612822532654,0.7506758570671082,0.21476712822914124
COCO_val2014_000000278226,0.8130136728286743,0.7121599316596985,0.5107361674308777
COCO_val2014_000000359569,0.9234326481819153,0.7865894436836243,0.2239397168159485
COCO_val2014_000000239492,0.8687490820884705,0.7723686695098877,0.25943228602409363
COCO_val2014_000000459103,0.7321853637695312,0.6997755765914917,0.36547064781188965
COCO_val2014_000000198312,0.9165417551994324,0.8274147510528564,0.0956144705414772
COCO_val2014_000000163611,0.8354294300079346,0.8333430886268616,0.08152003586292267
COCO_val2014_000000176226,0.8955085873603821,0.7688134908676147,0.23851993680000305
COCO_val2014_000000014635,0.7064529061317444,0.5448021292686462,0.6066828966140747
COCO_val2014_000000242673,0.6884378790855408,0.7169122695922852,0.2695218324661255
COCO_val2014_000000034701,0.7394333481788635,0.7136321663856506,0.26401251554489136
COCO_val2014_000000515247,0.9454307556152344,0.8332266807556152,0.11131741851568222
COCO_val2014_000000259793,0.8353111743927002,0.7551504969596863,0.18667703866958618
COCO_val2014_000000547798,0.8331818580627441,0.7229410409927368,0.31154435873031616
COCO_val2014_000000457581,0.7305917143821716,0.5859537720680237,0.5036852955818176
COCO_val2014_000000368193,0.9354633092880249,0.7703136205673218,0.1862577348947525
COCO_val2014_000000156928,0.8375782370567322,0.7396804094314575,0.2122475504875183
COCO_val2014_000000484280,0.9350573420524597,0.8568670749664307,0.06872058659791946
COCO_val2014_000000198447,0.9138492941856384,0.7874959707260132,0.14391081035137177
COCO_val2014_000000370839,0.7801326513290405,0.642025351524353,0.5074419975280762
COCO_val2014_000000110048,0.8814138770103455,0.8101813793182373,0.12608608603477478
COCO_val2014_000000419081,0.7487539649009705,0.7463531494140625,0.18911632895469666
COCO_val2014_000000284641,0.8530713319778442,0.7273498773574829,0.24578127264976501
COCO_val2014_000000273645,0.7352527379989624,0.7549279928207397,0.20761074125766754
COCO_val2014_000000192554,0.7779168486595154,0.6935867071151733,0.3653619885444641
COCO_val2014_000000147058,0.8819073438644409,0.7574393153190613,0.22152644395828247
COCO_val2014_000000157283,0.9018815159797668,0.7887428998947144,0.18199148774147034
COCO_val2014_000000398489,0.9250633120536804,0.7065433263778687,0.26552051305770874
COCO_val2014_000000327383,0.8958362340927124,0.839195728302002,0.09130416810512543
COCO_val2014_000000128224,0.8526728749275208,0.7558903098106384,0.2420593798160553
COCO_val2014_000000180013,0.834963321685791,0.689185380935669,0.30536961555480957
COCO_val2014_000000527054,0.868259608745575,0.7017015814781189,0.3258630037307739
COCO_val2014_000000353510,0.9729866981506348,0.7911199331283569,0.1939268261194229
COCO_val2014_000000494144,0.8529247641563416,0.7296794056892395,0.22125408053398132
COCO_val2014_000000367666,0.890052855014801,0.7662869691848755,0.24918432533740997
COCO_val2014_000000045721,0.8953434228897095,0.754008412361145,0.27815568447113037
COCO_val2014_000000219546,0.907941997051239,0.8536514043807983,0.07699074596166611
COCO_val2014_000000217181,0.8415846228599548,0.6985251903533936,0.3067723512649536
COCO_val2014_000000167443,0.862971305847168,0.7962868213653564,0.1303771287202835
COCO_val2014_000000002822,0.8750638961791992,0.7661302089691162,0.21322336792945862
COCO_val2014_000000120792,0.9050145149230957,0.7914101481437683,0.14995042979717255
COCO_val2014_000000253964,0.9532816410064697,0.8059362173080444,0.16327595710754395
COCO_val2014_000000571598,0.9089755415916443,0.7058857083320618,0.30924922227859497
COCO_val2014_000000019292,0.8880735635757446,0.7284823060035706,0.3245784044265747
COCO_val2014_000000548420,0.927178680896759,0.8189029693603516,0.11818021535873413
COCO_val2014_000000112818,0.8761933445930481,0.8237336874008179,0.10560126602649689
COCO_val2014_000000487095,0.8319568634033203,0.7304264307022095,0.2485446035861969
COCO_val2014_000000441511,0.9474229216575623,0.81663578748703,0.20275568962097168
COCO_val2014_000000113097,0.8176430463790894,0.8099299669265747,0.11522339284420013
COCO_val2014_000000567740,0.9128507375717163,0.6903641223907471,0.3889160752296448
COCO_val2014_000000342322,0.9124236106872559,0.7902867197990417,0.2021012157201767
COCO_val2014_000000490964,0.8560847043991089,0.7375755906105042,0.23084650933742523
COCO_val2014_000000533408,0.8893705010414124,0.8001247048377991,0.13413183391094208
COCO_val2014_000000499597,0.739388644695282,0.6410599946975708,0.3926008343696594
COCO_val2014_000000292792,0.844569981098175,0.7982541918754578,0.12191811203956604
COCO_val2014_000000135399,0.8765757083892822,0.7794850468635559,0.15700599551200867
COCO_val2014_000000394715,0.8964093923568726,0.7937655448913574,0.15136975049972534
COCO_val2014_000000280918,0.8539182543754578,0.7139250040054321,0.3098505139350891
COCO_val2014_000000082468,0.9334574341773987,0.842583417892456,0.07025262713432312
COCO_val2014_000000121788,0.90266352891922,0.7304537892341614,0.2958269715309143
COCO_val2014_000000050752,0.925106406211853,0.8274273872375488,0.12016065418720245
COCO_val2014_000000011796,0.9679144620895386,0.849911093711853,0.07801276445388794
COCO_val2014_000000061693,0.8225389122962952,0.686130702495575,0.39796799421310425
COCO_val2014_000000473199,0.869763970375061,0.7826614379882812,0.14234670996665955
COCO_val2014_000000265879,0.8328924179077148,0.6500095725059509,0.4283710718154907
COCO_val2014_000000205232,0.8319775462150574,0.7662715911865234,0.18404778838157654
COCO_val2014_000000487631,0.933082640171051,0.8273139595985413,0.1360352635383606
COCO_val2014_000000274272,0.92104172706604,0.7670651078224182,0.2108897715806961
COCO_val2014_000000083283,0.9085752964019775,0.7671325206756592,0.20770195126533508
COCO_val2014_000000568004,0.8346067667007446,0.7667686939239502,0.168216735124588
COCO_val2014_000000012230,0.7242103815078735,0.7754839658737183,0.1828581988811493
COCO_val2014_000000181179,0.9229579567909241,0.8281942009925842,0.08816048502922058
COCO_val2014_000000126631,0.9213115572929382,0.7854332327842712,0.18463772535324097
COCO_val2014_000000300577,0.9355477094650269,0.7867413759231567,0.1933668851852417
COCO_val2014_000000291257,0.7980020046234131,0.6834772825241089,0.3280957341194153
COCO_val2014_000000557117,0.8543177843093872,0.7614836692810059,0.20236846804618835
COCO_val2014_000000473370,0.7814684510231018,0.5915451049804688,0.46185654401779175
COCO_val2014_000000063328,0.8510391116142273,0.76470947265625,0.16328294575214386
COCO_val2014_000000251531,0.906866192817688,0.8239723443984985,0.10453973710536957
COCO_val2014_000000487685,0.8515110015869141,0.7390857338905334,0.19631649553775787
COCO_val2014_000000544876,0.9217171669006348,0.7503713369369507,0.21580500900745392
COCO_val2014_000000080104,0.8736887574195862,0.7247356176376343,0.29142770171165466
COCO_val2014_000000400916,0.9196441173553467,0.7807929515838623,0.19712480902671814
COCO_val2014_000000550601,0.9002722501754761,0.7994526624679565,0.14757037162780762
COCO_val2014_000000224289,0.9085596799850464,0.8162219524383545,0.11880446970462799
COCO_val2014_000000126340,0.8985875844955444,0.7648559808731079,0.23136159777641296
COCO_val2014_000000002640,0.8738927245140076,0.7901033163070679,0.15606610476970673
COCO_val2014_000000537081,0.8602488040924072,0.7679767608642578,0.1936454325914383
COCO_val2014_000000121904,0.873895525932312,0.8148702383041382,0.1112905740737915
COCO_val2014_000000470115,0.8479886651039124,0.7661720514297485,0.2602335810661316
COCO_val2014_000000144379,0.8681685924530029,0.7622413635253906,0.1692134439945221
COCO_val2014_000000460333,0.8156686425209045,0.5979092121124268,0.4922013282775879
COCO_val2014_000000144870,0.7593356370925903,0.7226518392562866,0.34229040145874023
COCO_val2014_000000474608,0.9548986554145813,0.8283587694168091,0.12733638286590576
COCO_val2014_000000348091,0.6332148909568787,0.6869683861732483,0.3199957609176636
COCO_val2014_000000317898,0.6028525829315186,0.3734910786151886,1.0711299180984497
COCO_val2014_000000444236,0.8750340938568115,0.770592212677002,0.1917773187160492
COCO_val2014_000000370657,0.9104719758033752,0.804721474647522,0.11764524132013321
COCO_val2014_000000113860,0.9380139708518982,0.8177540302276611,0.13018950819969177
COCO_val2014_000000390704,0.8603131175041199,0.7776120901107788,0.1800951510667801
COCO_val2014_000000056724,0.943274974822998,0.8161779642105103,0.1321447789669037
COCO_val2014_000000344308,0.8059064149856567,0.7761774063110352,0.16795918345451355
COCO_val2014_000000303219,0.9112157225608826,0.7580926418304443,0.2255101352930069
COCO_val2014_000000565635,0.8644000291824341,0.7488634586334229,0.19861894845962524
COCO_val2014_000000235093,0.9012712240219116,0.7875563502311707,0.1384284794330597
COCO_val2014_000000406997,0.8448114991188049,0.7571210861206055,0.20111431181430817
COCO_val2014_000000466259,0.9536936283111572,0.855505108833313,0.06005973368883133
COCO_val2014_000000199449,0.8950615525245667,0.8122437000274658,0.14054837822914124
COCO_val2014_000000333095,0.8953734040260315,0.7760601043701172,0.21245793998241425
COCO_val2014_000000194790,0.8725311160087585,0.7496874928474426,0.23182177543640137
COCO_val2014_000000394659,0.729831337928772,0.7558351755142212,0.21564334630966187
COCO_val2014_000000165831,0.897986650466919,0.8507022261619568,0.06093207001686096
COCO_val2014_000000461311,0.8958448767662048,0.796926736831665,0.13181515038013458
COCO_val2014_000000185614,0.9297637343406677,0.8560061454772949,0.06688115000724792
COCO_val2014_000000389649,0.9310849905014038,0.8144958019256592,0.1333950310945511
COCO_val2014_000000099428,0.7962000370025635,0.7987782955169678,0.15145084261894226
COCO_val2014_000000554037,0.9012156128883362,0.8099514245986938,0.14781151711940765
COCO_val2014_000000562818,0.8909662961959839,0.7965316772460938,0.1383102536201477
COCO_val2014_000000534121,0.8464237451553345,0.785995364189148,0.16333168745040894
COCO_val2014_000000435880,0.8546013236045837,0.7993990778923035,0.13856686651706696
COCO_val2014_000000026992,0.9636796712875366,0.8741471767425537,0.04522547125816345
COCO_val2014_000000431495,0.7986782193183899,0.6703423857688904,0.3740044832229614
COCO_val2014_000000463771,0.7779006958007812,0.7017625570297241,0.2987949848175049
COCO_val2014_000000028682,0.8935079574584961,0.8197221755981445,0.10307318717241287
COCO_val2014_000000101189,0.8733120560646057,0.7554853558540344,0.22391778230667114
COCO_val2014_000000199989,0.9468896985054016,0.829201340675354,0.09110679477453232
COCO_val2014_000000336300,0.7484675645828247,0.6323776245117188,0.4555961787700653
COCO_val2014_000000003091,0.8631905317306519,0.7968409657478333,0.14485038816928864
COCO_val2014_000000135666,0.8859059810638428,0.7836264967918396,0.15732012689113617
COCO_val2014_000000165643,0.6907978057861328,0.6641681790351868,0.40589016675949097
COCO_val2014_000000362530,0.8817720413208008,0.7969554662704468,0.15168030560016632
COCO_val2014_000000342933,0.923129141330719,0.8556761741638184,0.07436598837375641
COCO_val2014_000000214919,0.9247620701789856,0.8619388341903687,0.061974190175533295
COCO_val2014_000000360661,0.9240380525588989,0.8007489442825317,0.13216325640678406
COCO_val2014_000000474499,0.8409207463264465,0.8026553392410278,0.14200462400913239
COCO_val2014_000000358606,0.896442711353302,0.8134145736694336,0.1636982560157776
COCO_val2014_000000012991,0.9176756143569946,0.7473147511482239,0.21200087666511536
COCO_val2014_000000535569,0.8927419185638428,0.814214825630188,0.1313905417919159
COCO_val2014_000000548423,0.8794196844100952,0.8058375120162964,0.13788475096225739
COCO_val2014_000000527733,0.9206256866455078,0.8274829387664795,0.13041207194328308
COCO_val2014_000000412975,0.7548108696937561,0.6200376749038696,0.4544125497341156
COCO_val2014_000000201925,0.9123148322105408,0.8152822256088257,0.12141003459692001
COCO_val2014_000000578974,0.9278222322463989,0.8135852813720703,0.14690585434436798
COCO_val2014_000000211177,0.8896181583404541,0.8076630234718323,0.12863537669181824
COCO_val2014_000000288933,0.9084251523017883,0.7834223508834839,0.14723871648311615
COCO_val2014_000000129864,0.9220364689826965,0.7933037877082825,0.1628212332725525
COCO_val2014_000000205108,0.8157885074615479,0.7194435000419617,0.23382247984409332
COCO_val2014_000000275175,0.8383902311325073,0.785167932510376,0.15465405583381653
COCO_val2014_000000188434,0.9212898015975952,0.8500361442565918,0.07195675373077393
COCO_val2014_000000039405,0.8713932633399963,0.7276365160942078,0.26277121901512146
COCO_val2014_000000417632,0.827672004699707,0.7462972402572632,0.20632794499397278
COCO_val2014_000000243777,0.8746459484100342,0.8101577162742615,0.12588143348693848
COCO_val2014_000000495808,0.8602849841117859,0.7418842315673828,0.20528845489025116
COCO_val2014_000000562632,0.9494904279708862,0.8534152507781982,0.069124735891819
COCO_val2014_000000338901,0.8610100150108337,0.6540309190750122,0.3813207447528839
COCO_val2014_000000082668,0.898520827293396,0.7964195013046265,0.16530370712280273
COCO_val2014_000000468778,0.899871289730072,0.8177165985107422,0.11081176996231079
COCO_val2014_000000275695,0.9215677380561829,0.8321925401687622,0.134050190448761
COCO_val2014_000000326970,0.8099440932273865,0.7630558013916016,0.2334468811750412
COCO_val2014_000000549674,0.8723269701004028,0.8355957269668579,0.0919770821928978
COCO_val2014_000000346207,0.8566965460777283,0.7686506509780884,0.18351975083351135
COCO_val2014_000000007726,0.9417544603347778,0.8227192759513855,0.1333809643983841
COCO_val2014_000000403294,0.836392343044281,0.7906835675239563,0.14104200899600983
COCO_val2014_000000240119,0.8968135118484497,0.8067221641540527,0.15036889910697937
COCO_val2014_000000485201,0.9256736040115356,0.7474715709686279,0.22491556406021118
COCO_val2014_000000316008,0.6556801199913025,0.5979338884353638,0.4577590227127075
COCO_val2014_000000382603,0.7618697881698608,0.8035033345222473,0.1473139524459839
COCO_val2014_000000423498,0.9064109325408936,0.7905540466308594,0.13343942165374756
COCO_val2014_000000283653,0.9382750988006592,0.822555661201477,0.12612199783325195
COCO_val2014_000000560365,0.8825737833976746,0.8249192237854004,0.13703864812850952
COCO_val2014_000000047361,0.9067624807357788,0.7451798319816589,0.26919859647750854
COCO_val2014_000000187072,0.898655354976654,0.7211328744888306,0.3790179193019867
COCO_val2014_000000495020,0.9919050335884094,0.9097355008125305,0.03478040173649788
COCO_val2014_000000276024,0.9486947059631348,0.8530898094177246,0.0626959353685379
COCO_val2014_000000553879,0.8933921456336975,0.8146561980247498,0.12595152854919434
COCO_val2014_000000404602,0.8748660683631897,0.7229973077774048,0.23170125484466553
COCO_val2014_000000433915,0.9335610866546631,0.8028734922409058,0.14717859029769897
COCO_val2014_000000325374,0.8897606730461121,0.7634676694869995,0.16563184559345245
COCO_val2014_000000558457,0.8367670178413391,0.7023746371269226,0.3360005021095276
COCO_val2014_000000209904,0.8592343926429749,0.7407254576683044,0.25411319732666016
COCO_val2014_000000373111,0.9466643929481506,0.8654911518096924,0.06159770488739014
COCO_val2014_000000315790,0.8939710855484009,0.8277902603149414,0.09834811091423035
COCO_val2014_000000224104,0.9017804861068726,0.7677417397499084,0.17993175983428955
COCO_val2014_000000045844,0.824161946773529,0.7791701555252075,0.19024232029914856
COCO_val2014_000000426917,0.8675306439399719,0.7904760837554932,0.16140298545360565
COCO_val2014_000000054092,0.8884139657020569,0.8231956958770752,0.1101580262184143
COCO_val2014_000000550815,0.7958471179008484,0.788031816482544,0.12998372316360474
COCO_val2014_000000369771,0.8522660732269287,0.8222794532775879,0.13150730729103088
COCO_val2014_000000073470,0.7892709970474243,0.7286102175712585,0.24803248047828674
COCO_val2014_000000075612,0.9374574422836304,0.824127197265625,0.0909111499786377
COCO_val2014_000000178691,0.925094723701477,0.7531915903091431,0.19512595236301422
COCO_val2014_000000547212,0.8436712026596069,0.7732936143875122,0.16770634055137634
COCO_val2014_000000060448,0.9294992685317993,0.7516837120056152,0.2516961693763733
COCO_val2014_000000462928,0.7930012345314026,0.697845995426178,0.3211771845817566
COCO_val2014_000000497466,0.8856674432754517,0.7395104169845581,0.21853354573249817
COCO_val2014_000000558677,0.841681182384491,0.8054053783416748,0.13122454285621643
COCO_val2014_000000236234,0.8607648015022278,0.7541193962097168,0.20432482659816742
COCO_val2014_000000520892,0.9449007511138916,0.8331882953643799,0.07150427997112274
COCO_val2014_000000132612,0.9571735262870789,0.834239661693573,0.1381734013557434
COCO_val2014_000000285633,0.8763118982315063,0.7476464509963989,0.2326650619506836
COCO_val2014_000000091283,0.8792553544044495,0.777305006980896,0.15687195956707
COCO_val2014_000000031636,0.9238052368164062,0.8321667909622192,0.09459691494703293
COCO_val2014_000000189694,0.894004225730896,0.7811289429664612,0.1859687864780426
COCO_val2014_000000573349,0.9083650708198547,0.8012433648109436,0.16205230355262756
COCO_val2014_000000445309,0.8418166637420654,0.7132152318954468,0.2528236508369446
COCO_val2014_000000225730,0.9100418090820312,0.7730993628501892,0.20842504501342773
COCO_val2014_000000244665,0.9377038478851318,0.8471862077713013,0.07972860336303711
COCO_val2014_000000531134,0.8876453638076782,0.7217118740081787,0.22766117751598358
COCO_val2014_000000096110,0.9172032475471497,0.7658380270004272,0.23275060951709747
COCO_val2014_000000120411,0.9574238657951355,0.8288946151733398,0.10374703258275986
COCO_val2014_000000397045,0.8289312720298767,0.6964333653450012,0.34260258078575134
COCO_val2014_000000415432,0.7227519154548645,0.7258972525596619,0.26131099462509155
COCO_val2014_000000517069,0.8798819184303284,0.7524319291114807,0.2176380753517151
COCO_val2014_000000238691,0.8921911716461182,0.7967054843902588,0.16048121452331543
COCO_val2014_000000503202,0.8996543288230896,0.7706084847450256,0.16283884644508362
COCO_val2014_000000012443,0.84357750415802,0.6540901064872742,0.5922591686248779
COCO_val2014_000000549109,0.7885921597480774,0.6950135827064514,0.26290857791900635
COCO_val2014_000000097479,0.95704185962677,0.8128477334976196,0.13551297783851624
COCO_val2014_000000055017,0.8962541818618774,0.8131482601165771,0.11187858879566193
COCO_val2014_000000469067,0.8476176261901855,0.6774466037750244,0.3576648235321045
COCO_val2014_000000160057,0.908843994140625,0.8470145463943481,0.07236932963132858
COCO_val2014_000000022118,0.9340286254882812,0.8437464237213135,0.06405586004257202
COCO_val2014_000000070478,0.86684650182724,0.730858325958252,0.3159562349319458
COCO_val2014_000000449567,0.7820019125938416,0.6589781045913696,0.4618544578552246
COCO_val2014_000000403657,0.8036988973617554,0.7305132746696472,0.22938239574432373
COCO_val2014_000000157876,0.9162084460258484,0.8025047779083252,0.15814587473869324
COCO_val2014_000000463527,0.9319128394126892,0.8299356698989868,0.10837065428495407
COCO_val2014_000000387369,0.9081094861030579,0.8074992895126343,0.12997323274612427
COCO_val2014_000000126744,0.8807624578475952,0.7851051092147827,0.1764163076877594
COCO_val2014_000000443602,0.9484133720397949,0.8227910995483398,0.15518422424793243
COCO_val2014_000000565405,0.8529090285301208,0.8024389147758484,0.13941803574562073
COCO_val2014_000000580953,0.912184476852417,0.8436827659606934,0.08153584599494934
COCO_val2014_000000226220,0.9104012250900269,0.8044825792312622,0.1300724744796753
COCO_val2014_000000398153,0.8544974327087402,0.7664509415626526,0.16256405413150787
COCO_val2014_000000331395,0.8734314441680908,0.7484701871871948,0.19848886132240295
COCO_val2014_000000370953,0.9275188446044922,0.7930644154548645,0.1961812973022461
COCO_val2014_000000557324,0.8851639032363892,0.8369064927101135,0.10391947627067566
COCO_val2014_000000113235,0.8529697060585022,0.771378755569458,0.19663436710834503
COCO_val2014_000000369482,0.9251313209533691,0.7114421129226685,0.29434195160865784
COCO_val2014_000000085632,0.848159670829773,0.7604531645774841,0.21039578318595886
COCO_val2014_000000392320,0.8233804702758789,0.7356326580047607,0.2622681260108948
COCO_val2014_000000221609,0.8167338967323303,0.6366759538650513,0.43539929389953613
COCO_val2014_000000510651,0.9292974472045898,0.8161128163337708,0.10237617790699005
COCO_val2014_000000219928,0.8484553694725037,0.7453399896621704,0.24290543794631958
COCO_val2014_000000457078,0.5533885359764099,0.6068708896636963,0.45955485105514526
COCO_val2014_000000289120,0.8727949857711792,0.7806993722915649,0.1542486995458603
COCO_val2014_000000198486,0.9014995694160461,0.7848097085952759,0.1517695188522339
COCO_val2014_000000460684,0.9057480096817017,0.7914751768112183,0.131990447640419
COCO_val2014_000000421865,0.899469256401062,0.813227117061615,0.11868081986904144
COCO_val2014_000000294032,0.8904664516448975,0.7441298961639404,0.22649750113487244
COCO_val2014_000000341401,0.9149470925331116,0.7824091911315918,0.1518319696187973
COCO_val2014_000000328433,0.8832774758338928,0.5611168146133423,0.5288971662521362
COCO_val2014_000000071826,0.8522805571556091,0.7744511365890503,0.17524151504039764
COCO_val2014_000000066568,0.8579128384590149,0.7787744402885437,0.15811949968338013
COCO_val2014_000000106344,0.8486531972885132,0.7173377275466919,0.3133423924446106
COCO_val2014_000000314074,0.7680709362030029,0.7036235332489014,0.27419760823249817
COCO_val2014_000000092602,0.8044335246086121,0.7927621603012085,0.18065986037254333
COCO_val2014_000000144938,0.7922000288963318,0.6828614473342896,0.3901965022087097
COCO_val2014_000000337551,0.9134807586669922,0.7707830667495728,0.2060498148202896
COCO_val2014_000000051376,0.8906778693199158,0.8133434057235718,0.11746928095817566
COCO_val2014_000000041110,0.8855841159820557,0.7479357719421387,0.1864345818758011
COCO_val2014_000000349936,0.8356162905693054,0.8088288307189941,0.14431706070899963
COCO_val2014_000000114481,0.9217533469200134,0.8005362749099731,0.22651678323745728
COCO_val2014_000000150986,0.6627330183982849,0.6656557321548462,0.3861294388771057
COCO_val2014_000000315565,0.9674955010414124,0.8301122784614563,0.12049920856952667
COCO_val2014_000000309022,0.6760285496711731,0.7287788391113281,0.24189069867134094
COCO_val2014_000000168781,0.8551886081695557,0.7070478796958923,0.25207066535949707
COCO_val2014_000000528311,0.8532207012176514,0.8006428480148315,0.10788470506668091
COCO_val2014_000000338207,0.929689884185791,0.8042292594909668,0.1507459133863449
COCO_val2014_000000096539,0.8838974833488464,0.717744767665863,0.2628992795944214
COCO_val2014_000000292118,0.8726608157157898,0.6435278058052063,0.3859577178955078
COCO_val2014_000000279491,0.9291309118270874,0.7605292797088623,0.20573082566261292
COCO_val2014_000000275585,0.8717911839485168,0.8196064233779907,0.11541985720396042
COCO_val2014_000000097379,0.9033776521682739,0.8013563752174377,0.1267031729221344
COCO_val2014_000000129502,0.936787486076355,0.731979489326477,0.3385118246078491
COCO_val2014_000000006608,0.9061665534973145,0.8112678527832031,0.12018026411533356
COCO_val2014_000000287443,0.9253068566322327,0.8316837549209595,0.12918245792388916
COCO_val2014_000000340420,0.9185819625854492,0.7952098846435547,0.14284196496009827
COCO_val2014_000000441541,0.7870723009109497,0.7628178596496582,0.2098957598209381
COCO_val2014_000000499810,0.546470582485199,0.6469857692718506,0.3799324631690979
COCO_val2014_000000427133,0.8942813277244568,0.8105987310409546,0.12909097969532013
COCO_val2014_000000568132,0.9426915645599365,0.8035829067230225,0.12633158266544342
COCO_val2014_000000573605,0.9120829701423645,0.8059448003768921,0.15280231833457947
COCO_val2014_000000191949,0.9265272617340088,0.7962652444839478,0.14803072810173035
COCO_val2014_000000210736,0.8136714100837708,0.7059398889541626,0.29450011253356934
COCO_val2014_000000438737,0.8149328827857971,0.7686206102371216,0.190961554646492
COCO_val2014_000000473573,0.8533864617347717,0.7613294720649719,0.19748473167419434
COCO_val2014_000000392753,0.9196953773498535,0.8241199254989624,0.11998793482780457
COCO_val2014_000000457226,0.8476518988609314,0.7093257308006287,0.2748069167137146
COCO_val2014_000000269037,0.8064721822738647,0.743416965007782,0.23394539952278137
COCO_val2014_000000299074,0.8110700249671936,0.754187822341919,0.18825384974479675
COCO_val2014_000000059015,0.8523371815681458,0.7300577163696289,0.28675615787506104
COCO_val2014_000000482589,0.912200391292572,0.7871184945106506,0.15098053216934204
COCO_val2014_000000301746,0.9133810997009277,0.7929395437240601,0.171413853764534
COCO_val2014_000000149676,0.8974102139472961,0.772549033164978,0.17979590594768524
COCO_val2014_000000401088,0.8661602735519409,0.7703578472137451,0.15304872393608093
COCO_val2014_000000393692,0.9193060398101807,0.846778392791748,0.09377458691596985
COCO_val2014_000000011696,0.8982937932014465,0.7504312992095947,0.31011486053466797
COCO_val2014_000000558498,0.8747026920318604,0.7172425985336304,0.27667897939682007
COCO_val2014_000000225558,0.9384464025497437,0.8079741597175598,0.17514953017234802
COCO_val2014_000000330750,0.8250800371170044,0.7159619927406311,0.29047590494155884
COCO_val2014_000000488401,0.9207476377487183,0.8156024217605591,0.12298694998025894
COCO_val2014_000000566049,0.9662486910820007,0.8631714582443237,0.05146823078393936
COCO_val2014_000000262030,0.7198694348335266,0.7128716707229614,0.2824576497077942
COCO_val2014_000000358525,0.9055731296539307,0.7512248754501343,0.225574791431427
COCO_val2014_000000436992,0.9337655305862427,0.8141887187957764,0.1431276947259903
COCO_val2014_000000013659,0.8930099010467529,0.7720730304718018,0.232904314994812
COCO_val2014_000000332844,0.9824469089508057,0.8773636817932129,0.058571379631757736
COCO_val2014_000000064015,0.9165709018707275,0.7652507424354553,0.35458919405937195
COCO_val2014_000000361481,0.9218979477882385,0.8553738594055176,0.06684097647666931
COCO_val2014_000000077615,0.8643635511398315,0.742753267288208,0.23235726356506348
COCO_val2014_000000505822,0.8865655064582825,0.7929034233093262,0.12511470913887024
COCO_val2014_000000514376,0.9327710866928101,0.8147096037864685,0.1336422562599182
COCO_val2014_000000459050,0.874933123588562,0.8137727975845337,0.12178251147270203
COCO_val2014_000000498641,0.737006425857544,0.6309637427330017,0.5352202653884888
COCO_val2014_000000170700,0.8796358108520508,0.7987713813781738,0.1632189154624939
COCO_val2014_000000251920,0.9001765251159668,0.7888368368148804,0.17399688065052032
COCO_val2014_000000059744,0.9118314385414124,0.768522322177887,0.20599041879177094
COCO_val2014_000000119641,0.9499015808105469,0.8325202465057373,0.13309916853904724
COCO_val2014_000000270096,0.8548095226287842,0.7726113796234131,0.17359134554862976
COCO_val2014_000000389644,0.8979136347770691,0.7934683561325073,0.18487828969955444
COCO_val2014_000000405279,0.8950245976448059,0.7998934984207153,0.1270458698272705
COCO_val2014_000000312627,0.8842125535011292,0.7559353113174438,0.21669022738933563
COCO_val2014_000000001532,0.892429769039154,0.7077258229255676,0.2748594582080841
COCO_val2014_000000434990,0.8747406601905823,0.7889867424964905,0.13225841522216797
COCO_val2014_000000231343,0.9112877249717712,0.7740073204040527,0.19447077810764313
COCO_val2014_000000579822,0.9764784574508667,0.8688002228736877,0.06250037252902985
COCO_val2014_000000330676,0.7958810329437256,0.7200024127960205,0.228033185005188
COCO_val2014_000000414385,0.9131674766540527,0.7661226987838745,0.22166574001312256
COCO_val2014_000000480400,0.8972584009170532,0.8038095235824585,0.1345255821943283
COCO_val2014_000000442942,0.9502785205841064,0.8560934066772461,0.0730116218328476
COCO_val2014_000000506933,0.8749862909317017,0.7668033242225647,0.19998957216739655
COCO_val2014_000000104326,0.9034615755081177,0.7859325408935547,0.15634088218212128
COCO_val2014_000000206922,0.8641505837440491,0.7785452604293823,0.1793908178806305
COCO_val2014_000000512116,0.942258894443512,0.8123018741607666,0.11508607864379883
COCO_val2014_000000018687,0.7984782457351685,0.6987301111221313,0.30818653106689453
COCO_val2014_000000416308,0.8044342398643494,0.72941654920578,0.2546466588973999
COCO_val2014_000000541018,0.898709774017334,0.8230458498001099,0.10393339395523071
COCO_val2014_000000194414,0.7567568421363831,0.586489200592041,0.5221103429794312
COCO_val2014_000000490225,0.924682080745697,0.8319543600082397,0.0877886712551117
COCO_val2014_000000508899,0.7618033289909363,0.6103054285049438,0.4853817820549011
COCO_val2014_000000014248,0.9292977452278137,0.7763389348983765,0.2075500190258026
COCO_val2014_000000255096,0.918266236782074,0.7414363622665405,0.2660874128341675
COCO_val2014_000000395402,0.8106563687324524,0.7425012588500977,0.22218596935272217
COCO_val2014_000000147740,0.7902503609657288,0.70756995677948,0.28917211294174194
COCO_val2014_000000453001,0.9184062480926514,0.794369101524353,0.1396428793668747
COCO_val2014_000000090659,0.8489284515380859,0.7188220024108887,0.28970223665237427
COCO_val2014_000000075696,0.8956568837165833,0.7867673635482788,0.14951062202453613
COCO_val2014_000000154884,0.9060254096984863,0.7761421203613281,0.19168920814990997
COCO_val2014_000000397734,0.9527479410171509,0.8518882989883423,0.09127460420131683
COCO_val2014_000000544121,0.9105328917503357,0.7881535291671753,0.1786644160747528
COCO_val2014_000000117836,0.8247175216674805,0.8009032607078552,0.10536286979913712
COCO_val2014_000000257058,0.926866352558136,0.8148775696754456,0.19079305231571198
COCO_val2014_000000469165,0.9317675232887268,0.7783965468406677,0.18224841356277466
COCO_val2014_000000347930,0.9075004458427429,0.7490894198417664,0.23070546984672546
COCO_val2014_000000359801,0.8174847364425659,0.6104944944381714,0.45534369349479675
COCO_val2014_000000393271,0.8917466402053833,0.8104199767112732,0.11496102809906006
COCO_val2014_000000361521,0.8784964084625244,0.7123593091964722,0.26947784423828125
COCO_val2014_000000187424,0.8102983236312866,0.640438437461853,0.4196019172668457
COCO_val2014_000000125071,0.8406930565834045,0.7680203914642334,0.1833638846874237
COCO_val2014_000000200541,0.8782483339309692,0.7488077878952026,0.21394121646881104
COCO_val2014_000000453159,0.8500795960426331,0.7923017740249634,0.16591492295265198
COCO_val2014_000000441862,0.88022780418396,0.7597684860229492,0.20924478769302368
COCO_val2014_000000545219,0.912867546081543,0.8410365581512451,0.08511234819889069
COCO_val2014_000000096306,0.8996760845184326,0.7961050271987915,0.15582475066184998
COCO_val2014_000000323327,0.9005126357078552,0.7559707760810852,0.21116364002227783
COCO_val2014_000000539787,0.9072357416152954,0.7630354166030884,0.17252212762832642
COCO_val2014_000000373768,0.8768706917762756,0.7841756939888,0.15250453352928162
COCO_val2014_000000214692,0.8954312801361084,0.7473498582839966,0.2546039819717407
COCO_val2014_000000327890,0.7150779962539673,0.7558109760284424,0.18775901198387146
COCO_val2014_000000012700,0.8374130129814148,0.745887815952301,0.21729323267936707
COCO_val2014_000000007574,0.933476984500885,0.819466233253479,0.12064167857170105
COCO_val2014_000000050350,0.8542251586914062,0.7587647438049316,0.18073873221874237
COCO_val2014_000000457566,0.9107940196990967,0.8081954121589661,0.11081042885780334
COCO_val2014_000000001675,0.8409793972969055,0.5368711948394775,0.623181164264679
COCO_val2014_000000248014,0.8203534483909607,0.7811845541000366,0.16185300052165985
COCO_val2014_000000482275,0.8954907655715942,0.7256213426589966,0.28010642528533936
COCO_val2014_000000002154,0.871660590171814,0.779916524887085,0.18521833419799805
COCO_val2014_000000540414,0.924769401550293,0.8300137519836426,0.13550110161304474
COCO_val2014_000000279386,0.8559240102767944,0.715323805809021,0.370475709438324
COCO_val2014_000000371054,0.8708558082580566,0.8238206505775452,0.09163768589496613
COCO_val2014_000000185444,0.8121217489242554,0.6789959073066711,0.3382689654827118
COCO_val2014_000000487375,0.9645233154296875,0.8425195217132568,0.09690647572278976
COCO_val2014_000000097579,0.8156309127807617,0.7320874929428101,0.253368616104126
COCO_val2014_000000133146,0.9016767740249634,0.8364895582199097,0.07779273390769958
COCO_val2014_000000577654,0.7939844727516174,0.7800890207290649,0.16407448053359985
COCO_val2014_000000167477,0.8651273250579834,0.7727301120758057,0.19368256628513336
COCO_val2014_000000073209,0.8248317837715149,0.7504536509513855,0.20918112993240356
COCO_val2014_000000274134,0.8563759922981262,0.8201378583908081,0.11501456797122955
COCO_val2014_000000001561,0.8922408223152161,0.7263385057449341,0.2238454818725586
COCO_val2014_000000122588,0.896542489528656,0.8151984214782715,0.11373254656791687
COCO_val2014_000000167347,0.9863668084144592,0.8767997026443481,0.06621642410755157
COCO_val2014_000000507037,0.8981645703315735,0.7731543183326721,0.1889004409313202
COCO_val2014_000000317622,0.8946373462677002,0.8116068840026855,0.11481054127216339
COCO_val2014_000000114147,0.9450241327285767,0.8438759446144104,0.09300323575735092
COCO_val2014_000000493206,0.8870918154716492,0.7968233823776245,0.14733251929283142
COCO_val2014_000000385997,0.8579679131507874,0.7660794258117676,0.16691657900810242
COCO_val2014_000000089556,0.9485461115837097,0.8787782788276672,0.050581194460392
COCO_val2014_000000209071,0.7580967545509338,0.723016619682312,0.26581913232803345
COCO_val2014_000000055467,0.8975180983543396,0.8158282041549683,0.1322035789489746
COCO_val2014_000000011360,0.917656421661377,0.8234156966209412,0.10277297347784042
COCO_val2014_000000558633,0.8873812556266785,0.759340226650238,0.19750544428825378
COCO_val2014_000000265915,0.9197343587875366,0.8177681565284729,0.12807682156562805
COCO_val2014_000000556597,0.8334262371063232,0.7494529485702515,0.18535009026527405
COCO_val2014_000000043305,0.9019343852996826,0.7637467384338379,0.20171619951725006
COCO_val2014_000000116405,0.9162564873695374,0.7682855129241943,0.19445312023162842
COCO_val2014_000000494580,0.8086767196655273,0.7772594094276428,0.15601381659507751
COCO_val2014_000000119939,0.8787510991096497,0.7626121640205383,0.23286882042884827
COCO_val2014_000000405674,0.8406974673271179,0.7481427192687988,0.2511323094367981
COCO_val2014_000000382512,0.9365022778511047,0.8226462602615356,0.1269378811120987
COCO_val2014_000000313562,0.76258385181427,0.49122875928878784,0.8237610459327698
COCO_val2014_000000003983,0.9076371788978577,0.814456045627594,0.10349662601947784
COCO_val2014_000000490441,0.9185640215873718,0.7675267457962036,0.20504897832870483
COCO_val2014_000000141779,0.7966368794441223,0.7307647466659546,0.26344990730285645
COCO_val2014_000000242679,0.6127864122390747,0.7231688499450684,0.24624615907669067
COCO_val2014_000000378502,0.8920935988426208,0.8029690384864807,0.11464699357748032
COCO_val2014_000000580704,0.9174110889434814,0.8084806203842163,0.13340866565704346
COCO_val2014_000000210990,0.9665311574935913,0.8057762980461121,0.1659967005252838
COCO_val2014_000000291742,0.8755059838294983,0.7979172468185425,0.1487417221069336
COCO_val2014_000000150686,0.8859570622444153,0.7854430675506592,0.13719046115875244
COCO_val2014_000000179926,0.8487414121627808,0.7019895315170288,0.3246021866798401
COCO_val2014_000000057508,0.6047578454017639,0.4896550178527832,0.702791154384613
COCO_val2014_000000529355,0.8770647644996643,0.7103201150894165,0.28094184398651123
COCO_val2014_000000326086,0.931995153427124,0.8212541937828064,0.09735177457332611
COCO_val2014_000000336872,0.8341476917266846,0.7786760330200195,0.1621658205986023
COCO_val2014_000000179699,0.9053812623023987,0.7759649753570557,0.17940717935562134
COCO_val2014_000000296604,0.8833383321762085,0.8319074511528015,0.10857482254505157
COCO_val2014_000000536403,0.9129590392112732,0.8043712377548218,0.17740201950073242
COCO_val2014_000000275449,0.8877274394035339,0.7370331287384033,0.19940665364265442
COCO_val2014_000000033109,0.9274524450302124,0.8394762277603149,0.11042557656764984
COCO_val2014_000000020925,0.9671381711959839,0.8364368081092834,0.12340106070041656
COCO_val2014_000000429505,0.7796878814697266,0.7660983800888062,0.1783144474029541
COCO_val2014_000000482585,0.9339678287506104,0.8547079563140869,0.0879550650715828
COCO_val2014_000000306974,0.9479958415031433,0.7825707197189331,0.16657204926013947
COCO_val2014_000000555582,0.9615174531936646,0.8677608966827393,0.05528901144862175
COCO_val2014_000000182236,0.9119513034820557,0.7154438495635986,0.31849807500839233
COCO_val2014_000000096043,0.9037507176399231,0.7968798875808716,0.11212530732154846
COCO_val2014_000000034786,0.8848327994346619,0.7175495624542236,0.30045777559280396
COCO_val2014_000000492524,0.9145724177360535,0.738918662071228,0.27112293243408203
COCO_val2014_000000234238,0.8749145865440369,0.8154862523078918,0.11999811232089996
COCO_val2014_000000520524,0.8300167918205261,0.7656159400939941,0.2047465741634369
COCO_val2014_000000316666,0.9073450565338135,0.8051205277442932,0.1305215060710907
COCO_val2014_000000568041,0.8419378399848938,0.774362325668335,0.18634504079818726
COCO_val2014_000000171360,0.865186870098114,0.7924048900604248,0.17873474955558777
COCO_val2014_000000182784,0.9136865735054016,0.8069049119949341,0.13198301196098328
COCO_val2014_000000555005,0.8020613789558411,0.7582296133041382,0.20556262135505676
COCO_val2014_000000210522,0.956006646156311,0.8287265300750732,0.1199340969324112
COCO_val2014_000000431152,0.9227412939071655,0.7830924391746521,0.18752063810825348
COCO_val2014_000000014713,0.8776726722717285,0.8288211822509766,0.0857975035905838
COCO_val2014_000000033645,0.9434589147567749,0.786597728729248,0.18450483679771423
COCO_val2014_000000380057,0.8771435618400574,0.7951287627220154,0.13727492094039917
COCO_val2014_000000262658,0.8872717618942261,0.6724663972854614,0.308503657579422
COCO_val2014_000000031569,0.8571140766143799,0.7467970252037048,0.19336576759815216
COCO_val2014_000000088436,0.8867762684822083,0.7746291160583496,0.16398575901985168
COCO_val2014_000000466665,0.8905626535415649,0.831275463104248,0.10296511650085449
COCO_val2014_000000358817,0.7414512634277344,0.5550582408905029,0.5551183223724365
COCO_val2014_000000085390,0.7549313306808472,0.6854580640792847,0.2790459096431732
COCO_val2014_000000540159,0.8925502300262451,0.7949422001838684,0.13957083225250244
COCO_val2014_000000447169,0.8139117956161499,0.7969699501991272,0.1576904058456421
COCO_val2014_000000188311,0.9018625020980835,0.8453336954116821,0.0894024595618248
COCO_val2014_000000019158,0.6972160339355469,0.48224639892578125,0.7204987406730652
COCO_val2014_000000088513,0.8701521754264832,0.6624085903167725,0.3690130114555359
COCO_val2014_000000423715,0.906551718711853,0.7857637405395508,0.1796255111694336
COCO_val2014_000000015497,0.9223262071609497,0.7557371258735657,0.2398010790348053
COCO_val2014_000000109532,0.8277627229690552,0.7858160734176636,0.17744353413581848
COCO_val2014_000000334332,0.9495988488197327,0.8064876794815063,0.1440989375114441
COCO_val2014_000000162454,0.8511558175086975,0.7186309695243835,0.3581438958644867
COCO_val2014_000000507330,0.6916307806968689,0.53055340051651,0.6399419903755188
COCO_val2014_000000270066,0.8815255165100098,0.8157559633255005,0.11242350935935974
COCO_val2014_000000358796,0.9008890390396118,0.7940542697906494,0.14985185861587524
COCO_val2014_000000267932,0.9198569655418396,0.8296627402305603,0.0842670351266861
COCO_val2014_000000000810,0.8718758821487427,0.7315325736999512,0.210411936044693
COCO_val2014_000000190829,0.9458056688308716,0.8271461725234985,0.09531975537538528
COCO_val2014_000000101936,0.9155476689338684,0.8404150009155273,0.091083824634552
COCO_val2014_000000158292,0.9323052763938904,0.8151609897613525,0.11172236502170563
COCO_val2014_000000120356,0.890339732170105,0.7499887943267822,0.22665509581565857
COCO_val2014_000000052282,0.9351238012313843,0.8526673316955566,0.06270508468151093
COCO_val2014_000000138054,0.9348738789558411,0.8306376934051514,0.09891840815544128
COCO_val2014_000000555848,0.8998583555221558,0.818392276763916,0.10211558640003204
COCO_val2014_000000303847,0.8223204016685486,0.7284395694732666,0.2550816833972931
COCO_val2014_000000510798,0.956781804561615,0.8421953916549683,0.08957040309906006
COCO_val2014_000000049985,0.8379764556884766,0.7114288806915283,0.2675931453704834
COCO_val2014_000000000192,0.9420070052146912,0.8217493295669556,0.11744007468223572
COCO_val2014_000000020268,0.8428913354873657,0.699588418006897,0.2831819951534271
COCO_val2014_000000516786,0.9304080009460449,0.6483638882637024,0.37190544605255127
COCO_val2014_000000319053,0.8785820603370667,0.7341558337211609,0.24167999625205994
COCO_val2014_000000153445,0.7928975820541382,0.6211304068565369,0.43509164452552795
COCO_val2014_000000465223,0.7800977826118469,0.7059043645858765,0.30672362446784973
COCO_val2014_000000552377,0.8652456402778625,0.8173271417617798,0.12062951177358627
COCO_val2014_000000375285,0.8951429724693298,0.7569217085838318,0.25657010078430176
COCO_val2014_000000265227,0.9235131740570068,0.8282361626625061,0.1178835779428482
COCO_val2014_000000290248,0.892706036567688,0.799858570098877,0.1297900378704071
COCO_val2014_000000091617,0.8541906476020813,0.751706600189209,0.2203129380941391
COCO_val2014_000000333434,0.8988094925880432,0.7842416763305664,0.17660680413246155
COCO_val2014_000000427476,0.9604173898696899,0.782138466835022,0.20036891102790833
COCO_val2014_000000405657,0.9068846106529236,0.7552241683006287,0.21743851900100708
COCO_val2014_000000403150,0.9572682976722717,0.8334327340126038,0.11093923449516296
COCO_val2014_000000086426,0.9022022485733032,0.777440071105957,0.193264439702034
COCO_val2014_000000502001,0.8571110963821411,0.7955782413482666,0.15085580945014954
COCO_val2014_000000322610,0.6852834820747375,0.6380568742752075,0.45361605286598206
COCO_val2014_000000370478,0.8836536407470703,0.7984930276870728,0.14774122834205627
COCO_val2014_000000153040,0.8130766153335571,0.7250015139579773,0.2538660168647766
COCO_val2014_000000019763,0.7956850528717041,0.7680597305297852,0.17763423919677734
COCO_val2014_000000303670,0.9191149473190308,0.7987194061279297,0.17307329177856445
COCO_val2014_000000549943,0.9322654604911804,0.8359066247940063,0.10024487972259521
COCO_val2014_000000569543,0.7543034553527832,0.6758095622062683,0.34198835492134094
COCO_val2014_000000295683,0.826901376247406,0.7793129682540894,0.1703971028327942
COCO_val2014_000000030785,0.9276409149169922,0.830331563949585,0.10388901829719543
COCO_val2014_000000531917,0.8493837118148804,0.6998658180236816,0.2692662477493286
COCO_val2014_000000554828,0.7802531123161316,0.7166048288345337,0.28661400079727173
COCO_val2014_000000536720,0.8835277557373047,0.7473368644714355,0.25826409459114075
COCO_val2014_000000000164,0.8320950865745544,0.7416859865188599,0.226737380027771
COCO_val2014_000000397268,0.7679982781410217,0.7831538915634155,0.17322388291358948
COCO_val2014_000000512302,0.8121823668479919,0.7019351720809937,0.32255157828330994
COCO_val2014_000000534018,0.9282755255699158,0.8203687071800232,0.12270795553922653
COCO_val2014_000000278463,0.9130313992500305,0.8057453632354736,0.11164155602455139
COCO_val2014_000000308900,0.8231852054595947,0.6144565343856812,0.4742228388786316
COCO_val2014_000000504005,0.8794553279876709,0.8441848158836365,0.097399041056633
COCO_val2014_000000396385,0.9237995147705078,0.8024194240570068,0.16283443570137024
COCO_val2014_000000404526,0.7360091805458069,0.6793001890182495,0.3315795958042145
COCO_val2014_000000531510,0.8878841996192932,0.743471086025238,0.27924925088882446
COCO_val2014_000000009483,0.8576304912567139,0.7031956911087036,0.29234182834625244
COCO_val2014_000000159223,0.9103496074676514,0.773722767829895,0.1844044327735901
COCO_val2014_000000458109,0.8787981867790222,0.7780588865280151,0.18238011002540588
COCO_val2014_000000256180,0.8547379374504089,0.7857742309570312,0.1443524807691574
COCO_val2014_000000254994,0.9144118428230286,0.7689080834388733,0.16834209859371185
COCO_val2014_000000491213,0.9037110805511475,0.8094749450683594,0.13625487685203552
COCO_val2014_000000561619,0.816319465637207,0.6603651642799377,0.3500950336456299
COCO_val2014_000000558539,0.71146559715271,0.611029863357544,0.47439491748809814
COCO_val2014_000000077951,0.9057755470275879,0.7846536040306091,0.1646880805492401
COCO_val2014_000000559550,0.8994246125221252,0.7921546697616577,0.1522117704153061
COCO_val2014_000000075023,0.944417417049408,0.8289602994918823,0.08236933499574661
COCO_val2014_000000229342,0.7115707993507385,0.6482254266738892,0.3835688829421997
COCO_val2014_000000189376,0.9253782033920288,0.7608485221862793,0.1997571885585785
COCO_val2014_000000394510,0.9453439712524414,0.79986971616745,0.1751200258731842
COCO_val2014_000000199842,0.9199317693710327,0.738572359085083,0.25939202308654785
COCO_val2014_000000429833,0.9161077737808228,0.8149046897888184,0.12812286615371704
COCO_val2014_000000091883,0.875141441822052,0.8080742359161377,0.1405366063117981
COCO_val2014_000000214727,0.8356505036354065,0.6317843198776245,0.38164836168289185
COCO_val2014_000000331535,0.893227756023407,0.8579567074775696,0.07439140975475311
COCO_val2014_000000083462,0.8583942651748657,0.7805207967758179,0.17269369959831238
COCO_val2014_000000511241,0.8807416558265686,0.8172650933265686,0.11982885003089905
COCO_val2014_000000155341,0.8748663067817688,0.7744579315185547,0.20187358558177948
COCO_val2014_000000147904,0.9456155896186829,0.825322151184082,0.09403020143508911
COCO_val2014_000000511599,0.9495739936828613,0.8344813585281372,0.11103098839521408
COCO_val2014_000000171190,0.9111641645431519,0.8215595483779907,0.11497193574905396
COCO_val2014_000000257370,0.911807119846344,0.8168729543685913,0.12058154493570328
COCO_val2014_000000337160,0.9032922387123108,0.7711304426193237,0.19512033462524414
COCO_val2014_000000000257,0.9166087508201599,0.8093723058700562,0.1391756534576416
COCO_val2014_000000135436,0.7815560698509216,0.7204626202583313,0.26741135120391846
COCO_val2014_000000514417,0.9014909863471985,0.818901538848877,0.12188725173473358
COCO_val2014_000000112568,0.7338120341300964,0.6688909530639648,0.330328106880188
COCO_val2014_000000501982,0.6898508667945862,0.5351184606552124,0.7164521217346191
COCO_val2014_000000085795,0.8888859748840332,0.7396358847618103,0.25818565487861633
COCO_val2014_000000162579,0.8351943492889404,0.7216088771820068,0.2438322752714157
COCO_val2014_000000577128,0.9363766312599182,0.8564471006393433,0.0819426104426384
COCO_val2014_000000467726,0.8667348027229309,0.729529619216919,0.29645147919654846
COCO_val2014_000000119402,0.978082001209259,0.859332263469696,0.08851595968008041
COCO_val2014_000000348186,0.9381800889968872,0.8337063193321228,0.09845633059740067
COCO_val2014_000000422918,0.8515823483467102,0.6610521078109741,0.35181042551994324
COCO_val2014_000000328403,0.8084537386894226,0.7734843492507935,0.17214976251125336
COCO_val2014_000000369093,0.9239546656608582,0.8486827611923218,0.08671464771032333
COCO_val2014_000000242734,0.794781506061554,0.760348379611969,0.20081691443920135
COCO_val2014_000000087038,0.8647642731666565,0.7743160724639893,0.21899956464767456
COCO_val2014_000000239837,0.9235097169876099,0.8030599355697632,0.1427699774503708
COCO_val2014_000000453824,0.8774563670158386,0.7402346134185791,0.22542434930801392
COCO_val2014_000000550405,0.8852288722991943,0.8008897304534912,0.17264902591705322
COCO_val2014_000000182523,0.9406440258026123,0.8107320070266724,0.1396593153476715
COCO_val2014_000000407056,0.8832516074180603,0.8324374556541443,0.10788771510124207
COCO_val2014_000000033489,0.8829745054244995,0.8024565577507019,0.11798218637704849
COCO_val2014_000000421566,0.866340160369873,0.7805478572845459,0.17778494954109192
COCO_val2014_000000325867,0.8968048691749573,0.8033205270767212,0.12918296456336975
COCO_val2014_000000157516,0.8935968279838562,0.7392351627349854,0.2356742024421692
COCO_val2014_000000254814,0.9233899712562561,0.8623120784759521,0.0662589967250824
COCO_val2014_000000243418,0.9077354669570923,0.8083688616752625,0.1251278519630432
COCO_val2014_000000074638,0.6733920574188232,0.6489229202270508,0.40570902824401855
COCO_val2014_000000166565,0.7679490447044373,0.763519823551178,0.19722598791122437
COCO_val2014_000000318777,0.8504791855812073,0.7500962018966675,0.19624100625514984
COCO_val2014_000000057878,0.8782596588134766,0.7113237380981445,0.2793358564376831
COCO_val2014_000000031519,0.8790354132652283,0.7967747449874878,0.1315574049949646
COCO_val2014_000000248582,0.8435918688774109,0.7401626706123352,0.2169152796268463
COCO_val2014_000000027975,0.9205038547515869,0.750887930393219,0.2272166758775711
COCO_val2014_000000274671,0.8755899667739868,0.8141608238220215,0.10625097155570984
COCO_val2014_000000065358,0.7805571556091309,0.7240796089172363,0.2738630175590515
COCO_val2014_000000181655,0.9280540943145752,0.7975252866744995,0.13983318209648132
COCO_val2014_000000539808,0.9100695252418518,0.7974083423614502,0.13502460718154907
COCO_val2014_000000530987,0.9259768128395081,0.8237236738204956,0.0922718346118927
COCO_val2014_000000558645,0.8978103995323181,0.7113488912582397,0.2868235409259796
COCO_val2014_000000346262,0.8402129411697388,0.8016361594200134,0.12229914963245392
COCO_val2014_000000257971,0.9225171208381653,0.7925034165382385,0.15232616662979126
COCO_val2014_000000283012,0.9000141024589539,0.7235234975814819,0.2724758982658386
COCO_val2014_000000277831,0.8137029409408569,0.8076122999191284,0.11801434308290482
COCO_val2014_000000346759,0.8768503069877625,0.7820773124694824,0.14347977936267853
COCO_val2014_000000456884,0.8780361413955688,0.7922605872154236,0.1729445606470108
COCO_val2014_000000298525,0.8636637330055237,0.8053366541862488,0.14545577764511108
COCO_val2014_000000486770,0.8450374603271484,0.7653851509094238,0.1748770773410797
COCO_val2014_000000075183,0.8414137363433838,0.7682700753211975,0.15390776097774506
COCO_val2014_000000187249,0.935507595539093,0.8424351215362549,0.07482390105724335
COCO_val2014_000000125909,0.8939338326454163,0.784561276435852,0.16302406787872314
COCO_val2014_000000197097,0.7544440627098083,0.6040024757385254,0.4882620573043823
COCO_val2014_000000435922,0.8772027492523193,0.7263950705528259,0.24223408102989197
COCO_val2014_000000123642,0.9156097173690796,0.8323522806167603,0.0928531065583229
COCO_val2014_000000310532,0.7926775217056274,0.7171441912651062,0.2866860628128052
COCO_val2014_000000363286,0.9452304244041443,0.8414214849472046,0.0982183888554573
COCO_val2014_000000329217,0.9010923504829407,0.797636091709137,0.13859757781028748
COCO_val2014_000000441156,0.9221950769424438,0.7609341144561768,0.21811339259147644
COCO_val2014_000000475990,0.9133113622665405,0.7084963917732239,0.2875460982322693
COCO_val2014_000000216761,0.8355507850646973,0.7304762601852417,0.2478107213973999
COCO_val2014_000000479176,0.9450806379318237,0.8251320719718933,0.1090371310710907
COCO_val2014_000000037671,0.868431806564331,0.724452018737793,0.2618274688720703
COCO_val2014_000000466787,0.7606253623962402,0.7428911924362183,0.25744977593421936
COCO_val2014_000000565563,0.8379959464073181,0.7513601183891296,0.2696252465248108
COCO_val2014_000000142248,0.7713770866394043,0.7356305122375488,0.23203402757644653
COCO_val2014_000000297349,0.8038257360458374,0.7175790667533875,0.2940489649772644
COCO_val2014_000000400525,0.7572241425514221,0.7775782346725464,0.16476605832576752
COCO_val2014_000000481285,0.9369804859161377,0.8021584749221802,0.1449645608663559
COCO_val2014_000000137118,0.8846302032470703,0.783787727355957,0.18126705288887024
COCO_val2014_000000200291,0.9290590286254883,0.7927092909812927,0.1314799040555954
COCO_val2014_000000218703,0.8780105710029602,0.7937673926353455,0.12302328646183014
COCO_val2014_000000267910,0.9078719019889832,0.8171076774597168,0.10913428664207458
COCO_val2014_000000180653,0.9467334747314453,0.8013932704925537,0.17058220505714417
COCO_val2014_000000248142,0.8261449933052063,0.7277001738548279,0.20885542035102844
COCO_val2014_000000100238,0.8910360932350159,0.765979528427124,0.1885887235403061
COCO_val2014_000000352895,0.9134380221366882,0.826866626739502,0.0964263379573822
COCO_val2014_000000334746,0.8099228739738464,0.766327440738678,0.17057377099990845
COCO_val2014_000000534467,0.8515120148658752,0.7574818134307861,0.24398455023765564
COCO_val2014_000000510992,0.7280271053314209,0.6076992750167847,0.45933783054351807
COCO_val2014_000000242543,0.9236590266227722,0.8181892037391663,0.1324431151151657
COCO_val2014_000000195800,0.9184646606445312,0.7830462455749512,0.16895316541194916
COCO_val2014_000000518383,0.8474915027618408,0.7147424221038818,0.28111839294433594
COCO_val2014_000000318523,0.9130187630653381,0.8112882375717163,0.10878854990005493
COCO_val2014_000000451944,0.8602653741836548,0.7866494655609131,0.1426105797290802
COCO_val2014_000000345353,0.8740425109863281,0.774736762046814,0.1722160279750824
COCO_val2014_000000307773,0.9129846096038818,0.7517900466918945,0.23784805834293365
COCO_val2014_000000098003,0.8985469937324524,0.7923377752304077,0.15094459056854248
COCO_val2014_000000289941,0.8845016956329346,0.7609906196594238,0.1826871931552887
COCO_val2014_000000402405,0.9160840511322021,0.7845798134803772,0.2280326932668686
COCO_val2014_000000400567,0.8864185214042664,0.8261921405792236,0.09795510768890381
COCO_val2014_000000401004,0.9082740545272827,0.7868068218231201,0.18531079590320587
COCO_val2014_000000434898,0.8627719283103943,0.7699666619300842,0.18311241269111633
COCO_val2014_000000451144,0.9014872312545776,0.7454918622970581,0.33163973689079285
COCO_val2014_000000176328,0.872589111328125,0.7435007095336914,0.204678475856781
COCO_val2014_000000434580,0.9097421765327454,0.8049397468566895,0.12076970934867859
COCO_val2014_000000085340,0.8959982991218567,0.7852470874786377,0.14619728922843933
COCO_val2014_000000290093,0.8458042144775391,0.7295714020729065,0.2299806773662567
COCO_val2014_000000180584,0.9180871844291687,0.6441420316696167,0.41805511713027954
COCO_val2014_000000308430,0.8701266646385193,0.8016358017921448,0.16441136598587036
COCO_val2014_000000424464,0.9647966027259827,0.8716776371002197,0.05999013036489487
COCO_val2014_000000456690,0.8387768268585205,0.6901912093162537,0.46320128440856934
COCO_val2014_000000263359,0.8926545977592468,0.7810477018356323,0.15523867309093475
COCO_val2014_000000494345,0.8339056372642517,0.7130508422851562,0.2868729829788208
COCO_val2014_000000245432,0.8834637999534607,0.7985268831253052,0.13744837045669556
COCO_val2014_000000380734,0.9216480851173401,0.8089512586593628,0.19690638780593872
COCO_val2014_000000363527,0.8088058829307556,0.726259171962738,0.24419108033180237
COCO_val2014_000000306644,0.8750384449958801,0.8613556623458862,0.06679593771696091
COCO_val2014_000000368980,0.9837141036987305,0.7735500335693359,0.19025051593780518
COCO_val2014_000000561403,0.9361253380775452,0.8332210779190063,0.10757361352443695
COCO_val2014_000000105040,0.8451544046401978,0.7734597325325012,0.18178990483283997
COCO_val2014_000000181449,0.874826192855835,0.7860348224639893,0.16700847446918488
COCO_val2014_000000037751,0.8884682059288025,0.6442291736602783,0.41317546367645264
COCO_val2014_000000535013,0.9283668994903564,0.7956304550170898,0.13498926162719727
COCO_val2014_000000125755,0.8554885387420654,0.7973635196685791,0.13151815533638
COCO_val2014_000000051702,0.9340787529945374,0.8462907075881958,0.0982501208782196
COCO_val2014_000000289995,0.8795248866081238,0.8022546768188477,0.12713390588760376
COCO_val2014_000000470935,0.8684885501861572,0.7743107080459595,0.19073788821697235
COCO_val2014_000000360494,0.8659536242485046,0.780289351940155,0.2230430692434311
COCO_val2014_000000050942,0.8833313584327698,0.7253165245056152,0.22800280153751373
COCO_val2014_000000557679,0.8508697748184204,0.7664353847503662,0.1973365694284439
COCO_val2014_000000386553,0.860430121421814,0.7230567932128906,0.30134502053260803
COCO_val2014_000000005282,0.9368913769721985,0.8182367086410522,0.12601035833358765
COCO_val2014_000000131743,0.9030119180679321,0.7496179342269897,0.209279865026474
COCO_val2014_000000533003,0.9090489745140076,0.8396252393722534,0.08432530611753464
COCO_val2014_000000228350,0.9187802076339722,0.8077283501625061,0.15419894456863403
COCO_val2014_000000566651,0.8454689979553223,0.7431002855300903,0.22076451778411865
COCO_val2014_000000433279,0.9398030638694763,0.7643565535545349,0.2716435492038727
COCO_val2014_000000166320,0.7820086479187012,0.8060715198516846,0.11729896068572998
COCO_val2014_000000207151,0.9281201362609863,0.8355658650398254,0.09127086400985718
COCO_val2014_000000113058,0.753696084022522,0.7075849175453186,0.31923890113830566
COCO_val2014_000000294541,0.9585992693901062,0.847009003162384,0.07647071778774261
COCO_val2014_000000450263,0.8386160731315613,0.7329167723655701,0.3028368353843689
COCO_val2014_000000265971,0.8222087621688843,0.6915862560272217,0.3414876163005829
COCO_val2014_000000152808,0.9439876675605774,0.8665136098861694,0.06049514561891556
COCO_val2014_000000115846,0.8560097813606262,0.7939598560333252,0.11528280377388
COCO_val2014_000000131138,0.8572404384613037,0.8055831789970398,0.1620478630065918
COCO_val2014_000000354368,0.9192144870758057,0.7324861884117126,0.24581988155841827
COCO_val2014_000000188824,0.8940445780754089,0.7479212284088135,0.25100237131118774
COCO_val2014_000000044269,0.7509846687316895,0.7136697173118591,0.2575463354587555
COCO_val2014_000000561958,0.9080700278282166,0.8029763698577881,0.18675541877746582
COCO_val2014_000000465129,0.6922038197517395,0.625375509262085,0.41351988911628723
COCO_val2014_000000001000,0.9191652536392212,0.8178099989891052,0.10201967507600784
COCO_val2014_000000083844,0.9097663164138794,0.8365671038627625,0.0816626101732254
COCO_val2014_000000540172,0.9618869423866272,0.8532629013061523,0.07890284061431885
COCO_val2014_000000431891,0.8169670701026917,0.7911471128463745,0.148835688829422
COCO_val2014_000000477016,0.8719828724861145,0.7340540885925293,0.23101836442947388
COCO_val2014_000000489873,0.8239355087280273,0.7653789520263672,0.17081090807914734
COCO_val2014_000000043243,0.9068775177001953,0.8009338974952698,0.14781662821769714
COCO_val2014_000000033114,0.892961323261261,0.7897723913192749,0.13267379999160767
COCO_val2014_000000259814,0.9540237784385681,0.8026108741760254,0.18646973371505737
COCO_val2014_000000427612,0.8126377463340759,0.7064031958580017,0.27726078033447266
COCO_val2014_000000037709,0.8111662268638611,0.6900793313980103,0.26518720388412476
COCO_val2014_000000129832,0.8247197270393372,0.7749195098876953,0.20039130747318268
COCO_val2014_000000038875,0.8652364611625671,0.8136627078056335,0.10676181316375732
COCO_val2014_000000210394,0.9497300982475281,0.8558474779129028,0.060717660933732986
COCO_val2014_000000193674,0.9299011826515198,0.7996419668197632,0.14624404907226562
COCO_val2014_000000545959,0.8357531428337097,0.7593016624450684,0.18568241596221924
COCO_val2014_000000148067,0.9446830749511719,0.8318210244178772,0.11731850355863571
COCO_val2014_000000574315,0.9608539342880249,0.7494251728057861,0.2596461772918701
COCO_val2014_000000042953,0.9487895965576172,0.8364152908325195,0.10276100039482117
COCO_val2014_000000574145,0.8694031834602356,0.8089188933372498,0.1448153853416443
COCO_val2014_000000088562,0.8896066546440125,0.8168586492538452,0.11327649652957916
COCO_val2014_000000506717,0.9176903963088989,0.7855437994003296,0.14169880747795105
COCO_val2014_000000558635,0.9635294079780579,0.8475683927536011,0.08349081873893738
COCO_val2014_000000542079,0.889293372631073,0.7493420839309692,0.22866088151931763
COCO_val2014_000000214349,0.8935320973396301,0.7689036726951599,0.23245950043201447
COCO_val2014_000000570022,0.8472802639007568,0.7932011485099792,0.14503681659698486
COCO_val2014_000000399832,0.9161423444747925,0.838003396987915,0.09773221611976624
COCO_val2014_000000033345,0.8172733187675476,0.7650889158248901,0.1945543885231018
COCO_val2014_000000162249,0.9321361780166626,0.8463007211685181,0.08404243737459183
COCO_val2014_000000556073,0.8037197589874268,0.7545397281646729,0.1891040951013565
COCO_val2014_000000233868,0.9431812167167664,0.7831169366836548,0.18352378904819489
COCO_val2014_000000025560,0.7542745471000671,0.6770471334457397,0.4648225009441376
COCO_val2014_000000419473,0.8667848706245422,0.8109896183013916,0.12398821860551834
COCO_val2014_000000489088,0.8763882517814636,0.7714109420776367,0.18224938213825226
COCO_val2014_000000025603,0.9220630526542664,0.7259876132011414,0.268362820148468
COCO_val2014_000000197130,0.8718908429145813,0.7310571670532227,0.24655680358409882
COCO_val2014_000000561366,0.8439748883247375,0.783155620098114,0.16999679803848267
COCO_val2014_000000156974,0.8754622340202332,0.7952273488044739,0.17263540625572205
COCO_val2014_000000413419,0.806095540523529,0.7509427070617676,0.20377811789512634
COCO_val2014_000000277991,0.9128468036651611,0.7864028811454773,0.14952565729618073
COCO_val2014_000000142879,0.9033113718032837,0.8516784310340881,0.08103036880493164
COCO_val2014_000000281758,0.9098209738731384,0.72868812084198,0.38354888558387756
COCO_val2014_000000185936,0.6600291132926941,0.5722768306732178,0.6149172186851501
COCO_val2014_000000458048,0.8317595720291138,0.7850830554962158,0.1489497572183609
COCO_val2014_000000521359,0.8684165477752686,0.8025727868080139,0.14644819498062134
COCO_val2014_000000288313,0.9243974685668945,0.8213459849357605,0.1283760964870453
COCO_val2014_000000328200,0.8980086445808411,0.7025753259658813,0.3080395460128784
COCO_val2014_000000143526,0.937866747379303,0.8300644159317017,0.10654079169034958
COCO_val2014_000000545363,0.8075746893882751,0.7588837146759033,0.19963310658931732
COCO_val2014_000000196210,0.933583676815033,0.8486045598983765,0.09481152147054672
COCO_val2014_000000337563,0.8958317041397095,0.757351815700531,0.19664545357227325
COCO_val2014_000000580607,0.8982750177383423,0.7662632465362549,0.1841883659362793
COCO_val2014_000000448849,0.9119802713394165,0.7444303035736084,0.25436893105506897
COCO_val2014_000000136720,0.9358222484588623,0.7777856588363647,0.20939509570598602
COCO_val2014_000000251195,0.8451000452041626,0.7441094517707825,0.18784740567207336
COCO_val2014_000000522935,0.8818567395210266,0.7058214545249939,0.28666847944259644
COCO_val2014_000000090138,0.8811187744140625,0.8030674457550049,0.13302184641361237
COCO_val2014_000000526028,0.9498285055160522,0.8465086817741394,0.10909222811460495
COCO_val2014_000000072536,0.8469032049179077,0.8344495892524719,0.0940769761800766
COCO_val2014_000000148719,0.9331632852554321,0.859818696975708,0.062207937240600586
COCO_val2014_000000122467,0.9132651686668396,0.7873063683509827,0.15167731046676636
COCO_val2014_000000487722,0.8443444967269897,0.8002854585647583,0.1082741767168045
COCO_val2014_000000360573,0.846855878829956,0.8016762733459473,0.15164846181869507
COCO_val2014_000000060835,0.8508214354515076,0.729718804359436,0.24200215935707092
COCO_val2014_000000226171,0.9015797972679138,0.8371630311012268,0.10265319049358368
COCO_val2014_000000227031,0.9402222037315369,0.8255813121795654,0.11686671525239944
COCO_val2014_000000571544,0.9144740104675293,0.816393256187439,0.12013459205627441
COCO_val2014_000000430160,0.8888611793518066,0.8189588785171509,0.10873660445213318
COCO_val2014_000000085183,0.9284736514091492,0.7639195919036865,0.3021830916404724
COCO_val2014_000000242570,0.9261499643325806,0.8048955798149109,0.14280760288238525
COCO_val2014_000000536933,0.9026592373847961,0.7972879409790039,0.14168237149715424
COCO_val2014_000000185807,0.9305647015571594,0.802153468132019,0.16414089500904083
COCO_val2014_000000021639,0.8503311276435852,0.7572692632675171,0.1984100341796875
COCO_val2014_000000482242,0.9288910031318665,0.8027833104133606,0.18532031774520874
COCO_val2014_000000013383,0.7791262865066528,0.7247177362442017,0.24368983507156372
COCO_val2014_000000461775,0.8895305395126343,0.7503026723861694,0.22009482979774475
COCO_val2014_000000395843,0.9571897983551025,0.8157776594161987,0.1718313992023468
COCO_val2014_000000385770,0.8505352735519409,0.7649593353271484,0.18298310041427612
COCO_val2014_000000406841,0.6294689774513245,0.679832935333252,0.31361910700798035
COCO_val2014_000000065798,0.8995299935340881,0.706345796585083,0.3740319609642029
COCO_val2014_000000390130,0.9346871376037598,0.7981947660446167,0.1245880126953125
COCO_val2014_000000285005,0.7441151738166809,0.707695722579956,0.3132539391517639
COCO_val2014_000000350230,0.9346743226051331,0.8456581234931946,0.08630027621984482
COCO_val2014_000000564936,0.8666989207267761,0.7267751693725586,0.3785836100578308
COCO_val2014_000000090373,0.8474008440971375,0.7603514194488525,0.1924409419298172
COCO_val2014_000000098895,0.9365344047546387,0.7692081332206726,0.20102684199810028
COCO_val2014_000000497640,0.820972740650177,0.7548460960388184,0.2480478733778
COCO_val2014_000000103122,0.902678906917572,0.7721830010414124,0.1971660554409027
COCO_val2014_000000045094,0.801146924495697,0.7320184707641602,0.24726200103759766
COCO_val2014_000000142826,0.872809886932373,0.8176957368850708,0.09729006141424179
COCO_val2014_000000501294,0.8855507969856262,0.7792813777923584,0.13925166428089142
COCO_val2014_000000005001,0.7084904909133911,0.6641948819160461,0.35419344902038574
COCO_val2014_000000226119,0.8856975436210632,0.8008112907409668,0.1318914145231247
COCO_val2014_000000511050,0.7843059301376343,0.6838778853416443,0.3614126145839691
COCO_val2014_000000428375,0.8526197671890259,0.779619038105011,0.17268499732017517
COCO_val2014_000000478528,0.8316488862037659,0.7666100859642029,0.22306664288043976
COCO_val2014_000000418692,0.8278535604476929,0.697667121887207,0.26492953300476074
COCO_val2014_000000042482,0.8977212309837341,0.7792001962661743,0.17557880282402039
COCO_val2014_000000551713,0.8695595264434814,0.6519284248352051,0.4241439700126648
COCO_val2014_000000093476,0.7758312225341797,0.6169078350067139,0.4717758893966675
COCO_val2014_000000376093,0.9409707188606262,0.822472095489502,0.10861221700906754
COCO_val2014_000000563615,0.9160086512565613,0.8130966424942017,0.12255184352397919
COCO_val2014_000000105885,0.8953679800033569,0.8099762201309204,0.12582528591156006
COCO_val2014_000000526359,0.9073508381843567,0.8330957889556885,0.0843997374176979
COCO_val2014_000000130826,0.8364614844322205,0.6655030250549316,0.3760796785354614
COCO_val2014_000000076595,0.8694167733192444,0.7170865535736084,0.27114027738571167
COCO_val2014_000000342765,0.9483553767204285,0.8256797790527344,0.09656136482954025
COCO_val2014_000000451008,0.902079164981842,0.7656217813491821,0.20001313090324402
COCO_val2014_000000233005,0.8411120176315308,0.6815001964569092,0.41546544432640076
COCO_val2014_000000119414,0.8661073446273804,0.7871081829071045,0.1399201899766922
COCO_val2014_000000292480,0.908929705619812,0.8087509870529175,0.12971782684326172
COCO_val2014_000000498286,0.8796171545982361,0.7795178890228271,0.16835254430770874
COCO_val2014_000000234914,0.8626554608345032,0.7473188638687134,0.23101702332496643
COCO_val2014_000000344903,0.8660423755645752,0.8013559579849243,0.13684985041618347
COCO_val2014_000000350157,0.8506316542625427,0.741548478603363,0.19065214693546295
COCO_val2014_000000283060,0.8744276165962219,0.7981892824172974,0.15341080725193024
COCO_val2014_000000151742,0.9589165449142456,0.8484454154968262,0.09658297896385193
COCO_val2014_000000274083,0.7973183989524841,0.7326133251190186,0.23389774560928345
COCO_val2014_000000196843,0.668136477470398,0.5259027481079102,0.6539331674575806
COCO_val2014_000000436273,0.8982428312301636,0.7591040730476379,0.2040942907333374
COCO_val2014_000000504958,0.8478173017501831,0.6852385997772217,0.3194766640663147
COCO_val2014_000000166358,0.9062840938568115,0.7813234329223633,0.15935969352722168
COCO_val2014_000000395633,0.9278112053871155,0.8419641852378845,0.07826665043830872
COCO_val2014_000000008599,0.9068021178245544,0.8127061128616333,0.1189073920249939
COCO_val2014_000000492084,0.8953875303268433,0.7652485370635986,0.1963934600353241
COCO_val2014_000000337561,0.8748171925544739,0.7706165313720703,0.17838506400585175
COCO_val2014_000000350898,0.8637821078300476,0.8137257099151611,0.13489872217178345
COCO_val2014_000000413058,0.8042930364608765,0.7802733778953552,0.16654372215270996
COCO_val2014_000000163057,0.8954599499702454,0.797966480255127,0.2434779703617096
COCO_val2014_000000328661,0.9877405762672424,0.8901001214981079,0.04829148203134537
COCO_val2014_000000577169,0.8467932343482971,0.7619602084159851,0.19202619791030884
COCO_val2014_000000264599,0.7982149124145508,0.7289765477180481,0.29028087854385376
COCO_val2014_000000109291,0.9419606924057007,0.6796215176582336,0.37708234786987305
COCO_val2014_000000342204,0.8877983093261719,0.7551292181015015,0.2170514017343521
COCO_val2014_000000111448,0.8737663626670837,0.7474555373191833,0.22669342160224915
COCO_val2014_000000230096,0.9074811339378357,0.8067013621330261,0.21207022666931152
COCO_val2014_000000241466,0.7945146560668945,0.7576853036880493,0.20463204383850098
COCO_val2014_000000449403,0.9139183163642883,0.7945820093154907,0.16737119853496552
COCO_val2014_000000299207,0.8593811392784119,0.7410836815834045,0.21856804192066193
COCO_val2014_000000079906,0.8823056817054749,0.7890148162841797,0.1746731847524643
COCO_val2014_000000071938,0.90653395652771,0.7975603342056274,0.14159870147705078
COCO_val2014_000000329341,0.8949383497238159,0.8085132837295532,0.11651003360748291
COCO_val2014_000000033377,0.9200935959815979,0.8075598478317261,0.12361010909080505
COCO_val2014_000000170974,0.918501079082489,0.8050607442855835,0.1413111835718155
COCO_val2014_000000407644,0.8687611222267151,0.7256513833999634,0.2836950421333313
COCO_val2014_000000519271,0.9390566349029541,0.8403568267822266,0.08763808012008667
COCO_val2014_000000018575,0.8471891283988953,0.794644296169281,0.1295442283153534
COCO_val2014_000000096351,0.919175386428833,0.8283498287200928,0.0951564759016037
COCO_val2014_000000298405,0.8462242484092712,0.7580005526542664,0.20259593427181244
COCO_val2014_000000386313,0.8997638821601868,0.8360867500305176,0.10345429182052612
COCO_val2014_000000498747,0.9251335263252258,0.802679181098938,0.1402312070131302
COCO_val2014_000000003716,0.9345368146896362,0.7545292377471924,0.22775927186012268
COCO_val2014_000000485139,0.9562000632286072,0.7517282962799072,0.2696504592895508
COCO_val2014_000000389168,0.8509381413459778,0.7875065207481384,0.17430689930915833
COCO_val2014_000000478157,0.8822533488273621,0.7517468929290771,0.20277656614780426
COCO_val2014_000000314792,0.811030924320221,0.7767287492752075,0.1867644488811493
COCO_val2014_000000137265,0.7589550018310547,0.7084664106369019,0.37496417760849
COCO_val2014_000000409921,0.9140926003456116,0.8390076160430908,0.0966954380273819
COCO_val2014_000000479948,0.759310245513916,0.7000762820243835,0.28419262170791626
COCO_val2014_000000106180,0.8990949988365173,0.7963079214096069,0.14219264686107635
COCO_val2014_000000090707,0.9306879639625549,0.8458645343780518,0.09771488606929779
COCO_val2014_000000086755,0.9789532423019409,0.8590874075889587,0.08389236032962799
COCO_val2014_000000267300,0.9092214107513428,0.7688889503479004,0.18903113901615143
COCO_val2014_000000051025,0.9419684410095215,0.8435644507408142,0.09532472491264343
COCO_val2014_000000291686,0.9378701448440552,0.8359692096710205,0.1108097955584526
COCO_val2014_000000160531,0.673225462436676,0.593002200126648,0.49882662296295166
COCO_val2014_000000355123,0.9471927881240845,0.8495519161224365,0.0797426626086235
COCO_val2014_000000391972,0.8969252705574036,0.8232995271682739,0.1185707151889801
COCO_val2014_000000120340,0.8028889298439026,0.7288228273391724,0.23585167527198792
COCO_val2014_000000352552,0.8827193379402161,0.7388410568237305,0.26800453662872314
COCO_val2014_000000469134,0.9257678985595703,0.8377494812011719,0.09122245013713837
COCO_val2014_000000357633,0.78553307056427,0.8004171848297119,0.11871089041233063
COCO_val2014_000000398727,0.9134793877601624,0.8279414772987366,0.10694307088851929
COCO_val2014_000000020650,0.9244227409362793,0.8616930246353149,0.07583247125148773
COCO_val2014_000000419401,0.7903658747673035,0.7691034078598022,0.1688682734966278
COCO_val2014_000000022271,0.9114306569099426,0.821124792098999,0.12444499135017395
COCO_val2014_000000224542,0.9239306449890137,0.8175680637359619,0.12256135046482086
COCO_val2014_000000328008,0.9449790716171265,0.83173006772995,0.09271009266376495
COCO_val2014_000000076625,0.7776333689689636,0.712704598903656,0.3079853057861328
COCO_val2014_000000260774,0.8620650768280029,0.7972443699836731,0.14702320098876953
COCO_val2014_000000092134,0.7336682677268982,0.6795567274093628,0.30292555689811707
COCO_val2014_000000151141,0.9407957792282104,0.8128306865692139,0.11219944059848785
COCO_val2014_000000450359,0.8742033839225769,0.783563494682312,0.1528131067752838
COCO_val2014_000000323888,0.9037404656410217,0.7067580223083496,0.3096071183681488
COCO_val2014_000000131581,0.9429651498794556,0.8298209309577942,0.15001517534255981
COCO_val2014_000000008594,0.9411485195159912,0.8029661178588867,0.16170240938663483
COCO_val2014_000000142665,0.8332642912864685,0.7253209948539734,0.2599691152572632
COCO_val2014_000000279974,0.9106005430221558,0.7164630889892578,0.3701930046081543
COCO_val2014_000000037688,0.7760676741600037,0.5223397612571716,0.6103509068489075
COCO_val2014_000000082554,0.7857010960578918,0.7918863296508789,0.136803537607193
COCO_val2014_000000350270,0.8339765071868896,0.7252935171127319,0.24828937649726868
COCO_val2014_000000153717,0.8959932923316956,0.7735329866409302,0.1860361397266388
COCO_val2014_000000324500,0.9217678904533386,0.7969245314598083,0.13887065649032593
COCO_val2014_000000383594,0.8840298652648926,0.8294916749000549,0.10394464433193207
COCO_val2014_000000023807,0.922822117805481,0.8265460729598999,0.1008840799331665
COCO_val2014_000000240811,0.9337770342826843,0.8188357353210449,0.1143023744225502
COCO_val2014_000000455384,0.8720805048942566,0.7705879211425781,0.20980945229530334
COCO_val2014_000000262938,0.8285040259361267,0.7821024656295776,0.16731028258800507
COCO_val2014_000000227220,0.8309382200241089,0.7589175701141357,0.22012200951576233
COCO_val2014_000000257136,0.8948856592178345,0.7388582229614258,0.2831433415412903
COCO_val2014_000000242946,0.8187099695205688,0.7333991527557373,0.21334652602672577
COCO_val2014_000000207205,0.8433240056037903,0.8135844469070435,0.11053933948278427
COCO_val2014_000000164330,0.8715271949768066,0.7497818470001221,0.28293174505233765
COCO_val2014_000000083850,0.7894346117973328,0.7578385472297668,0.18954341113567352
COCO_val2014_000000183991,0.9230912923812866,0.7908651828765869,0.18520334362983704
COCO_val2014_000000007274,0.8415889143943787,0.741971492767334,0.3009025454521179
COCO_val2014_000000127313,0.9082781672477722,0.7520596981048584,0.24001464247703552
COCO_val2014_000000534669,0.8770684599876404,0.774722695350647,0.17033220827579498
COCO_val2014_000000238355,0.9224141836166382,0.8430825471878052,0.0877339243888855
COCO_val2014_000000340894,0.8590823411941528,0.6868687868118286,0.3268377482891083
COCO_val2014_000000395291,0.9117180109024048,0.7913745045661926,0.15222416818141937
COCO_val2014_000000364596,0.6836642622947693,0.5999647378921509,0.5312187671661377
COCO_val2014_000000420229,0.8817356824874878,0.7272630929946899,0.2278369963169098
COCO_val2014_000000556703,0.8962845802307129,0.830284833908081,0.11498409509658813
COCO_val2014_000000092519,0.8903475999832153,0.813209593296051,0.11621223390102386
COCO_val2014_000000135561,0.9191440939903259,0.8290927410125732,0.10667980462312698
COCO_val2014_000000350214,0.7860021591186523,0.6568855047225952,0.49873483180999756
COCO_val2014_000000522418,0.8375180959701538,0.7530877590179443,0.1969102919101715
COCO_val2014_000000412471,0.7398392558097839,0.673802375793457,0.3124444782733917
COCO_val2014_000000348730,0.8521081805229187,0.7144114971160889,0.27051806449890137
COCO_val2014_000000476664,0.9458774924278259,0.7578932046890259,0.22389119863510132
COCO_val2014_000000292158,0.8368830680847168,0.6865474581718445,0.35138142108917236
COCO_val2014_000000097857,0.8813032507896423,0.7836246490478516,0.1861378401517868
COCO_val2014_000000167724,0.5321981906890869,0.6438395977020264,0.5673315525054932
COCO_val2014_000000273698,0.9085127115249634,0.8026477098464966,0.1464163064956665
COCO_val2014_000000555131,0.918255090713501,0.8031430244445801,0.11939074099063873
COCO_val2014_000000337443,0.8765292167663574,0.7572352886199951,0.2020896077156067
COCO_val2014_000000056070,0.8977664113044739,0.8361018896102905,0.09839800000190735
COCO_val2014_000000546229,0.9200266003608704,0.779413104057312,0.18133339285850525
COCO_val2014_000000263323,0.9142024517059326,0.7880624532699585,0.14812353253364563
COCO_val2014_000000408049,0.9158480763435364,0.7484691143035889,0.19760361313819885
COCO_val2014_000000333998,0.9309937953948975,0.861366868019104,0.062242429703474045
COCO_val2014_000000157052,0.8958917856216431,0.8349756002426147,0.08719771355390549
COCO_val2014_000000255966,0.9143515825271606,0.8152097463607788,0.13615670800209045
COCO_val2014_000000468925,0.9017574191093445,0.8321981430053711,0.0986885130405426
COCO_val2014_000000564934,0.9000008702278137,0.7779874205589294,0.16970083117485046
COCO_val2014_000000437465,0.8620770573616028,0.7446996569633484,0.1858839988708496
COCO_val2014_000000327590,0.9452175498008728,0.8387700319290161,0.08825864642858505
COCO_val2014_000000501652,0.9584899544715881,0.8236916065216064,0.11302255094051361
COCO_val2014_000000530975,0.862855076789856,0.7771625518798828,0.16009649634361267
COCO_val2014_000000315769,0.7132852673530579,0.6951159238815308,0.4158632755279541
COCO_val2014_000000277793,0.8145096302032471,0.5589635968208313,0.5614845752716064
COCO_val2014_000000355106,0.8331077098846436,0.7877055406570435,0.13828900456428528
COCO_val2014_000000277865,0.8676313161849976,0.7816954255104065,0.15561389923095703
COCO_val2014_000000047916,0.9081847667694092,0.7454357147216797,0.2432018518447876
COCO_val2014_000000397433,0.955441415309906,0.8423725366592407,0.11160250008106232
COCO_val2014_000000545734,0.8671690225601196,0.8323589563369751,0.1021517813205719
COCO_val2014_000000504353,0.8416190147399902,0.6399244070053101,0.42955517768859863
COCO_val2014_000000004265,0.8085209727287292,0.7582270503044128,0.21038800477981567
COCO_val2014_000000426259,0.9094416499137878,0.7957864999771118,0.13498151302337646
COCO_val2014_000000238708,0.8494442701339722,0.8145825862884521,0.10527199506759644
COCO_val2014_000000406403,0.839996874332428,0.7149724960327148,0.30262458324432373
COCO_val2014_000000310735,0.9493261575698853,0.7862691283226013,0.1912957727909088
COCO_val2014_000000377595,0.9249552488327026,0.8281779885292053,0.09372580051422119
COCO_val2014_000000137809,0.8739413619041443,0.7137742042541504,0.2728995978832245
COCO_val2014_000000045463,0.8400503993034363,0.7741445302963257,0.15586134791374207
COCO_val2014_000000567118,0.7597183585166931,0.734417200088501,0.20911335945129395
COCO_val2014_000000433182,0.9090687036514282,0.7559747099876404,0.20037159323692322
COCO_val2014_000000384823,0.9048771858215332,0.8045269250869751,0.14855124056339264
COCO_val2014_000000486254,0.8457107543945312,0.7965863943099976,0.14248159527778625
COCO_val2014_000000461963,0.8484713435173035,0.7009870409965515,0.33704254031181335
COCO_val2014_000000307564,0.8374037742614746,0.673911452293396,0.37684109807014465
COCO_val2014_000000488075,0.849152684211731,0.7938926219940186,0.15210281312465668
COCO_val2014_000000066072,0.9412599205970764,0.8170849680900574,0.10934840887784958
COCO_val2014_000000525376,0.8038957715034485,0.7508946061134338,0.1959654837846756
COCO_val2014_000000075563,0.9533401727676392,0.8267954587936401,0.12646731734275818
COCO_val2014_000000558114,0.8068479895591736,0.6574406623840332,0.4319261312484741
COCO_val2014_000000181816,0.8590914011001587,0.5953088998794556,0.477091908454895
COCO_val2014_000000134574,0.9292735457420349,0.8293651342391968,0.10580073297023773
COCO_val2014_000000112830,0.7960618734359741,0.7363318800926208,0.25163406133651733
COCO_val2014_000000147546,0.8598094582557678,0.8049860000610352,0.139635369181633
COCO_val2014_000000292997,0.8615882992744446,0.769739031791687,0.175287127494812
COCO_val2014_000000470924,0.9351503252983093,0.8353095054626465,0.08599165081977844
COCO_val2014_000000463290,0.8720234632492065,0.7758268117904663,0.16489805281162262
COCO_val2014_000000574250,0.8264382481575012,0.7852977514266968,0.14626893401145935
COCO_val2014_000000444817,0.8540984988212585,0.6821289658546448,0.5697453022003174
COCO_val2014_000000532142,0.817032516002655,0.7829232215881348,0.17878535389900208
COCO_val2014_000000072657,0.7927955389022827,0.668149471282959,0.3672390580177307
COCO_val2014_000000109976,0.744637668132782,0.6649444103240967,0.366780161857605
COCO_val2014_000000500940,0.9642370343208313,0.8657112121582031,0.07933129370212555
COCO_val2014_000000330248,0.9564387798309326,0.7953590154647827,0.17878864705562592
COCO_val2014_000000425578,0.8783584833145142,0.7859696745872498,0.18671271204948425
COCO_val2014_000000428403,0.6870179176330566,0.6398293375968933,0.38726142048835754
COCO_val2014_000000362941,0.8581193089485168,0.7296661734580994,0.23317153751850128
COCO_val2014_000000472364,0.7675056457519531,0.6987115144729614,0.3264996409416199
COCO_val2014_000000322895,0.9052000641822815,0.7490794658660889,0.2214730679988861
COCO_val2014_000000475906,0.8192404508590698,0.7692325711250305,0.1918138861656189
COCO_val2014_000000152525,0.8838169574737549,0.6564381122589111,0.36575639247894287
COCO_val2014_000000422778,0.8987738490104675,0.8114221096038818,0.1369270384311676
COCO_val2014_000000191054,0.8933287262916565,0.7778618335723877,0.1875537931919098
COCO_val2014_000000188865,0.9390526413917542,0.730444073677063,0.30219799280166626
COCO_val2014_000000335844,0.8585119843482971,0.7817217111587524,0.18046054244041443
COCO_val2014_000000077415,0.8242151141166687,0.6787097454071045,0.31737565994262695
COCO_val2014_000000100283,0.8817227482795715,0.7956200838088989,0.13793006539344788
COCO_val2014_000000372294,0.8172507882118225,0.6168980002403259,0.7493925094604492
COCO_val2014_000000232900,0.9310897588729858,0.8249265551567078,0.11861806362867355
COCO_val2014_000000186497,0.8115836977958679,0.723858118057251,0.29503723978996277
COCO_val2014_000000266627,0.8208810091018677,0.7537845373153687,0.2042480707168579
COCO_val2014_000000347766,0.9177481532096863,0.748923659324646,0.22943976521492004
COCO_val2014_000000195211,0.8495287895202637,0.8009054660797119,0.14640392363071442
COCO_val2014_000000076844,0.8994026184082031,0.7891283631324768,0.1788071095943451
COCO_val2014_000000091500,0.9141331911087036,0.7474591732025146,0.2580527663230896
COCO_val2014_000000300008,0.930455207824707,0.791971743106842,0.22895139455795288
COCO_val2014_000000532003,0.8636059165000916,0.6936285495758057,0.2674899101257324
COCO_val2014_000000471789,0.918964684009552,0.7732263207435608,0.2095126211643219
COCO_val2014_000000441874,0.8884001970291138,0.7936375737190247,0.14631164073944092
COCO_val2014_000000238125,0.8585394024848938,0.766864538192749,0.2067665159702301
COCO_val2014_000000512416,0.8608701229095459,0.7293812036514282,0.2960773706436157
COCO_val2014_000000274084,0.8984662294387817,0.7809829115867615,0.18162167072296143
COCO_val2014_000000278172,0.9608233571052551,0.8335167169570923,0.0847349613904953
COCO_val2014_000000138382,0.8969681859016418,0.8527387380599976,0.07526012510061264
COCO_val2014_000000462342,0.8252723813056946,0.6931444406509399,0.3394638001918793
COCO_val2014_000000312056,0.8583003282546997,0.663139820098877,0.44318705797195435
COCO_val2014_000000168890,0.8910767436027527,0.8280456066131592,0.10088014602661133
COCO_val2014_000000056960,0.9318802952766418,0.810035228729248,0.11252869665622711
COCO_val2014_000000533378,0.9065650105476379,0.842132568359375,0.08722120523452759
COCO_val2014_000000435389,0.8389962315559387,0.7387405037879944,0.19359740614891052
COCO_val2014_000000469924,0.8836463093757629,0.8184094429016113,0.09036798775196075
COCO_val2014_000000016977,0.7568687200546265,0.7204103469848633,0.2373083233833313
COCO_val2014_000000181888,0.8485877513885498,0.7483962774276733,0.23941513895988464
COCO_val2014_000000509416,0.8885501027107239,0.7889494895935059,0.1567680537700653
COCO_val2014_000000309852,0.963570237159729,0.8219802379608154,0.1329270303249359
COCO_val2014_000000097679,0.926147997379303,0.8351906538009644,0.07450689375400543
COCO_val2014_000000296222,0.9551016688346863,0.8211988210678101,0.1253746747970581
COCO_val2014_000000099645,0.9308524131774902,0.8057939410209656,0.1410904824733734
COCO_val2014_000000540697,0.9410520792007446,0.8428075909614563,0.08219515532255173
COCO_val2014_000000548713,0.8814687132835388,0.7656697034835815,0.1930219531059265
COCO_val2014_000000478759,0.8387627601623535,0.8187963366508484,0.13592886924743652
COCO_val2014_000000546896,0.8720973134040833,0.7630956768989563,0.17676536738872528
COCO_val2014_000000258996,0.9204841256141663,0.817786455154419,0.1093941181898117
COCO_val2014_000000542205,0.8654385209083557,0.711922824382782,0.2643395960330963
COCO_val2014_000000062491,0.6980032324790955,0.6050070524215698,0.5616112351417542
COCO_val2014_000000033008,0.8421160578727722,0.7612475156784058,0.22760659456253052
COCO_val2014_000000230040,0.8841387629508972,0.5657962560653687,0.5469588041305542
COCO_val2014_000000088244,0.8995451331138611,0.8410145044326782,0.11127475649118423
COCO_val2014_000000159667,0.8739054203033447,0.8028764724731445,0.12425407022237778
COCO_val2014_000000433574,0.9160815477371216,0.6967582106590271,0.32944589853286743
COCO_val2014_000000120745,0.9149576425552368,0.7927227020263672,0.1558704376220703
COCO_val2014_000000346638,0.8428190350532532,0.7915363311767578,0.1325046718120575
COCO_val2014_000000328890,0.8661541938781738,0.8255417346954346,0.10025589168071747
COCO_val2014_000000227940,0.916223406791687,0.8116708993911743,0.09619130194187164
COCO_val2014_000000209044,0.857075572013855,0.7371689081192017,0.24665941298007965
COCO_val2014_000000306466,0.8723214268684387,0.7929810285568237,0.1264091432094574
COCO_val2014_000000236338,0.8548509478569031,0.7819478511810303,0.14415502548217773
COCO_val2014_000000530500,0.7976585030555725,0.6251299381256104,0.43016695976257324
COCO_val2014_000000577614,0.9027411341667175,0.7819637060165405,0.1860058307647705
COCO_val2014_000000234347,0.9208202958106995,0.7601736783981323,0.2561410069465637
COCO_val2014_000000368218,0.9424141645431519,0.8323550820350647,0.10753148794174194
COCO_val2014_000000096215,0.9263325333595276,0.8024377822875977,0.13114085793495178
COCO_val2014_000000251752,0.95625901222229,0.8546119928359985,0.08093568682670593
COCO_val2014_000000493295,0.8724232912063599,0.7722117900848389,0.1770717203617096
COCO_val2014_000000089362,0.9122021198272705,0.8013014793395996,0.13302822411060333
COCO_val2014_000000383606,0.8713135123252869,0.7106112241744995,0.28623586893081665
COCO_val2014_000000368595,0.882420003414154,0.7690294981002808,0.20472759008407593
COCO_val2014_000000182417,0.9110457897186279,0.799932062625885,0.13000115752220154
COCO_val2014_000000139428,0.9531034231185913,0.8223963975906372,0.10462207347154617
COCO_val2014_000000495680,0.9026901721954346,0.8112731575965881,0.1178978681564331
COCO_val2014_000000240495,0.86798095703125,0.7554967403411865,0.2623516917228699
COCO_val2014_000000433499,0.908836305141449,0.8253156542778015,0.11387330293655396
COCO_val2014_000000082338,0.9260313510894775,0.8379392623901367,0.0910743847489357
COCO_val2014_000000019176,0.8598480820655823,0.7681589126586914,0.1583809107542038
COCO_val2014_000000578347,0.9484889507293701,0.6629501581192017,0.3503938913345337
COCO_val2014_000000570659,0.8720201253890991,0.8255047798156738,0.11055564135313034
COCO_val2014_000000575970,0.9215737581253052,0.8484918475151062,0.09045067429542542
COCO_val2014_000000366141,0.9065868258476257,0.8120366334915161,0.11373239010572433
COCO_val2014_000000389205,0.8900812268257141,0.7362756729125977,0.22989876568317413
COCO_val2014_000000418471,0.8043411374092102,0.7598022818565369,0.20529690384864807
COCO_val2014_000000473720,0.7832304239273071,0.7283360958099365,0.23349738121032715
COCO_val2014_000000570515,0.9203274250030518,0.7898842096328735,0.16830182075500488
COCO_val2014_000000046101,0.9095630645751953,0.7178575992584229,0.4145975708961487
COCO_val2014_000000126107,0.8360489010810852,0.7073248624801636,0.3401660621166229
COCO_val2014_000000168713,0.9086781740188599,0.7464804649353027,0.22515946626663208
COCO_val2014_000000440284,0.9579487442970276,0.8492597341537476,0.0763501226902008
COCO_val2014_000000272153,0.9609944224357605,0.8356678485870361,0.16326332092285156
COCO_val2014_000000411086,0.833732545375824,0.7397412061691284,0.22558939456939697
COCO_val2014_000000042260,0.9255674481391907,0.7790229916572571,0.19998568296432495
COCO_val2014_000000471483,0.8736842274665833,0.7691173553466797,0.18995068967342377
COCO_val2014_000000353982,0.8480536937713623,0.7393996119499207,0.2447323501110077
COCO_val2014_000000467988,0.8845842480659485,0.7814352512359619,0.1709575057029724
COCO_val2014_000000181139,0.8503007888793945,0.7711795568466187,0.16858834028244019
COCO_val2014_000000483553,0.6710765957832336,0.5799548625946045,0.5246567726135254
COCO_val2014_000000235595,0.9325717687606812,0.8595588803291321,0.05959874391555786
COCO_val2014_000000321195,0.8722402453422546,0.8149945735931396,0.131069615483284
COCO_val2014_000000124995,0.9074794054031372,0.8196913003921509,0.1148749589920044
COCO_val2014_000000509020,0.8519790768623352,0.7203500270843506,0.25484761595726013
COCO_val2014_000000448897,0.9126795530319214,0.8573201894760132,0.06512828171253204
COCO_val2014_000000293625,0.834813117980957,0.6793680191040039,0.3966696858406067
COCO_val2014_000000352703,0.7602483034133911,0.69252610206604,0.41640186309814453
COCO_val2014_000000038769,0.767552375793457,0.6186873912811279,0.4949181377887726
COCO_val2014_000000468027,0.9421948790550232,0.7570369839668274,0.27813607454299927
COCO_val2014_000000086135,0.8477429151535034,0.7679072618484497,0.15588878095149994
COCO_val2014_000000418680,0.9260233640670776,0.7671166062355042,0.2524524927139282
COCO_val2014_000000175437,0.8068100810050964,0.7193881273269653,0.334171324968338
COCO_val2014_000000166948,0.9117221832275391,0.7480881214141846,0.2730783224105835
COCO_val2014_000000494887,0.907247006893158,0.7918068170547485,0.18261872231960297
COCO_val2014_000000365766,0.8774264454841614,0.8198365569114685,0.12993133068084717
COCO_val2014_000000382125,0.9712631702423096,0.8671606779098511,0.0663629099726677
COCO_val2014_000000391415,0.9209993481636047,0.83397376537323,0.0832664966583252
COCO_val2014_000000012375,0.9067718982696533,0.8400619029998779,0.07192818075418472
COCO_val2014_000000152751,0.8271903991699219,0.722550630569458,0.2845463752746582
COCO_val2014_000000284623,0.901210606098175,0.7436206340789795,0.2725754380226135
COCO_val2014_000000158849,0.7958945631980896,0.7373711466789246,0.2714172601699829
COCO_val2014_000000034820,0.7581282258033752,0.7315090894699097,0.269382119178772
COCO_val2014_000000106244,0.8688296675682068,0.766912579536438,0.2991286516189575
COCO_val2014_000000202963,0.720886766910553,0.5790212154388428,0.5736929178237915
COCO_val2014_000000044347,0.9166256189346313,0.818684995174408,0.11771051585674286
COCO_val2014_000000022671,0.9298005700111389,0.7978265881538391,0.12992623448371887
COCO_val2014_000000161720,0.8572174310684204,0.7925107479095459,0.14354851841926575
COCO_val2014_000000487498,0.8040665984153748,0.6925865411758423,0.32618188858032227
COCO_val2014_000000035825,0.9358865022659302,0.6957854628562927,0.33566102385520935
COCO_val2014_000000248314,0.9046817421913147,0.8287656903266907,0.12000083923339844
COCO_val2014_000000179141,0.8311788439750671,0.7522990107536316,0.19546809792518616
COCO_val2014_000000155131,0.9000231623649597,0.7965331673622131,0.225228950381279
COCO_val2014_000000181030,0.9264007210731506,0.8307155966758728,0.09078650921583176
COCO_val2014_000000110081,0.870398759841919,0.7788952589035034,0.20270198583602905
COCO_val2014_000000283097,0.9752073884010315,0.8661617040634155,0.08325716853141785
COCO_val2014_000000316704,0.7601284980773926,0.5871418118476868,0.7637553215026855
COCO_val2014_000000035269,0.9256523251533508,0.8311350345611572,0.12793001532554626
COCO_val2014_000000347544,0.8904291391372681,0.7556297779083252,0.2082844078540802
COCO_val2014_000000305050,0.7993320822715759,0.6190161108970642,0.4778022766113281
COCO_val2014_000000434513,0.9448403120040894,0.8370344638824463,0.10063108801841736
COCO_val2014_000000364284,0.9343981146812439,0.818126916885376,0.13463999330997467
COCO_val2014_000000146127,0.8282458782196045,0.733954668045044,0.25294575095176697
COCO_val2014_000000244181,0.8341915607452393,0.7822561860084534,0.1856958270072937
COCO_val2014_000000440529,0.759027361869812,0.6476479172706604,0.4990556240081787
COCO_val2014_000000557517,0.9396464228630066,0.8073174953460693,0.19521692395210266
COCO_val2014_000000489358,0.8600077629089355,0.7627269625663757,0.19024837017059326
COCO_val2014_000000019631,0.8952941298484802,0.7848634719848633,0.15940417349338531
COCO_val2014_000000290196,0.9029169082641602,0.7057957649230957,0.36570826172828674
COCO_val2014_000000221303,0.8947401642799377,0.7954614162445068,0.19024792313575745
COCO_val2014_000000529762,0.8668074607849121,0.754786491394043,0.1935776174068451
COCO_val2014_000000105538,0.9339343905448914,0.8412434458732605,0.0803912878036499
COCO_val2014_000000018442,0.8752462267875671,0.790016770362854,0.20618736743927002
COCO_val2014_000000500680,0.8878341913223267,0.7821928262710571,0.12905889749526978
COCO_val2014_000000412437,0.8237090110778809,0.7556918263435364,0.21909216046333313
COCO_val2014_000000478906,0.9517102837562561,0.8205397129058838,0.14193078875541687
COCO_val2014_000000447337,0.9398139715194702,0.8298616409301758,0.08312258124351501
COCO_val2014_000000423984,0.8830775618553162,0.8146952986717224,0.0912797600030899
COCO_val2014_000000514860,0.9070332050323486,0.7421150207519531,0.24313463270664215
COCO_val2014_000000475510,0.899095892906189,0.7617075443267822,0.1810685396194458
COCO_val2014_000000463611,0.9526485204696655,0.8052526712417603,0.15163792669773102
COCO_val2014_000000559364,0.7686545848846436,0.6388444304466248,0.37528759241104126
COCO_val2014_000000257060,0.9073624610900879,0.8226586580276489,0.11098481714725494
COCO_val2014_000000405444,0.9493057727813721,0.8148185014724731,0.1378040909767151
COCO_val2014_000000386165,0.9546924829483032,0.8414226770401001,0.07375730574131012
COCO_val2014_000000522713,0.951358437538147,0.8450342416763306,0.08773523569107056
COCO_val2014_000000269099,0.8783997297286987,0.7843948602676392,0.18017156422138214
COCO_val2014_000000427055,0.9530912637710571,0.718672513961792,0.27882933616638184
COCO_val2014_000000328536,0.8834974765777588,0.842160701751709,0.08037304133176804
COCO_val2014_000000103870,0.8036307692527771,0.692352831363678,0.28269875049591064
COCO_val2014_000000394474,0.8682737946510315,0.7632536292076111,0.21865132451057434
COCO_val2014_000000211425,0.8327608704566956,0.7046198844909668,0.3409753441810608
COCO_val2014_000000316526,0.6974993944168091,0.6254196166992188,0.44508808851242065
COCO_val2014_000000246248,0.9448787569999695,0.8412187695503235,0.0903802365064621
COCO_val2014_000000277094,0.7950630187988281,0.6597580909729004,0.3554162085056305
COCO_val2014_000000184621,0.9359878301620483,0.8075728416442871,0.18207699060440063
COCO_val2014_000000124601,0.9184781312942505,0.8273205757141113,0.13463518023490906
COCO_val2014_000000294297,0.9178938269615173,0.7351778745651245,0.3247224688529968
COCO_val2014_000000115752,0.8476287722587585,0.8124119639396667,0.10925084352493286
COCO_val2014_000000369979,0.8541939854621887,0.7790440320968628,0.16511288285255432
COCO_val2014_000000260478,0.9353340864181519,0.803333580493927,0.1674228310585022
COCO_val2014_000000068525,0.9678345322608948,0.8519784212112427,0.07702648639678955
COCO_val2014_000000284160,0.8603437542915344,0.7875220775604248,0.1489584743976593
COCO_val2014_000000043961,0.9517149329185486,0.857603907585144,0.058797046542167664
COCO_val2014_000000050006,0.9137517809867859,0.8365592956542969,0.10217764973640442
COCO_val2014_000000083761,0.9295724034309387,0.816215991973877,0.15003564953804016
COCO_val2014_000000343642,0.9258912801742554,0.8103761672973633,0.1805446743965149
COCO_val2014_000000471273,0.8187324404716492,0.6847255229949951,0.3926110863685608
COCO_val2014_000000005965,0.9369120001792908,0.8267379999160767,0.10599686950445175
COCO_val2014_000000134133,0.8460469245910645,0.7450783252716064,0.22705046832561493
COCO_val2014_000000472795,0.8405311107635498,0.7487288117408752,0.23659180104732513
COCO_val2014_000000340665,0.9286767840385437,0.7573622465133667,0.24148398637771606
COCO_val2014_000000520832,0.9371640682220459,0.8303323984146118,0.09945734590291977
COCO_val2014_000000190463,0.8730677962303162,0.7393488883972168,0.2296157032251358
COCO_val2014_000000433515,0.9108043313026428,0.8292648792266846,0.0907394289970398
COCO_val2014_000000265200,0.8081737160682678,0.7561720609664917,0.20143190026283264
COCO_val2014_000000467314,0.9212339520454407,0.8169900178909302,0.11836011707782745
COCO_val2014_000000459342,0.7990118265151978,0.6677330732345581,0.31761470437049866
COCO_val2014_000000026611,0.8645967245101929,0.7558964490890503,0.20803393423557281
COCO_val2014_000000305978,0.6942005157470703,0.6742397546768188,0.3832494020462036
COCO_val2014_000000210372,0.9017706513404846,0.8349010944366455,0.09559904783964157
COCO_val2014_000000234963,0.9241575598716736,0.8077877759933472,0.14359912276268005
COCO_val2014_000000557926,0.8313045501708984,0.703532338142395,0.3115116357803345
COCO_val2014_000000285568,0.8859677910804749,0.7960473299026489,0.14123937487602234
COCO_val2014_000000387098,0.8044970035552979,0.7355228066444397,0.22516793012619019
COCO_val2014_000000032300,0.8373076319694519,0.7485361099243164,0.2038048505783081
COCO_val2014_000000532983,0.9172505140304565,0.8251469135284424,0.11545277386903763
COCO_val2014_000000288824,0.9051971435546875,0.8078435659408569,0.11639312654733658
COCO_val2014_000000191225,0.9303061962127686,0.7832452058792114,0.169813334941864
COCO_val2014_000000565479,0.8599563241004944,0.7681141495704651,0.17403477430343628
COCO_val2014_000000020485,0.8840781450271606,0.8069143891334534,0.13020332157611847
COCO_val2014_000000034471,0.9057050347328186,0.7785195112228394,0.17460227012634277
COCO_val2014_000000014494,0.8745027780532837,0.7478121519088745,0.20250007510185242
COCO_val2014_000000534659,0.84856116771698,0.8340972661972046,0.08917919546365738
COCO_val2014_000000025595,0.8170647025108337,0.7210085988044739,0.22970956563949585
COCO_val2014_000000260695,0.8308613300323486,0.7374356985092163,0.26983028650283813
COCO_val2014_000000227478,0.8829441070556641,0.7390775680541992,0.24573904275894165
COCO_val2014_000000296056,0.9183437824249268,0.7001237273216248,0.3173564672470093
COCO_val2014_000000078176,0.7960768938064575,0.7193906307220459,0.32383671402931213
COCO_val2014_000000506723,0.837060272693634,0.7602584958076477,0.1893937587738037
COCO_val2014_000000077811,0.8760159611701965,0.728942334651947,0.28357288241386414
COCO_val2014_000000213453,0.8507726788520813,0.8171789646148682,0.10491496324539185
COCO_val2014_000000228309,0.9371628165245056,0.7941791415214539,0.14219477772712708
COCO_val2014_000000547041,0.9127939939498901,0.8434662818908691,0.07617498189210892
COCO_val2014_000000119192,0.9174590706825256,0.7683618068695068,0.2556428909301758
COCO_val2014_000000364919,0.8346089720726013,0.7301272749900818,0.3316100537776947
COCO_val2014_000000232432,0.9114370942115784,0.7614831328392029,0.21812796592712402
COCO_val2014_000000112904,0.8139742016792297,0.7531107664108276,0.18876531720161438
COCO_val2014_000000292301,0.9583559036254883,0.838310182094574,0.0878533199429512
COCO_val2014_000000398423,0.882826566696167,0.5852925777435303,0.5037761330604553
COCO_val2014_000000154193,0.8286311626434326,0.7238129377365112,0.26456379890441895
COCO_val2014_000000090804,0.821744441986084,0.7697811126708984,0.19989316165447235
COCO_val2014_000000069827,0.9241767525672913,0.6550418138504028,0.43930381536483765
COCO_val2014_000000458410,0.8222161531448364,0.7684433460235596,0.1699979603290558
COCO_val2014_000000395701,0.8557432889938354,0.7815536856651306,0.1338631510734558
COCO_val2014_000000279524,0.8852377533912659,0.7748718857765198,0.17769446969032288
COCO_val2014_000000352194,0.8254736661911011,0.7287758588790894,0.24702170491218567
COCO_val2014_000000067833,0.8531950116157532,0.7982085943222046,0.1291424036026001
COCO_val2014_000000526186,0.8890148997306824,0.7416084408760071,0.26110589504241943
COCO_val2014_000000019523,0.8231187462806702,0.7428039908409119,0.18610897660255432
COCO_val2014_000000191846,0.8904806971549988,0.7683022618293762,0.3109709918498993
COCO_val2014_000000145512,0.8625854849815369,0.7122064232826233,0.2947949767112732
COCO_val2014_000000172995,0.8982453346252441,0.7956533432006836,0.15418457984924316
COCO_val2014_000000258516,0.9213824272155762,0.7119958996772766,0.2756780982017517
COCO_val2014_000000149500,0.8301656246185303,0.6374094486236572,0.4361405372619629
COCO_val2014_000000469192,0.9185567498207092,0.8286178112030029,0.10336554050445557
COCO_val2014_000000507473,0.9288089871406555,0.7647806406021118,0.2285994291305542
COCO_val2014_000000527064,0.8795437812805176,0.8143520355224609,0.1126587763428688
COCO_val2014_000000557923,0.9020094275474548,0.7795107364654541,0.1825125515460968
COCO_val2014_000000239387,0.6533709168434143,0.708347499370575,0.3331605792045593
COCO_val2014_000000168686,0.8882579803466797,0.8351709246635437,0.10267074406147003
COCO_val2014_000000552636,0.9160995483398438,0.8422735929489136,0.08099783957004547
COCO_val2014_000000559837,0.5882168412208557,0.5500038862228394,0.6555318832397461
COCO_val2014_000000168583,0.8834474682807922,0.7793309092521667,0.19927914440631866
COCO_val2014_000000322141,0.8919799327850342,0.763907790184021,0.18241927027702332
COCO_val2014_000000216103,0.9227766394615173,0.6975818872451782,0.38199901580810547
COCO_val2014_000000569001,0.929770827293396,0.8375847339630127,0.08524690568447113
COCO_val2014_000000132272,0.91211998462677,0.78204345703125,0.17208696901798248
COCO_val2014_000000485485,0.915153443813324,0.7771866917610168,0.17911630868911743
COCO_val2014_000000550691,0.8843043446540833,0.7929774522781372,0.13579225540161133
COCO_val2014_000000510681,0.8314090967178345,0.7686823606491089,0.20940548181533813
COCO_val2014_000000400238,0.9200451970100403,0.8109020590782166,0.14068053662776947
COCO_val2014_000000340922,0.9327174425125122,0.6478868126869202,0.353266179561615
COCO_val2014_000000525087,0.745629072189331,0.6931983232498169,0.27698957920074463
COCO_val2014_000000278134,0.855380654335022,0.7607661485671997,0.1811240315437317
COCO_val2014_000000455937,0.829637348651886,0.6920585036277771,0.31606248021125793
COCO_val2014_000000097958,0.8586055636405945,0.6530705690383911,0.5332691669464111
COCO_val2014_000000469982,0.9094045162200928,0.7344726920127869,0.2218971848487854
COCO_val2014_000000141158,0.9631710052490234,0.8090370893478394,0.16387972235679626
COCO_val2014_000000156071,0.8961804509162903,0.7559105753898621,0.20383860170841217
COCO_val2014_000000097146,0.8990277647972107,0.7712798714637756,0.17543141543865204
COCO_val2014_000000222842,0.8939325213432312,0.7833335399627686,0.1474626362323761
COCO_val2014_000000533532,0.9016810655593872,0.7895389199256897,0.1507662981748581
COCO_val2014_000000087383,0.8737038969993591,0.8049602508544922,0.1259259134531021
COCO_val2014_000000523677,0.8047375082969666,0.7827761769294739,0.15764814615249634
COCO_val2014_000000453400,0.9527165293693542,0.7747637629508972,0.2105373740196228
COCO_val2014_000000176031,0.9285988807678223,0.8160887956619263,0.11882291734218597
COCO_val2014_000000125228,0.9539980888366699,0.8526209592819214,0.07088661938905716
COCO_val2014_000000487438,0.7488645911216736,0.7193140983581543,0.26722899079322815
COCO_val2014_000000088252,0.8097694516181946,0.6522389650344849,0.4472057819366455
COCO_val2014_000000570548,0.825842559337616,0.6195201277732849,0.42355138063430786
COCO_val2014_000000527445,0.864765465259552,0.7811532020568848,0.15257209539413452
COCO_val2014_000000395801,0.8470131754875183,0.7671816349029541,0.17359963059425354
COCO_val2014_000000335670,0.806660532951355,0.7587752938270569,0.21129360795021057
COCO_val2014_000000291404,0.7642741203308105,0.7254579067230225,0.29803499579429626
COCO_val2014_000000288944,0.9465786218643188,0.781526505947113,0.16551905870437622
COCO_val2014_000000093893,0.9090570211410522,0.8021284341812134,0.1320142149925232
COCO_val2014_000000419653,0.7654686570167542,0.7997190356254578,0.14430421590805054
COCO_val2014_000000480643,0.9024522304534912,0.7955460548400879,0.14566418528556824
COCO_val2014_000000497488,0.8184434771537781,0.7201604843139648,0.24890024960041046
COCO_val2014_000000510150,0.8209534883499146,0.6935805082321167,0.2704799771308899
COCO_val2014_000000247259,0.9649409651756287,0.869591474533081,0.058308012783527374
COCO_val2014_000000446354,0.8940764665603638,0.837786078453064,0.12987768650054932
COCO_val2014_000000191265,0.7882152795791626,0.7400354146957397,0.21950334310531616
COCO_val2014_000000273442,0.8657933473587036,0.8062742948532104,0.1453540176153183
COCO_val2014_000000266951,0.8807978630065918,0.8124170303344727,0.12366773188114166
COCO_val2014_000000067207,0.9322275519371033,0.8144693374633789,0.11955182254314423
COCO_val2014_000000140006,0.9499574303627014,0.8514662981033325,0.07656554877758026
COCO_val2014_000000350023,0.8908178806304932,0.7884365320205688,0.15665331482887268
COCO_val2014_000000520531,0.9233777523040771,0.728508710861206,0.27969008684158325
COCO_val2014_000000347172,0.8372200727462769,0.71877121925354,0.2772706151008606
COCO_val2014_000000251798,0.8388755917549133,0.6897457838058472,0.2894354462623596
COCO_val2014_000000085556,0.8910313248634338,0.7442984580993652,0.20850098133087158
COCO_val2014_000000175908,0.7855959534645081,0.6844347715377808,0.34677019715309143
COCO_val2014_000000375184,0.8470809459686279,0.7348910570144653,0.29155904054641724
COCO_val2014_000000068771,0.9076874256134033,0.7928323149681091,0.144709050655365
COCO_val2014_000000443772,0.8462070822715759,0.7777119874954224,0.189237579703331
COCO_val2014_000000192660,0.7484802007675171,0.7464725375175476,0.2034263014793396
COCO_val2014_000000360706,0.9080970287322998,0.8331046104431152,0.0772438496351242
COCO_val2014_000000244060,0.9459784626960754,0.8530758619308472,0.08793764561414719
COCO_val2014_000000569900,0.8508173823356628,0.7809658050537109,0.15874144434928894
COCO_val2014_000000160836,0.8782358169555664,0.8483924865722656,0.08244216442108154
COCO_val2014_000000020038,0.7637979984283447,0.7606789469718933,0.20315110683441162
COCO_val2014_000000561004,0.9031179547309875,0.7875001430511475,0.199114128947258
COCO_val2014_000000578210,0.9403297901153564,0.8339664936065674,0.1089249700307846
COCO_val2014_000000197997,0.9413456916809082,0.8423522710800171,0.07769255340099335
COCO_val2014_000000287033,0.9322827458381653,0.7518281936645508,0.22909781336784363
COCO_val2014_000000411817,0.675388753414154,0.7212742567062378,0.23305493593215942
COCO_val2014_000000428067,0.9689540863037109,0.8483458757400513,0.09026263654232025
COCO_val2014_000000128849,0.8772323727607727,0.7752729654312134,0.16103705763816833
COCO_val2014_000000139872,0.963102400302887,0.8409934043884277,0.09733092784881592
COCO_val2014_000000191515,0.8685768842697144,0.8075522184371948,0.13082462549209595
COCO_val2014_000000100977,0.8000605702400208,0.6859502792358398,0.2746053636074066
COCO_val2014_000000475723,0.8684054017066956,0.7864296436309814,0.16478481888771057
COCO_val2014_000000409100,0.9546173214912415,0.6995438933372498,0.33265846967697144
COCO_val2014_000000279097,0.8907313346862793,0.7942299842834473,0.13655203580856323
COCO_val2014_000000493774,0.663125216960907,0.6825283765792847,0.34062594175338745
COCO_val2014_000000149783,0.8843520283699036,0.8032639026641846,0.12592461705207825
COCO_val2014_000000148549,0.7370628714561462,0.6637687087059021,0.3768808841705322
COCO_val2014_000000307511,0.9099221229553223,0.8430646657943726,0.07422097027301788
COCO_val2014_000000478312,0.8703823089599609,0.781632661819458,0.15785172581672668
COCO_val2014_000000429623,0.9264478087425232,0.8425570130348206,0.08353281766176224
COCO_val2014_000000531532,0.9375786781311035,0.800094485282898,0.17090599238872528
COCO_val2014_000000024610,0.9051995277404785,0.8231873512268066,0.09143425524234772
COCO_val2014_000000569722,0.9101067781448364,0.8343157172203064,0.09736525267362595
COCO_val2014_000000369345,0.8308812379837036,0.7566680908203125,0.21170683205127716
COCO_val2014_000000106810,0.8798043131828308,0.7142525911331177,0.35412004590034485
COCO_val2014_000000519815,0.8671932220458984,0.8134505152702332,0.12044369429349899
COCO_val2014_000000561745,0.9476302266120911,0.8280541896820068,0.09041029214859009
COCO_val2014_000000350231,0.878976583480835,0.7087979316711426,0.25600767135620117
COCO_val2014_000000112591,0.8879625797271729,0.7283389568328857,0.2526732385158539
COCO_val2014_000000309655,0.9455770254135132,0.8026493787765503,0.16241832077503204
COCO_val2014_000000581451,0.8714776635169983,0.7497478723526001,0.22682616114616394
COCO_val2014_000000014353,0.9624321460723877,0.7220559120178223,0.2526499032974243
COCO_val2014_000000045746,0.8599275350570679,0.8281856775283813,0.11190928518772125
COCO_val2014_000000337354,0.8233789801597595,0.7399888634681702,0.31483322381973267
COCO_val2014_000000096048,0.902623176574707,0.7359065413475037,0.23307834565639496
COCO_val2014_000000457204,0.9172841310501099,0.7576401233673096,0.27229928970336914
COCO_val2014_000000431190,0.9204457402229309,0.7837408781051636,0.15025413036346436
COCO_val2014_000000194331,0.9059373736381531,0.8246291875839233,0.11490537226200104
COCO_val2014_000000013729,0.87430739402771,0.7503054738044739,0.2615293860435486
COCO_val2014_000000052238,0.9348412752151489,0.8178346753120422,0.10944990813732147
COCO_val2014_000000558587,0.9284893870353699,0.7841016054153442,0.14946912229061127
COCO_val2014_000000129100,0.9083654880523682,0.7888615131378174,0.18197661638259888
COCO_val2014_000000071563,0.7574662566184998,0.6687549352645874,0.3524678349494934
COCO_val2014_000000466222,0.7211834192276001,0.7292087078094482,0.28336501121520996
COCO_val2014_000000213091,0.8632093667984009,0.7867825031280518,0.145851731300354
COCO_val2014_000000565582,0.8472161889076233,0.7327374219894409,0.22084766626358032
COCO_val2014_000000489733,0.848051130771637,0.7089362740516663,0.3048176169395447
COCO_val2014_000000177149,0.8468033671379089,0.7890872359275818,0.14729544520378113
COCO_val2014_000000248129,0.9006311297416687,0.8223537802696228,0.09275434166193008
COCO_val2014_000000460107,0.8232325315475464,0.7203283905982971,0.3175041675567627
COCO_val2014_000000439593,0.9010818004608154,0.8423563838005066,0.07754991948604584
COCO_val2014_000000491098,0.9039040803909302,0.8248270750045776,0.11897283792495728
COCO_val2014_000000285534,0.7469412088394165,0.5355229377746582,0.7266698479652405
COCO_val2014_000000008711,0.7661312222480774,0.7198207378387451,0.2176230102777481
COCO_val2014_000000000715,0.885613203048706,0.8516185879707336,0.0711049884557724
COCO_val2014_000000581899,0.8006763458251953,0.6949137449264526,0.2858484387397766
COCO_val2014_000000059000,0.898171067237854,0.8168813586235046,0.12222599983215332
COCO_val2014_000000545867,0.9152154326438904,0.806485652923584,0.1751072108745575
COCO_val2014_000000440514,0.8585883378982544,0.8128836750984192,0.1286911964416504
COCO_val2014_000000251639,0.8044285774230957,0.7906351089477539,0.1528429388999939
COCO_val2014_000000083036,0.6577027440071106,0.6215792894363403,0.41993188858032227
COCO_val2014_000000054598,0.9236786961555481,0.7956781387329102,0.1715276837348938
COCO_val2014_000000162952,0.9140258431434631,0.7785736322402954,0.2339261770248413
COCO_val2014_000000061647,0.921198308467865,0.7967479825019836,0.1375221610069275
COCO_val2014_000000252388,0.9497025609016418,0.8182559013366699,0.1562151163816452
COCO_val2014_000000487925,0.94456547498703,0.8337203860282898,0.10002078115940094
COCO_val2014_000000175597,0.8944023251533508,0.7642720937728882,0.20454704761505127
COCO_val2014_000000176180,0.7914955615997314,0.6915721893310547,0.30373650789260864
COCO_val2014_000000359239,0.9077560901641846,0.8460877537727356,0.07531788945198059
COCO_val2014_000000462241,0.8857426047325134,0.7653635144233704,0.1638393998146057
COCO_val2014_000000419503,0.8670674562454224,0.6956796646118164,0.34332168102264404
COCO_val2014_000000528866,0.7357704043388367,0.7759549617767334,0.15742138028144836
COCO_val2014_000000063525,0.926780104637146,0.8193742036819458,0.1082184687256813
COCO_val2014_000000462840,0.8024030327796936,0.6911365985870361,0.28239795565605164
COCO_val2014_000000378655,0.8911575675010681,0.8337453007698059,0.0940517857670784
COCO_val2014_000000360216,0.9161655306816101,0.7988730669021606,0.14861908555030823
COCO_val2014_000000298261,0.9438676834106445,0.8222684264183044,0.10290847718715668
COCO_val2014_000000218996,0.8980976343154907,0.8169189691543579,0.09681373834609985
COCO_val2014_000000032907,0.9007293581962585,0.7648656368255615,0.17767861485481262
COCO_val2014_000000026363,0.9408761858940125,0.8480610251426697,0.09754781424999237
COCO_val2014_000000467096,0.9253835678100586,0.7768245935440063,0.17064666748046875
COCO_val2014_000000028540,0.9046040177345276,0.7875744104385376,0.13381534814834595
COCO_val2014_000000326510,0.9063544869422913,0.8098958134651184,0.11597740650177002
COCO_val2014_000000578489,0.9396136999130249,0.8181841373443604,0.11207826435565948
COCO_val2014_000000371652,0.8791792392730713,0.7837315797805786,0.17827129364013672
COCO_val2014_000000034196,0.8909699320793152,0.768977165222168,0.18116495013237
COCO_val2014_000000099875,0.9261997938156128,0.8106771111488342,0.12854963541030884
COCO_val2014_000000000692,0.9338136315345764,0.796562910079956,0.14573848247528076
COCO_val2014_000000529944,0.7394394874572754,0.555942714214325,0.5760399103164673
COCO_val2014_000000394009,0.8728803992271423,0.7980701923370361,0.13535867631435394
COCO_val2014_000000458119,0.8568543791770935,0.7119024395942688,0.38445234298706055
COCO_val2014_000000143320,0.9521029591560364,0.8363919854164124,0.09051308780908585
COCO_val2014_000000214471,0.8839268684387207,0.8126327991485596,0.12054534256458282
COCO_val2014_000000398119,0.8986659646034241,0.8448164463043213,0.08767539262771606
COCO_val2014_000000480624,0.8377393484115601,0.772083044052124,0.20764806866645813
COCO_val2014_000000388100,0.8785246014595032,0.7708480954170227,0.23989173769950867
COCO_val2014_000000384468,0.8293271660804749,0.7084861993789673,0.28644734621047974
COCO_val2014_000000451859,0.91245436668396,0.8087475299835205,0.12576831877231598
COCO_val2014_000000566941,0.9573209881782532,0.8383654356002808,0.09996343404054642
COCO_val2014_000000061315,0.8052603602409363,0.7299041748046875,0.22016705572605133
COCO_val2014_000000316342,0.9087244272232056,0.8137484788894653,0.12915900349617004
COCO_val2014_000000024223,0.9015294909477234,0.8285391330718994,0.10642994940280914
COCO_val2014_000000206417,0.8944507241249084,0.7762587070465088,0.1453353762626648
COCO_val2014_000000525667,0.9056490659713745,0.7907806038856506,0.14711551368236542
COCO_val2014_000000496618,0.8504934906959534,0.794630765914917,0.13635030388832092
COCO_val2014_000000357819,0.8264157176017761,0.7268321514129639,0.24545708298683167
COCO_val2014_000000095297,0.8800551295280457,0.7740150690078735,0.17771302163600922
COCO_val2014_000000054039,0.8796996474266052,0.7932602167129517,0.14584724605083466
COCO_val2014_000000460378,0.8715136051177979,0.7930864095687866,0.1507401466369629
COCO_val2014_000000564629,0.7284879684448242,0.8063851594924927,0.13244590163230896
COCO_val2014_000000281028,0.8717920184135437,0.7942582964897156,0.14625787734985352
COCO_val2014_000000451123,0.6814295053482056,0.579071044921875,0.6209940910339355
COCO_val2014_000000068833,0.8498532772064209,0.7899026870727539,0.16831432282924652
COCO_val2014_000000375205,0.9110499620437622,0.8015134334564209,0.13260865211486816
COCO_val2014_000000444444,0.9242779016494751,0.8243262767791748,0.12356815487146378
COCO_val2014_000000093353,0.8305531740188599,0.6643794178962708,0.36391738057136536
COCO_val2014_000000485424,0.739924430847168,0.7226182818412781,0.23144188523292542
COCO_val2014_000000257215,0.7225604057312012,0.6541861295700073,0.389598548412323
COCO_val2014_000000027493,0.8445391058921814,0.7990447282791138,0.202999547123909
COCO_val2014_000000051628,0.8587309718132019,0.7179100513458252,0.23830775916576385
COCO_val2014_000000264976,0.910616934299469,0.6865314245223999,0.301453560590744
COCO_val2014_000000035711,0.9479264616966248,0.8082420825958252,0.13433927297592163
COCO_val2014_000000169250,0.912113606929779,0.7893598675727844,0.14049676060676575
COCO_val2014_000000246069,0.8572807312011719,0.780297040939331,0.15530264377593994
COCO_val2014_000000377867,0.8407588601112366,0.7164087891578674,0.26391369104385376
COCO_val2014_000000388707,0.9231823682785034,0.8328300714492798,0.10000968724489212
COCO_val2014_000000037403,0.923937976360321,0.7674016952514648,0.1696311980485916
COCO_val2014_000000113461,0.9508388042449951,0.8292744159698486,0.11939571797847748
COCO_val2014_000000100000,0.8755146861076355,0.7527059316635132,0.199072003364563
COCO_val2014_000000482719,0.8920081853866577,0.8214740753173828,0.13090673089027405
COCO_val2014_000000218494,0.9129622578620911,0.8228919506072998,0.10471069067716599
COCO_val2014_000000524282,0.945320188999176,0.8303526639938354,0.09035869687795639
COCO_val2014_000000420658,0.7902010083198547,0.6798394918441772,0.3188488483428955
COCO_val2014_000000174425,0.9018473029136658,0.7662147283554077,0.2135048806667328
COCO_val2014_000000497365,0.8928421139717102,0.7740330100059509,0.18823355436325073
COCO_val2014_000000070048,0.9188972115516663,0.8268529176712036,0.10316608846187592
COCO_val2014_000000222512,0.9211604595184326,0.7415608167648315,0.37202030420303345
COCO_val2014_000000061899,0.8440475463867188,0.7344814538955688,0.2897431254386902
COCO_val2014_000000551811,0.8254274725914001,0.6738691926002502,0.3404929041862488
COCO_val2014_000000100850,0.8694244027137756,0.7791123390197754,0.2044655978679657
COCO_val2014_000000457580,0.8554784059524536,0.7516319751739502,0.20229658484458923
COCO_val2014_000000548670,0.9576740264892578,0.830402135848999,0.10757825523614883
COCO_val2014_000000555356,0.8300462365150452,0.7516868710517883,0.20773300528526306
COCO_val2014_000000550514,0.9173141121864319,0.8011035323143005,0.15296290814876556
COCO_val2014_000000455267,0.9091170430183411,0.8206067681312561,0.1276184767484665
COCO_val2014_000000281601,0.7896586060523987,0.651819109916687,0.40144214034080505
COCO_val2014_000000312412,0.8462570905685425,0.7682522535324097,0.17984150350093842
COCO_val2014_000000142742,0.9078451991081238,0.7674392461776733,0.19490155577659607
COCO_val2014_000000215808,0.8859634399414062,0.810145378112793,0.1391938179731369
COCO_val2014_000000054533,0.8736002445220947,0.7928580045700073,0.14269396662712097
COCO_val2014_000000513054,0.8827356696128845,0.7258589863777161,0.3095570504665375
COCO_val2014_000000472256,0.9330610036849976,0.8300479650497437,0.12323781847953796
COCO_val2014_000000168662,0.9133762121200562,0.7755835056304932,0.19279888272285461
COCO_val2014_000000543347,0.9549280405044556,0.8241119384765625,0.15387645363807678
COCO_val2014_000000003192,0.9504634737968445,0.8781135082244873,0.04984256625175476
COCO_val2014_000000268412,0.9520328640937805,0.8386494517326355,0.10318867862224579
COCO_val2014_000000491478,0.8638796210289001,0.8109376430511475,0.12669827044010162
COCO_val2014_000000140487,0.8923498392105103,0.7425775527954102,0.28809401392936707
COCO_val2014_000000377097,0.9131008386611938,0.6963469982147217,0.36050331592559814
COCO_val2014_000000124004,0.8891206979751587,0.839053750038147,0.08418238162994385
COCO_val2014_000000206784,0.8578237295150757,0.7977108359336853,0.15203367173671722
COCO_val2014_000000107596,0.8883800506591797,0.7610338926315308,0.1906229555606842
COCO_val2014_000000529838,0.9071092009544373,0.7616798877716064,0.22095182538032532
COCO_val2014_000000120776,0.8971125483512878,0.8185127377510071,0.10094629228115082
COCO_val2014_000000001668,0.8655571341514587,0.6494311094284058,0.46708834171295166
COCO_val2014_000000312423,0.8994500041007996,0.7750452160835266,0.1815074384212494
COCO_val2014_000000151480,0.9484646916389465,0.8049909472465515,0.1877187192440033
COCO_val2014_000000526188,0.8658773899078369,0.7067261934280396,0.2865466773509979
COCO_val2014_000000066239,0.9119370579719543,0.7916079759597778,0.17756956815719604
COCO_val2014_000000543961,0.7830427289009094,0.7431144118309021,0.22830092906951904
COCO_val2014_000000043670,0.946856677532196,0.813660740852356,0.10516874492168427
COCO_val2014_000000408235,0.9257721304893494,0.8153975009918213,0.11283852905035019
COCO_val2014_000000576222,0.9298816919326782,0.8112492561340332,0.1811840683221817
COCO_val2014_000000373381,0.9583760499954224,0.8462332487106323,0.12259375303983688
COCO_val2014_000000357229,0.7547722458839417,0.7789894938468933,0.16903021931648254
COCO_val2014_000000555648,0.9053940176963806,0.8054676651954651,0.12900421023368835
COCO_val2014_000000187734,0.8605061769485474,0.7443649768829346,0.21164101362228394
COCO_val2014_000000081661,0.8771563172340393,0.7561365365982056,0.235455721616745
COCO_val2014_000000089589,0.8419914245605469,0.6853739023208618,0.3466479182243347
COCO_val2014_000000266487,0.7914924621582031,0.7619953155517578,0.1805116832256317
COCO_val2014_000000486846,0.8616360425949097,0.7635811567306519,0.1868535429239273
COCO_val2014_000000157155,0.7366726994514465,0.7033528089523315,0.32777339220046997
COCO_val2014_000000448269,0.8652729988098145,0.7443438172340393,0.3144489526748657
COCO_val2014_000000333150,0.8816770911216736,0.7884668111801147,0.15166953206062317
COCO_val2014_000000119120,0.9670804738998413,0.8358889818191528,0.23653042316436768
COCO_val2014_000000211186,0.8596962690353394,0.745697021484375,0.19858095049858093
COCO_val2014_000000350122,0.8620229363441467,0.7921346426010132,0.15568991005420685
COCO_val2014_000000154830,0.9096411466598511,0.7955005764961243,0.15310388803482056
COCO_val2014_000000052232,0.8358536958694458,0.7801575660705566,0.16846626996994019
COCO_val2014_000000089378,0.9421483874320984,0.8414046764373779,0.08699370920658112
COCO_val2014_000000362640,0.9878092408180237,0.8059128522872925,0.17410188913345337
COCO_val2014_000000217016,0.9018952250480652,0.8121721744537354,0.11293896287679672
COCO_val2014_000000560721,0.8637713193893433,0.7968283295631409,0.15294376015663147
COCO_val2014_000000062251,0.776664137840271,0.7039560079574585,0.2830392122268677
COCO_val2014_000000328797,0.7808920741081238,0.7643428444862366,0.16996729373931885
COCO_val2014_000000298578,0.938965916633606,0.8118941187858582,0.12602606415748596
COCO_val2014_000000523782,0.8220622539520264,0.66945880651474,0.3643714189529419
COCO_val2014_000000209989,0.8975766897201538,0.8029991388320923,0.1394340991973877
COCO_val2014_000000489304,0.8850752115249634,0.789402961730957,0.14247384667396545
COCO_val2014_000000156687,0.8695788979530334,0.7889742851257324,0.16013523936271667
COCO_val2014_000000494634,0.7868456840515137,0.7070211172103882,0.2673850655555725
COCO_val2014_000000342146,0.9204446077346802,0.8013942241668701,0.14087694883346558
COCO_val2014_000000266601,0.9134525656700134,0.806194543838501,0.1412821114063263
COCO_val2014_000000293390,0.6854491829872131,0.6658186912536621,0.3706660866737366
COCO_val2014_000000002346,0.9325196146965027,0.8240998983383179,0.08872389793395996
COCO_val2014_000000016593,0.8554772734642029,0.7146350741386414,0.3907923698425293
COCO_val2014_000000395644,0.9127222299575806,0.8193797469139099,0.12859061360359192
COCO_val2014_000000479858,0.9111106991767883,0.8378252983093262,0.07525073736906052
COCO_val2014_000000230915,0.917489230632782,0.8542495369911194,0.07162001729011536
COCO_val2014_000000397303,0.9224068522453308,0.7620338201522827,0.22393834590911865
COCO_val2014_000000015850,0.9092743396759033,0.8358063697814941,0.09578476846218109
COCO_val2014_000000081812,0.8862316012382507,0.7850711345672607,0.15867260098457336
COCO_val2014_000000193498,0.8478427529335022,0.8209507465362549,0.11035376042127609
COCO_val2014_000000350389,0.5549984574317932,0.5874443054199219,0.5563870668411255
COCO_val2014_000000443167,0.9080795645713806,0.7838137149810791,0.16562479734420776
COCO_val2014_000000250164,0.8164465427398682,0.802875816822052,0.1455816924571991
COCO_val2014_000000461715,0.8816271424293518,0.7336386442184448,0.22889694571495056
COCO_val2014_000000487548,0.911373496055603,0.7975168824195862,0.20538748800754547
COCO_val2014_000000040681,0.8887527585029602,0.7184386253356934,0.28525209426879883
COCO_val2014_000000025853,0.8923320174217224,0.7902865409851074,0.17879246175289154
COCO_val2014_000000331688,0.9498377442359924,0.8263493180274963,0.1140751838684082
COCO_val2014_000000497049,0.9030173420906067,0.7536334991455078,0.28604376316070557
COCO_val2014_000000134223,0.7959381341934204,0.7349735498428345,0.27706944942474365
