image_id,B1_cc,M1_cc,delta_cc,B1_sim,M1_sim,delta_sim,B1_kld,M1_kld,delta_kld
COCO_val2014_000000000133,0.8297582268714905,0.7723323702812195,-0.057425856590270996,0.8010859489440918,0.7630645036697388,-0.03802144527435303,0.13884004950523376,0.1817428171634674,0.04290276765823364
COCO_val2014_000000000164,0.7863590121269226,0.8320950865745544,0.045736074447631836,0.719765305519104,0.7416859865188599,0.02192068099975586,0.24830955266952515,0.226737380027771,-0.02157217264175415
COCO_val2014_000000000192,0.9537181854248047,0.9420070052146912,-0.011711180210113525,0.8466309309005737,0.8217493295669556,-0.024881601333618164,0.09385040402412415,0.11744007468223572,0.023589670658111572
COCO_val2014_000000000257,0.8720092177391052,0.9166087508201599,0.04459953308105469,0.7818591594696045,0.8093723058700562,0.02751314640045166,0.17012695968151093,0.1391756534576416,-0.030951306223869324
COCO_val2014_000000000397,0.8371044993400574,0.8593084812164307,0.02220398187637329,0.8140032291412354,0.8262108564376831,0.012207627296447754,0.12327641248703003,0.10867656022310257,-0.01459985226392746
COCO_val2014_000000000520,0.9169251918792725,0.87208092212677,-0.04484426975250244,0.8440072536468506,0.8044183254241943,-0.03958892822265625,0.08583822846412659,0.1313984990119934,0.04556027054786682
COCO_val2014_000000000589,0.9587243795394897,0.971466064453125,0.012741684913635254,0.8200660943984985,0.8590120673179626,0.03894597291946411,0.13182374835014343,0.06755712628364563,-0.0642666220664978
COCO_val2014_000000000692,0.9213082194328308,0.9338136315345764,0.012505412101745605,0.7915157675743103,0.796562910079956,0.005047142505645752,0.1261827051639557,0.14573848247528076,0.019555777311325073
COCO_val2014_000000000715,0.8815168738365173,0.885613203048706,0.004096329212188721,0.8545660972595215,0.8516185879707336,-0.002947509288787842,0.06185940280556679,0.0711049884557724,0.009245585650205612
COCO_val2014_000000000761,0.9370755553245544,0.939799964427948,0.0027244091033935547,0.8184894323348999,0.828460693359375,0.009971261024475098,0.12070891261100769,0.10930486023426056,-0.011404052376747131
COCO_val2014_000000000810,0.8632211685180664,0.8718758821487427,0.00865471363067627,0.7278695106506348,0.7315325736999512,0.0036630630493164062,0.212490975856781,0.210411936044693,-0.0020790398120880127
COCO_val2014_000000000987,0.8672545552253723,0.9033647775650024,0.03611022233963013,0.7902690172195435,0.8240813612937927,0.03381234407424927,0.163887619972229,0.10747096687555313,-0.05641665309667587
COCO_val2014_000000001000,0.8961068987846375,0.9191652536392212,0.02305835485458374,0.797856867313385,0.8178099989891052,0.019953131675720215,0.14665594696998596,0.10201967507600784,-0.04463627189397812
COCO_val2014_000000001270,0.8398836851119995,0.8327323198318481,-0.007151365280151367,0.7235966920852661,0.6872044801712036,-0.0363922119140625,0.23331283032894135,0.3585187494754791,0.12520591914653778
COCO_val2014_000000001369,0.9519287347793579,0.959097146987915,0.007168412208557129,0.8223145604133606,0.8312696814537048,0.008955121040344238,0.13233806192874908,0.10729888081550598,-0.025039181113243103
COCO_val2014_000000001532,0.8990845084190369,0.892429769039154,-0.0066547393798828125,0.6890238523483276,0.7077258229255676,0.01870197057723999,0.31436407566070557,0.2748594582080841,-0.03950461745262146
COCO_val2014_000000001561,0.8455852270126343,0.8922408223152161,0.04665559530258179,0.6961603164672852,0.7263385057449341,0.030178189277648926,0.29527246952056885,0.2238454818725586,-0.07142698764801025
COCO_val2014_000000001668,0.8821436762809753,0.8655571341514587,-0.0165865421295166,0.6438640356063843,0.6494311094284058,0.005567073822021484,0.464826762676239,0.46708834171295166,0.0022615790367126465
COCO_val2014_000000001675,0.8682094812393188,0.8409793972969055,-0.02723008394241333,0.5695058703422546,0.5368711948394775,-0.0326346755027771,0.5597577095031738,0.623181164264679,0.06342345476150513
COCO_val2014_000000001799,0.838096559047699,0.8815246820449829,0.043428122997283936,0.7370072603225708,0.7695631980895996,0.03255593776702881,0.2279716283082962,0.16828764975070953,-0.05968397855758667
COCO_val2014_000000002124,0.8926626443862915,0.8883498907089233,-0.004312753677368164,0.8156698942184448,0.8077539205551147,-0.007915973663330078,0.10737967491149902,0.11202414333820343,0.004644468426704407
COCO_val2014_000000002154,0.8514990210533142,0.871660590171814,0.020161569118499756,0.7668386697769165,0.779916524887085,0.013077855110168457,0.2187321037054062,0.18521833419799805,-0.03351376950740814
COCO_val2014_000000002179,0.7775022387504578,0.7933064103126526,0.015804171562194824,0.7195495367050171,0.722626268863678,0.0030767321586608887,0.4068046808242798,0.3452942967414856,-0.06151038408279419
COCO_val2014_000000002302,0.9446953535079956,0.9495820999145508,0.004886746406555176,0.7906192541122437,0.7975603342056274,0.006941080093383789,0.22431403398513794,0.24013054370880127,0.01581650972366333
COCO_val2014_000000002346,0.9270511865615845,0.9325196146965027,0.005468428134918213,0.8265306353569031,0.8240998983383179,-0.002430737018585205,0.10118697583675385,0.08872389793395996,-0.012463077902793884
COCO_val2014_000000002640,0.8972048759460449,0.8738927245140076,-0.023312151432037354,0.8095274567604065,0.7901033163070679,-0.019424140453338623,0.14038240909576416,0.15606610476970673,0.015683695673942566
COCO_val2014_000000002822,0.8753002285957336,0.8750638961791992,-0.00023633241653442383,0.7612324953079224,0.7661302089691162,0.004897713661193848,0.2156575620174408,0.21322336792945862,-0.0024341940879821777
COCO_val2014_000000002839,0.8810537457466125,0.8886563181877136,0.007602572441101074,0.7789612412452698,0.7366271018981934,-0.042334139347076416,0.1881551742553711,0.23251453042030334,0.04435935616493225
COCO_val2014_000000003001,0.8902738094329834,0.8922788500785828,0.0020050406455993652,0.8009219169616699,0.8072028756141663,0.006280958652496338,0.1282198578119278,0.13023409247398376,0.0020142346620559692
COCO_val2014_000000003067,0.8706521987915039,0.902914822101593,0.03226262331008911,0.77783203125,0.8114664554595947,0.03363442420959473,0.1940857321023941,0.12316793948411942,-0.07091779261827469
COCO_val2014_000000003091,0.8647114038467407,0.8631905317306519,-0.0015208721160888672,0.8105383515357971,0.7968409657478333,-0.013697385787963867,0.1263810396194458,0.14485038816928864,0.018469348549842834
COCO_val2014_000000003192,0.9415456056594849,0.9504634737968445,0.00891786813735962,0.8649442195892334,0.8781135082244873,0.013169288635253906,0.06249212101101875,0.04984256625175476,-0.012649554759263992
COCO_val2014_000000003326,0.9288111329078674,0.9446357488632202,0.015824615955352783,0.8111462593078613,0.818769097328186,0.007622838020324707,0.1769474744796753,0.22363972663879395,0.04669225215911865
COCO_val2014_000000003590,0.9035837054252625,0.945476233959198,0.04189252853393555,0.7832111120223999,0.8225630521774292,0.0393519401550293,0.1719016283750534,0.11758854985237122,-0.05431307852268219
COCO_val2014_000000003716,0.8637047410011292,0.9345368146896362,0.07083207368850708,0.6518174409866333,0.7545292377471924,0.10271179676055908,0.4612787365913391,0.22775927186012268,-0.23351946473121643
COCO_val2014_000000003742,0.9109959602355957,0.8976486325263977,-0.013347327709197998,0.8217755556106567,0.7992755770683289,-0.02249997854232788,0.13842040300369263,0.1749120056629181,0.036491602659225464
COCO_val2014_000000003779,0.76661616563797,0.7847699522972107,0.018153786659240723,0.7649636268615723,0.736579954624176,-0.02838367223739624,0.20124083757400513,0.22802942991256714,0.02678859233856201
COCO_val2014_000000003983,0.9162788391113281,0.9076371788978577,-0.008641660213470459,0.8449604511260986,0.814456045627594,-0.03050440549850464,0.085847407579422,0.10349662601947784,0.017649218440055847
COCO_val2014_000000004265,0.8599058389663696,0.8085209727287292,-0.05138486623764038,0.7962430715560913,0.7582270503044128,-0.03801602125167847,0.13287250697612762,0.21038800477981567,0.07751549780368805
COCO_val2014_000000004296,0.8093200325965881,0.831447184085846,0.022127151489257812,0.7882084250450134,0.8061617612838745,0.017953336238861084,0.13257713615894318,0.12021908164024353,-0.012358054518699646
COCO_val2014_000000005001,0.6948256492614746,0.7084904909133911,0.013664841651916504,0.6493114233016968,0.6641948819160461,0.014883458614349365,0.43462085723876953,0.35419344902038574,-0.08042740821838379
COCO_val2014_000000005105,0.8546919226646423,0.9074169993400574,0.05272507667541504,0.7334661483764648,0.7707692384719849,0.03730309009552002,0.29082438349723816,0.19848638772964478,-0.09233799576759338
COCO_val2014_000000005282,0.936407744884491,0.9368913769721985,0.00048363208770751953,0.8208596110343933,0.8182367086410522,-0.0026229023933410645,0.1188567653298378,0.12601035833358765,0.007153593003749847
COCO_val2014_000000005535,0.8021158576011658,0.8037177920341492,0.0016019344329833984,0.6899627447128296,0.6896703839302063,-0.000292360782623291,0.3307955265045166,0.31980234384536743,-0.01099318265914917
COCO_val2014_000000005816,0.8128389716148376,0.8095710873603821,-0.0032678842544555664,0.8227461576461792,0.8072409629821777,-0.015505194664001465,0.10119374096393585,0.12504878640174866,0.023855045437812805
COCO_val2014_000000005965,0.877090334892273,0.9369120001792908,0.05982166528701782,0.7782436013221741,0.8267379999160767,0.04849439859390259,0.1549893319606781,0.10599686950445175,-0.04899246245622635
COCO_val2014_000000006580,0.8457966446876526,0.7983273863792419,-0.047469258308410645,0.7575228810310364,0.7239149808883667,-0.03360790014266968,0.21731360256671906,0.27598875761032104,0.05867515504360199
COCO_val2014_000000006608,0.8958547115325928,0.9061665534973145,0.01031184196472168,0.8165980577468872,0.8112678527832031,-0.005330204963684082,0.12230175733566284,0.12018026411533356,-0.0021214932203292847
COCO_val2014_000000006701,0.9139243364334106,0.8920074701309204,-0.021916866302490234,0.7860265374183655,0.7462226152420044,-0.039803922176361084,0.1713537871837616,0.2518294155597687,0.08047562837600708
COCO_val2014_000000007274,0.8861131072044373,0.8415889143943787,-0.044524192810058594,0.7780905961990356,0.741971492767334,-0.03611910343170166,0.23928456008434296,0.3009025454521179,0.06161798536777496
COCO_val2014_000000007511,0.9372917413711548,0.9379294514656067,0.0006377100944519043,0.7931599617004395,0.7952764630317688,0.0021165013313293457,0.17902988195419312,0.19619707763195038,0.017167195677757263
COCO_val2014_000000007570,0.9426987171173096,0.9465034008026123,0.0038046836853027344,0.840685248374939,0.8364084959030151,-0.004276752471923828,0.09264832735061646,0.09107615053653717,-0.0015721768140792847
COCO_val2014_000000007574,0.8965298533439636,0.933476984500885,0.03694713115692139,0.7948013544082642,0.819466233253479,0.024664878845214844,0.14825934171676636,0.12064167857170105,-0.027617663145065308
COCO_val2014_000000007726,0.9133785367012024,0.9417544603347778,0.02837592363357544,0.7900811433792114,0.8227192759513855,0.03263813257217407,0.16195234656333923,0.1333809643983841,-0.02857138216495514
COCO_val2014_000000008005,0.8999717235565186,0.9045189619064331,0.004547238349914551,0.7819722890853882,0.8022295236587524,0.020257234573364258,0.14788039028644562,0.12793076038360596,-0.01994962990283966
COCO_val2014_000000008119,0.9259698390960693,0.930831789970398,0.004861950874328613,0.8348852396011353,0.8062893748283386,-0.02859586477279663,0.09206336736679077,0.12898731231689453,0.03692394495010376
COCO_val2014_000000008333,0.8536407351493835,0.8250921964645386,-0.02854853868484497,0.6807254552841187,0.6722813248634338,-0.008444130420684814,0.31785380840301514,0.34659138321876526,0.028737574815750122
COCO_val2014_000000008594,0.9157900810241699,0.9411485195159912,0.02535843849182129,0.775078296661377,0.8029661178588867,0.027887821197509766,0.20931485295295715,0.16170240938663483,-0.04761244356632233
COCO_val2014_000000008599,0.9352734684944153,0.9068021178245544,-0.02847135066986084,0.8271875977516174,0.8127061128616333,-0.01448148488998413,0.10897870361804962,0.1189073920249939,0.009928688406944275
COCO_val2014_000000008665,0.9099803566932678,0.926979660987854,0.01699930429458618,0.6113235354423523,0.6755633354187012,0.06423979997634888,0.5225780010223389,0.40330928564071655,-0.11926871538162231
COCO_val2014_000000008711,0.7661414742469788,0.7661312222480774,-1.0251998901367188e-05,0.7480594515800476,0.7198207378387451,-0.02823871374130249,0.21409298479557037,0.2176230102777481,0.0035300254821777344
COCO_val2014_000000009156,0.8457165360450745,0.7798188328742981,-0.06589770317077637,0.8052082061767578,0.7384293079376221,-0.06677889823913574,0.11992643028497696,0.19402167201042175,0.0740952417254448
COCO_val2014_000000009175,0.8344841003417969,0.8360872864723206,0.0016031861305236816,0.776585578918457,0.7670917510986328,-0.009493827819824219,0.18336597084999084,0.1830464005470276,-0.00031957030296325684
COCO_val2014_000000009236,0.9072332382202148,0.8740114569664001,-0.0332217812538147,0.8156198263168335,0.7708353400230408,-0.044784486293792725,0.11220092326402664,0.18728125095367432,0.07508032768964767
COCO_val2014_000000009400,0.8300248384475708,0.7956251502037048,-0.03439968824386597,0.7505804300308228,0.7244495749473572,-0.026130855083465576,0.22556445002555847,0.28146907687187195,0.05590462684631348
COCO_val2014_000000009483,0.8759276866912842,0.8576304912567139,-0.018297195434570312,0.7009739875793457,0.7031956911087036,0.00222170352935791,0.2829371690750122,0.29234182834625244,0.009404659271240234
COCO_val2014_000000009769,0.8585090637207031,0.9015014171600342,0.042992353439331055,0.7718808650970459,0.808777928352356,0.03689706325531006,0.17588476836681366,0.13423745334148407,-0.04164731502532959
COCO_val2014_000000010138,0.9193376898765564,0.928672730922699,0.009335041046142578,0.7931632995605469,0.8057947158813477,0.012631416320800781,0.15507009625434875,0.1322578489780426,-0.022812247276306152
COCO_val2014_000000010707,0.8501380085945129,0.8438231945037842,-0.00631481409072876,0.7747474908828735,0.7568840384483337,-0.017863452434539795,0.21951884031295776,0.19141444563865662,-0.028104394674301147
COCO_val2014_000000011305,0.7543271780014038,0.8216160535812378,0.06728887557983398,0.6957063674926758,0.7174584865570068,0.021752119064331055,0.2995762526988983,0.25377339124679565,-0.04580286145210266
COCO_val2014_000000011360,0.9080244898796082,0.917656421661377,0.009631931781768799,0.8213030099868774,0.8234156966209412,0.0021126866340637207,0.10921716690063477,0.10277297347784042,-0.006444193422794342
COCO_val2014_000000011696,0.7983723282814026,0.8982937932014465,0.09992146492004395,0.6375879049301147,0.7504312992095947,0.11284339427947998,0.5261174440383911,0.31011486053466797,-0.21600258350372314
COCO_val2014_000000011796,0.9562466740608215,0.9679144620895386,0.011667788028717041,0.8357743620872498,0.849911093711853,0.014136731624603271,0.09891614317893982,0.07801276445388794,-0.02090337872505188
COCO_val2014_000000012085,0.9091699123382568,0.8783819675445557,-0.030787944793701172,0.7697145938873291,0.7304109930992126,-0.039303600788116455,0.21388408541679382,0.284843772649765,0.07095968723297119
COCO_val2014_000000012230,0.7213757038116455,0.7242103815078735,0.0028346776962280273,0.7770705223083496,0.7754839658737183,-0.0015865564346313477,0.16675621271133423,0.1828581988811493,0.016101986169815063
COCO_val2014_000000012375,0.9194864630699158,0.9067718982696533,-0.012714564800262451,0.8443492650985718,0.8400619029998779,-0.004287362098693848,0.07156558334827423,0.07192818075418472,0.00036259740591049194
COCO_val2014_000000012443,0.780898928642273,0.84357750415802,0.06267857551574707,0.6122885942459106,0.6540901064872742,0.041801512241363525,0.6043670773506165,0.5922591686248779,-0.012107908725738525
COCO_val2014_000000012700,0.7915281057357788,0.8374130129814148,0.045884907245635986,0.7198101282119751,0.745887815952301,0.026077687740325928,0.2651435136795044,0.21729323267936707,-0.04785028100013733
COCO_val2014_000000012991,0.8479019999504089,0.9176756143569946,0.0697736144065857,0.6867720484733582,0.7473147511482239,0.06054270267486572,0.3031349182128906,0.21200087666511536,-0.09113404154777527
COCO_val2014_000000013383,0.7711878418922424,0.7791262865066528,0.0079384446144104,0.7268566489219666,0.7247177362442017,-0.0021389126777648926,0.26077985763549805,0.24368983507156372,-0.017090022563934326
COCO_val2014_000000013659,0.8721821904182434,0.8930099010467529,0.02082771062850952,0.7412446737289429,0.7720730304718018,0.030828356742858887,0.2345929741859436,0.232904314994812,-0.0016886591911315918
COCO_val2014_000000013729,0.8662393689155579,0.87430739402771,0.0080680251121521,0.7417625784873962,0.7503054738044739,0.008542895317077637,0.35255658626556396,0.2615293860435486,-0.09102720022201538
COCO_val2014_000000014108,0.8884552121162415,0.8705974221229553,-0.017857789993286133,0.7669335603713989,0.7599601745605469,-0.006973385810852051,0.2221103310585022,0.2513338327407837,0.029223501682281494
COCO_val2014_000000014248,0.9608386754989624,0.9292977452278137,-0.03154093027114868,0.8010871410369873,0.7763389348983765,-0.02474820613861084,0.16213074326515198,0.2075500190258026,0.045419275760650635
COCO_val2014_000000014353,0.9334530830383301,0.9624321460723877,0.028979063034057617,0.6856845617294312,0.7220559120178223,0.03637135028839111,0.3059666156768799,0.2526499032974243,-0.053316712379455566
COCO_val2014_000000014494,0.902920126914978,0.8745027780532837,-0.028417348861694336,0.7809268832206726,0.7478121519088745,-0.033114731311798096,0.16814881563186646,0.20250007510185242,0.03435125946998596
COCO_val2014_000000014635,0.7211836576461792,0.7064529061317444,-0.014730751514434814,0.5272811055183411,0.5448021292686462,0.017521023750305176,0.648988664150238,0.6066828966140747,-0.04230576753616333
COCO_val2014_000000014713,0.8991637825965881,0.8776726722717285,-0.02149111032485962,0.8577210903167725,0.8288211822509766,-0.0288999080657959,0.06292013823986053,0.0857975035905838,0.022877365350723267
COCO_val2014_000000015335,0.8433830142021179,0.8666783571243286,0.023295342922210693,0.7344171404838562,0.7469512224197388,0.012534081935882568,0.3110162317752838,0.27894002199172974,-0.03207620978355408
COCO_val2014_000000015345,0.9566957950592041,0.9648230075836182,0.008127212524414062,0.8458805084228516,0.8549355864524841,0.009055078029632568,0.08121795207262039,0.09239194542169571,0.011173993349075317
COCO_val2014_000000015497,0.9496000409126282,0.9223262071609497,-0.027273833751678467,0.7880520820617676,0.7557371258735657,-0.032314956188201904,0.20264974236488342,0.2398010790348053,0.037151336669921875
COCO_val2014_000000015725,0.6348927021026611,0.6135873198509216,-0.021305382251739502,0.5687467455863953,0.5388122797012329,-0.029934465885162354,0.5830802917480469,0.7361572980880737,0.15307700634002686
COCO_val2014_000000015850,0.9276270270347595,0.9092743396759033,-0.0183526873588562,0.8392746448516846,0.8358063697814941,-0.0034682750701904297,0.08381496369838715,0.09578476846218109,0.011969804763793945
COCO_val2014_000000015956,0.9492120742797852,0.9056060910224915,-0.0436059832572937,0.8307384252548218,0.8029037117958069,-0.027834713459014893,0.10782437771558762,0.13183735311031342,0.0240129753947258
COCO_val2014_000000016593,0.8451546430587769,0.8554772734642029,0.010322630405426025,0.7207056283950806,0.7146350741386414,-0.006070554256439209,0.44169530272483826,0.3907923698425293,-0.05090293288230896
COCO_val2014_000000016896,0.672893226146698,0.7267128825187683,0.05381965637207031,0.6904683113098145,0.7143069505691528,0.02383863925933838,0.37527814507484436,0.35885757207870483,-0.016420572996139526
COCO_val2014_000000016977,0.8258713483810425,0.7568687200546265,-0.06900262832641602,0.7902711629867554,0.7204103469848633,-0.06986081600189209,0.12411266565322876,0.2373083233833313,0.11319565773010254
COCO_val2014_000000017311,0.9130973219871521,0.8797500729560852,-0.033347249031066895,0.805070161819458,0.7760740518569946,-0.02899610996246338,0.13488712906837463,0.15985947847366333,0.024972349405288696
COCO_val2014_000000017313,0.8834928274154663,0.93428635597229,0.05079352855682373,0.7461750507354736,0.7969988584518433,0.05082380771636963,0.23569127917289734,0.16148999333381653,-0.07420128583908081
COCO_val2014_000000017425,0.8918377161026001,0.8669037222862244,-0.024933993816375732,0.7614301443099976,0.7274940013885498,-0.033936142921447754,0.22958171367645264,0.2528444528579712,0.023262739181518555
COCO_val2014_000000017627,0.9196859002113342,0.9339374899864197,0.01425158977508545,0.822990894317627,0.8358854055404663,0.012894511222839355,0.09566262364387512,0.08825306594371796,-0.0074095577001571655
COCO_val2014_000000017714,0.8926708698272705,0.929807186126709,0.03713631629943848,0.7956099510192871,0.8178038597106934,0.02219390869140625,0.16577725112438202,0.15576088428497314,-0.010016366839408875
COCO_val2014_000000018442,0.9079029560089111,0.8752462267875671,-0.032656729221343994,0.8115118145942688,0.790016770362854,-0.021495044231414795,0.15302163362503052,0.20618736743927002,0.0531657338142395
COCO_val2014_000000018575,0.817925214767456,0.8471891283988953,0.02926391363143921,0.78670334815979,0.794644296169281,0.007940948009490967,0.15063083171844482,0.1295442283153534,-0.02108660340309143
COCO_val2014_000000018687,0.8266769051551819,0.7984782457351685,-0.028198659420013428,0.7424628734588623,0.6987301111221313,-0.04373276233673096,0.19648385047912598,0.30818653106689453,0.11170268058776855
COCO_val2014_000000018918,0.900570809841156,0.8317775726318359,-0.06879323720932007,0.8471277356147766,0.7986488342285156,-0.048478901386260986,0.09416869282722473,0.13956767320632935,0.045398980379104614
COCO_val2014_000000019158,0.8109104037284851,0.6972160339355469,-0.11369436979293823,0.5144839882850647,0.48224639892578125,-0.03223758935928345,0.6325900554656982,0.7204987406730652,0.08790868520736694
COCO_val2014_000000019176,0.9005511999130249,0.8598480820655823,-0.04070311784744263,0.7906519174575806,0.7681589126586914,-0.02249300479888916,0.16587607562541962,0.1583809107542038,-0.00749516487121582
COCO_val2014_000000019292,0.9027060270309448,0.8880735635757446,-0.014632463455200195,0.7667640447616577,0.7284823060035706,-0.03828173875808716,0.2358655333518982,0.3245784044265747,0.08871287107467651
COCO_val2014_000000019523,0.7974019050598145,0.8231187462806702,0.025716841220855713,0.7321106195449829,0.7428039908409119,0.010693371295928955,0.21479561924934387,0.18610897660255432,-0.02868664264678955
COCO_val2014_000000019624,0.7241199612617493,0.7946839332580566,0.07056397199630737,0.7512661218643188,0.7769433259963989,0.025677204132080078,0.19825288653373718,0.16242600977420807,-0.035826876759529114
COCO_val2014_000000019631,0.8889279365539551,0.8952941298484802,0.0063661932945251465,0.8071566820144653,0.7848634719848633,-0.02229321002960205,0.11393816769123077,0.15940417349338531,0.04546600580215454
COCO_val2014_000000019763,0.752876877784729,0.7956850528717041,0.0428081750869751,0.7672961950302124,0.7680597305297852,0.0007635354995727539,0.19267481565475464,0.17763423919677734,-0.015040576457977295
COCO_val2014_000000020038,0.8025572299957275,0.7637979984283447,-0.03875923156738281,0.7750198841094971,0.7606789469718933,-0.01434093713760376,0.16647398471832275,0.20315110683441162,0.03667712211608887
COCO_val2014_000000020268,0.8038291931152344,0.8428913354873657,0.03906214237213135,0.689071536064148,0.699588418006897,0.010516881942749023,0.2998948097229004,0.2831819951534271,-0.016712814569473267
COCO_val2014_000000020334,0.8623132705688477,0.8513460159301758,-0.010967254638671875,0.713651180267334,0.7036838531494141,-0.009967327117919922,0.2724578380584717,0.28631746768951416,0.01385962963104248
COCO_val2014_000000020410,0.6623674035072327,0.6062296032905579,-0.056137800216674805,0.717039942741394,0.6863415241241455,-0.030698418617248535,0.32760679721832275,0.36471983790397644,0.037113040685653687
COCO_val2014_000000020485,0.8690121173858643,0.8840781450271606,0.015066027641296387,0.7907279133796692,0.8069143891334534,0.01618647575378418,0.1491013467311859,0.13020332157611847,-0.018898025155067444
COCO_val2014_000000020650,0.907688558101654,0.9244227409362793,0.016734182834625244,0.8538856506347656,0.8616930246353149,0.007807374000549316,0.09052222967147827,0.07583247125148773,-0.01468975841999054
COCO_val2014_000000020671,0.8752530217170715,0.8852195143699646,0.009966492652893066,0.7188986539840698,0.7221981883049011,0.003299534320831299,0.2950085699558258,0.262433260679245,-0.03257530927658081
COCO_val2014_000000020925,0.9733552932739258,0.9671381711959839,-0.0062171220779418945,0.8581736087799072,0.8364368081092834,-0.02173680067062378,0.08396472036838531,0.12340106070041656,0.03943634033203125
COCO_val2014_000000020979,0.8952732086181641,0.9296991229057312,0.03442591428756714,0.8054364919662476,0.8227741718292236,0.017337679862976074,0.12045013159513474,0.12475954741239548,0.004309415817260742
COCO_val2014_000000021639,0.8216046094894409,0.8503311276435852,0.028726518154144287,0.7378103733062744,0.7572692632675171,0.019458889961242676,0.2301402986049652,0.1984100341796875,-0.03173026442527771
COCO_val2014_000000022118,0.9212021827697754,0.9340286254882812,0.01282644271850586,0.8465811610221863,0.8437464237213135,-0.0028347373008728027,0.07081986218690872,0.06405586004257202,-0.0067640021443367004
COCO_val2014_000000022271,0.8937577605247498,0.9114306569099426,0.01767289638519287,0.8218186497688293,0.821124792098999,-0.0006938576698303223,0.12276145815849304,0.12444499135017395,0.0016835331916809082
COCO_val2014_000000022671,0.9400146007537842,0.9298005700111389,-0.010214030742645264,0.8109720349311829,0.7978265881538391,-0.01314544677734375,0.1420116424560547,0.12992623448371887,-0.012085407972335815
COCO_val2014_000000023201,0.9068954586982727,0.8789629340171814,-0.02793252468109131,0.7792752981185913,0.7522281408309937,-0.027047157287597656,0.1617470681667328,0.21980933845043182,0.058062270283699036
COCO_val2014_000000023807,0.9272469282150269,0.922822117805481,-0.0044248104095458984,0.8113376498222351,0.8265460729598999,0.015208423137664795,0.11393380165100098,0.1008840799331665,-0.013049721717834473
COCO_val2014_000000024104,0.8618046641349792,0.8896690011024475,0.02786433696746826,0.8283413648605347,0.8393149375915527,0.010973572731018066,0.10884324461221695,0.08784489333629608,-0.020998351275920868
COCO_val2014_000000024223,0.8766576051712036,0.9015294909477234,0.024871885776519775,0.8275871276855469,0.8285391330718994,0.0009520053863525391,0.1309717893600464,0.10642994940280914,-0.024541839957237244
COCO_val2014_000000024243,0.9573848247528076,0.9499592185020447,-0.0074256062507629395,0.7990357875823975,0.7929856181144714,-0.006050169467926025,0.16032454371452332,0.1600911170244217,-0.00023342669010162354
COCO_val2014_000000024610,0.8994930386543274,0.9051995277404785,0.005706489086151123,0.8339900970458984,0.8231873512268066,-0.010802745819091797,0.09504401683807373,0.09143425524234772,-0.003609761595726013
COCO_val2014_000000024693,0.8920190930366516,0.8975120782852173,0.005492985248565674,0.8391112089157104,0.8442820906639099,0.005170881748199463,0.09228618443012238,0.0919870138168335,-0.0002991706132888794
COCO_val2014_000000025550,0.8653981685638428,0.8678608536720276,0.0024626851081848145,0.7189185619354248,0.7411683797836304,0.022249817848205566,0.2732815444469452,0.21922938525676727,-0.05405215919017792
COCO_val2014_000000025560,0.7918248176574707,0.7542745471000671,-0.037550270557403564,0.7293628454208374,0.6770471334457397,-0.052315711975097656,0.3087913393974304,0.4648225009441376,0.15603116154670715
COCO_val2014_000000025595,0.8776484727859497,0.8170647025108337,-0.06058377027511597,0.7707748413085938,0.7210085988044739,-0.04976624250411987,0.16158688068389893,0.22970956563949585,0.06812268495559692
COCO_val2014_000000025603,0.9154756665229797,0.9220630526542664,0.006587386131286621,0.7251342535018921,0.7259876132011414,0.0008533596992492676,0.24754256010055542,0.268362820148468,0.020820260047912598
COCO_val2014_000000025853,0.9122737646102905,0.8923320174217224,-0.019941747188568115,0.8303173780441284,0.7902865409851074,-0.040030837059020996,0.10164351016283035,0.17879246175289154,0.07714895159006119
COCO_val2014_000000025860,0.8033310770988464,0.7642405033111572,-0.03909057378768921,0.590185284614563,0.5822024345397949,-0.007982850074768066,0.5126550197601318,0.5424569845199585,0.02980196475982666
COCO_val2014_000000026363,0.9223628640174866,0.9408761858940125,0.01851332187652588,0.8037868738174438,0.8480610251426697,0.04427415132522583,0.15201511979103088,0.09754781424999237,-0.05446730554103851
COCO_val2014_000000026611,0.8564574122428894,0.8645967245101929,0.008139312267303467,0.7985990047454834,0.7558964490890503,-0.042702555656433105,0.14500394463539124,0.20803393423557281,0.06302998960018158
COCO_val2014_000000026992,0.9617369771003723,0.9636796712875366,0.0019426941871643066,0.8808035850524902,0.8741471767425537,-0.0066564083099365234,0.050605446100234985,0.04522547125816345,-0.005379974842071533
COCO_val2014_000000027478,0.8459436893463135,0.8897224068641663,0.04377871751785278,0.6595295667648315,0.728386402130127,0.06885683536529541,0.3498880863189697,0.23033928871154785,-0.11954879760742188
COCO_val2014_000000027493,0.8197866082191467,0.8445391058921814,0.024752497673034668,0.7799246311187744,0.7990447282791138,0.019120097160339355,0.2414679229259491,0.202999547123909,-0.0384683758020401
COCO_val2014_000000027642,0.8805619478225708,0.9137980341911316,0.03323608636856079,0.8015154600143433,0.8372557759284973,0.03574031591415405,0.14962121844291687,0.09431968629360199,-0.05530153214931488
COCO_val2014_000000027975,0.7977282404899597,0.9205038547515869,0.1227756142616272,0.6118941307067871,0.750887930393219,0.13899379968643188,0.4603186249732971,0.2272166758775711,-0.233101949095726
COCO_val2014_000000028540,0.8712217211723328,0.9046040177345276,0.033382296562194824,0.7602428197860718,0.7875744104385376,0.02733159065246582,0.22276949882507324,0.13381534814834595,-0.0889541506767273
COCO_val2014_000000028682,0.892814576625824,0.8935079574584961,0.0006933808326721191,0.8195399045944214,0.8197221755981445,0.00018227100372314453,0.11267644166946411,0.10307318717241287,-0.009603254497051239
COCO_val2014_000000028719,0.9610775709152222,0.9552124738693237,-0.0058650970458984375,0.8602253198623657,0.8376580476760864,-0.022567272186279297,0.06430463492870331,0.07862014323472977,0.014315508306026459
COCO_val2014_000000029059,0.9219900369644165,0.9274348020553589,0.005444765090942383,0.774476170539856,0.7829922437667847,0.008516073226928711,0.18621374666690826,0.21219602227210999,0.02598227560520172
COCO_val2014_000000030657,0.8512017130851746,0.8792508244514465,0.028049111366271973,0.6594207286834717,0.6735750436782837,0.014154314994812012,0.40814709663391113,0.3266943395137787,-0.08145275712013245
COCO_val2014_000000030785,0.9106617569923401,0.9276409149169922,0.0169791579246521,0.8058570027351379,0.830331563949585,0.02447456121444702,0.1299026906490326,0.10388901829719543,-0.026013672351837158
COCO_val2014_000000031519,0.8364163041114807,0.8790354132652283,0.04261910915374756,0.7522480487823486,0.7967747449874878,0.04452669620513916,0.18813325464725494,0.1315574049949646,-0.056575849652290344
COCO_val2014_000000031569,0.9187770485877991,0.8571140766143799,-0.06166297197341919,0.8284125328063965,0.7467970252037048,-0.08161550760269165,0.09808317571878433,0.19336576759815216,0.09528259187936783
COCO_val2014_000000031636,0.8860629200935364,0.9238052368164062,0.03774231672286987,0.7966972589492798,0.8321667909622192,0.03546953201293945,0.13530126214027405,0.09459691494703293,-0.04070434719324112
COCO_val2014_000000032300,0.8721073865890503,0.8373076319694519,-0.03479975461959839,0.7952768802642822,0.7485361099243164,-0.04674077033996582,0.1457638293504715,0.2038048505783081,0.05804102122783661
COCO_val2014_000000032907,0.8767231106758118,0.9007293581962585,0.024006247520446777,0.7671213150024414,0.7648656368255615,-0.002255678176879883,0.19494447112083435,0.17767861485481262,-0.01726585626602173
COCO_val2014_000000032965,0.9543706178665161,0.9219643473625183,-0.0324062705039978,0.8384385704994202,0.7927058935165405,-0.04573267698287964,0.1098036915063858,0.13102847337722778,0.02122478187084198
COCO_val2014_000000033008,0.8550866842269897,0.8421160578727722,-0.01297062635421753,0.768185555934906,0.7612475156784058,-0.006938040256500244,0.2032853662967682,0.22760659456253052,0.02432122826576233
COCO_val2014_000000033109,0.9327834844589233,0.9274524450302124,-0.0053310394287109375,0.8321691751480103,0.8394762277603149,0.0073070526123046875,0.09502248466014862,0.11042557656764984,0.01540309190750122
COCO_val2014_000000033114,0.8747972249984741,0.892961323261261,0.018164098262786865,0.7760663032531738,0.7897723913192749,0.013706088066101074,0.1528095304965973,0.13267379999160767,-0.020135730504989624
COCO_val2014_000000033116,0.8501822352409363,0.8101862668991089,-0.03999596834182739,0.7369414567947388,0.7186762094497681,-0.018265247344970703,0.2515515089035034,0.2771114110946655,0.02555990219116211
COCO_val2014_000000033345,0.8183521032333374,0.8172733187675476,-0.001078784465789795,0.7502962350845337,0.7650889158248901,0.014792680740356445,0.2111450582742691,0.1945543885231018,-0.016590669751167297
COCO_val2014_000000033377,0.911108136177063,0.9200935959815979,0.008985459804534912,0.7661560773849487,0.8075598478317261,0.041403770446777344,0.1830998957157135,0.12361010909080505,-0.05948978662490845
COCO_val2014_000000033489,0.9187353849411011,0.8829745054244995,-0.03576087951660156,0.861046552658081,0.8024565577507019,-0.05858999490737915,0.05959668010473251,0.11798218637704849,0.05838550627231598
COCO_val2014_000000033645,0.8557736277580261,0.9434589147567749,0.08768528699874878,0.6644660234451294,0.786597728729248,0.12213170528411865,0.36258670687675476,0.18450483679771423,-0.17808187007904053
COCO_val2014_000000033652,0.9047240018844604,0.9076797962188721,0.002955794334411621,0.8500970602035522,0.8388906717300415,-0.011206388473510742,0.07696440070867538,0.09732577204704285,0.020361371338367462
COCO_val2014_000000033717,0.8265880346298218,0.8052732348442078,-0.021314799785614014,0.7210702896118164,0.7126913666725159,-0.008378922939300537,0.24851731956005096,0.2556169331073761,0.007099613547325134
COCO_val2014_000000033904,0.9450312256813049,0.9172067046165466,-0.0278245210647583,0.8347636461257935,0.7850283980369568,-0.04973524808883667,0.09930083155632019,0.156734436750412,0.0574336051940918
COCO_val2014_000000034114,0.8343640565872192,0.8282631635665894,-0.006100893020629883,0.7989129424095154,0.789531409740448,-0.009381532669067383,0.16285847127437592,0.17869320511817932,0.015834733843803406
COCO_val2014_000000034196,0.8816592693328857,0.8909699320793152,0.009310662746429443,0.7301563024520874,0.768977165222168,0.038820862770080566,0.22763381898403168,0.18116495013237,-0.04646886885166168
COCO_val2014_000000034471,0.8953244090080261,0.9057050347328186,0.01038062572479248,0.7732374668121338,0.7785195112228394,0.005282044410705566,0.18130619823932648,0.17460227012634277,-0.006703928112983704
COCO_val2014_000000034500,0.9405130743980408,0.9481276869773865,0.007614612579345703,0.7040649056434631,0.7635672092437744,0.05950230360031128,0.33692899346351624,0.27687981724739075,-0.06004917621612549
COCO_val2014_000000034701,0.7066392302513123,0.7394333481788635,0.03279411792755127,0.6884686350822449,0.7136321663856506,0.02516353130340576,0.3036138117313385,0.26401251554489136,-0.039601296186447144
COCO_val2014_000000034786,0.8907127976417542,0.8848327994346619,-0.005879998207092285,0.7006590366363525,0.7175495624542236,0.016890525817871094,0.31160837411880493,0.30045777559280396,-0.011150598526000977
COCO_val2014_000000034820,0.7461242079734802,0.7581282258033752,0.01200401782989502,0.7300926446914673,0.7315090894699097,0.0014164447784423828,0.2797442376613617,0.269382119178772,-0.010362118482589722
COCO_val2014_000000035269,0.9234697222709656,0.9256523251533508,0.002182602882385254,0.8347283005714417,0.8311350345611572,-0.003593266010284424,0.10843045264482498,0.12793001532554626,0.019499562680721283
COCO_val2014_000000035711,0.9220867156982422,0.9479264616966248,0.02583974599838257,0.7657876014709473,0.8082420825958252,0.04245448112487793,0.2230406403541565,0.13433927297592163,-0.08870136737823486
COCO_val2014_000000035726,0.8447097539901733,0.8893442749977112,0.04463452100753784,0.7991595268249512,0.8105980753898621,0.011438548564910889,0.1175670251250267,0.11546343564987183,-0.0021035894751548767
COCO_val2014_000000035825,0.9011976718902588,0.9358865022659302,0.03468883037567139,0.6522353887557983,0.6957854628562927,0.043550074100494385,0.4319232702255249,0.33566102385520935,-0.09626224637031555
COCO_val2014_000000036810,0.9661048054695129,0.9676729440689087,0.001568138599395752,0.8387645483016968,0.8531951308250427,0.014430582523345947,0.09389352798461914,0.07309621572494507,-0.020797312259674072
COCO_val2014_000000037403,0.9349023103713989,0.923937976360321,-0.01096433401107788,0.7484687566757202,0.7674016952514648,0.01893293857574463,0.21477103233337402,0.1696311980485916,-0.04513983428478241
COCO_val2014_000000037616,0.7439691424369812,0.7620511054992676,0.018081963062286377,0.7005375027656555,0.7128652334213257,0.012327730655670166,0.2931661605834961,0.30883902311325073,0.01567286252975464
COCO_val2014_000000037671,0.9243316054344177,0.868431806564331,-0.05589979887008667,0.8200762271881104,0.724452018737793,-0.09562420845031738,0.1317482888698578,0.2618274688720703,0.13007918000221252
COCO_val2014_000000037688,0.6599785685539246,0.7760676741600037,0.1160891056060791,0.46375709772109985,0.5223397612571716,0.05858266353607178,0.7985420227050781,0.6103509068489075,-0.18819111585617065
COCO_val2014_000000037709,0.7748311161994934,0.8111662268638611,0.036335110664367676,0.6875017285346985,0.6900793313980103,0.0025776028633117676,0.2991902530193329,0.26518720388412476,-0.03400304913520813
COCO_val2014_000000037751,0.8897387385368347,0.8884682059288025,-0.0012705326080322266,0.6917639374732971,0.6442291736602783,-0.0475347638130188,0.3382696211338043,0.41317546367645264,0.07490584254264832
COCO_val2014_000000038034,0.8010253310203552,0.757522463798523,-0.043502867221832275,0.713079035282135,0.685400128364563,-0.02767890691757202,0.23604129254817963,0.2825678586959839,0.04652656614780426
COCO_val2014_000000038186,0.8514845967292786,0.8302685022354126,-0.021216094493865967,0.7697855830192566,0.748928427696228,-0.020857155323028564,0.1916683316230774,0.2312677502632141,0.03959941864013672
COCO_val2014_000000038769,0.904629111289978,0.767552375793457,-0.137076735496521,0.684934139251709,0.6186873912811279,-0.06624674797058105,0.316810667514801,0.4949181377887726,0.17810747027397156
COCO_val2014_000000038817,0.8147059679031372,0.8112112879753113,-0.0034946799278259277,0.7436597347259521,0.7118251323699951,-0.03183460235595703,0.21243217587471008,0.28511399030685425,0.07268181443214417
COCO_val2014_000000038875,0.8151558041572571,0.8652364611625671,0.05008065700531006,0.7794283628463745,0.8136627078056335,0.03423434495925903,0.13970406353473663,0.10676181316375732,-0.03294225037097931
COCO_val2014_000000039405,0.8597012758255005,0.8713932633399963,0.01169198751449585,0.7145203948020935,0.7276365160942078,0.013116121292114258,0.24584871530532837,0.26277121901512146,0.01692250370979309
COCO_val2014_000000039663,0.8877162337303162,0.8863398432731628,-0.0013763904571533203,0.8488857746124268,0.8401356339454651,-0.00875014066696167,0.0659615695476532,0.07562527805566788,0.009663708508014679
COCO_val2014_000000039852,0.8749335408210754,0.8537114262580872,-0.02122211456298828,0.8225536346435547,0.8079733848571777,-0.014580249786376953,0.11266955733299255,0.12740689516067505,0.014737337827682495
COCO_val2014_000000040497,0.8519443273544312,0.8666701316833496,0.014725804328918457,0.8017477989196777,0.8126524686813354,0.010904669761657715,0.14671917259693146,0.12288720905780792,-0.023831963539123535
COCO_val2014_000000040602,0.9248026609420776,0.9322566986083984,0.007454037666320801,0.7621800303459167,0.7680005431175232,0.005820512771606445,0.22986815869808197,0.1886652261018753,-0.041202932596206665
COCO_val2014_000000040681,0.8619176149368286,0.8887527585029602,0.026835143566131592,0.6583552360534668,0.7184386253356934,0.06008338928222656,0.36581510305404663,0.28525209426879883,-0.0805630087852478
COCO_val2014_000000041110,0.9359095692634583,0.8855841159820557,-0.05032545328140259,0.8014914989471436,0.7479357719421387,-0.05355572700500488,0.13709932565689087,0.1864345818758011,0.04933525621891022
COCO_val2014_000000041603,0.8525137305259705,0.8401479125022888,-0.01236581802368164,0.7790706157684326,0.7556778192520142,-0.023392796516418457,0.1460258662700653,0.20574066042900085,0.05971479415893555
COCO_val2014_000000042260,0.9138675928115845,0.9255674481391907,0.011699855327606201,0.7672208547592163,0.7790229916572571,0.011802136898040771,0.19947125017642975,0.19998568296432495,0.0005144327878952026
COCO_val2014_000000042408,0.9157307147979736,0.9262909293174744,0.010560214519500732,0.8019976615905762,0.8103731870651245,0.00837552547454834,0.13350990414619446,0.13529746234416962,0.0017875581979751587
COCO_val2014_000000042482,0.915320098400116,0.8977212309837341,-0.017598867416381836,0.8109267950057983,0.7792001962661743,-0.03172659873962402,0.11522391438484192,0.17557880282402039,0.06035488843917847
COCO_val2014_000000042641,0.7103945016860962,0.728431224822998,0.018036723136901855,0.4520924985408783,0.4829188585281372,0.03082635998725891,0.8093963861465454,0.7382674217224121,-0.0711289644241333
COCO_val2014_000000042953,0.9100126624107361,0.9487895965576172,0.038776934146881104,0.8006462454795837,0.8364152908325195,0.03576904535293579,0.17212393879890442,0.10276100039482117,-0.06936293840408325
COCO_val2014_000000043243,0.874796450138092,0.9068775177001953,0.03208106756210327,0.7756458520889282,0.8009338974952698,0.025288045406341553,0.17885960638523102,0.14781662821769714,-0.031042978167533875
COCO_val2014_000000043261,0.8562493920326233,0.8461004495620728,-0.010148942470550537,0.7924138307571411,0.7853123545646667,-0.007101476192474365,0.16083818674087524,0.15641140937805176,-0.004426777362823486
COCO_val2014_000000043305,0.9137840867042542,0.9019343852996826,-0.011849701404571533,0.7933046817779541,0.7637467384338379,-0.02955794334411621,0.17243333160877228,0.20171619951725006,0.029282867908477783
COCO_val2014_000000043375,0.9374442100524902,0.9419698715209961,0.004525661468505859,0.8424123525619507,0.8361718654632568,-0.006240487098693848,0.0985443964600563,0.10602331161499023,0.0074789151549339294
COCO_val2014_000000043670,0.9410443902015686,0.946856677532196,0.005812287330627441,0.8244751691818237,0.813660740852356,-0.010814428329467773,0.14505720138549805,0.10516874492168427,-0.03988845646381378
COCO_val2014_000000043673,0.8424108624458313,0.8748868107795715,0.032475948333740234,0.6873133182525635,0.735023021697998,0.04770970344543457,0.29269734025001526,0.22398912906646729,-0.06870821118354797
COCO_val2014_000000043851,0.7872183918952942,0.78999263048172,0.0027742385864257812,0.6521438360214233,0.6027127504348755,-0.04943108558654785,0.37785524129867554,0.49686598777770996,0.11901074647903442
COCO_val2014_000000043944,0.8947412371635437,0.8742356300354004,-0.02050560712814331,0.8450233936309814,0.8253501653671265,-0.01967322826385498,0.08029007911682129,0.10956944525241852,0.02927936613559723
COCO_val2014_000000043961,0.9436478614807129,0.9517149329185486,0.008067071437835693,0.8621910214424133,0.857603907585144,-0.004587113857269287,0.05561733990907669,0.058797046542167664,0.003179706633090973
COCO_val2014_000000044269,0.7833840847015381,0.7509846687316895,-0.03239941596984863,0.7375779151916504,0.7136697173118591,-0.02390819787979126,0.23275162279605865,0.2575463354587555,0.02479471266269684
COCO_val2014_000000044347,0.9452514052391052,0.9166256189346313,-0.028625786304473877,0.8514494895935059,0.818684995174408,-0.0327644944190979,0.08975699543952942,0.11771051585674286,0.02795352041721344
COCO_val2014_000000044621,0.9499937891960144,0.8999494314193726,-0.050044357776641846,0.825235903263092,0.7641091346740723,-0.061126768589019775,0.1114424616098404,0.18286755681037903,0.07142509520053864
COCO_val2014_000000044934,0.9103649258613586,0.9095104932785034,-0.0008544325828552246,0.8647387027740479,0.8378598690032959,-0.026878833770751953,0.05674894154071808,0.08446617424488068,0.027717232704162598
COCO_val2014_000000045094,0.8545598983764648,0.801146924495697,-0.05341297388076782,0.7555043697357178,0.7320184707641602,-0.023485898971557617,0.21183985471725464,0.24726200103759766,0.03542214632034302
COCO_val2014_000000045248,0.9200549721717834,0.9348285794258118,0.01477360725402832,0.8000264167785645,0.819158673286438,0.019132256507873535,0.19024336338043213,0.17237481474876404,-0.01786854863166809
COCO_val2014_000000045463,0.8498984575271606,0.8400503993034363,-0.009848058223724365,0.7946432828903198,0.7741445302963257,-0.02049875259399414,0.14066123962402344,0.15586134791374207,0.015200108289718628
COCO_val2014_000000045721,0.9173474907875061,0.8953434228897095,-0.02200406789779663,0.7739914059638977,0.754008412361145,-0.019982993602752686,0.22529155015945435,0.27815568447113037,0.052864134311676025
COCO_val2014_000000045746,0.8879916071891785,0.8599275350570679,-0.028064072132110596,0.8349237442016602,0.8281856775283813,-0.006738066673278809,0.09736476838588715,0.11190928518772125,0.014544516801834106
COCO_val2014_000000045844,0.7894048094749451,0.824161946773529,0.034757137298583984,0.7802071571350098,0.7791701555252075,-0.001037001609802246,0.18140645325183868,0.19024232029914856,0.008835867047309875
COCO_val2014_000000046048,0.8289235234260559,0.8743636608123779,0.04544013738632202,0.6751883625984192,0.7273794412612915,0.052191078662872314,0.3275575637817383,0.25290217995643616,-0.07465538382530212
COCO_val2014_000000046101,0.8823097348213196,0.9095630645751953,0.027253329753875732,0.6582537889480591,0.7178575992584229,0.05960381031036377,0.4234524965286255,0.4145975708961487,-0.008854925632476807
COCO_val2014_000000046252,0.9142196774482727,0.9476382732391357,0.03341859579086304,0.7986791133880615,0.8228858709335327,0.02420675754547119,0.13566574454307556,0.11306070536375046,-0.022605039179325104
COCO_val2014_000000047361,0.8946342468261719,0.9067624807357788,0.012128233909606934,0.7304335832595825,0.7451798319816589,0.014746248722076416,0.28079092502593994,0.26919859647750854,-0.011592328548431396
COCO_val2014_000000047603,0.8744902610778809,0.8702574968338013,-0.00423276424407959,0.7071980237960815,0.7026622891426086,-0.0045357346534729,0.2591143846511841,0.2771094739437103,0.017995089292526245
COCO_val2014_000000047775,0.8801608085632324,0.8995109796524048,0.019350171089172363,0.7878024578094482,0.8032801151275635,0.015477657318115234,0.17497283220291138,0.1514567881822586,-0.02351604402065277
COCO_val2014_000000047916,0.8922247886657715,0.9081847667694092,0.015959978103637695,0.7678016424179077,0.7454357147216797,-0.022365927696228027,0.25240808725357056,0.2432018518447876,-0.009206235408782959
COCO_val2014_000000048281,0.9099560976028442,0.887672483921051,-0.022283613681793213,0.7670015096664429,0.7518644332885742,-0.015137076377868652,0.18764011561870575,0.22988519072532654,0.04224507510662079
COCO_val2014_000000048475,0.8435371518135071,0.8308528661727905,-0.012684285640716553,0.784295916557312,0.7676485776901245,-0.0166473388671875,0.17943397164344788,0.19466392695903778,0.015229955315589905
COCO_val2014_000000048684,0.8386015295982361,0.9194108247756958,0.08080929517745972,0.7374483346939087,0.8023601770401001,0.0649118423461914,0.24496880173683167,0.18080835044384003,-0.06416045129299164
COCO_val2014_000000049194,0.8577920198440552,0.8551639318466187,-0.0026280879974365234,0.6614416837692261,0.6362342834472656,-0.02520740032196045,0.4817165732383728,0.5370631814002991,0.05534660816192627
COCO_val2014_000000049985,0.8234055638313293,0.8379764556884766,0.014570891857147217,0.6820265650749207,0.7114288806915283,0.029402315616607666,0.3089783489704132,0.2675931453704834,-0.04138520359992981
COCO_val2014_000000050006,0.8983811736106873,0.9137517809867859,0.015370607376098633,0.8233346939086914,0.8365592956542969,0.013224601745605469,0.12531082332134247,0.10217764973640442,-0.02313317358493805
COCO_val2014_000000050350,0.8178517818450928,0.8542251586914062,0.03637337684631348,0.7308226823806763,0.7587647438049316,0.02794206142425537,0.2101317048072815,0.18073873221874237,-0.029392972588539124
COCO_val2014_000000050485,0.9287126660346985,0.9297115802764893,0.0009989142417907715,0.7206834554672241,0.723993718624115,0.003310263156890869,0.33277443051338196,0.3530500829219818,0.020275652408599854
COCO_val2014_000000050752,0.8950473666191101,0.925106406211853,0.03005903959274292,0.8034907579421997,0.8274273872375488,0.02393662929534912,0.13930004835128784,0.12016065418720245,-0.019139394164085388
COCO_val2014_000000050942,0.915825605392456,0.8833313584327698,-0.03249424695968628,0.7907850742340088,0.7253165245056152,-0.06546854972839355,0.16601553559303284,0.22800280153751373,0.061987265944480896
COCO_val2014_000000051025,0.9520690441131592,0.9419684410095215,-0.010100603103637695,0.8536602258682251,0.8435644507408142,-0.010095775127410889,0.08420129865407944,0.09532472491264343,0.011123426258563995
COCO_val2014_000000051028,0.7696428298950195,0.8049189448356628,0.03527611494064331,0.7934748530387878,0.8005802631378174,0.007105410099029541,0.13364551961421967,0.12218187749385834,-0.011463642120361328
COCO_val2014_000000051203,0.9011713266372681,0.8998051881790161,-0.0013661384582519531,0.7888216376304626,0.7706005573272705,-0.01822108030319214,0.19860275089740753,0.21603213250637054,0.017429381608963013
COCO_val2014_000000051376,0.8717558979988098,0.8906778693199158,0.018921971321105957,0.8148726224899292,0.8133434057235718,-0.0015292167663574219,0.12778419256210327,0.11746928095817566,-0.010314911603927612
COCO_val2014_000000051628,0.8226228356361389,0.8587309718132019,0.03610813617706299,0.685936689376831,0.7179100513458252,0.03197336196899414,0.35909706354141235,0.23830775916576385,-0.1207893043756485
COCO_val2014_000000051702,0.9069015383720398,0.9340787529945374,0.02717721462249756,0.8257282376289368,0.8462907075881958,0.020562469959259033,0.10945148766040802,0.0982501208782196,-0.011201366782188416
COCO_val2014_000000052232,0.8342875838279724,0.8358536958694458,0.0015661120414733887,0.7907251119613647,0.7801575660705566,-0.010567545890808105,0.16555052995681763,0.16846626996994019,0.0029157400131225586
COCO_val2014_000000052238,0.899279773235321,0.9348412752151489,0.03556150197982788,0.7776411771774292,0.8178346753120422,0.04019349813461304,0.1723727285861969,0.10944990813732147,-0.06292282044887543
COCO_val2014_000000052282,0.923783004283905,0.9351238012313843,0.011340796947479248,0.8343030214309692,0.8526673316955566,0.018364310264587402,0.09655438363552094,0.06270508468151093,-0.03384929895401001
COCO_val2014_000000052835,0.862165629863739,0.9035295248031616,0.04136389493942261,0.7530907392501831,0.7965182662010193,0.04342752695083618,0.19111749529838562,0.13035783171653748,-0.060759663581848145
COCO_val2014_000000053328,0.8612579703330994,0.8741401433944702,0.01288217306137085,0.7016748189926147,0.7382954955101013,0.03662067651748657,0.373524010181427,0.23339331150054932,-0.14013069868087769
COCO_val2014_000000053629,0.6378748416900635,0.6501894593238831,0.01231461763381958,0.6206716299057007,0.6308921575546265,0.010220527648925781,0.45375123620033264,0.4328099489212036,-0.02094128727912903
COCO_val2014_000000054039,0.8570122718811035,0.8796996474266052,0.02268737554550171,0.782983124256134,0.7932602167129517,0.010277092456817627,0.18182340264320374,0.14584724605083466,-0.03597615659236908
COCO_val2014_000000054092,0.8438947200775146,0.8884139657020569,0.044519245624542236,0.7987599968910217,0.8231956958770752,0.024435698986053467,0.1370221972465515,0.1101580262184143,-0.026864171028137207
COCO_val2014_000000054355,0.937403678894043,0.9532344937324524,0.015830814838409424,0.8239447474479675,0.8504003286361694,0.026455581188201904,0.11902643740177155,0.08091157674789429,-0.03811486065387726
COCO_val2014_000000054517,0.840139627456665,0.893115222454071,0.052975594997406006,0.7499836683273315,0.7931942939758301,0.043210625648498535,0.20483824610710144,0.1542241871356964,-0.05061405897140503
COCO_val2014_000000054533,0.8336384892463684,0.8736002445220947,0.03996175527572632,0.7618362903594971,0.7928580045700073,0.031021714210510254,0.2605234384536743,0.14269396662712097,-0.11782947182655334
COCO_val2014_000000054598,0.8842354416847229,0.9236786961555481,0.039443254470825195,0.7324648499488831,0.7956781387329102,0.0632132887840271,0.2486116886138916,0.1715276837348938,-0.0770840048789978
COCO_val2014_000000055017,0.9158693552017212,0.8962541818618774,-0.01961517333984375,0.8507215976715088,0.8131482601165771,-0.03757333755493164,0.08501822501420975,0.11187858879566193,0.02686036378145218
COCO_val2014_000000055466,0.9297404289245605,0.9474484324455261,0.017708003520965576,0.7508216500282288,0.802160382270813,0.05133873224258423,0.21023717522621155,0.19455486536026,-0.015682309865951538
COCO_val2014_000000055467,0.8862579464912415,0.8975180983543396,0.011260151863098145,0.7837166786193848,0.8158282041549683,0.032111525535583496,0.16798390448093414,0.1322035789489746,-0.035780325531959534
COCO_val2014_000000055768,0.9056978821754456,0.8293510675430298,-0.07634681463241577,0.8471723794937134,0.7785141468048096,-0.06865823268890381,0.07741797715425491,0.1748412847518921,0.09742330759763718
COCO_val2014_000000056002,0.8863881826400757,0.8475936651229858,-0.038794517517089844,0.6497602462768555,0.6560468673706055,0.00628662109375,0.37950462102890015,0.3784020245075226,-0.0011025965213775635
COCO_val2014_000000056070,0.8677191138267517,0.8977664113044739,0.030047297477722168,0.8097866773605347,0.8361018896102905,0.02631521224975586,0.1313035786151886,0.09839800000190735,-0.03290557861328125
COCO_val2014_000000056326,0.8759384751319885,0.9009840488433838,0.025045573711395264,0.7827790975570679,0.8027048110961914,0.019925713539123535,0.1489408314228058,0.13030469417572021,-0.01863613724708557
COCO_val2014_000000056724,0.9001953601837158,0.943274974822998,0.04307961463928223,0.7628213167190552,0.8161779642105103,0.05335664749145508,0.19162961840629578,0.1321447789669037,-0.05948483943939209
COCO_val2014_000000056752,0.7364093065261841,0.8089296221733093,0.07252031564712524,0.6597606539726257,0.6604120135307312,0.0006513595581054688,0.41866058111190796,0.48082083463668823,0.06216025352478027
COCO_val2014_000000056960,0.9330187439918518,0.9318802952766418,-0.001138448715209961,0.8374919891357422,0.810035228729248,-0.02745676040649414,0.09741181135177612,0.11252869665622711,0.015116885304450989
COCO_val2014_000000057508,0.6587192416191101,0.6047578454017639,-0.05396139621734619,0.5093871355056763,0.4896550178527832,-0.019732117652893066,0.6628826856613159,0.702791154384613,0.03990846872329712
COCO_val2014_000000057878,0.8374537825584412,0.8782596588134766,0.0408058762550354,0.6759836673736572,0.7113237380981445,0.035340070724487305,0.36211907863616943,0.2793358564376831,-0.08278322219848633
COCO_val2014_000000058304,0.8793798685073853,0.8749855756759644,-0.0043942928314208984,0.8053926229476929,0.8082177042961121,0.0028250813484191895,0.10010157525539398,0.11195676773786545,0.011855192482471466
COCO_val2014_000000058690,0.6793296337127686,0.6651656627655029,-0.014163970947265625,0.5470651388168335,0.5562325716018677,0.00916743278503418,0.6193751096725464,0.5698502063751221,-0.049524903297424316
COCO_val2014_000000059000,0.8947996497154236,0.898171067237854,0.00337141752243042,0.8138350248336792,0.8168813586235046,0.0030463337898254395,0.1318894773721695,0.12222599983215332,-0.009663477540016174
COCO_val2014_000000059015,0.8369773030281067,0.8523371815681458,0.015359878540039062,0.7058036923408508,0.7300577163696289,0.024254024028778076,0.2900937795639038,0.28675615787506104,-0.0033376216888427734
COCO_val2014_000000059744,0.7941692471504211,0.9118314385414124,0.11766219139099121,0.6595672369003296,0.768522322177887,0.10895508527755737,0.34809815883636475,0.20599041879177094,-0.1421077400445938
COCO_val2014_000000060128,0.8841870427131653,0.9042454957962036,0.02005845308303833,0.8295743465423584,0.8524298667907715,0.022855520248413086,0.08504477888345718,0.0726623460650444,-0.01238243281841278
COCO_val2014_000000060448,0.9146326780319214,0.9294992685317993,0.01486659049987793,0.7340486645698547,0.7516837120056152,0.017635047435760498,0.28308314085006714,0.2516961693763733,-0.03138697147369385
COCO_val2014_000000060835,0.8156228065490723,0.8508214354515076,0.0351986289024353,0.7125375866889954,0.729718804359436,0.017181217670440674,0.27834999561309814,0.24200215935707092,-0.03634783625602722
COCO_val2014_000000061315,0.8418821096420288,0.8052603602409363,-0.03662174940109253,0.7639472484588623,0.7299041748046875,-0.034043073654174805,0.17615261673927307,0.22016705572605133,0.04401443898677826
COCO_val2014_000000061520,0.8474203944206238,0.9210413098335266,0.07362091541290283,0.6994796991348267,0.7815848588943481,0.08210515975952148,0.3255990445613861,0.18898135423660278,-0.13661769032478333
COCO_val2014_000000061647,0.9279118776321411,0.921198308467865,-0.006713569164276123,0.7979341745376587,0.7967479825019836,-0.0011861920356750488,0.14793458580970764,0.1375221610069275,-0.010412424802780151
COCO_val2014_000000061693,0.8612847924232483,0.8225389122962952,-0.038745880126953125,0.7427517175674438,0.686130702495575,-0.056621015071868896,0.2314552515745163,0.39796799421310425,0.16651274263858795
COCO_val2014_000000061899,0.8329032063484192,0.8440475463867188,0.01114434003829956,0.7350766658782959,0.7344814538955688,-0.0005952119827270508,0.28845053911209106,0.2897431254386902,0.001292586326599121
COCO_val2014_000000062251,0.7655322551727295,0.776664137840271,0.011131882667541504,0.707888126373291,0.7039560079574585,-0.0039321184158325195,0.26611971855163574,0.2830392122268677,0.016919493675231934
COCO_val2014_000000062491,0.7940922379493713,0.6980032324790955,-0.09608900547027588,0.6450527906417847,0.6050070524215698,-0.040045738220214844,0.3984117805957794,0.5616112351417542,0.16319945454597473
COCO_val2014_000000062510,0.8696196675300598,0.873924732208252,0.004305064678192139,0.7775266170501709,0.7865011692047119,0.008974552154541016,0.18989384174346924,0.17073799669742584,-0.019155845046043396
COCO_val2014_000000063328,0.7677357792854309,0.8510391116142273,0.08330333232879639,0.6953029632568359,0.76470947265625,0.06940650939941406,0.26876941323280334,0.16328294575214386,-0.10548646748065948
COCO_val2014_000000063525,0.9327076077461243,0.926780104637146,-0.0059275031089782715,0.8284603953361511,0.8193742036819458,-0.009086191654205322,0.08707220107316971,0.1082184687256813,0.021146267652511597
COCO_val2014_000000064015,0.8956176042556763,0.9165709018707275,0.02095329761505127,0.7222046256065369,0.7652507424354553,0.04304611682891846,0.41398340463638306,0.35458919405937195,-0.05939421057701111
COCO_val2014_000000064121,0.8893288373947144,0.7858815789222717,-0.10344725847244263,0.6848154067993164,0.62917160987854,-0.05564379692077637,0.39739924669265747,0.4361626207828522,0.0387633740901947
COCO_val2014_000000064196,0.909119188785553,0.8816984295845032,-0.027420759201049805,0.8196350932121277,0.7931993007659912,-0.026435792446136475,0.10744841396808624,0.13589051365852356,0.028442099690437317
COCO_val2014_000000065358,0.7998276948928833,0.7805571556091309,-0.01927053928375244,0.742648720741272,0.7240796089172363,-0.018569111824035645,0.2422640025615692,0.2738630175590515,0.0315990149974823
COCO_val2014_000000065798,0.8741194009780884,0.8995299935340881,0.025410592555999756,0.740281343460083,0.706345796585083,-0.033935546875,0.24955175817012787,0.3740319609642029,0.12448020279407501
COCO_val2014_000000066072,0.8921759724617004,0.9412599205970764,0.04908394813537598,0.7712578773498535,0.8170849680900574,0.04582709074020386,0.21453285217285156,0.10934840887784958,-0.10518444329500198
COCO_val2014_000000066239,0.9253416657447815,0.9119370579719543,-0.013404607772827148,0.8079944849014282,0.7916079759597778,-0.01638650894165039,0.15990231931209564,0.17756956815719604,0.017667248845100403
COCO_val2014_000000066568,0.847601592540741,0.8579128384590149,0.010311245918273926,0.7620112895965576,0.7787744402885437,0.016763150691986084,0.19590109586715698,0.15811949968338013,-0.037781596183776855
COCO_val2014_000000066685,0.8710978031158447,0.8816678524017334,0.010570049285888672,0.8039673566818237,0.8150947093963623,0.011127352714538574,0.12682116031646729,0.11369447410106659,-0.013126686215400696
COCO_val2014_000000066771,0.8442054390907288,0.9060443043708801,0.06183886528015137,0.740284264087677,0.7733925580978394,0.033108294010162354,0.29914894700050354,0.2319507747888565,-0.06719817221164703
COCO_val2014_000000067018,0.9292092323303223,0.9393697381019592,0.010160505771636963,0.7692754864692688,0.7914888858795166,0.022213399410247803,0.21831464767456055,0.18907377123832703,-0.02924087643623352
COCO_val2014_000000067106,0.8592565655708313,0.9128845930099487,0.05362802743911743,0.6071341037750244,0.733976423740387,0.12684231996536255,0.4746605455875397,0.25168299674987793,-0.22297754883766174
COCO_val2014_000000067207,0.8958091139793396,0.9322275519371033,0.03641843795776367,0.7465329170227051,0.8144693374633789,0.06793642044067383,0.22397007048130035,0.11955182254314423,-0.10441824793815613
COCO_val2014_000000067412,0.887104868888855,0.8625268340110779,-0.0245780348777771,0.8151653409004211,0.7865403890609741,-0.02862495183944702,0.10951730608940125,0.1507740318775177,0.041256725788116455
COCO_val2014_000000067757,0.9190746545791626,0.9447113275527954,0.025636672973632812,0.6817659139633179,0.760414719581604,0.07864880561828613,0.33995550870895386,0.276711642742157,-0.06324386596679688
COCO_val2014_000000067833,0.8463481068611145,0.8531950116157532,0.006846904754638672,0.8074771165847778,0.7982085943222046,-0.009268522262573242,0.1352464258670807,0.1291424036026001,-0.006104022264480591
COCO_val2014_000000068059,0.9347153306007385,0.9416484236717224,0.006933093070983887,0.8549904823303223,0.8626223802566528,0.007631897926330566,0.06253999471664429,0.05389920622110367,-0.008640788495540619
COCO_val2014_000000068093,0.8970451951026917,0.9190659523010254,0.02202075719833374,0.776085376739502,0.8149261474609375,0.03884077072143555,0.18560729920864105,0.1284276247024536,-0.05717967450618744
COCO_val2014_000000068435,0.9392048716545105,0.9511241316795349,0.011919260025024414,0.8153001070022583,0.8340882062911987,0.01878809928894043,0.10420939326286316,0.09625346958637238,-0.007955923676490784
COCO_val2014_000000068525,0.9386975765228271,0.9678345322608948,0.029136955738067627,0.8080202341079712,0.8519784212112427,0.043958187103271484,0.1429031640291214,0.07702648639678955,-0.06587667763233185
COCO_val2014_000000068771,0.9389514327049255,0.9076874256134033,-0.03126400709152222,0.8216249942779541,0.7928323149681091,-0.02879267930984497,0.13272467255592346,0.144709050655365,0.011984378099441528
COCO_val2014_000000068833,0.875318706035614,0.8498532772064209,-0.025465428829193115,0.819174587726593,0.7899026870727539,-0.02927190065383911,0.116038978099823,0.16831432282924652,0.05227534472942352
COCO_val2014_000000069366,0.9166935682296753,0.9549539089202881,0.03826034069061279,0.7708635330200195,0.8329977989196777,0.0621342658996582,0.17259371280670166,0.09931084513664246,-0.0732828676700592
COCO_val2014_000000069544,0.916296660900116,0.8942527174949646,-0.022043943405151367,0.7724019289016724,0.7793697714805603,0.0069678425788879395,0.17025628685951233,0.17996405065059662,0.00970776379108429
COCO_val2014_000000069827,0.9136983752250671,0.9241767525672913,0.010478377342224121,0.6486243009567261,0.6550418138504028,0.006417512893676758,0.43796810507774353,0.43930381536483765,0.0013357102870941162
COCO_val2014_000000070048,0.9062884449958801,0.9188972115516663,0.012608766555786133,0.8199653625488281,0.8268529176712036,0.006887555122375488,0.10885420441627502,0.10316608846187592,-0.005688115954399109
COCO_val2014_000000070478,0.8536486029624939,0.86684650182724,0.013197898864746094,0.7278738021850586,0.730858325958252,0.0029845237731933594,0.3690153956413269,0.3159562349319458,-0.053059160709381104
COCO_val2014_000000070657,0.9049626588821411,0.9089513421058655,0.003988683223724365,0.8344504237174988,0.8325158357620239,-0.0019345879554748535,0.0909072756767273,0.10003708302974701,0.009129807353019714
COCO_val2014_000000071563,0.8078427314758301,0.7574662566184998,-0.05037647485733032,0.6854833364486694,0.6687549352645874,-0.01672840118408203,0.31735602021217346,0.3524678349494934,0.035111814737319946
COCO_val2014_000000071826,0.8663848638534546,0.8522805571556091,-0.014104306697845459,0.7869747281074524,0.7744511365890503,-0.0125235915184021,0.16479262709617615,0.17524151504039764,0.010448887944221497
COCO_val2014_000000071938,0.8926814198493958,0.90653395652771,0.013852536678314209,0.7750571966171265,0.7975603342056274,0.022503137588500977,0.16806821525096893,0.14159870147705078,-0.026469513773918152
COCO_val2014_000000072315,0.8990238904953003,0.8660686016082764,-0.032955288887023926,0.7581955194473267,0.7272257208824158,-0.03096979856491089,0.2461184859275818,0.2505514621734619,0.004432976245880127
COCO_val2014_000000072376,0.9208545088768005,0.9087538123130798,-0.012100696563720703,0.7852073907852173,0.7847803235054016,-0.00042706727981567383,0.2144145965576172,0.2225230634212494,0.008108466863632202
COCO_val2014_000000072536,0.8576160073280334,0.8469032049179077,-0.010712802410125732,0.8377884030342102,0.8344495892524719,-0.0033388137817382812,0.09403887391090393,0.0940769761800766,3.810226917266846e-05
COCO_val2014_000000072582,0.920006513595581,0.9056532382965088,-0.014353275299072266,0.7832933664321899,0.770916223526001,-0.012377142906188965,0.18440023064613342,0.19292473793029785,0.008524507284164429
COCO_val2014_000000072657,0.7274884581565857,0.7927955389022827,0.06530708074569702,0.6155953407287598,0.668149471282959,0.05255413055419922,0.4753396511077881,0.3672390580177307,-0.10810059309005737
COCO_val2014_000000073209,0.7694124579429626,0.8248317837715149,0.055419325828552246,0.7187971472740173,0.7504536509513855,0.031656503677368164,0.30850404500961304,0.20918112993240356,-0.09932291507720947
COCO_val2014_000000073256,0.91634202003479,0.9016947150230408,-0.014647305011749268,0.7693461179733276,0.7494989633560181,-0.01984715461730957,0.17666947841644287,0.2052491307258606,0.028579652309417725
COCO_val2014_000000073470,0.8633314371109009,0.7892709970474243,-0.07406044006347656,0.7717984914779663,0.7286102175712585,-0.043188273906707764,0.1789645254611969,0.24803248047828674,0.06906795501708984
COCO_val2014_000000074256,0.9448327422142029,0.9246773719787598,-0.020155370235443115,0.8005079627037048,0.7760795950889587,-0.024428367614746094,0.19262149930000305,0.2432679533958435,0.050646454095840454
COCO_val2014_000000074638,0.7356151342391968,0.6733920574188232,-0.062223076820373535,0.6756501197814941,0.6489229202270508,-0.02672719955444336,0.34215378761291504,0.40570902824401855,0.06355524063110352
COCO_val2014_000000075023,0.9436622858047485,0.944417417049408,0.0007551312446594238,0.8129587173461914,0.8289602994918823,0.016001582145690918,0.10591255128383636,0.08236933499574661,-0.023543216288089752
COCO_val2014_000000075183,0.8336358070373535,0.8414137363433838,0.0077779293060302734,0.7823315262794495,0.7682700753211975,-0.014061450958251953,0.15220120549201965,0.15390776097774506,0.0017065554857254028
COCO_val2014_000000075527,0.9144423007965088,0.88335120677948,-0.03109109401702881,0.7845702767372131,0.7500840425491333,-0.034486234188079834,0.15776005387306213,0.23139822483062744,0.07363817095756531
COCO_val2014_000000075563,0.9333285689353943,0.9533401727676392,0.020011603832244873,0.8223177194595337,0.8267954587936401,0.004477739334106445,0.12197620421648026,0.12646731734275818,0.004491113126277924
COCO_val2014_000000075612,0.9158832430839539,0.9374574422836304,0.021574199199676514,0.8079609870910645,0.824127197265625,0.016166210174560547,0.1333090364933014,0.0909111499786377,-0.042397886514663696
COCO_val2014_000000075696,0.8742930293083191,0.8956568837165833,0.02136385440826416,0.7800270318984985,0.7867673635482788,0.0067403316497802734,0.1748887598514557,0.14951062202453613,-0.025378137826919556
COCO_val2014_000000076416,0.9398351907730103,0.9392251372337341,-0.000610053539276123,0.8507866859436035,0.8524094820022583,0.0016227960586547852,0.0752425268292427,0.06722065061330795,-0.008021876215934753
COCO_val2014_000000076547,0.864496111869812,0.8516415953636169,-0.012854516506195068,0.7280839681625366,0.7125024795532227,-0.015581488609313965,0.2186780422925949,0.25981074571609497,0.04113270342350006
COCO_val2014_000000076588,0.8475968837738037,0.8908161520957947,0.04321926832199097,0.7208631038665771,0.7475250959396362,0.026661992073059082,0.28538447618484497,0.2011798620223999,-0.08420461416244507
COCO_val2014_000000076595,0.9168683290481567,0.8694167733192444,-0.047451555728912354,0.7617491483688354,0.7170865535736084,-0.04466259479522705,0.2157626450061798,0.27114027738571167,0.05537763237953186
COCO_val2014_000000076625,0.8481804132461548,0.7776333689689636,-0.07054704427719116,0.7656149864196777,0.712704598903656,-0.05291038751602173,0.1751544177532196,0.3079853057861328,0.1328308880329132
COCO_val2014_000000076844,0.9136970043182373,0.8994026184082031,-0.01429438591003418,0.8018603920936584,0.7891283631324768,-0.01273202896118164,0.13871493935585022,0.1788071095943451,0.04009217023849487
COCO_val2014_000000077050,0.5807347297668457,0.5956343412399292,0.014899611473083496,0.6651899814605713,0.6488385200500488,-0.01635146141052246,0.3683255910873413,0.3850758373737335,0.016750246286392212
COCO_val2014_000000077396,0.8981481194496155,0.9086940884590149,0.010545969009399414,0.7948888540267944,0.8068432807922363,0.011954426765441895,0.1443929523229599,0.1271340548992157,-0.0172588974237442
COCO_val2014_000000077415,0.8157250285148621,0.8242151141166687,0.00849008560180664,0.6632837653160095,0.6787097454071045,0.01542598009109497,0.35733169317245483,0.31737565994262695,-0.03995603322982788
COCO_val2014_000000077615,0.8483152985572815,0.8643635511398315,0.01604825258255005,0.6825994849205017,0.742753267288208,0.0601537823677063,0.3255597651004791,0.23235726356506348,-0.09320250153541565
COCO_val2014_000000077811,0.8704034090042114,0.8760159611701965,0.005612552165985107,0.7194952368736267,0.728942334651947,0.009447097778320312,0.2866462469100952,0.28357288241386414,-0.003073364496231079
COCO_val2014_000000077951,0.8936321139335632,0.9057755470275879,0.012143433094024658,0.7750993371009827,0.7846536040306091,0.009554266929626465,0.1814970225095749,0.1646880805492401,-0.016808941960334778
COCO_val2014_000000078060,0.9048100113868713,0.9097393155097961,0.004929304122924805,0.7375578284263611,0.7334511280059814,-0.004106700420379639,0.29426077008247375,0.27216774225234985,-0.0220930278301239
COCO_val2014_000000078176,0.767534077167511,0.7960768938064575,0.028542816638946533,0.710571825504303,0.7193906307220459,0.00881880521774292,0.36000603437423706,0.32383671402931213,-0.03616932034492493
COCO_val2014_000000078420,0.806754469871521,0.8057277798652649,-0.0010266900062561035,0.7644206881523132,0.7580270767211914,-0.006393611431121826,0.17575015127658844,0.17718079686164856,0.0014306455850601196
COCO_val2014_000000078748,0.8374138474464417,0.9039101004600525,0.06649625301361084,0.7698128819465637,0.8118388652801514,0.042025983333587646,0.15576612949371338,0.127935528755188,-0.02783060073852539
COCO_val2014_000000078823,0.8282565474510193,0.8654899001121521,0.03723335266113281,0.6734675168991089,0.6961920261383057,0.022724509239196777,0.3651408851146698,0.3402904272079468,-0.024850457906723022
COCO_val2014_000000079906,0.9122271537780762,0.8823056817054749,-0.02992147207260132,0.799374520778656,0.7890148162841797,-0.010359704494476318,0.17350122332572937,0.1746731847524643,0.0011719614267349243
COCO_val2014_000000080104,0.8029559254646301,0.8736887574195862,0.07073283195495605,0.666297197341919,0.7247356176376343,0.05843842029571533,0.39288055896759033,0.29142770171165466,-0.10145285725593567
COCO_val2014_000000080131,0.8094753623008728,0.7958518266677856,-0.013623535633087158,0.6818007826805115,0.6768947243690491,-0.004906058311462402,0.4041212201118469,0.44967445731163025,0.045553237199783325
COCO_val2014_000000080895,0.8807768821716309,0.9187890887260437,0.03801220655441284,0.7687621116638184,0.8102998733520508,0.04153776168823242,0.19198787212371826,0.149438738822937,-0.04254913330078125
COCO_val2014_000000081079,0.941602885723114,0.9490206241607666,0.007417738437652588,0.81389981508255,0.820369303226471,0.0064694881439208984,0.12122541666030884,0.12271693348884583,0.0014915168285369873
COCO_val2014_000000081287,0.7948928475379944,0.810440719127655,0.015547871589660645,0.7682639360427856,0.7751938700675964,0.006929934024810791,0.17011100053787231,0.16552770137786865,-0.004583299160003662
COCO_val2014_000000081315,0.8192186951637268,0.8090624213218689,-0.01015627384185791,0.7710002660751343,0.7708898782730103,-0.00011038780212402344,0.20970869064331055,0.20810091495513916,-0.0016077756881713867
COCO_val2014_000000081661,0.8244196772575378,0.8771563172340393,0.052736639976501465,0.7176812291145325,0.7561365365982056,0.038455307483673096,0.28674212098121643,0.235455721616745,-0.051286399364471436
COCO_val2014_000000081812,0.9180783629417419,0.8862316012382507,-0.03184676170349121,0.8223906755447388,0.7850711345672607,-0.03731954097747803,0.11011458933353424,0.15867260098457336,0.048558011651039124
COCO_val2014_000000082174,0.8609589338302612,0.7602277398109436,-0.10073119401931763,0.6791465878486633,0.6370065212249756,-0.042140066623687744,0.316889226436615,0.41105401515960693,0.09416478872299194
COCO_val2014_000000082263,0.8594009280204773,0.9105513095855713,0.051150381565093994,0.7621114253997803,0.7783299088478088,0.016218483448028564,0.20657214522361755,0.17391051352024078,-0.03266163170337677
COCO_val2014_000000082338,0.9506945610046387,0.9260313510894775,-0.024663209915161133,0.8396384716033936,0.8379392623901367,-0.001699209213256836,0.08156948536634445,0.0910743847489357,0.009504899382591248
COCO_val2014_000000082468,0.9223845601081848,0.9334574341773987,0.011072874069213867,0.8239780068397522,0.842583417892456,0.018605411052703857,0.11789023131132126,0.07025262713432312,-0.04763760417699814
COCO_val2014_000000082554,0.8407652974128723,0.7857010960578918,-0.05506420135498047,0.8277692198753357,0.7918863296508789,-0.03588289022445679,0.09850587695837021,0.136803537607193,0.038297660648822784
COCO_val2014_000000082668,0.8784850239753723,0.898520827293396,0.02003580331802368,0.7953900098800659,0.7964195013046265,0.0010294914245605469,0.13728055357933044,0.16530370712280273,0.02802315354347229
COCO_val2014_000000082787,0.865943431854248,0.8950663805007935,0.02912294864654541,0.8115596771240234,0.825602650642395,0.014042973518371582,0.11540903151035309,0.08488637953996658,-0.030522651970386505
COCO_val2014_000000082889,0.9532899260520935,0.9709651470184326,0.01767522096633911,0.752501904964447,0.8450634479522705,0.09256154298782349,0.2067369520664215,0.1057400107383728,-0.1009969413280487
COCO_val2014_000000083036,0.6576523184776306,0.6577027440071106,5.042552947998047e-05,0.6307675242424011,0.6215792894363403,-0.009188234806060791,0.4001047909259796,0.41993188858032227,0.01982709765434265
COCO_val2014_000000083283,0.934054434299469,0.9085752964019775,-0.025479137897491455,0.8170477151870728,0.7671325206756592,-0.049915194511413574,0.12493447959423065,0.20770195126533508,0.08276747167110443
COCO_val2014_000000083462,0.8597820401191711,0.8583942651748657,-0.00138777494430542,0.7848111391067505,0.7805207967758179,-0.004290342330932617,0.1597403585910797,0.17269369959831238,0.012953341007232666
COCO_val2014_000000083761,0.9062508940696716,0.9295724034309387,0.02332150936126709,0.7877142429351807,0.816215991973877,0.02850174903869629,0.18968465924263,0.15003564953804016,-0.039649009704589844
COCO_val2014_000000083844,0.8512955904006958,0.9097663164138794,0.058470726013183594,0.789190411567688,0.8365671038627625,0.04737669229507446,0.14453747868537903,0.0816626101732254,-0.06287486851215363
COCO_val2014_000000083850,0.8112242221832275,0.7894346117973328,-0.021789610385894775,0.7984272241592407,0.7578385472297668,-0.04058867692947388,0.11883478611707687,0.18954341113567352,0.07070862501859665
COCO_val2014_000000084442,0.8000749349594116,0.7671301364898682,-0.03294479846954346,0.8258283138275146,0.8003831505775452,-0.025445163249969482,0.10186581313610077,0.11701097339391708,0.015145160257816315
COCO_val2014_000000084540,0.9255220890045166,0.9316389560699463,0.0061168670654296875,0.8114484548568726,0.8063576221466064,-0.005090832710266113,0.15337017178535461,0.12723183631896973,-0.026138335466384888
COCO_val2014_000000085183,0.9583243727684021,0.9284736514091492,-0.02985072135925293,0.7976163625717163,0.7639195919036865,-0.033696770668029785,0.24367137253284454,0.3021830916404724,0.05851171910762787
COCO_val2014_000000085195,0.7631034255027771,0.8208290338516235,0.057725608348846436,0.6474939584732056,0.7001055479049683,0.052611589431762695,0.39630910754203796,0.2741274833679199,-0.12218162417411804
COCO_val2014_000000085340,0.9241788387298584,0.8959982991218567,-0.02818053960800171,0.8217042684555054,0.7852470874786377,-0.036457180976867676,0.11635136604309082,0.14619728922843933,0.02984592318534851
COCO_val2014_000000085390,0.7780156135559082,0.7549313306808472,-0.023084282875061035,0.7116121649742126,0.6854580640792847,-0.02615410089492798,0.25867170095443726,0.2790459096431732,0.020374208688735962
COCO_val2014_000000085556,0.8520311713218689,0.8910313248634338,0.03900015354156494,0.701879620552063,0.7442984580993652,0.042418837547302246,0.27747443318367004,0.20850098133087158,-0.06897345185279846
COCO_val2014_000000085632,0.8732945322990417,0.848159670829773,-0.0251348614692688,0.7803051471710205,0.7604531645774841,-0.019851982593536377,0.17959994077682495,0.21039578318595886,0.03079584240913391
COCO_val2014_000000085795,0.8465628027915955,0.8888859748840332,0.042323172092437744,0.6874725818634033,0.7396358847618103,0.05216330289840698,0.3385520577430725,0.25818565487861633,-0.08036640286445618
COCO_val2014_000000085826,0.8339141607284546,0.84697425365448,0.01306009292602539,0.6177055239677429,0.6356115341186523,0.017906010150909424,0.46058279275894165,0.40117597579956055,-0.059406816959381104
COCO_val2014_000000085940,0.8588616847991943,0.9002858996391296,0.0414242148399353,0.8273059725761414,0.8467435240745544,0.019437551498413086,0.09292681515216827,0.06951850652694702,-0.023408308625221252
COCO_val2014_000000086135,0.9192250370979309,0.8477429151535034,-0.07148212194442749,0.8348944187164307,0.7679072618484497,-0.06698715686798096,0.10425233840942383,0.15588878095149994,0.05163644254207611
COCO_val2014_000000086426,0.8718073964118958,0.9022022485733032,0.03039485216140747,0.7638183832168579,0.777440071105957,0.013621687889099121,0.1883646547794342,0.193264439702034,0.0048997849225997925
COCO_val2014_000000086755,0.9752662777900696,0.9789532423019409,0.003686964511871338,0.8264243602752686,0.8590874075889587,0.032663047313690186,0.11791149526834488,0.08389236032962799,-0.03401913493871689
COCO_val2014_000000087038,0.8831692934036255,0.8647642731666565,-0.018405020236968994,0.7969130277633667,0.7743160724639893,-0.02259695529937744,0.16994690895080566,0.21899956464767456,0.049052655696868896
COCO_val2014_000000087144,0.9139661192893982,0.939947783946991,0.025981664657592773,0.8041876554489136,0.8154059052467346,0.011218249797821045,0.1556224524974823,0.12577089667320251,-0.029851555824279785
COCO_val2014_000000087383,0.8785114288330078,0.8737038969993591,-0.004807531833648682,0.8271954655647278,0.8049602508544922,-0.022235214710235596,0.10911952704191208,0.1259259134531021,0.016806386411190033
COCO_val2014_000000087456,0.843849778175354,0.855478823184967,0.011629045009613037,0.7934787273406982,0.7761747241020203,-0.01730400323867798,0.13467103242874146,0.14186570048332214,0.0071946680545806885
COCO_val2014_000000087588,0.8813790678977966,0.9033965468406677,0.022017478942871094,0.7196648120880127,0.7330451011657715,0.013380289077758789,0.2686825394630432,0.23964905738830566,-0.02903348207473755
COCO_val2014_000000087740,0.948110044002533,0.9494127035140991,0.0013026595115661621,0.848789393901825,0.8165834546089172,-0.032205939292907715,0.0633532777428627,0.09739100933074951,0.03403773158788681
COCO_val2014_000000087998,0.8745189905166626,0.8952698111534119,0.020750820636749268,0.8104402422904968,0.8209494352340698,0.010509192943572998,0.13377965986728668,0.1395391821861267,0.005759522318840027
COCO_val2014_000000088244,0.8886358737945557,0.8995451331138611,0.01090925931930542,0.8332022428512573,0.8410145044326782,0.0078122615814208984,0.11481955647468567,0.11127475649118423,-0.0035447999835014343
COCO_val2014_000000088252,0.8226325511932373,0.8097694516181946,-0.012863099575042725,0.6714968681335449,0.6522389650344849,-0.01925790309906006,0.3931790292263031,0.4472057819366455,0.05402675271034241
COCO_val2014_000000088436,0.8977466225624084,0.8867762684822083,-0.010970354080200195,0.817463755607605,0.7746291160583496,-0.04283463954925537,0.1355610191822052,0.16398575901985168,0.028424739837646484
COCO_val2014_000000088513,0.8264452815055847,0.8701521754264832,0.04370689392089844,0.5966411828994751,0.6624085903167725,0.06576740741729736,0.4803379774093628,0.3690130114555359,-0.1113249659538269
COCO_val2014_000000088562,0.844822108745575,0.8896066546440125,0.0447845458984375,0.7860255241394043,0.8168586492538452,0.030833125114440918,0.14958834648132324,0.11327649652957916,-0.03631184995174408
COCO_val2014_000000089362,0.9634642004966736,0.9122021198272705,-0.051262080669403076,0.8680957555770874,0.8013014793395996,-0.06679427623748779,0.052212394773960114,0.13302822411060333,0.08081582933664322
COCO_val2014_000000089378,0.8865172266960144,0.9421483874320984,0.055631160736083984,0.7435290813446045,0.8414046764373779,0.09787559509277344,0.2551928758621216,0.08699370920658112,-0.16819916665554047
COCO_val2014_000000089556,0.9438719153404236,0.9485461115837097,0.004674196243286133,0.8782147169113159,0.8787782788276672,0.0005635619163513184,0.050594914704561234,0.050581194460392,-1.372024416923523e-05
COCO_val2014_000000089589,0.8510106801986694,0.8419914245605469,-0.009019255638122559,0.717003345489502,0.6853739023208618,-0.03162944316864014,0.30143439769744873,0.3466479182243347,0.045213520526885986
COCO_val2014_000000090020,0.8985209465026855,0.8608490824699402,-0.03767186403274536,0.7971857786178589,0.7859748601913452,-0.011210918426513672,0.13881105184555054,0.19997447729110718,0.06116342544555664
COCO_val2014_000000090138,0.8801270723342896,0.8811187744140625,0.0009917020797729492,0.7988349199295044,0.8030674457550049,0.004232525825500488,0.1321672797203064,0.13302184641361237,0.0008545666933059692
COCO_val2014_000000090373,0.822153627872467,0.8474008440971375,0.02524721622467041,0.7448853254318237,0.7603514194488525,0.015466094017028809,0.22290784120559692,0.1924409419298172,-0.030466899275779724
COCO_val2014_000000090616,0.8974958062171936,0.9169996380805969,0.01950383186340332,0.806858479976654,0.8152942061424255,0.008435726165771484,0.12271837890148163,0.13239431381225586,0.009675934910774231
COCO_val2014_000000090645,0.7375312447547913,0.7090563178062439,-0.028474926948547363,0.7116133570671082,0.7065892815589905,-0.005024075508117676,0.2631663680076599,0.26113033294677734,-0.0020360350608825684
COCO_val2014_000000090659,0.8347446918487549,0.8489284515380859,0.014183759689331055,0.6798820495605469,0.7188220024108887,0.0389399528503418,0.3804832100868225,0.28970223665237427,-0.09078097343444824
COCO_val2014_000000090707,0.921596348285675,0.9306879639625549,0.009091615676879883,0.8395087718963623,0.8458645343780518,0.006355762481689453,0.11678294837474823,0.09771488606929779,-0.01906806230545044
COCO_val2014_000000090804,0.8405784964561462,0.821744441986084,-0.018834054470062256,0.7778517007827759,0.7697811126708984,-0.008070588111877441,0.1763603389263153,0.19989316165447235,0.023532822728157043
COCO_val2014_000000091080,0.8464495539665222,0.8087960481643677,-0.03765350580215454,0.7787832021713257,0.7639921307563782,-0.01479107141494751,0.1628163754940033,0.1991289258003235,0.03631255030632019
COCO_val2014_000000091283,0.8670095205307007,0.8792553544044495,0.01224583387374878,0.7562320232391357,0.777305006980896,0.021072983741760254,0.18997973203659058,0.15687195956707,-0.03310777246952057
COCO_val2014_000000091326,0.8898167610168457,0.8849551677703857,-0.004861593246459961,0.726944625377655,0.7351822853088379,0.008237659931182861,0.24662283062934875,0.2301664650440216,-0.01645636558532715
COCO_val2014_000000091500,0.9280481934547424,0.9141331911087036,-0.013915002346038818,0.7672421932220459,0.7474591732025146,-0.01978302001953125,0.25090837478637695,0.2580527663230896,0.0071443915367126465
COCO_val2014_000000091617,0.8713639378547668,0.8541906476020813,-0.017173290252685547,0.7553281784057617,0.751706600189209,-0.0036215782165527344,0.21051327884197235,0.2203129380941391,0.009799659252166748
COCO_val2014_000000091779,0.8804156184196472,0.8926271200180054,0.012211501598358154,0.8259917497634888,0.8267388939857483,0.0007471442222595215,0.10549113899469376,0.10746097564697266,0.0019698366522789
COCO_val2014_000000091883,0.8607082366943359,0.875141441822052,0.014433205127716064,0.8045629858970642,0.8080742359161377,0.0035112500190734863,0.13624921441078186,0.1405366063117981,0.004287391901016235
COCO_val2014_000000092134,0.7635971307754517,0.7336682677268982,-0.029928863048553467,0.7230033874511719,0.6795567274093628,-0.04344666004180908,0.23888984322547913,0.30292555689811707,0.06403571367263794
COCO_val2014_000000092519,0.8512840867042542,0.8903475999832153,0.03906351327896118,0.7919133901596069,0.813209593296051,0.021296203136444092,0.1547817587852478,0.11621223390102386,-0.03856952488422394
COCO_val2014_000000092602,0.8021169304847717,0.8044335246086121,0.002316594123840332,0.8099652528762817,0.7927621603012085,-0.017203092575073242,0.15533682703971863,0.18065986037254333,0.025323033332824707
COCO_val2014_000000092801,0.7637456059455872,0.7145333290100098,-0.04921227693557739,0.5797519683837891,0.5611706972122192,-0.018581271171569824,0.7095798254013062,0.7793864011764526,0.06980657577514648
COCO_val2014_000000092998,0.917328953742981,0.8735851645469666,-0.043743789196014404,0.786869466304779,0.7437324523925781,-0.04313701391220093,0.1850445568561554,0.24025362730026245,0.055209070444107056
COCO_val2014_000000093353,0.7324663996696472,0.8305531740188599,0.09808677434921265,0.6034191846847534,0.6643794178962708,0.060960233211517334,0.47485822439193726,0.36391738057136536,-0.1109408438205719
COCO_val2014_000000093476,0.8066505789756775,0.7758312225341797,-0.030819356441497803,0.6066831350326538,0.6169078350067139,0.010224699974060059,0.4880984425544739,0.4717758893966675,-0.016322553157806396
COCO_val2014_000000093620,0.910291314125061,0.9012059569358826,-0.009085357189178467,0.8211952447891235,0.7865413427352905,-0.03465390205383301,0.12219403684139252,0.16600258648395538,0.043808549642562866
COCO_val2014_000000093763,0.8343868851661682,0.8742101192474365,0.03982323408126831,0.7505122423171997,0.7610945701599121,0.010582327842712402,0.27601301670074463,0.225452721118927,-0.05056029558181763
COCO_val2014_000000093893,0.8735108971595764,0.9090570211410522,0.03554612398147583,0.7474039196968079,0.8021284341812134,0.05472451448440552,0.20104704797267914,0.1320142149925232,-0.06903283298015594
COCO_val2014_000000093948,0.9149006009101868,0.9088237285614014,-0.0060768723487854,0.7773116827011108,0.7732685804367065,-0.004043102264404297,0.15993618965148926,0.21185816824436188,0.05192197859287262
COCO_val2014_000000094422,0.899272084236145,0.9265663623809814,0.027294278144836426,0.7112341523170471,0.7833864688873291,0.07215231657028198,0.33097168803215027,0.2240782380104065,-0.10689345002174377
COCO_val2014_000000095062,0.8661887645721436,0.9197160601615906,0.05352729558944702,0.7714897394180298,0.8329033851623535,0.06141364574432373,0.17065216600894928,0.10076691210269928,-0.06988525390625
COCO_val2014_000000095297,0.9112481474876404,0.8800551295280457,-0.031193017959594727,0.8091586828231812,0.7740150690078735,-0.03514361381530762,0.12419150769710541,0.17771302163600922,0.05352151393890381
COCO_val2014_000000096043,0.9084637761116028,0.9037507176399231,-0.0047130584716796875,0.8080984354019165,0.7968798875808716,-0.011218547821044922,0.13125382363796234,0.11212530732154846,-0.01912851631641388
COCO_val2014_000000096048,0.8755025863647461,0.902623176574707,0.027120590209960938,0.7143741846084595,0.7359065413475037,0.02153235673904419,0.26438167691230774,0.23307834565639496,-0.03130333125591278
COCO_val2014_000000096110,0.9468696117401123,0.9172032475471497,-0.029666364192962646,0.856657862663269,0.7658380270004272,-0.0908198356628418,0.12990224361419678,0.23275060951709747,0.1028483659029007
COCO_val2014_000000096207,0.8952900767326355,0.8620768189430237,-0.033213257789611816,0.811444103717804,0.7278757095336914,-0.08356839418411255,0.15791085362434387,0.2829265594482422,0.12501570582389832
COCO_val2014_000000096215,0.9338347315788269,0.9263325333595276,-0.007502198219299316,0.8247584104537964,0.8024377822875977,-0.02232062816619873,0.12546399235725403,0.13114085793495178,0.005676865577697754
COCO_val2014_000000096306,0.9411810040473938,0.8996760845184326,-0.04150491952896118,0.839146614074707,0.7961050271987915,-0.04304158687591553,0.1041080579161644,0.15582475066184998,0.05171669274568558
COCO_val2014_000000096351,0.9103252291679382,0.919175386428833,0.008850157260894775,0.8179993033409119,0.8283498287200928,0.010350525379180908,0.10145920515060425,0.0951564759016037,-0.006302729249000549
COCO_val2014_000000096539,0.8816521763801575,0.8838974833488464,0.002245306968688965,0.7362514734268188,0.717744767665863,-0.01850670576095581,0.23703652620315552,0.2628992795944214,0.02586275339126587
COCO_val2014_000000096832,0.8957391977310181,0.9052984118461609,0.009559214115142822,0.7930574417114258,0.7928413152694702,-0.0002161264419555664,0.14476561546325684,0.13880407810211182,-0.0059615373611450195
COCO_val2014_000000097036,0.9145837426185608,0.8845130205154419,-0.030070722103118896,0.7353041172027588,0.6985409259796143,-0.03676319122314453,0.20669245719909668,0.2507633864879608,0.044070929288864136
COCO_val2014_000000097146,0.8886932730674744,0.8990277647972107,0.010334491729736328,0.7669510841369629,0.7712798714637756,0.004328787326812744,0.1870296448469162,0.17543141543865204,-0.01159822940826416
COCO_val2014_000000097264,0.9485396146774292,0.9421294927597046,-0.006410121917724609,0.8545964956283569,0.8310534954071045,-0.02354300022125244,0.06597975641489029,0.08558760583400726,0.019607849419116974
COCO_val2014_000000097379,0.9086256623268127,0.9033776521682739,-0.005248010158538818,0.8127111792564392,0.8013563752174377,-0.011354804039001465,0.11379539966583252,0.1267031729221344,0.01290777325630188
COCO_val2014_000000097479,0.9373407363891602,0.95704185962677,0.019701123237609863,0.7782630920410156,0.8128477334976196,0.034584641456604004,0.17424868047237396,0.13551297783851624,-0.03873570263385773
COCO_val2014_000000097561,0.8838587403297424,0.8763916492462158,-0.007467091083526611,0.7976709604263306,0.7889981269836426,-0.008672833442687988,0.14668165147304535,0.16681313514709473,0.020131483674049377
COCO_val2014_000000097579,0.8114223480224609,0.8156309127807617,0.004208564758300781,0.7148339748382568,0.7320874929428101,0.017253518104553223,0.279054194688797,0.253368616104126,-0.02568557858467102
COCO_val2014_000000097679,0.9227410554885864,0.926147997379303,0.0034069418907165527,0.842204213142395,0.8351906538009644,-0.007013559341430664,0.07456908375024796,0.07450689375400543,-6.21899962425232e-05
COCO_val2014_000000097857,0.8914457559585571,0.8813032507896423,-0.010142505168914795,0.8039190173149109,0.7836246490478516,-0.020294368267059326,0.15972590446472168,0.1861378401517868,0.026411935687065125
COCO_val2014_000000097958,0.8092159628868103,0.8586055636405945,0.04938960075378418,0.6077163815498352,0.6530705690383911,0.04535418748855591,0.594062089920044,0.5332691669464111,-0.06079292297363281
COCO_val2014_000000097967,0.8112890124320984,0.7499386668205261,-0.061350345611572266,0.7910287380218506,0.717382550239563,-0.0736461877822876,0.15944638848304749,0.2887018024921417,0.12925541400909424
COCO_val2014_000000098003,0.8797982335090637,0.8985469937324524,0.018748760223388672,0.7806970477104187,0.7923377752304077,0.011640727519989014,0.16759391129016876,0.15094459056854248,-0.016649320721626282
COCO_val2014_000000098520,0.8082268834114075,0.8631724119186401,0.054945528507232666,0.7148295640945435,0.7455154657363892,0.030685901641845703,0.2453709840774536,0.18050312995910645,-0.06486785411834717
COCO_val2014_000000098658,0.8125262260437012,0.8538886308670044,0.04136240482330322,0.7268772125244141,0.7570049166679382,0.03012770414352417,0.2446850687265396,0.21251115202903748,-0.032173916697502136
COCO_val2014_000000098683,0.9193621873855591,0.9227758049964905,0.0034136176109313965,0.735713005065918,0.7630904912948608,0.02737748622894287,0.2273891568183899,0.20967254042625427,-0.01771661639213562
COCO_val2014_000000098895,0.9361799955368042,0.9365344047546387,0.00035440921783447266,0.8176189661026001,0.7692081332206726,-0.04841083288192749,0.13205724954605103,0.20102684199810028,0.06896959245204926
COCO_val2014_000000099348,0.8525203466415405,0.8184362053871155,-0.03408414125442505,0.776463508605957,0.7115341424942017,-0.06492936611175537,0.2078867405653,0.3019779622554779,0.09409122169017792
COCO_val2014_000000099428,0.7589254379272461,0.7962000370025635,0.03727459907531738,0.7702670097351074,0.7987782955169678,0.02851128578186035,0.1782507598400116,0.15145084261894226,-0.026799917221069336
COCO_val2014_000000099645,0.9222787618637085,0.9308524131774902,0.008573651313781738,0.7972314357757568,0.8057939410209656,0.00856250524520874,0.16336217522621155,0.1410904824733734,-0.022271692752838135
COCO_val2014_000000099794,0.7390069961547852,0.6627148389816284,-0.07629215717315674,0.6688494682312012,0.6224997043609619,-0.04634976387023926,0.36023202538490295,0.5106844902038574,0.15045246481895447
COCO_val2014_000000099875,0.9122525453567505,0.9261997938156128,0.013947248458862305,0.7998226881027222,0.8106771111488342,0.01085442304611206,0.15982089936733246,0.12854963541030884,-0.03127126395702362
COCO_val2014_000000099938,0.8612067699432373,0.9245924949645996,0.0633857250213623,0.7587522268295288,0.8114526867866516,0.0527004599571228,0.19084671139717102,0.10299758613109589,-0.08784912526607513
COCO_val2014_000000100000,0.9029971361160278,0.8755146861076355,-0.027482450008392334,0.7735349535942078,0.7527059316635132,-0.02082902193069458,0.1733330488204956,0.199072003364563,0.025738954544067383
COCO_val2014_000000100083,0.9447433948516846,0.9334537386894226,-0.011289656162261963,0.8555527925491333,0.8483522534370422,-0.0072005391120910645,0.07167975604534149,0.07393424212932587,0.002254486083984375
COCO_val2014_000000100238,0.8837005496025085,0.8910360932350159,0.007335543632507324,0.7611145377159119,0.765979528427124,0.004864990711212158,0.19545377790927887,0.1885887235403061,-0.006865054368972778
COCO_val2014_000000100245,0.6245672702789307,0.7037147879600525,0.07914751768112183,0.6879884600639343,0.7411702871322632,0.05318182706832886,0.33189868927001953,0.23153135180473328,-0.10036733746528625
COCO_val2014_000000100283,0.9074963331222534,0.8817227482795715,-0.025773584842681885,0.8190608024597168,0.7956200838088989,-0.02344071865081787,0.1039779931306839,0.13793006539344788,0.03395207226276398
COCO_val2014_000000100306,0.9686845541000366,0.9777191281318665,0.009034574031829834,0.7591878175735474,0.829265296459198,0.07007747888565063,0.24425344169139862,0.149430513381958,-0.09482292830944061
COCO_val2014_000000100850,0.9174975156784058,0.8694244027137756,-0.04807311296463013,0.8334420323371887,0.7791123390197754,-0.05432969331741333,0.10632903128862381,0.2044655978679657,0.09813656657934189
COCO_val2014_000000100977,0.8334325551986694,0.8000605702400208,-0.03337198495864868,0.7125386595726013,0.6859502792358398,-0.026588380336761475,0.25557389855384827,0.2746053636074066,0.01903146505355835
COCO_val2014_000000101189,0.7131466269493103,0.8733120560646057,0.1601654291152954,0.6249721050262451,0.7554853558540344,0.1305132508277893,0.4236046373844147,0.22391778230667114,-0.19968685507774353
COCO_val2014_000000101933,0.8123512864112854,0.9305446743965149,0.11819338798522949,0.7105855941772461,0.7896103858947754,0.0790247917175293,0.30975207686424255,0.21777455508708954,-0.09197752177715302
COCO_val2014_000000101936,0.9068122506141663,0.9155476689338684,0.008735418319702148,0.8389689922332764,0.8404150009155273,0.0014460086822509766,0.09114816784858704,0.091083824634552,-6.434321403503418e-05
COCO_val2014_000000102625,0.8680541515350342,0.8695940971374512,0.0015399456024169922,0.7968814373016357,0.8049221634864807,0.00804072618484497,0.16210120916366577,0.1474914848804474,-0.014609724283218384
COCO_val2014_000000102837,0.9578806161880493,0.9632701277732849,0.005389511585235596,0.7747326493263245,0.8068459033966064,0.03211325407028198,0.20629127323627472,0.17247477173805237,-0.03381650149822235
COCO_val2014_000000102978,0.8607822060585022,0.8741074800491333,0.013325273990631104,0.8598383665084839,0.8618755340576172,0.0020371675491333008,0.06852418184280396,0.06504000723361969,-0.003484174609184265
COCO_val2014_000000103122,0.8554040193557739,0.902678906917572,0.047274887561798096,0.703406572341919,0.7721830010414124,0.06877642869949341,0.2954450845718384,0.1971660554409027,-0.09827902913093567
COCO_val2014_000000103558,0.8958691954612732,0.8955497741699219,-0.00031942129135131836,0.7528256177902222,0.7619697451591492,0.009144127368927002,0.21734079718589783,0.21227310597896576,-0.005067691206932068
COCO_val2014_000000103870,0.7484993934631348,0.8036307692527771,0.055131375789642334,0.644571840763092,0.692352831363678,0.04778099060058594,0.3731132447719574,0.28269875049591064,-0.09041449427604675
COCO_val2014_000000104326,0.860531210899353,0.9034615755081177,0.04293036460876465,0.7636409997940063,0.7859325408935547,0.02229154109954834,0.1884188950061798,0.15634088218212128,-0.03207801282405853
COCO_val2014_000000104495,0.8837481737136841,0.9134500622749329,0.02970188856124878,0.8127932548522949,0.8267030119895935,0.013909757137298584,0.10600373148918152,0.10217107832431793,-0.0038326531648635864
COCO_val2014_000000104625,0.8478881120681763,0.8250092267990112,-0.02287888526916504,0.7338491082191467,0.7205567359924316,-0.013292372226715088,0.22308912873268127,0.2253286987543106,0.0022395700216293335
COCO_val2014_000000105040,0.855532705783844,0.8451544046401978,-0.01037830114364624,0.8210290670394897,0.7734597325325012,-0.047569334506988525,0.11287936568260193,0.18178990483283997,0.06891053915023804
COCO_val2014_000000105291,0.7967345714569092,0.8344427347183228,0.037708163261413574,0.6664232015609741,0.6873399019241333,0.02091670036315918,0.36164963245391846,0.33318501710891724,-0.02846461534500122
COCO_val2014_000000105538,0.880955696105957,0.9339343905448914,0.052978694438934326,0.7983355522155762,0.8412434458732605,0.042907893657684326,0.11814549565315247,0.0803912878036499,-0.037754207849502563
COCO_val2014_000000105732,0.9000905156135559,0.8935527205467224,-0.006537795066833496,0.8039330840110779,0.7864349484443665,-0.017498135566711426,0.13814768195152283,0.16220368444919586,0.024056002497673035
COCO_val2014_000000105885,0.8832260966300964,0.8953679800033569,0.012141883373260498,0.7988651990890503,0.8099762201309204,0.011111021041870117,0.14529874920845032,0.12582528591156006,-0.01947346329689026
COCO_val2014_000000106180,0.8373055458068848,0.8990949988365173,0.06178945302963257,0.7171624898910522,0.7963079214096069,0.07914543151855469,0.2721402645111084,0.14219264686107635,-0.12994761765003204
COCO_val2014_000000106244,0.8847485184669495,0.8688296675682068,-0.015918850898742676,0.7848838567733765,0.766912579536438,-0.017971277236938477,0.22903560101985931,0.2991286516189575,0.0700930505990982
COCO_val2014_000000106344,0.847923219203949,0.8486531972885132,0.000729978084564209,0.7248448133468628,0.7173377275466919,-0.0075070858001708984,0.2600758373737335,0.3133423924446106,0.053266555070877075
COCO_val2014_000000106392,0.8475286960601807,0.8567607402801514,0.009232044219970703,0.7922523021697998,0.8031954169273376,0.010943114757537842,0.16164802014827728,0.17208793759346008,0.0104399174451828
COCO_val2014_000000106411,0.9492835998535156,0.9069662690162659,-0.042317330837249756,0.801663875579834,0.7343230843544006,-0.06734079122543335,0.13529223203659058,0.23317719995975494,0.09788496792316437
COCO_val2014_000000106810,0.9021168351173401,0.8798043131828308,-0.022312521934509277,0.7359356880187988,0.7142525911331177,-0.021683096885681152,0.2693723440170288,0.35412004590034485,0.08474770188331604
COCO_val2014_000000106909,0.8845405578613281,0.8606762886047363,-0.023864269256591797,0.818450927734375,0.800662636756897,-0.017788290977478027,0.10468335449695587,0.11866818368434906,0.013984829187393188
COCO_val2014_000000107304,0.7919725179672241,0.8036006689071655,0.011628150939941406,0.6709362268447876,0.7019187211990356,0.030982494354248047,0.3831407427787781,0.39784958958625793,0.014708846807479858
COCO_val2014_000000107596,0.9022870063781738,0.8883800506591797,-0.01390695571899414,0.7818769216537476,0.7610338926315308,-0.020843029022216797,0.20170006155967712,0.1906229555606842,-0.01107710599899292
COCO_val2014_000000108484,0.8970151543617249,0.9228768348693848,0.025861680507659912,0.7750706076622009,0.8080610036849976,0.03299039602279663,0.17043404281139374,0.1287778615951538,-0.04165618121623993
COCO_val2014_000000109291,0.9137080907821655,0.9419606924057007,0.028252601623535156,0.5864178538322449,0.6796215176582336,0.09320366382598877,0.5356905460357666,0.37708234786987305,-0.15860819816589355
COCO_val2014_000000109441,0.8457739353179932,0.8405686616897583,-0.005205273628234863,0.7997727394104004,0.7978103160858154,-0.001962423324584961,0.1302112638950348,0.13656070828437805,0.006349444389343262
COCO_val2014_000000109532,0.8109967708587646,0.8277627229690552,0.016765952110290527,0.763873279094696,0.7858160734176636,0.02194279432296753,0.18927182257175446,0.17744353413581848,-0.011828288435935974
COCO_val2014_000000109976,0.7577134370803833,0.744637668132782,-0.013075768947601318,0.682662308216095,0.6649444103240967,-0.01771789789199829,0.30904245376586914,0.366780161857605,0.05773770809173584
COCO_val2014_000000110048,0.8402644395828247,0.8814138770103455,0.04114943742752075,0.8048033714294434,0.8101813793182373,0.005378007888793945,0.18289577960968018,0.12608608603477478,-0.056809693574905396
COCO_val2014_000000110081,0.8484446406364441,0.870398759841919,0.021954119205474854,0.7719056606292725,0.7788952589035034,0.006989598274230957,0.21076679229736328,0.20270198583602905,-0.008064806461334229
COCO_val2014_000000111448,0.8831366300582886,0.8737663626670837,-0.009370267391204834,0.7742217779159546,0.7474555373191833,-0.02676624059677124,0.20168502628803253,0.22669342160224915,0.025008395314216614
COCO_val2014_000000112093,0.9295939207077026,0.9288562536239624,-0.0007376670837402344,0.8043718338012695,0.8087769746780396,0.0044051408767700195,0.12614691257476807,0.10598206520080566,-0.020164847373962402
COCO_val2014_000000112437,0.8941318392753601,0.8985443115234375,0.004412472248077393,0.7106176614761353,0.7258383631706238,0.015220701694488525,0.274255633354187,0.25096777081489563,-0.023287862539291382
COCO_val2014_000000112568,0.7674354314804077,0.7338120341300964,-0.03362339735031128,0.6961293816566467,0.6688909530639648,-0.027238428592681885,0.2531214952468872,0.330328106880188,0.07720661163330078
COCO_val2014_000000112586,0.841300904750824,0.870056688785553,0.028755784034729004,0.7390891313552856,0.7497456073760986,0.010656476020812988,0.2711881399154663,0.22246484458446503,-0.04872329533100128
COCO_val2014_000000112591,0.8780028223991394,0.8879625797271729,0.009959757328033447,0.7170982956886292,0.7283389568328857,0.011240661144256592,0.2698085308074951,0.2526732385158539,-0.017135292291641235
COCO_val2014_000000112818,0.8511004447937012,0.8761933445930481,0.025092899799346924,0.8050727248191833,0.8237336874008179,0.01866096258163452,0.13054168224334717,0.10560126602649689,-0.02494041621685028
COCO_val2014_000000112830,0.7911282777786255,0.7960618734359741,0.004933595657348633,0.7595404386520386,0.7363318800926208,-0.023208558559417725,0.2635915279388428,0.25163406133651733,-0.01195746660232544
COCO_val2014_000000112904,0.8322899341583252,0.8139742016792297,-0.01831573247909546,0.7795007228851318,0.7531107664108276,-0.0263899564743042,0.1607975959777832,0.18876531720161438,0.027967721223831177
COCO_val2014_000000113058,0.7532022595405579,0.753696084022522,0.0004938244819641113,0.668943464756012,0.7075849175453186,0.03864145278930664,0.3391944169998169,0.31923890113830566,-0.01995551586151123
COCO_val2014_000000113097,0.7848765850067139,0.8176430463790894,0.03276646137237549,0.8080981373786926,0.8099299669265747,0.00183182954788208,0.11520053446292877,0.11522339284420013,2.2858381271362305e-05
COCO_val2014_000000113235,0.7506209015846252,0.8529697060585022,0.10234880447387695,0.6890727281570435,0.771378755569458,0.08230602741241455,0.3158314526081085,0.19663436710834503,-0.11919708549976349
COCO_val2014_000000113271,0.8977462649345398,0.9441612958908081,0.04641503095626831,0.7844550609588623,0.83022141456604,0.045766353607177734,0.14593899250030518,0.08929727971553802,-0.05664171278476715
COCO_val2014_000000113408,0.6647626161575317,0.6760714054107666,0.011308789253234863,0.7019394636154175,0.7133409976959229,0.011401534080505371,0.29249969124794006,0.26096901297569275,-0.031530678272247314
COCO_val2014_000000113461,0.9548423290252686,0.9508388042449951,-0.0040035247802734375,0.8116762638092041,0.8292744159698486,0.01759815216064453,0.14154811203479767,0.11939571797847748,-0.02215239405632019
COCO_val2014_000000113672,0.877758800983429,0.8877197504043579,0.009960949420928955,0.7882602214813232,0.8041187524795532,0.01585853099822998,0.12776926159858704,0.11818774789571762,-0.009581513702869415
COCO_val2014_000000113707,0.7473568916320801,0.7708329558372498,0.023476064205169678,0.6895420551300049,0.7077540159225464,0.018211960792541504,0.42439377307891846,0.3052768111228943,-0.11911696195602417
COCO_val2014_000000113860,0.9551466703414917,0.9380139708518982,-0.017132699489593506,0.8448304533958435,0.8177540302276611,-0.027076423168182373,0.10452054440975189,0.13018950819969177,0.02566896378993988
COCO_val2014_000000114147,0.8923755288124084,0.9450241327285767,0.05264860391616821,0.774698793888092,0.8438759446144104,0.06917715072631836,0.17856015264987946,0.09300323575735092,-0.08555691689252853
COCO_val2014_000000114158,0.9463798403739929,0.9109602570533752,-0.035419583320617676,0.7641716003417969,0.7031295895576477,-0.06104201078414917,0.2525641620159149,0.31111156940460205,0.058547407388687134
COCO_val2014_000000114458,0.9327768087387085,0.9468231797218323,0.01404637098312378,0.7917475700378418,0.808106541633606,0.01635897159576416,0.2044084370136261,0.18270635604858398,-0.021702080965042114
COCO_val2014_000000114481,0.9360544681549072,0.9217533469200134,-0.014301121234893799,0.814896285533905,0.8005362749099731,-0.014360010623931885,0.20063641667366028,0.22651678323745728,0.025880366563796997
COCO_val2014_000000114684,0.911628007888794,0.8862147331237793,-0.02541327476501465,0.7782212495803833,0.7411843538284302,-0.037036895751953125,0.18297699093818665,0.2385757863521576,0.05559879541397095
COCO_val2014_000000114861,0.8587369918823242,0.8666260242462158,0.007889032363891602,0.7884776592254639,0.7899895906448364,0.0015119314193725586,0.15256939828395844,0.15286919474601746,0.000299796462059021
COCO_val2014_000000115752,0.8146146535873413,0.8476287722587585,0.033014118671417236,0.7933768033981323,0.8124119639396667,0.019035160541534424,0.13214728236198425,0.10925084352493286,-0.02289643883705139
COCO_val2014_000000115846,0.8789584636688232,0.8560097813606262,-0.02294868230819702,0.8230613470077515,0.7939598560333252,-0.02910149097442627,0.09059688448905945,0.11528280377388,0.024685919284820557
COCO_val2014_000000116067,0.8849968314170837,0.9082502126693726,0.02325338125228882,0.7780259847640991,0.8222759366035461,0.04424995183944702,0.16283676028251648,0.09551125764846802,-0.06732550263404846
COCO_val2014_000000116206,0.8968588709831238,0.9313721656799316,0.03451329469680786,0.7985284328460693,0.8482617139816284,0.04973328113555908,0.13982924818992615,0.07862284779548645,-0.0612064003944397
COCO_val2014_000000116405,0.9172866344451904,0.9162564873695374,-0.0010301470756530762,0.7758179903030396,0.7682855129241943,-0.007532477378845215,0.18388207256793976,0.19445312023162842,0.01057104766368866
COCO_val2014_000000117836,0.8335217237472534,0.8247175216674805,-0.00880420207977295,0.8217933773994446,0.8009032607078552,-0.020890116691589355,0.0957530289888382,0.10536286979913712,0.00960984081029892
COCO_val2014_000000118181,0.9199832677841187,0.9329046607017517,0.012921392917633057,0.7058750987052917,0.6946372985839844,-0.011237800121307373,0.31089141964912415,0.3212733566761017,0.010381937026977539
COCO_val2014_000000119120,0.947196364402771,0.9670804738998413,0.019884109497070312,0.8038843870162964,0.8358889818191528,0.032004594802856445,0.28426504135131836,0.23653042316436768,-0.047734618186950684
COCO_val2014_000000119192,0.906937837600708,0.9174590706825256,0.010521233081817627,0.7829402089118958,0.7683618068695068,-0.014578402042388916,0.1851072609424591,0.2556428909301758,0.07053562998771667
COCO_val2014_000000119402,0.9662197828292847,0.978082001209259,0.011862218379974365,0.815039336681366,0.859332263469696,0.04429292678833008,0.135708749294281,0.08851595968008041,-0.04719278961420059
COCO_val2014_000000119414,0.8706484436988831,0.8661073446273804,-0.0045410990715026855,0.7977480888366699,0.7871081829071045,-0.01063990592956543,0.1317240595817566,0.1399201899766922,0.008196130394935608
COCO_val2014_000000119452,0.9007670283317566,0.9553194046020508,0.05455237627029419,0.43441659212112427,0.5515909194946289,0.11717432737350464,0.8163062334060669,0.5445882081985474,-0.27171802520751953
COCO_val2014_000000119581,0.872226893901825,0.8804252743721008,0.008198380470275879,0.7294756174087524,0.7692731022834778,0.03979748487472534,0.27532118558883667,0.22222235798835754,-0.053098827600479126
COCO_val2014_000000119641,0.9374346733093262,0.9499015808105469,0.012466907501220703,0.826425313949585,0.8325202465057373,0.006094932556152344,0.17422083020210266,0.13309916853904724,-0.04112166166305542
COCO_val2014_000000119939,0.9220812320709229,0.8787510991096497,-0.04333013296127319,0.8048423528671265,0.7626121640205383,-0.042230188846588135,0.17807099223136902,0.23286882042884827,0.05479782819747925
COCO_val2014_000000120021,0.8203144669532776,0.8357508778572083,0.015436410903930664,0.8051100969314575,0.8009763956069946,-0.004133701324462891,0.1385813057422638,0.1472618281841278,0.008680522441864014
COCO_val2014_000000120340,0.8719314932823181,0.8028889298439026,-0.06904256343841553,0.7775875329971313,0.7288228273391724,-0.048764705657958984,0.17121440172195435,0.23585167527198792,0.06463727355003357
COCO_val2014_000000120356,0.8467095494270325,0.890339732170105,0.04363018274307251,0.7168896198272705,0.7499887943267822,0.03309917449951172,0.25917288661003113,0.22665509581565857,-0.03251779079437256
COCO_val2014_000000120411,0.9479410648345947,0.9574238657951355,0.009482800960540771,0.804154634475708,0.8288946151733398,0.024739980697631836,0.13102079927921295,0.10374703258275986,-0.027273766696453094
COCO_val2014_000000120420,0.8148348927497864,0.8688628673553467,0.0540279746055603,0.6862435936927795,0.7395023107528687,0.05325871706008911,0.2941639721393585,0.2072681188583374,-0.08689585328102112
COCO_val2014_000000120745,0.9296959042549133,0.9149576425552368,-0.014738261699676514,0.8073529005050659,0.7927227020263672,-0.01463019847869873,0.13380080461502075,0.1558704376220703,0.02206963300704956
COCO_val2014_000000120776,0.8992120623588562,0.8971125483512878,-0.0020995140075683594,0.8289821743965149,0.8185127377510071,-0.010469436645507812,0.08345676213502884,0.10094629228115082,0.01748953014612198
COCO_val2014_000000120792,0.915054202079773,0.9050145149230957,-0.010039687156677246,0.8201088309288025,0.7914101481437683,-0.02869868278503418,0.10273545980453491,0.14995042979717255,0.047214969992637634
COCO_val2014_000000121123,0.9043608903884888,0.8976755738258362,-0.006685316562652588,0.7717468738555908,0.7685807943344116,-0.0031660795211791992,0.19324147701263428,0.2039213925600052,0.01067991554737091
COCO_val2014_000000121788,0.8990670442581177,0.90266352891922,0.003596484661102295,0.7548574209213257,0.7304537892341614,-0.024403631687164307,0.27589118480682373,0.2958269715309143,0.019935786724090576
COCO_val2014_000000121826,0.8725138902664185,0.9321568608283997,0.0596429705619812,0.7869768738746643,0.8260767459869385,0.03909987211227417,0.15572768449783325,0.12558548152446747,-0.030142202973365784
COCO_val2014_000000121904,0.9093294739723206,0.873895525932312,-0.035433948040008545,0.8424237966537476,0.8148702383041382,-0.027553558349609375,0.08432194590568542,0.1112905740737915,0.02696862816810608
COCO_val2014_000000121989,0.837924063205719,0.7888372540473938,-0.049086809158325195,0.7610457539558411,0.7324135899543762,-0.028632164001464844,0.18907397985458374,0.21920529007911682,0.03013131022453308
COCO_val2014_000000122166,0.8806505799293518,0.9115931391716003,0.030942559242248535,0.7613467574119568,0.8085031509399414,0.04715639352798462,0.18534426391124725,0.13960763812065125,-0.04573662579059601
COCO_val2014_000000122354,0.7782555818557739,0.7668507099151611,-0.011404871940612793,0.6369336843490601,0.5941387414932251,-0.04279494285583496,0.45216065645217896,0.558687150478363,0.10652649402618408
COCO_val2014_000000122467,0.8727366328239441,0.9132651686668396,0.04052853584289551,0.7507479190826416,0.7873063683509827,0.036558449268341064,0.22016331553459167,0.15167731046676636,-0.06848600506782532
COCO_val2014_000000122588,0.8922725319862366,0.896542489528656,0.004269957542419434,0.8071298599243164,0.8151984214782715,0.008068561553955078,0.12667742371559143,0.11373254656791687,-0.01294487714767456
COCO_val2014_000000123622,0.8161337971687317,0.7914972305297852,-0.024636566638946533,0.7710735201835632,0.7481249570846558,-0.02294856309890747,0.16619548201560974,0.1943257600069046,0.02813027799129486
COCO_val2014_000000123633,0.8432337641716003,0.8558731079101562,0.012639343738555908,0.7113555669784546,0.7111401557922363,-0.00021541118621826172,0.32969409227371216,0.35984379053115845,0.03014969825744629
COCO_val2014_000000123642,0.9267333745956421,0.9156097173690796,-0.0111236572265625,0.8515337109565735,0.8323522806167603,-0.019181430339813232,0.08096436411142349,0.0928531065583229,0.011888742446899414
COCO_val2014_000000123677,0.8503464460372925,0.8431251049041748,-0.007221341133117676,0.7738052606582642,0.7310917377471924,-0.04271352291107178,0.1961028277873993,0.24083936214447021,0.04473653435707092
COCO_val2014_000000124004,0.8602949380874634,0.8891206979751587,0.028825759887695312,0.8142564296722412,0.839053750038147,0.02479732036590576,0.10577815771102905,0.08418238162994385,-0.021595776081085205
COCO_val2014_000000124601,0.914344847202301,0.9184781312942505,0.004133284091949463,0.8115956783294678,0.8273205757141113,0.015724897384643555,0.13368944823741913,0.13463518023490906,0.0009457319974899292
COCO_val2014_000000124712,0.8387353420257568,0.8457640409469604,0.007028698921203613,0.7517789602279663,0.7357465624809265,-0.016032397747039795,0.21837708353996277,0.2680099606513977,0.049632877111434937
COCO_val2014_000000124995,0.8801778554916382,0.9074794054031372,0.027301549911499023,0.7996095418930054,0.8196913003921509,0.020081758499145508,0.12391451001167297,0.1148749589920044,-0.009039551019668579
COCO_val2014_000000125071,0.8066118955612183,0.8406930565834045,0.03408116102218628,0.7540919780731201,0.7680203914642334,0.013928413391113281,0.19471925497055054,0.1833638846874237,-0.011355370283126831
COCO_val2014_000000125228,0.9428496360778809,0.9539980888366699,0.011148452758789062,0.8441576957702637,0.8526209592819214,0.008463263511657715,0.08514003455638885,0.07088661938905716,-0.014253415167331696
COCO_val2014_000000125755,0.8743975162506104,0.8554885387420654,-0.018908977508544922,0.8153125047683716,0.7973635196685791,-0.01794898509979248,0.10758135467767715,0.13151815533638,0.02393680065870285
COCO_val2014_000000125778,0.781842827796936,0.7838394641876221,0.001996636390686035,0.7674252986907959,0.7440057396888733,-0.023419559001922607,0.18741196393966675,0.24683545529842377,0.05942349135875702
COCO_val2014_000000125909,0.8666960000991821,0.8939338326454163,0.02723783254623413,0.772527277469635,0.784561276435852,0.012033998966217041,0.16472136974334717,0.16302406787872314,-0.0016973018646240234
COCO_val2014_000000126107,0.7519237399101257,0.8360489010810852,0.08412516117095947,0.6587824821472168,0.7073248624801636,0.04854238033294678,0.4148207902908325,0.3401660621166229,-0.0746547281742096
COCO_val2014_000000126163,0.8320913314819336,0.8438210487365723,0.011729717254638672,0.6996570825576782,0.7180822491645813,0.018425166606903076,0.31542202830314636,0.2654321491718292,-0.04998987913131714
COCO_val2014_000000126226,0.8984785079956055,0.8909209370613098,-0.007557570934295654,0.8106459379196167,0.7861478328704834,-0.0244981050491333,0.11808961629867554,0.15662695467472076,0.03853733837604523
COCO_val2014_000000126340,0.9195722937583923,0.8985875844955444,-0.0209847092628479,0.7912136316299438,0.7648559808731079,-0.026357650756835938,0.19409528374671936,0.23136159777641296,0.037266314029693604
COCO_val2014_000000126631,0.8605067729949951,0.9213115572929382,0.060804784297943115,0.7115914821624756,0.7854332327842712,0.07384175062179565,0.29228299856185913,0.18463772535324097,-0.10764527320861816
COCO_val2014_000000126744,0.9005109667778015,0.8807624578475952,-0.0197485089302063,0.8022297620773315,0.7851051092147827,-0.017124652862548828,0.15891152620315552,0.1764163076877594,0.017504781484603882
COCO_val2014_000000127313,0.8405351638793945,0.9082781672477722,0.06774300336837769,0.6694862842559814,0.7520596981048584,0.08257341384887695,0.3409245014190674,0.24001464247703552,-0.10090985894203186
COCO_val2014_000000127659,0.9468557834625244,0.9333986639976501,-0.013457119464874268,0.8318451046943665,0.8131740093231201,-0.018671095371246338,0.0984547883272171,0.1057487428188324,0.007293954491615295
COCO_val2014_000000128180,0.8779497146606445,0.8469812273979187,-0.03096848726272583,0.7955809831619263,0.749859094619751,-0.04572188854217529,0.1387941986322403,0.20836681127548218,0.06957261264324188
COCO_val2014_000000128201,0.896747887134552,0.8584676384925842,-0.03828024864196777,0.828445315361023,0.7918188571929932,-0.036626458168029785,0.12083740532398224,0.1789979636669159,0.058160558342933655
COCO_val2014_000000128224,0.813139021396637,0.8526728749275208,0.03953385353088379,0.7231423258781433,0.7558903098106384,0.03274798393249512,0.2702556848526001,0.2420593798160553,-0.0281963050365448
COCO_val2014_000000128849,0.8574023842811584,0.8772323727607727,0.019829988479614258,0.7466020584106445,0.7752729654312134,0.028670907020568848,0.2047884166240692,0.16103705763816833,-0.04375135898590088
COCO_val2014_000000129062,0.8418920636177063,0.8978486657142639,0.05595660209655762,0.7810074090957642,0.8174307346343994,0.036423325538635254,0.1936974823474884,0.12916800379753113,-0.06452947854995728
COCO_val2014_000000129100,0.9203298687934875,0.9083654880523682,-0.011964380741119385,0.818583607673645,0.7888615131378174,-0.029722094535827637,0.12420517206192017,0.18197661638259888,0.05777144432067871
COCO_val2014_000000129492,0.9026245474815369,0.9132653474807739,0.01064079999923706,0.7873608469963074,0.7915371656417847,0.004176318645477295,0.18451018631458282,0.1510148048400879,-0.033495381474494934
COCO_val2014_000000129502,0.9527790546417236,0.936787486076355,-0.015991568565368652,0.7450624108314514,0.731979489326477,-0.013082921504974365,0.3283272385597229,0.3385118246078491,0.01018458604812622
COCO_val2014_000000129756,0.9217581748962402,0.9437196254730225,0.021961450576782227,0.7645086646080017,0.8140368461608887,0.04952818155288696,0.19760264456272125,0.1371804177761078,-0.060422226786613464
COCO_val2014_000000129832,0.8769621253013611,0.8247197270393372,-0.052242398262023926,0.8244092464447021,0.7749195098876953,-0.049489736557006836,0.10698656737804413,0.20039130747318268,0.09340474009513855
COCO_val2014_000000129862,0.8631582856178284,0.8732070326805115,0.010048747062683105,0.7782851457595825,0.773322343826294,-0.004962801933288574,0.19970697164535522,0.20263932645320892,0.0029323548078536987
COCO_val2014_000000129864,0.8732232451438904,0.9220364689826965,0.04881322383880615,0.7366364002227783,0.7933037877082825,0.05666738748550415,0.24516136944293976,0.1628212332725525,-0.08234013617038727
COCO_val2014_000000129886,0.8751934170722961,0.9029346704483032,0.02774125337600708,0.7994511723518372,0.8130359053611755,0.013584733009338379,0.14169007539749146,0.10230205953121185,-0.0393880158662796
COCO_val2014_000000129897,0.8606236577033997,0.8058212995529175,-0.05480235815048218,0.7708873152732849,0.714652419090271,-0.056234896183013916,0.18573002517223358,0.30424851179122925,0.11851848661899567
COCO_val2014_000000130524,0.9239681363105774,0.9125539660453796,-0.011414170265197754,0.8256094455718994,0.8092014789581299,-0.01640796661376953,0.11044026911258698,0.14203031361103058,0.031590044498443604
COCO_val2014_000000130826,0.8336171507835388,0.8364614844322205,0.0028443336486816406,0.6584415435791016,0.6655030250549316,0.007061481475830078,0.4118812084197998,0.3760796785354614,-0.03580152988433838
COCO_val2014_000000131018,0.8446458578109741,0.8788117170333862,0.03416585922241211,0.6997557878494263,0.7449406385421753,0.04518485069274902,0.2882920503616333,0.21786093711853027,-0.07043111324310303
COCO_val2014_000000131131,0.9499516487121582,0.9488990306854248,-0.0010526180267333984,0.7754641771316528,0.7814728021621704,0.006008625030517578,0.28532934188842773,0.2222321331501007,-0.06309720873832703
COCO_val2014_000000131138,0.8511478304862976,0.8572404384613037,0.0060926079750061035,0.7958632707595825,0.8055831789970398,0.009719908237457275,0.18011263012886047,0.1620478630065918,-0.018064767122268677
COCO_val2014_000000131282,0.8085317015647888,0.791715145111084,-0.016816556453704834,0.7831632494926453,0.7515166401863098,-0.03164660930633545,0.15236921608448029,0.20929452776908875,0.05692531168460846
COCO_val2014_000000131581,0.9260449409484863,0.9429651498794556,0.01692020893096924,0.8059444427490234,0.8298209309577942,0.023876488208770752,0.19332033395767212,0.15001517534255981,-0.043305158615112305
COCO_val2014_000000131627,0.9322066903114319,0.9211816191673279,-0.011025071144104004,0.7928838133811951,0.7832781076431274,-0.009605705738067627,0.20001515746116638,0.16641870141029358,-0.0335964560508728
COCO_val2014_000000131714,0.9113902449607849,0.9335307478904724,0.0221405029296875,0.8201569318771362,0.8357611894607544,0.015604257583618164,0.11478006839752197,0.11188478022813797,-0.0028952881693840027
COCO_val2014_000000131743,0.8993253707885742,0.9030119180679321,0.00368654727935791,0.7804857492446899,0.7496179342269897,-0.030867815017700195,0.1691519320011139,0.209279865026474,0.04012793302536011
COCO_val2014_000000132272,0.9182193279266357,0.91211998462677,-0.006099343299865723,0.7930594682693481,0.78204345703125,-0.011016011238098145,0.16287535429000854,0.17208696901798248,0.009211614727973938
COCO_val2014_000000132375,0.7834548354148865,0.8552355170249939,0.07178068161010742,0.7349388599395752,0.7742806673049927,0.03934180736541748,0.25349143147468567,0.17836502194404602,-0.07512640953063965
COCO_val2014_000000132612,0.9670884013175964,0.9571735262870789,-0.009914875030517578,0.8302828669548035,0.834239661693573,0.003956794738769531,0.1233912855386734,0.1381734013557434,0.014782115817070007
COCO_val2014_000000133146,0.9190714359283447,0.9016767740249634,-0.017394661903381348,0.8595658540725708,0.8364895582199097,-0.023076295852661133,0.05882500484585762,0.07779273390769958,0.018967729061841965
COCO_val2014_000000133327,0.9495548605918884,0.9230563640594482,-0.026498496532440186,0.8133858442306519,0.7579232454299927,-0.05546259880065918,0.13766995072364807,0.24015766382217407,0.102487713098526
COCO_val2014_000000133515,0.944115400314331,0.9146246314048767,-0.029490768909454346,0.842149019241333,0.8097745776176453,-0.032374441623687744,0.09373540431261063,0.13093909621238708,0.03720369189977646
COCO_val2014_000000134096,0.876099169254303,0.88368821144104,0.0075890421867370605,0.6431789398193359,0.6737203598022461,0.030541419982910156,0.3882691562175751,0.3210446834564209,-0.06722447276115417
COCO_val2014_000000134133,0.9018535017967224,0.8460469245910645,-0.05580657720565796,0.7709322571754456,0.7450783252716064,-0.02585393190383911,0.18626898527145386,0.22705046832561493,0.04078148305416107
COCO_val2014_000000134223,0.7980072498321533,0.7959381341934204,-0.00206911563873291,0.7555368542671204,0.7349735498428345,-0.02056330442428589,0.22542887926101685,0.27706944942474365,0.05164057016372681
COCO_val2014_000000134574,0.9008467197418213,0.9292735457420349,0.028426826000213623,0.7986234426498413,0.8293651342391968,0.03074169158935547,0.1354595124721527,0.10580073297023773,-0.029658779501914978
COCO_val2014_000000134688,0.9246900081634521,0.9130759835243225,-0.011614024639129639,0.8055307865142822,0.8119847774505615,0.006453990936279297,0.1240214928984642,0.09985508024692535,-0.02416641265153885
COCO_val2014_000000135139,0.751079797744751,0.7286550998687744,-0.022424697875976562,0.7170597314834595,0.6951759457588196,-0.021883785724639893,0.2697843313217163,0.2966175973415375,0.026833266019821167
COCO_val2014_000000135399,0.8673558831214905,0.8765757083892822,0.009219825267791748,0.7502567768096924,0.7794850468635559,0.029228270053863525,0.18881937861442566,0.15700599551200867,-0.03181338310241699
COCO_val2014_000000135436,0.7752161622047424,0.7815560698509216,0.006339907646179199,0.7040061950683594,0.7204626202583313,0.016456425189971924,0.28614717721939087,0.26741135120391846,-0.018735826015472412
COCO_val2014_000000135561,0.921164333820343,0.9191440939903259,-0.00202023983001709,0.826394259929657,0.8290927410125732,0.0026984810829162598,0.11416631191968918,0.10667980462312698,-0.007486507296562195
COCO_val2014_000000135579,0.9291445016860962,0.9437410235404968,0.014596521854400635,0.8292986154556274,0.8502930402755737,0.02099442481994629,0.10662609338760376,0.0939784049987793,-0.012647688388824463
COCO_val2014_000000135666,0.8754190802574158,0.8859059810638428,0.010486900806427002,0.7979609966278076,0.7836264967918396,-0.014334499835968018,0.13522472977638245,0.15732012689113617,0.022095397114753723
COCO_val2014_000000135748,0.9261337518692017,0.856056809425354,-0.07007694244384766,0.7977500557899475,0.7303858399391174,-0.06736421585083008,0.15894585847854614,0.25838911533355713,0.09944325685501099
COCO_val2014_000000135914,0.9078009724617004,0.8477335572242737,-0.06006741523742676,0.7611202597618103,0.7382645010948181,-0.022855758666992188,0.20579347014427185,0.3183380961418152,0.11254462599754333
COCO_val2014_000000135975,0.8661039471626282,0.8674131035804749,0.0013091564178466797,0.7261863350868225,0.7116667032241821,-0.01451963186264038,0.2827928066253662,0.31536173820495605,0.032568931579589844
COCO_val2014_000000135976,0.816129744052887,0.8060674667358398,-0.01006227731704712,0.7734469175338745,0.7736061811447144,0.00015926361083984375,0.16487199068069458,0.16629838943481445,0.001426398754119873
COCO_val2014_000000136008,0.9347389340400696,0.912311315536499,-0.022427618503570557,0.7622483968734741,0.7866142392158508,0.02436584234237671,0.213944211602211,0.15803498029708862,-0.055909231305122375
COCO_val2014_000000136720,0.9131509065628052,0.9358222484588623,0.02267134189605713,0.7563050389289856,0.7777856588363647,0.02148061990737915,0.20348972082138062,0.20939509570598602,0.005905374884605408
COCO_val2014_000000137118,0.8936598300933838,0.8846302032470703,-0.009029626846313477,0.7918514013290405,0.783787727355957,-0.008063673973083496,0.2008737474679947,0.18126705288887024,-0.01960669457912445
COCO_val2014_000000137265,0.7889613509178162,0.7589550018310547,-0.030006349086761475,0.720059871673584,0.7084664106369019,-0.011593461036682129,0.38712260127067566,0.37496417760849,-0.012158423662185669
COCO_val2014_000000137271,0.9080547094345093,0.9284220337867737,0.020367324352264404,0.7767431735992432,0.7915889024734497,0.014845728874206543,0.16784560680389404,0.1266375184059143,-0.041208088397979736
COCO_val2014_000000137809,0.9263458847999573,0.8739413619041443,-0.05240452289581299,0.7958692312240601,0.7137742042541504,-0.08209502696990967,0.16027791798114777,0.2728995978832245,0.11262167990207672
COCO_val2014_000000137961,0.9086093902587891,0.9160290360450745,0.0074196457862854,0.7389200925827026,0.7501081228256226,0.011188030242919922,0.23277495801448822,0.21710534393787384,-0.01566961407661438
COCO_val2014_000000138054,0.9133256673812866,0.9348738789558411,0.021548211574554443,0.8119805455207825,0.8306376934051514,0.018657147884368896,0.1251019537448883,0.09891840815544128,-0.02618354558944702
COCO_val2014_000000138382,0.9013457298278809,0.8969681859016418,-0.004377543926239014,0.8680461645126343,0.8527387380599976,-0.015307426452636719,0.06187247112393379,0.07526012510061264,0.013387653976678848
COCO_val2014_000000139306,0.8255075812339783,0.8633261322975159,0.0378185510635376,0.796423077583313,0.8069354295730591,0.010512351989746094,0.1549077332019806,0.132052481174469,-0.022855252027511597
COCO_val2014_000000139428,0.9412449598312378,0.9531034231185913,0.011858463287353516,0.8171547651290894,0.8223963975906372,0.0052416324615478516,0.11360655725002289,0.10462207347154617,-0.008984483778476715
COCO_val2014_000000139856,0.8983606100082397,0.9151156544685364,0.01675504446029663,0.7568084001541138,0.7697932720184326,0.012984871864318848,0.22545382380485535,0.20924437046051025,-0.016209453344345093
COCO_val2014_000000139872,0.945848822593689,0.963102400302887,0.017253577709197998,0.7906469106674194,0.8409934043884277,0.0503464937210083,0.15425227582454681,0.09733092784881592,-0.056921347975730896
COCO_val2014_000000140006,0.943440318107605,0.9499574303627014,0.0065171122550964355,0.8471038341522217,0.8514662981033325,0.00436246395111084,0.08313747495412827,0.07656554877758026,-0.006571926176548004
COCO_val2014_000000140017,0.8913653492927551,0.8868408203125,-0.004524528980255127,0.7630140781402588,0.7815554738044739,0.018541395664215088,0.2017209380865097,0.19359254837036133,-0.008128389716148376
COCO_val2014_000000140487,0.8877704739570618,0.8923498392105103,0.004579365253448486,0.7468891143798828,0.7425775527954102,-0.004311561584472656,0.3202410936355591,0.28809401392936707,-0.03214707970619202
COCO_val2014_000000140783,0.9387302398681641,0.9128893613815308,-0.0258408784866333,0.8569121360778809,0.8344626426696777,-0.022449493408203125,0.06460864841938019,0.08110028505325317,0.016491636633872986
COCO_val2014_000000140963,0.7509114742279053,0.7899444699287415,0.03903299570083618,0.6954927444458008,0.6656680107116699,-0.02982473373413086,0.30658963322639465,0.3218047618865967,0.015215128660202026
COCO_val2014_000000141158,0.9871289730072021,0.9631710052490234,-0.02395796775817871,0.8733975887298584,0.8090370893478394,-0.06436049938201904,0.09693034738302231,0.16387972235679626,0.06694937497377396
COCO_val2014_000000141328,0.798660397529602,0.8231263160705566,0.02446591854095459,0.7994814515113831,0.8133998513221741,0.013918399810791016,0.13696356117725372,0.10781414806842804,-0.029149413108825684
COCO_val2014_000000141779,0.8505287766456604,0.7966368794441223,-0.053891897201538086,0.7292017936706543,0.7307647466659546,0.001562952995300293,0.2533298134803772,0.26344990730285645,0.010120093822479248
COCO_val2014_000000142177,0.9143886566162109,0.9172950983047485,0.0029064416885375977,0.8358672857284546,0.8274956941604614,-0.008371591567993164,0.09954861551523209,0.10781356692314148,0.008264951407909393
COCO_val2014_000000142248,0.8111376762390137,0.7713770866394043,-0.039760589599609375,0.7435216903686523,0.7356305122375488,-0.007891178131103516,0.22028625011444092,0.23203402757644653,0.011747777462005615
COCO_val2014_000000142249,0.9195950627326965,0.9361185431480408,0.01652348041534424,0.7190126180648804,0.7436220645904541,0.02460944652557373,0.28239598870277405,0.250405877828598,-0.031990110874176025
COCO_val2014_000000142665,0.8469827771186829,0.8332642912864685,-0.013718485832214355,0.7577472925186157,0.7253209948539734,-0.032426297664642334,0.19619089365005493,0.2599691152572632,0.06377822160720825
COCO_val2014_000000142742,0.9356679916381836,0.9078451991081238,-0.027822792530059814,0.7806718349456787,0.7674392461776733,-0.013232588768005371,0.20891547203063965,0.19490155577659607,-0.014013916254043579
COCO_val2014_000000142826,0.8580045104026794,0.872809886932373,0.014805376529693604,0.8134971261024475,0.8176957368850708,0.004198610782623291,0.10470439493656158,0.09729006141424179,-0.007414333522319794
COCO_val2014_000000142879,0.8827005624771118,0.9033113718032837,0.020610809326171875,0.8416918516159058,0.8516784310340881,0.009986579418182373,0.08410051465034485,0.08103036880493164,-0.003070145845413208
COCO_val2014_000000142890,0.7029937505722046,0.7289584279060364,0.025964677333831787,0.707217812538147,0.6781030893325806,-0.029114723205566406,0.24538426101207733,0.3186325430870056,0.07324828207492828
COCO_val2014_000000143320,0.9361971616744995,0.9521029591560364,0.015905797481536865,0.8155449628829956,0.8363919854164124,0.020847022533416748,0.1124788299202919,0.09051308780908585,-0.021965742111206055
COCO_val2014_000000143526,0.9165388345718384,0.937866747379303,0.0213279128074646,0.8113144040107727,0.8300644159317017,0.018750011920928955,0.1363559067249298,0.10654079169034958,-0.02981511503458023
COCO_val2014_000000144379,0.884495735168457,0.8681685924530029,-0.0163271427154541,0.7695335745811462,0.7622413635253906,-0.007292211055755615,0.1747605949640274,0.1692134439945221,-0.00554715096950531
COCO_val2014_000000144706,0.8475373387336731,0.8665211200714111,0.018983781337738037,0.7280669808387756,0.7467848062515259,0.018717825412750244,0.25350648164749146,0.2490876168012619,-0.004418864846229553
COCO_val2014_000000144870,0.7705243229866028,0.7593356370925903,-0.011188685894012451,0.7459225654602051,0.7226518392562866,-0.023270726203918457,0.2432440221309662,0.34229040145874023,0.09904637932777405
COCO_val2014_000000144874,0.9467714428901672,0.9437863826751709,-0.002985060214996338,0.7880786061286926,0.7850978374481201,-0.0029807686805725098,0.16373315453529358,0.17716370522975922,0.013430550694465637
COCO_val2014_000000144938,0.85989910364151,0.7922000288963318,-0.06769907474517822,0.7238278388977051,0.6828614473342896,-0.04096639156341553,0.2561614513397217,0.3901965022087097,0.13403505086898804
COCO_val2014_000000145214,0.8296823501586914,0.8238633275032043,-0.0058190226554870605,0.798961877822876,0.7793970108032227,-0.01956486701965332,0.1338595449924469,0.16026611626148224,0.02640657126903534
COCO_val2014_000000145512,0.8543322682380676,0.8625854849815369,0.008253216743469238,0.6868848204612732,0.7122064232826233,0.025321602821350098,0.33037877082824707,0.2947949767112732,-0.03558379411697388
COCO_val2014_000000145597,0.8715342283248901,0.7981328368186951,-0.07340139150619507,0.8218955993652344,0.7314578294754028,-0.09043776988983154,0.10703752189874649,0.2363920360803604,0.12935451418161392
COCO_val2014_000000146127,0.8176485300064087,0.8282458782196045,0.0105973482131958,0.7739734053611755,0.733954668045044,-0.04001873731613159,0.1733090877532959,0.25294575095176697,0.07963666319847107
COCO_val2014_000000146489,0.9390547871589661,0.9335666298866272,-0.005488157272338867,0.8066005706787109,0.8259741067886353,0.019373536109924316,0.13979795575141907,0.1035098135471344,-0.03628814220428467
COCO_val2014_000000146570,0.7836899757385254,0.8317404985427856,0.048050522804260254,0.7764695286750793,0.8079832792282104,0.031513750553131104,0.18843305110931396,0.1623067855834961,-0.02612626552581787
COCO_val2014_000000147058,0.8548442721366882,0.8819073438644409,0.027063071727752686,0.7285548448562622,0.7574393153190613,0.028884470462799072,0.24475519359111786,0.22152644395828247,-0.023228749632835388
COCO_val2014_000000147546,0.8758994936943054,0.8598094582557678,-0.016090035438537598,0.8199061155319214,0.8049860000610352,-0.01492011547088623,0.10621720552444458,0.139635369181633,0.033418163657188416
COCO_val2014_000000147740,0.782180905342102,0.7902503609657288,0.008069455623626709,0.7089757919311523,0.70756995677948,-0.0014058351516723633,0.26683419942855835,0.28917211294174194,0.022337913513183594
COCO_val2014_000000147904,0.9097249507904053,0.9456155896186829,0.03589063882827759,0.7773269414901733,0.825322151184082,0.04799520969390869,0.18910643458366394,0.09403020143508911,-0.09507623314857483
COCO_val2014_000000148067,0.9267095923423767,0.9446830749511719,0.017973482608795166,0.8019105195999146,0.8318210244178772,0.029910504817962646,0.15222479403018951,0.11731850355863571,-0.0349062904715538
COCO_val2014_000000148193,0.8290386199951172,0.8154413104057312,-0.013597309589385986,0.6867064237594604,0.6702499389648438,-0.0164564847946167,0.35817205905914307,0.3672322630882263,0.009060204029083252
COCO_val2014_000000148549,0.7690982222557068,0.7370628714561462,-0.03203535079956055,0.6748393774032593,0.6637687087059021,-0.011070668697357178,0.34656643867492676,0.3768808841705322,0.03031444549560547
COCO_val2014_000000148719,0.8974801301956177,0.9331632852554321,0.03568315505981445,0.8262286186218262,0.859818696975708,0.033590078353881836,0.10209356248378754,0.062207937240600586,-0.03988562524318695
COCO_val2014_000000149500,0.8779377341270447,0.8301656246185303,-0.047772109508514404,0.6938780546188354,0.6374094486236572,-0.05646860599517822,0.3529970049858093,0.4361405372619629,0.08314353227615356
COCO_val2014_000000149676,0.8621376156806946,0.8974102139472961,0.03527259826660156,0.7328518629074097,0.772549033164978,0.03969717025756836,0.2572397291660309,0.17979590594768524,-0.07744382321834564
COCO_val2014_000000149783,0.8821815252304077,0.8843520283699036,0.0021705031394958496,0.7982283234596252,0.8032639026641846,0.005035579204559326,0.12834873795509338,0.12592461705207825,-0.0024241209030151367
COCO_val2014_000000150235,0.877630352973938,0.9206207990646362,0.04299044609069824,0.7265729904174805,0.7609975337982178,0.034424543380737305,0.272366464138031,0.20235924422740936,-0.07000721991062164
COCO_val2014_000000150599,0.9225487112998962,0.8913411498069763,-0.031207561492919922,0.8118863105773926,0.7998274564743042,-0.012058854103088379,0.13234055042266846,0.13302934169769287,0.0006887912750244141
COCO_val2014_000000150686,0.9176903963088989,0.8859570622444153,-0.03173333406448364,0.829857587814331,0.7854430675506592,-0.044414520263671875,0.0811605229973793,0.13719046115875244,0.05602993816137314
COCO_val2014_000000150986,0.7246980667114258,0.6627330183982849,-0.06196504831314087,0.7236841917037964,0.6656557321548462,-0.058028459548950195,0.2635529041290283,0.3861294388771057,0.12257653474807739
COCO_val2014_000000151141,0.8983716368675232,0.9407957792282104,0.042424142360687256,0.7532265782356262,0.8128306865692139,0.059604108333587646,0.1998194456100464,0.11219944059848785,-0.08762000501155853
COCO_val2014_000000151480,0.9042716026306152,0.9484646916389465,0.0441930890083313,0.7800219655036926,0.8049909472465515,0.024968981742858887,0.17910562455654144,0.1877187192440033,0.008613094687461853
COCO_val2014_000000151742,0.9689720273017883,0.9589165449142456,-0.010055482387542725,0.860908031463623,0.8484454154968262,-0.012462615966796875,0.1148463785648346,0.09658297896385193,-0.018263399600982666
COCO_val2014_000000152103,0.8777133226394653,0.9067302346229553,0.02901691198348999,0.7422604560852051,0.7752410173416138,0.03298056125640869,0.24584758281707764,0.2620452344417572,0.016197651624679565
COCO_val2014_000000152525,0.8700000047683716,0.8838169574737549,0.0138169527053833,0.6035759449005127,0.6564381122589111,0.05286216735839844,0.47673511505126953,0.36575639247894287,-0.11097872257232666
COCO_val2014_000000152598,0.9637165665626526,0.9631600975990295,-0.0005564689636230469,0.8490215539932251,0.839676022529602,-0.009345531463623047,0.11545504629611969,0.10682544112205505,-0.008629605174064636
COCO_val2014_000000152609,0.9184203147888184,0.9544167518615723,0.035996437072753906,0.7356436252593994,0.8121858239173889,0.0765421986579895,0.24011290073394775,0.12966027855873108,-0.11045262217521667
COCO_val2014_000000152751,0.8060206174850464,0.8271903991699219,0.02116978168487549,0.6968753933906555,0.722550630569458,0.02567523717880249,0.2965899109840393,0.2845463752746582,-0.012043535709381104
COCO_val2014_000000152808,0.9320581555366516,0.9439876675605774,0.011929512023925781,0.8364784121513367,0.8665136098861694,0.030035197734832764,0.10629304498434067,0.06049514561891556,-0.04579789936542511
COCO_val2014_000000153011,0.791510820388794,0.817974865436554,0.02646404504776001,0.7152405977249146,0.7252507209777832,0.010010123252868652,0.27679386734962463,0.26300138235092163,-0.013792484998703003
COCO_val2014_000000153040,0.8177903890609741,0.8130766153335571,-0.004713773727416992,0.7474527359008789,0.7250015139579773,-0.02245122194290161,0.20494817197322845,0.2538660168647766,0.04891784489154816
COCO_val2014_000000153445,0.7897031903266907,0.7928975820541382,0.0031943917274475098,0.5885598659515381,0.6211304068565369,0.03257054090499878,0.48701101541519165,0.43509164452552795,-0.051919370889663696
COCO_val2014_000000153632,0.9498772621154785,0.9453350305557251,-0.004542231559753418,0.8512777090072632,0.8216181397438049,-0.029659569263458252,0.08110345900058746,0.11691312491893768,0.03580966591835022
COCO_val2014_000000153717,0.8806240558624268,0.8959932923316956,0.015369236469268799,0.7639995813369751,0.7735329866409302,0.009533405303955078,0.18064066767692566,0.1860361397266388,0.005395472049713135
COCO_val2014_000000153803,0.8719174861907959,0.8290229439735413,-0.04289454221725464,0.7528513669967651,0.7238231897354126,-0.02902817726135254,0.19517666101455688,0.2221711277961731,0.02699446678161621
COCO_val2014_000000153931,0.9573602080345154,0.9617927074432373,0.004432499408721924,0.7909266948699951,0.7409032583236694,-0.050023436546325684,0.17065489292144775,0.24484582245349884,0.07419092953205109
COCO_val2014_000000154193,0.9097913503646851,0.8286311626434326,-0.08116018772125244,0.7832857370376587,0.7238129377365112,-0.05947279930114746,0.21693472564220428,0.26456379890441895,0.04762907326221466
COCO_val2014_000000154423,0.9166194200515747,0.9266257286071777,0.010006308555603027,0.8102025389671326,0.8142786026000977,0.004076063632965088,0.13072189688682556,0.13908052444458008,0.008358627557754517
COCO_val2014_000000154830,0.8744058609008789,0.9096411466598511,0.03523528575897217,0.7663776874542236,0.7955005764961243,0.029122889041900635,0.2037305235862732,0.15310388803482056,-0.05062663555145264
COCO_val2014_000000154884,0.8743631839752197,0.9060254096984863,0.0316622257232666,0.7471705675125122,0.7761421203613281,0.028971552848815918,0.32304608821868896,0.19168920814990997,-0.131356880068779
COCO_val2014_000000154971,0.8974774479866028,0.8578187227249146,-0.03965872526168823,0.7771310210227966,0.744908332824707,-0.0322226881980896,0.14878800511360168,0.1770288199186325,0.028240814805030823
COCO_val2014_000000155131,0.8618291020393372,0.9000231623649597,0.03819406032562256,0.7429155111312866,0.7965331673622131,0.053617656230926514,0.2668483853340149,0.225228950381279,-0.0416194349527359
COCO_val2014_000000155341,0.8675246834754944,0.8748663067817688,0.007341623306274414,0.776434063911438,0.7744579315185547,-0.0019761323928833008,0.192672461271286,0.20187358558177948,0.00920112431049347
COCO_val2014_000000156071,0.8991122841835022,0.8961804509162903,-0.002931833267211914,0.7975982427597046,0.7559105753898621,-0.04168766736984253,0.14896255731582642,0.20383860170841217,0.054876044392585754
COCO_val2014_000000156370,0.7184925675392151,0.7451610565185547,0.0266684889793396,0.5268125534057617,0.5665589570999146,0.03974640369415283,0.651847243309021,0.5684659481048584,-0.0833812952041626
COCO_val2014_000000156497,0.8732755780220032,0.8621857762336731,-0.011089801788330078,0.6922864317893982,0.6614394783973694,-0.03084695339202881,0.2916819453239441,0.34339940547943115,0.05171746015548706
COCO_val2014_000000156572,0.8445180058479309,0.8639388680458069,0.019420862197875977,0.7253692150115967,0.7199866771697998,-0.005382537841796875,0.27255353331565857,0.2612570822238922,-0.011296451091766357
COCO_val2014_000000156643,0.9190382361412048,0.9187350869178772,-0.0003031492233276367,0.7627997994422913,0.7359048128128052,-0.026894986629486084,0.20624884963035583,0.24899572134017944,0.04274687170982361
COCO_val2014_000000156687,0.9119789600372314,0.8695788979530334,-0.042400062084198,0.8155205249786377,0.7889742851257324,-0.026546239852905273,0.13100342452526093,0.16013523936271667,0.02913181483745575
COCO_val2014_000000156928,0.8584004640579224,0.8375782370567322,-0.020822227001190186,0.7681369185447693,0.7396804094314575,-0.028456509113311768,0.19618603587150574,0.2122475504875183,0.016061514616012573
COCO_val2014_000000156974,0.7933651804924011,0.8754622340202332,0.08209705352783203,0.7304677367210388,0.7952273488044739,0.06475961208343506,0.2656551003456116,0.17263540625572205,-0.09301969408988953
COCO_val2014_000000157052,0.9111993312835693,0.8958917856216431,-0.01530754566192627,0.8576645851135254,0.8349756002426147,-0.022688984870910645,0.071169912815094,0.08719771355390549,0.016027800738811493
COCO_val2014_000000157155,0.7728667855262756,0.7366726994514465,-0.0361940860748291,0.7130376100540161,0.7033528089523315,-0.00968480110168457,0.31498491764068604,0.32777339220046997,0.012788474559783936
COCO_val2014_000000157283,0.9352492690086365,0.9018815159797668,-0.03336775302886963,0.8356271982192993,0.7887428998947144,-0.04688429832458496,0.11630666255950928,0.18199148774147034,0.06568482518196106
COCO_val2014_000000157469,0.908811092376709,0.8916105628013611,-0.0172005295753479,0.7785268425941467,0.7558126449584961,-0.022714197635650635,0.17128436267375946,0.21471945941448212,0.043435096740722656
COCO_val2014_000000157516,0.9204243421554565,0.8935968279838562,-0.026827514171600342,0.7664015293121338,0.7392351627349854,-0.027166366577148438,0.2264009267091751,0.2356742024421692,0.00927327573299408
COCO_val2014_000000157876,0.9360942244529724,0.9162084460258484,-0.019885778427124023,0.8020110130310059,0.8025047779083252,0.0004937648773193359,0.15846288204193115,0.15814587473869324,-0.00031700730323791504
COCO_val2014_000000158292,0.9302179217338562,0.9323052763938904,0.0020873546600341797,0.8065330982208252,0.8151609897613525,0.008627891540527344,0.12457221001386642,0.11172236502170563,-0.012849844992160797
COCO_val2014_000000158344,0.8190561532974243,0.8066984415054321,-0.012357711791992188,0.7570933699607849,0.7412364482879639,-0.015856921672821045,0.23301592469215393,0.24271997809410095,0.009704053401947021
COCO_val2014_000000158849,0.7772788405418396,0.7958945631980896,0.01861572265625,0.7412899732589722,0.7373711466789246,-0.003918826580047607,0.28946417570114136,0.2714172601699829,-0.018046915531158447
COCO_val2014_000000159223,0.8719888925552368,0.9103496074676514,0.03836071491241455,0.7541730999946594,0.773722767829895,0.019549667835235596,0.23780754208564758,0.1844044327735901,-0.053403109312057495
COCO_val2014_000000159240,0.8775626420974731,0.9050450921058655,0.027482450008392334,0.8163344860076904,0.838133692741394,0.021799206733703613,0.12189246714115143,0.07678329944610596,-0.04510916769504547
COCO_val2014_000000159458,0.9335500001907349,0.9003019332885742,-0.033248066902160645,0.7223488688468933,0.661296010017395,-0.06105285882949829,0.28291353583335876,0.38938552141189575,0.10647198557853699
COCO_val2014_000000159667,0.8483834862709045,0.8739054203033447,0.025521934032440186,0.7880702614784241,0.8028764724731445,0.014806210994720459,0.1483820378780365,0.12425407022237778,-0.024127967655658722
COCO_val2014_000000160057,0.9066000580787659,0.908843994140625,0.002243936061859131,0.8494464755058289,0.8470145463943481,-0.002431929111480713,0.07174184918403625,0.07236932963132858,0.0006274804472923279
COCO_val2014_000000160195,0.8577733039855957,0.8156095743179321,-0.042163729667663574,0.7286093235015869,0.6895004510879517,-0.039108872413635254,0.3694828748703003,0.37576398253440857,0.006281107664108276
COCO_val2014_000000160341,0.90993732213974,0.9325124025344849,0.022575080394744873,0.801591157913208,0.8328314423561096,0.03124028444290161,0.1533128172159195,0.10339676588773727,-0.04991605132818222
COCO_val2014_000000160531,0.735989511013031,0.673225462436676,-0.06276404857635498,0.6306688785552979,0.593002200126648,-0.0376666784286499,0.4203473925590515,0.49882662296295166,0.07847923040390015
COCO_val2014_000000160811,0.8301423192024231,0.8507936000823975,0.020651280879974365,0.7894997000694275,0.7906011939048767,0.0011014938354492188,0.12500454485416412,0.1327841728925705,0.007779628038406372
COCO_val2014_000000160836,0.8633300065994263,0.8782358169555664,0.014905810356140137,0.8356510400772095,0.8483924865722656,0.012741446495056152,0.09911903738975525,0.08244216442108154,-0.016676872968673706
COCO_val2014_000000161720,0.8422214984893799,0.8572174310684204,0.014995932579040527,0.786198616027832,0.7925107479095459,0.006312131881713867,0.14901705086231232,0.14354851841926575,-0.00546853244304657
COCO_val2014_000000161940,0.9402268528938293,0.9308082461357117,-0.009418606758117676,0.8280173540115356,0.8158340454101562,-0.012183308601379395,0.12389016151428223,0.12181542068719864,-0.0020747408270835876
COCO_val2014_000000162249,0.9183952212333679,0.9321361780166626,0.013740956783294678,0.8419314026832581,0.8463007211685181,0.00436931848526001,0.0854119062423706,0.08404243737459183,-0.001369468867778778
COCO_val2014_000000162454,0.8339328765869141,0.8511558175086975,0.017222940921783447,0.6894742250442505,0.7186309695243835,0.029156744480133057,0.3446544110774994,0.3581438958644867,0.013489484786987305
COCO_val2014_000000162579,0.7646166086196899,0.8351943492889404,0.07057774066925049,0.6813773512840271,0.7216088771820068,0.040231525897979736,0.30442625284194946,0.2438322752714157,-0.06059397757053375
COCO_val2014_000000162952,0.8970078825950623,0.9140258431434631,0.01701796054840088,0.780418336391449,0.7785736322402954,-0.0018447041511535645,0.19782786071300507,0.2339261770248413,0.03609831631183624
COCO_val2014_000000163057,0.8733362555503845,0.8954599499702454,0.02212369441986084,0.7792029976844788,0.797966480255127,0.018763482570648193,0.2142389863729477,0.2434779703617096,0.029238983988761902
COCO_val2014_000000163112,0.9232017993927002,0.9363386034965515,0.013136804103851318,0.7257069945335388,0.7464096546173096,0.020702660083770752,0.34762632846832275,0.23890137672424316,-0.10872495174407959
COCO_val2014_000000163589,0.8092095851898193,0.8200893402099609,0.010879755020141602,0.7832099795341492,0.7940758466720581,0.010865867137908936,0.1627824753522873,0.14392408728599548,-0.01885838806629181
COCO_val2014_000000163611,0.8278822898864746,0.8354294300079346,0.007547140121459961,0.8451401591300964,0.8333430886268616,-0.011797070503234863,0.07588157057762146,0.08152003586292267,0.0056384652853012085
COCO_val2014_000000164005,0.7882104516029358,0.7830775380134583,-0.005132913589477539,0.7434659004211426,0.7428922653198242,-0.0005736351013183594,0.2192590832710266,0.22296781837940216,0.0037087351083755493
COCO_val2014_000000164330,0.8834978938102722,0.8715271949768066,-0.011970698833465576,0.7637481689453125,0.7497818470001221,-0.01396632194519043,0.22255653142929077,0.28293174505233765,0.060375213623046875
COCO_val2014_000000165589,0.8613200187683105,0.8739746809005737,0.012654662132263184,0.817764401435852,0.8118541836738586,-0.005910217761993408,0.10237659513950348,0.12050685286521912,0.018130257725715637
COCO_val2014_000000165643,0.6427850723266602,0.6907978057861328,0.048012733459472656,0.6269423961639404,0.6641681790351868,0.03722578287124634,0.48616310954093933,0.40589016675949097,-0.08027294278144836
COCO_val2014_000000165831,0.8909460306167603,0.897986650466919,0.007040619850158691,0.8443942666053772,0.8507022261619568,0.00630795955657959,0.07932975888252258,0.06093207001686096,-0.01839768886566162
COCO_val2014_000000166244,0.8745001554489136,0.8828516006469727,0.008351445198059082,0.7437336444854736,0.7574234008789062,0.013689756393432617,0.22182710468769073,0.2192075252532959,-0.0026195794343948364
COCO_val2014_000000166287,0.840444803237915,0.8698008060455322,0.029356002807617188,0.7176932096481323,0.7465471625328064,0.028853952884674072,0.24955567717552185,0.20976032316684723,-0.03979535400867462
COCO_val2014_000000166320,0.7473568320274353,0.7820086479187012,0.03465181589126587,0.80302894115448,0.8060715198516846,0.00304257869720459,0.13062958419322968,0.11729896068572998,-0.013330623507499695
COCO_val2014_000000166358,0.8574011921882629,0.9062840938568115,0.048882901668548584,0.7312178611755371,0.7813234329223633,0.05010557174682617,0.22841568291187286,0.15935969352722168,-0.06905598938465118
COCO_val2014_000000166565,0.6697208285331726,0.7679490447044373,0.09822821617126465,0.7226606607437134,0.763519823551178,0.0408591628074646,0.27397727966308594,0.19722598791122437,-0.07675129175186157
COCO_val2014_000000166948,0.9023422002792358,0.9117221832275391,0.009379982948303223,0.74137282371521,0.7480881214141846,0.006715297698974609,0.3044975996017456,0.2730783224105835,-0.03141927719116211
COCO_val2014_000000167122,0.8262012600898743,0.8583577871322632,0.032156527042388916,0.7449381351470947,0.7721980810165405,0.0272599458694458,0.22190701961517334,0.18272432684898376,-0.039182692766189575
COCO_val2014_000000167347,0.9709022641181946,0.9863668084144592,0.015464544296264648,0.8444504141807556,0.8767997026443481,0.03234928846359253,0.08599299937486649,0.06621642410755157,-0.01977657526731491
COCO_val2014_000000167443,0.8376750946044922,0.862971305847168,0.02529621124267578,0.7958576083183289,0.7962868213653564,0.0004292130470275879,0.12540876865386963,0.1303771287202835,0.004968360066413879
COCO_val2014_000000167477,0.9009453058242798,0.8651273250579834,-0.03581798076629639,0.800652265548706,0.7727301120758057,-0.02792215347290039,0.1429867446422577,0.19368256628513336,0.05069582164287567
COCO_val2014_000000167724,0.5039864778518677,0.5321981906890869,0.02821171283721924,0.6496461033821106,0.6438395977020264,-0.0058065056800842285,0.4236227869987488,0.5673315525054932,0.14370876550674438
COCO_val2014_000000167854,0.9368097186088562,0.9021386504173279,-0.03467106819152832,0.8095052242279053,0.764549970626831,-0.04495525360107422,0.1526474952697754,0.22133909165859222,0.06869159638881683
COCO_val2014_000000167898,0.9152376055717468,0.9326900839805603,0.017452478408813477,0.7898991107940674,0.8041067719459534,0.014207661151885986,0.1615423858165741,0.14427873492240906,-0.01726365089416504
COCO_val2014_000000168583,0.8871936202049255,0.8834474682807922,-0.0037461519241333008,0.7792389392852783,0.7793309092521667,9.196996688842773e-05,0.17442373931407928,0.19927914440631866,0.02485540509223938
COCO_val2014_000000168662,0.8904989957809448,0.9133762121200562,0.022877216339111328,0.7456818222999573,0.7755835056304932,0.02990168333053589,0.22108565270900726,0.19279888272285461,-0.02828676998615265
COCO_val2014_000000168686,0.8663495779037476,0.8882579803466797,0.02190840244293213,0.831998884677887,0.8351709246635437,0.0031720399856567383,0.10533342510461807,0.10267074406147003,-0.0026626810431480408
COCO_val2014_000000168713,0.9193762540817261,0.9086781740188599,-0.010698080062866211,0.768450140953064,0.7464804649353027,-0.02196967601776123,0.20213307440280914,0.22515946626663208,0.023026391863822937
COCO_val2014_000000168781,0.8343943953514099,0.8551886081695557,0.020794212818145752,0.671497106552124,0.7070478796958923,0.03555077314376831,0.32238054275512695,0.25207066535949707,-0.07030987739562988
COCO_val2014_000000168890,0.8833039402961731,0.8910767436027527,0.00777280330657959,0.8234728574752808,0.8280456066131592,0.004572749137878418,0.09355716407299042,0.10088014602661133,0.007322981953620911
COCO_val2014_000000169111,0.868191659450531,0.8969320058822632,0.028740346431732178,0.8057680130004883,0.8224471807479858,0.01667916774749756,0.12124020606279373,0.09566083550453186,-0.02557937055826187
COCO_val2014_000000169250,0.8730252385139465,0.912113606929779,0.03908836841583252,0.7622487545013428,0.7893598675727844,0.02711111307144165,0.17213058471679688,0.14049676060676575,-0.03163382411003113
COCO_val2014_000000170340,0.9452347755432129,0.9668737053871155,0.021638929843902588,0.6711103916168213,0.6878257989883423,0.016715407371520996,0.3515351414680481,0.3148854672908783,-0.0366496741771698
COCO_val2014_000000170442,0.8814637660980225,0.9073565602302551,0.025892794132232666,0.8107882738113403,0.8309120535850525,0.020123779773712158,0.13453362882137299,0.10771048069000244,-0.026823148131370544
COCO_val2014_000000170700,0.8522016406059265,0.8796358108520508,0.027434170246124268,0.7822045087814331,0.7987713813781738,0.016566872596740723,0.16421006619930267,0.1632189154624939,-0.0009911507368087769
COCO_val2014_000000170974,0.9157268404960632,0.918501079082489,0.0027742385864257812,0.8056936264038086,0.8050607442855835,-0.0006328821182250977,0.13583384454250336,0.1413111835718155,0.005477339029312134
COCO_val2014_000000171190,0.8719067573547363,0.9111641645431519,0.03925740718841553,0.795318603515625,0.8215595483779907,0.026240944862365723,0.14119312167167664,0.11497193574905396,-0.02622118592262268
COCO_val2014_000000171241,0.9282119870185852,0.9237657785415649,-0.004446208477020264,0.7798882722854614,0.769449770450592,-0.010438501834869385,0.20465148985385895,0.2322961986064911,0.02764470875263214
COCO_val2014_000000171310,0.819759726524353,0.7667486071586609,-0.05301111936569214,0.7545254826545715,0.6910539865493774,-0.06347149610519409,0.2174629420042038,0.33688297867774963,0.11942003667354584
COCO_val2014_000000171360,0.8474494814872742,0.865186870098114,0.017737388610839844,0.7841463088989258,0.7924048900604248,0.008258581161499023,0.16788363456726074,0.17873474955558777,0.010851114988327026
COCO_val2014_000000172057,0.8415703773498535,0.8244823217391968,-0.01708805561065674,0.8090225458145142,0.8035302758216858,-0.005492269992828369,0.13951024413108826,0.1366841048002243,-0.0028261393308639526
COCO_val2014_000000172556,0.9684696793556213,0.9639865159988403,-0.004483163356781006,0.8309599161148071,0.8304427862167358,-0.0005171298980712891,0.1450304090976715,0.14629775285720825,0.0012673437595367432
COCO_val2014_000000172599,0.7622038722038269,0.7389121055603027,-0.02329176664352417,0.7385602593421936,0.7130503058433533,-0.025509953498840332,0.23267412185668945,0.265134334564209,0.03246021270751953
COCO_val2014_000000172995,0.8869126439094543,0.8982453346252441,0.011332690715789795,0.7797074317932129,0.7956533432006836,0.015945911407470703,0.16738244891166687,0.15418457984924316,-0.013197869062423706
COCO_val2014_000000173693,0.928723156452179,0.9603638648986816,0.031640708446502686,0.5307705402374268,0.6848158836364746,0.15404534339904785,0.5952677726745605,0.3316892981529236,-0.26357847452163696
COCO_val2014_000000173825,0.8122103214263916,0.8101451396942139,-0.0020651817321777344,0.7910597324371338,0.7790724635124207,-0.011987268924713135,0.1385827213525772,0.15431687235832214,0.015734151005744934
COCO_val2014_000000174425,0.8992822766304016,0.9018473029136658,0.00256502628326416,0.7588173151016235,0.7662147283554077,0.00739741325378418,0.1974974274635315,0.2135048806667328,0.016007453203201294
COCO_val2014_000000174690,0.8851904273033142,0.9495959281921387,0.06440550088882446,0.8030455112457275,0.8489989042282104,0.04595339298248291,0.11097564548254013,0.07096565514802933,-0.0400099903345108
COCO_val2014_000000174888,0.8447320461273193,0.8109949827194214,-0.03373706340789795,0.741191029548645,0.7162371277809143,-0.024953901767730713,0.26345348358154297,0.30650269985198975,0.04304921627044678
COCO_val2014_000000175437,0.8475700616836548,0.8068100810050964,-0.04075998067855835,0.7153632044792175,0.7193881273269653,0.004024922847747803,0.2962036430835724,0.334171324968338,0.037967681884765625
COCO_val2014_000000175597,0.8961845636367798,0.8944023251533508,-0.001782238483428955,0.7708615064620972,0.7642720937728882,-0.006589412689208984,0.1982811540365219,0.20454704761505127,0.006265893578529358
COCO_val2014_000000175653,0.8356963396072388,0.7981111407279968,-0.03758519887924194,0.7565418481826782,0.700455904006958,-0.056085944175720215,0.20167358219623566,0.30608949065208435,0.1044159084558487
COCO_val2014_000000175908,0.9154543280601501,0.7855959534645081,-0.1298583745956421,0.7891445755958557,0.6844347715377808,-0.10470980405807495,0.1849914789199829,0.34677019715309143,0.16177871823310852
COCO_val2014_000000176031,0.8771812319755554,0.9285988807678223,0.051417648792266846,0.7530297040939331,0.8160887956619263,0.06305909156799316,0.2095126211643219,0.11882291734218597,-0.09068970382213593
COCO_val2014_000000176180,0.8049696087837219,0.7914955615997314,-0.013474047183990479,0.693755030632019,0.6915721893310547,-0.0021828413009643555,0.3388749957084656,0.30373650789260864,-0.035138487815856934
COCO_val2014_000000176226,0.8984296917915344,0.8955085873603821,-0.0029211044311523438,0.7634733319282532,0.7688134908676147,0.005340158939361572,0.20109620690345764,0.23851993680000305,0.03742372989654541
COCO_val2014_000000176278,0.9003504514694214,0.9320502877235413,0.03169983625411987,0.8011360764503479,0.8152531385421753,0.014117062091827393,0.12645038962364197,0.15445789694786072,0.02800750732421875
COCO_val2014_000000176328,0.9166273474693298,0.872589111328125,-0.044038236141204834,0.7983030676841736,0.7435007095336914,-0.05480235815048218,0.15341058373451233,0.204678475856781,0.05126789212226868
COCO_val2014_000000176330,0.8945592045783997,0.8926774263381958,-0.0018817782402038574,0.7626616954803467,0.7576045393943787,-0.005057156085968018,0.19143405556678772,0.20003212988376617,0.008598074316978455
COCO_val2014_000000176606,0.8006499409675598,0.8723164200782776,0.07166647911071777,0.6658555269241333,0.7153713703155518,0.04951584339141846,0.3661094903945923,0.33443135023117065,-0.03167814016342163
COCO_val2014_000000177015,0.8075430393218994,0.8093966245651245,0.0018535852432250977,0.6810823082923889,0.6869059205055237,0.005823612213134766,0.3295387029647827,0.3160444498062134,-0.013494253158569336
COCO_val2014_000000177149,0.7575353980064392,0.8468033671379089,0.08926796913146973,0.7484779953956604,0.7890872359275818,0.04060924053192139,0.26392698287963867,0.14729544520378113,-0.11663153767585754
COCO_val2014_000000177262,0.8176476359367371,0.7498800754547119,-0.06776756048202515,0.7801440954208374,0.720471203327179,-0.05967289209365845,0.1393030434846878,0.22802338004112244,0.08872033655643463
COCO_val2014_000000178446,0.7722557783126831,0.7868518829345703,0.014596104621887207,0.7058336734771729,0.6891195774078369,-0.016714096069335938,0.30951693654060364,0.3470945358276367,0.03757759928703308
COCO_val2014_000000178691,0.922278881072998,0.925094723701477,0.002815842628479004,0.7362895607948303,0.7531915903091431,0.016902029514312744,0.24070820212364197,0.19512595236301422,-0.04558224976062775
COCO_val2014_000000178941,0.907920777797699,0.8951663970947266,-0.012754380702972412,0.7396374940872192,0.7589083909988403,0.019270896911621094,0.2363542765378952,0.19169601798057556,-0.04465825855731964
COCO_val2014_000000179141,0.8783097863197327,0.8311788439750671,-0.04713094234466553,0.78476881980896,0.7522990107536316,-0.03246980905532837,0.13789916038513184,0.19546809792518616,0.05756893754005432
COCO_val2014_000000179699,0.8671406507492065,0.9053812623023987,0.03824061155319214,0.7465009689331055,0.7759649753570557,0.029464006423950195,0.2496756911277771,0.17940717935562134,-0.07026851177215576
COCO_val2014_000000179898,0.8249449133872986,0.8818086981773376,0.05686378479003906,0.7507457137107849,0.7920173406600952,0.0412716269493103,0.20413893461227417,0.1322750300168991,-0.07186390459537506
COCO_val2014_000000179926,0.8347417712211609,0.8487414121627808,0.013999640941619873,0.6767110824584961,0.7019895315170288,0.025278449058532715,0.34367772936820984,0.3246021866798401,-0.01907554268836975
COCO_val2014_000000180013,0.840675413608551,0.834963321685791,-0.00571209192276001,0.681016206741333,0.689185380935669,0.008169174194335938,0.3140624165534973,0.30536961555480957,-0.008692800998687744
COCO_val2014_000000180584,0.8707485198974609,0.9180871844291687,0.047338664531707764,0.5915435552597046,0.6441420316696167,0.05259847640991211,0.5807709693908691,0.41805511713027954,-0.1627158522605896
COCO_val2014_000000180653,0.931399941444397,0.9467334747314453,0.01533353328704834,0.7928410172462463,0.8013932704925537,0.008552253246307373,0.17662563920021057,0.17058220505714417,-0.006043434143066406
COCO_val2014_000000180662,0.8150654435157776,0.8367661237716675,0.021700680255889893,0.7273233532905579,0.7447364330291748,0.017413079738616943,0.28572922945022583,0.24248719215393066,-0.043242037296295166
COCO_val2014_000000181030,0.9106062650680542,0.9264007210731506,0.015794456005096436,0.8212007284164429,0.8307155966758728,0.009514868259429932,0.1109369546175003,0.09078650921583176,-0.02015044540166855
COCO_val2014_000000181118,0.7534322142601013,0.7358224391937256,-0.017609775066375732,0.8114496469497681,0.748955488204956,-0.06249415874481201,0.13477706909179688,0.2058684527873993,0.07109138369560242
COCO_val2014_000000181139,0.8551587462425232,0.8503007888793945,-0.004857957363128662,0.7487367987632751,0.7711795568466187,0.022442758083343506,0.2232356071472168,0.16858834028244019,-0.05464726686477661
COCO_val2014_000000181179,0.9095583558082581,0.9229579567909241,0.013399600982666016,0.8152928948402405,0.8281942009925842,0.01290130615234375,0.10319693386554718,0.08816048502922058,-0.015036448836326599
COCO_val2014_000000181446,0.8866842985153198,0.9159356355667114,0.0292513370513916,0.790985107421875,0.79514080286026,0.00415569543838501,0.24877658486366272,0.23914475739002228,-0.009631827473640442
COCO_val2014_000000181449,0.8617188334465027,0.874826192855835,0.013107359409332275,0.7865762710571289,0.7860348224639893,-0.0005414485931396484,0.16103196144104004,0.16700847446918488,0.005976513028144836
COCO_val2014_000000181655,0.9429542422294617,0.9280540943145752,-0.014900147914886475,0.8170672655105591,0.7975252866744995,-0.01954197883605957,0.11649490892887115,0.13983318209648132,0.02333827316761017
COCO_val2014_000000181816,0.8622756004333496,0.8590914011001587,-0.003184199333190918,0.5500061511993408,0.5953088998794556,0.045302748680114746,0.5600099563598633,0.477091908454895,-0.08291804790496826
COCO_val2014_000000181888,0.8618583083152771,0.8485877513885498,-0.013270556926727295,0.7836940288543701,0.7483962774276733,-0.03529775142669678,0.16203799843788147,0.23941513895988464,0.07737714052200317
COCO_val2014_000000182233,0.8576457500457764,0.8679235577583313,0.010277807712554932,0.7560774683952332,0.7657092809677124,0.009631812572479248,0.2706623077392578,0.2360651046037674,-0.03459720313549042
COCO_val2014_000000182236,0.8828956484794617,0.9119513034820557,0.029055655002593994,0.6721994876861572,0.7154438495635986,0.043244361877441406,0.3916586637496948,0.31849807500839233,-0.07316058874130249
COCO_val2014_000000182417,0.93013596534729,0.9110457897186279,-0.01909017562866211,0.8231526613235474,0.799932062625885,-0.023220598697662354,0.11678233742713928,0.13000115752220154,0.013218820095062256
COCO_val2014_000000182523,0.9205604195594788,0.9406440258026123,0.020083606243133545,0.7908599972724915,0.8107320070266724,0.019872009754180908,0.16256895661354065,0.1396593153476715,-0.02290964126586914
COCO_val2014_000000182784,0.9129403233528137,0.9136865735054016,0.0007462501525878906,0.8223682045936584,0.8069049119949341,-0.015463292598724365,0.11272808909416199,0.13198301196098328,0.01925492286682129
COCO_val2014_000000183204,0.8396000266075134,0.8431473970413208,0.003547370433807373,0.8229873776435852,0.8229266405105591,-6.073713302612305e-05,0.11778445541858673,0.11675547808408737,-0.0010289773344993591
COCO_val2014_000000183319,0.8658764362335205,0.8941616415977478,0.028285205364227295,0.7887619733810425,0.8121212720870972,0.023359298706054688,0.14103049039840698,0.1425325870513916,0.0015020966529846191
COCO_val2014_000000183519,0.9421812891960144,0.9513257145881653,0.009144425392150879,0.8236953616142273,0.8246279954910278,0.0009326338768005371,0.12791836261749268,0.1418890357017517,0.013970673084259033
COCO_val2014_000000183905,0.772626519203186,0.7808226943016052,0.00819617509841919,0.685104250907898,0.6736992001533508,-0.01140505075454712,0.40482521057128906,0.3295239508152008,-0.07530125975608826
COCO_val2014_000000183991,0.9213403463363647,0.9230912923812866,0.001750946044921875,0.7998269200325012,0.7908651828765869,-0.008961737155914307,0.17365220189094543,0.18520334362983704,0.011551141738891602
COCO_val2014_000000184384,0.8954237103462219,0.8784852623939514,-0.016938447952270508,0.8320691585540771,0.8121868371963501,-0.01988232135772705,0.09121094644069672,0.12443907558917999,0.033228129148483276
COCO_val2014_000000184621,0.906639575958252,0.9359878301620483,0.029348254203796387,0.7694042921066284,0.8075728416442871,0.03816854953765869,0.19010815024375916,0.18207699060440063,-0.00803115963935852
COCO_val2014_000000185444,0.8630384206771851,0.8121217489242554,-0.05091667175292969,0.672441840171814,0.6789959073066711,0.006554067134857178,0.34312620759010315,0.3382689654827118,-0.004857242107391357
COCO_val2014_000000185614,0.8876914381980896,0.9297637343406677,0.042072296142578125,0.8222760558128357,0.8560061454772949,0.03373008966445923,0.09902569651603699,0.06688115000724792,-0.03214454650878906
COCO_val2014_000000185781,0.9506242871284485,0.9567463397979736,0.0061220526695251465,0.8505301475524902,0.8603601455688477,0.009829998016357422,0.07985891401767731,0.06801149249076843,-0.011847421526908875
COCO_val2014_000000185807,0.9504836797714233,0.9305647015571594,-0.019918978214263916,0.8317946195602417,0.802153468132019,-0.029641151428222656,0.13817133009433746,0.16414089500904083,0.02596956491470337
COCO_val2014_000000185936,0.6629998683929443,0.6600291132926941,-0.002970755100250244,0.5780755877494812,0.5722768306732178,-0.005798757076263428,0.6373964548110962,0.6149172186851501,-0.022479236125946045
COCO_val2014_000000186095,0.9082083702087402,0.9101907014846802,0.0019823312759399414,0.7941735982894897,0.7878352403640747,-0.006338357925415039,0.17603060603141785,0.16031667590141296,-0.015713930130004883
COCO_val2014_000000186130,0.9154852032661438,0.9376017451286316,0.022116541862487793,0.7351380586624146,0.7999936938285828,0.06485563516616821,0.21394377946853638,0.14169958233833313,-0.07224419713020325
COCO_val2014_000000186497,0.8729352951049805,0.8115836977958679,-0.06135159730911255,0.7538086771965027,0.723858118057251,-0.02995055913925171,0.20740213990211487,0.29503723978996277,0.0876350998878479
COCO_val2014_000000186927,0.8813934326171875,0.9040179252624512,0.022624492645263672,0.7704979181289673,0.7855977416038513,0.015099823474884033,0.15771731734275818,0.1513092964887619,-0.006408020853996277
COCO_val2014_000000187054,0.8338749408721924,0.8207225799560547,-0.013152360916137695,0.7354704141616821,0.7075777053833008,-0.027892708778381348,0.29250800609588623,0.3046608567237854,0.01215285062789917
COCO_val2014_000000187072,0.9238916635513306,0.898655354976654,-0.025236308574676514,0.7649188041687012,0.7211328744888306,-0.043785929679870605,0.33323636651039124,0.3790179193019867,0.04578155279159546
COCO_val2014_000000187177,0.8667315244674683,0.9171321988105774,0.05040067434310913,0.7115616202354431,0.7801158428192139,0.06855422258377075,0.2946597933769226,0.17067086696624756,-0.12398892641067505
COCO_val2014_000000187236,0.8549937009811401,0.8847586512565613,0.029764950275421143,0.7479003667831421,0.7715611457824707,0.023660778999328613,0.22521615028381348,0.2026861011981964,-0.022530049085617065
COCO_val2014_000000187240,0.924282431602478,0.9460774660110474,0.021795034408569336,0.8181814551353455,0.8331835865974426,0.015002131462097168,0.12532450258731842,0.15447600185871124,0.029151499271392822
COCO_val2014_000000187249,0.9266842603683472,0.935507595539093,0.00882333517074585,0.8409560918807983,0.8424351215362549,0.001479029655456543,0.06518158316612244,0.07482390105724335,0.00964231789112091
COCO_val2014_000000187424,0.7480728030204773,0.8102983236312866,0.062225520610809326,0.5876433849334717,0.640438437461853,0.05279505252838135,0.5136920809745789,0.4196019172668457,-0.09409016370773315
COCO_val2014_000000187543,0.9156818985939026,0.902330219745636,-0.013351678848266602,0.7823581695556641,0.7571258544921875,-0.025232315063476562,0.17670795321464539,0.20559120178222656,0.028883248567581177
COCO_val2014_000000187734,0.8133773803710938,0.8605061769485474,0.04712879657745361,0.7019137144088745,0.7443649768829346,0.04245126247406006,0.271819531917572,0.21164101362228394,-0.060178518295288086
COCO_val2014_000000188040,0.8263242840766907,0.8137261271476746,-0.012598156929016113,0.6493781805038452,0.6252893805503845,-0.024088799953460693,0.3953673839569092,0.44085511565208435,0.04548773169517517
COCO_val2014_000000188136,0.8791064023971558,0.9138084650039673,0.03470206260681152,0.8231651782989502,0.8395698070526123,0.01640462875366211,0.10295850038528442,0.07658375799655914,-0.02637474238872528
COCO_val2014_000000188311,0.8852173686027527,0.9018625020980835,0.01664513349533081,0.8304136395454407,0.8453336954116821,0.014920055866241455,0.10644926875829697,0.0894024595618248,-0.017046809196472168
COCO_val2014_000000188434,0.9051277041435242,0.9212898015975952,0.016162097454071045,0.8315977454185486,0.8500361442565918,0.018438398838043213,0.08556163311004639,0.07195675373077393,-0.013604879379272461
COCO_val2014_000000188817,0.8264166116714478,0.7688853144645691,-0.05753129720687866,0.7537975311279297,0.7160172462463379,-0.0377802848815918,0.229631245136261,0.3377779424190521,0.10814669728279114
COCO_val2014_000000188824,0.8868904709815979,0.8940445780754089,0.007154107093811035,0.7432634830474854,0.7479212284088135,0.004657745361328125,0.2500351667404175,0.25100237131118774,0.0009672045707702637
COCO_val2014_000000188865,0.9496277570724487,0.9390526413917542,-0.01057511568069458,0.7572002410888672,0.730444073677063,-0.0267561674118042,0.2526722550392151,0.30219799280166626,0.04952573776245117
COCO_val2014_000000189368,0.8614842891693115,0.8724187612533569,0.01093447208404541,0.6955467462539673,0.7082495093345642,0.012702763080596924,0.3562898635864258,0.3801230788230896,0.02383321523666382
COCO_val2014_000000189376,0.9084195494651794,0.9253782033920288,0.016958653926849365,0.7310997247695923,0.7608485221862793,0.02974879741668701,0.2350490689277649,0.1997571885585785,-0.0352918803691864
COCO_val2014_000000189694,0.9155059456825256,0.894004225730896,-0.02150171995162964,0.7974473834037781,0.7811289429664612,-0.016318440437316895,0.1772441565990448,0.1859687864780426,0.008724629878997803
COCO_val2014_000000190185,0.8887801766395569,0.8961111903190613,0.0073310136795043945,0.8309650421142578,0.8111904859542847,-0.019774556159973145,0.09921015799045563,0.1194581612944603,0.02024800330400467
COCO_val2014_000000190291,0.7975943684577942,0.8168246150016785,0.019230246543884277,0.7113908529281616,0.7154682874679565,0.004077434539794922,0.3020339608192444,0.3276866674423218,0.025652706623077393
COCO_val2014_000000190463,0.8655940294265747,0.8730677962303162,0.007473766803741455,0.7297822833061218,0.7393488883972168,0.00956660509109497,0.23480020463466644,0.2296157032251358,-0.00518450140953064
COCO_val2014_000000190829,0.9296758770942688,0.9458056688308716,0.016129791736602783,0.8093405365943909,0.8271461725234985,0.017805635929107666,0.161514550447464,0.09531975537538528,-0.0661947950720787
COCO_val2014_000000191054,0.9322032332420349,0.8933287262916565,-0.03887450695037842,0.8172439336776733,0.7778618335723877,-0.039382100105285645,0.1448059380054474,0.1875537931919098,0.0427478551864624
COCO_val2014_000000191218,0.8620703220367432,0.84482741355896,-0.017242908477783203,0.8063130974769592,0.7806915044784546,-0.02562159299850464,0.14198419451713562,0.1991129219532013,0.057128727436065674
COCO_val2014_000000191225,0.8771986365318298,0.9303061962127686,0.05310755968093872,0.7348363995552063,0.7832452058792114,0.04840880632400513,0.22706159949302673,0.169813334941864,-0.05724826455116272
COCO_val2014_000000191265,0.8433941602706909,0.7882152795791626,-0.05517888069152832,0.7937025427818298,0.7400354146957397,-0.05366712808609009,0.14374203979969025,0.21950334310531616,0.07576130330562592
COCO_val2014_000000191515,0.8800814151763916,0.8685768842697144,-0.011504530906677246,0.8222398161888123,0.8075522184371948,-0.014687597751617432,0.10321460664272308,0.13082462549209595,0.027610018849372864
COCO_val2014_000000191846,0.8962815403938293,0.8904806971549988,-0.005800843238830566,0.7836006879806519,0.7683022618293762,-0.015298426151275635,0.20241762697696686,0.3109709918498993,0.10855336487293243
COCO_val2014_000000191925,0.9267593622207642,0.945979654788971,0.019220292568206787,0.7544660568237305,0.8031327128410339,0.04866665601730347,0.20708124339580536,0.13383203744888306,-0.0732492059469223
COCO_val2014_000000191949,0.916254997253418,0.9265272617340088,0.01027226448059082,0.6901578903198242,0.7962652444839478,0.10610735416412354,0.31094056367874146,0.14803072810173035,-0.1629098355770111
COCO_val2014_000000192128,0.847319483757019,0.891899824142456,0.04458034038543701,0.7282033562660217,0.7485522031784058,0.020348846912384033,0.25394803285598755,0.21372215449810028,-0.04022587835788727
COCO_val2014_000000192554,0.7879261374473572,0.7779168486595154,-0.010009288787841797,0.7232340574264526,0.6935867071151733,-0.029647350311279297,0.28747615218162537,0.3653619885444641,0.07788583636283875
COCO_val2014_000000192660,0.7812850475311279,0.7484802007675171,-0.03280484676361084,0.7784820795059204,0.7464725375175476,-0.0320095419883728,0.1625290811061859,0.2034263014793396,0.040897220373153687
COCO_val2014_000000192932,0.9224618673324585,0.9642653465270996,0.04180347919464111,0.7651360034942627,0.8177484273910522,0.05261242389678955,0.20113681256771088,0.1997281014919281,-0.0014087110757827759
COCO_val2014_000000193122,0.8521290421485901,0.8036820888519287,-0.04844695329666138,0.7570556402206421,0.6758303642272949,-0.08122527599334717,0.1843198835849762,0.2991601228713989,0.11484023928642273
COCO_val2014_000000193194,0.8694100975990295,0.8822268843650818,0.012816786766052246,0.7938929796218872,0.7833498120307922,-0.01054316759109497,0.13280653953552246,0.15807466208934784,0.02526812255382538
COCO_val2014_000000193498,0.846501350402832,0.8478427529335022,0.001341402530670166,0.8330914974212646,0.8209507465362549,-0.012140750885009766,0.09224085509777069,0.11035376042127609,0.0181129053235054
COCO_val2014_000000193674,0.9162686467170715,0.9299011826515198,0.013632535934448242,0.7732173204421997,0.7996419668197632,0.026424646377563477,0.17716474831104279,0.14624404907226562,-0.03092069923877716
COCO_val2014_000000194331,0.903671145439148,0.9059373736381531,0.002266228199005127,0.8213921785354614,0.8246291875839233,0.003237009048461914,0.11546319723129272,0.11490537226200104,-0.000557824969291687
COCO_val2014_000000194414,0.7162301540374756,0.7567568421363831,0.04052668809890747,0.5458294153213501,0.586489200592041,0.04065978527069092,0.6202943921089172,0.5221103429794312,-0.09818404912948608
COCO_val2014_000000194790,0.853264331817627,0.8725311160087585,0.019266784191131592,0.7558021545410156,0.7496874928474426,-0.006114661693572998,0.22362089157104492,0.23182177543640137,0.008200883865356445
COCO_val2014_000000195211,0.8444535732269287,0.8495287895202637,0.005075216293334961,0.8039329051971436,0.8009054660797119,-0.0030274391174316406,0.13495129346847534,0.14640392363071442,0.011452630162239075
COCO_val2014_000000195800,0.920103132724762,0.9184646606445312,-0.0016384720802307129,0.7582651972770691,0.7830462455749512,0.02478104829788208,0.19196158647537231,0.16895316541194916,-0.023008421063423157
COCO_val2014_000000195815,0.8542507290840149,0.7987545132637024,-0.0554962158203125,0.6790974140167236,0.6129951477050781,-0.06610226631164551,0.3643115758895874,0.4458683133125305,0.08155673742294312
COCO_val2014_000000195842,0.861408531665802,0.8965618014335632,0.03515326976776123,0.6895642280578613,0.7211264371871948,0.031562209129333496,0.29407933354377747,0.2804449200630188,-0.013634413480758667
COCO_val2014_000000196074,0.7954407930374146,0.8271804451942444,0.031739652156829834,0.7415053844451904,0.7362299561500549,-0.005275428295135498,0.21514052152633667,0.23195047676563263,0.01680995523929596
COCO_val2014_000000196210,0.8967673182487488,0.933583676815033,0.03681635856628418,0.8283320665359497,0.8486045598983765,0.020272493362426758,0.09805985540151596,0.09481152147054672,-0.0032483339309692383
COCO_val2014_000000196843,0.6622636914253235,0.668136477470398,0.005872786045074463,0.5027490258216858,0.5259027481079102,0.023153722286224365,0.6873236298561096,0.6539331674575806,-0.03339046239852905
COCO_val2014_000000196885,0.9627386331558228,0.9668851494789124,0.0041465163230896,0.8182109594345093,0.832695722579956,0.014484763145446777,0.15256458520889282,0.15270587801933289,0.00014129281044006348
COCO_val2014_000000197097,0.642589271068573,0.7544440627098083,0.11185479164123535,0.5426280498504639,0.6040024757385254,0.06137442588806152,0.6313433647155762,0.4882620573043823,-0.14308130741119385
COCO_val2014_000000197130,0.9237393140792847,0.8718908429145813,-0.05184847116470337,0.7780410051345825,0.7310571670532227,-0.04698383808135986,0.173933207988739,0.24655680358409882,0.0726235955953598
COCO_val2014_000000197444,0.8860456943511963,0.9256945848464966,0.03964889049530029,0.8114131093025208,0.8434247970581055,0.03201168775558472,0.12133646756410599,0.08446452766656876,-0.03687193989753723
COCO_val2014_000000197809,0.8772130012512207,0.8069776892662048,-0.07023531198501587,0.7984508275985718,0.7254258394241333,-0.07302498817443848,0.1310633271932602,0.1949032098054886,0.0638398826122284
COCO_val2014_000000197997,0.9426158666610718,0.9413456916809082,-0.0012701749801635742,0.8547970056533813,0.8423522710800171,-0.012444734573364258,0.07152051478624344,0.07769255340099335,0.0061720386147499084
COCO_val2014_000000198312,0.9125749468803406,0.9165417551994324,0.003966808319091797,0.8239262700080872,0.8274147510528564,0.003488481044769287,0.11487773060798645,0.0956144705414772,-0.019263260066509247
COCO_val2014_000000198447,0.928450345993042,0.9138492941856384,-0.014601051807403564,0.8177837133407593,0.7874959707260132,-0.030287742614746094,0.10697098821401596,0.14391081035137177,0.036939822137355804
COCO_val2014_000000198486,0.8962407112121582,0.9014995694160461,0.0052588582038879395,0.7743587493896484,0.7848097085952759,0.010450959205627441,0.16981780529022217,0.1517695188522339,-0.01804828643798828
COCO_val2014_000000198563,0.964913010597229,0.9563448429107666,-0.008568167686462402,0.8045991063117981,0.814877450466156,0.01027834415435791,0.15454329550266266,0.14408540725708008,-0.01045788824558258
COCO_val2014_000000199449,0.875170111656189,0.8950615525245667,0.019891440868377686,0.7930002212524414,0.8122437000274658,0.019243478775024414,0.15916740894317627,0.14054837822914124,-0.018619030714035034
COCO_val2014_000000199575,0.6418310403823853,0.7466666102409363,0.10483556985855103,0.5818846225738525,0.6340802907943726,0.05219566822052002,0.5556639432907104,0.43281447887420654,-0.1228494644165039
COCO_val2014_000000199783,0.9198141694068909,0.9182498455047607,-0.001564323902130127,0.8358449935913086,0.8336290717124939,-0.0022159218788146973,0.08181992173194885,0.08232511579990387,0.0005051940679550171
COCO_val2014_000000199842,0.9281617403030396,0.9199317693710327,-0.008229970932006836,0.7448729276657104,0.738572359085083,-0.006300568580627441,0.22200354933738708,0.25939202308654785,0.03738847374916077
COCO_val2014_000000199951,0.9290202260017395,0.9436877369880676,0.014667510986328125,0.6987677812576294,0.7404906749725342,0.041722893714904785,0.4184660315513611,0.3125147819519043,-0.10595124959945679
COCO_val2014_000000199989,0.9521793127059937,0.9468896985054016,-0.005289614200592041,0.8243411779403687,0.829201340675354,0.0048601627349853516,0.10632573068141937,0.09110679477453232,-0.015218935906887054
COCO_val2014_000000200250,0.8344122171401978,0.9276231527328491,0.09321093559265137,0.7187319993972778,0.8109725117683411,0.09224051237106323,0.24518634378910065,0.1321391612291336,-0.11304718255996704
COCO_val2014_000000200291,0.9442002177238464,0.9290590286254883,-0.015141189098358154,0.8350959420204163,0.7927092909812927,-0.042386651039123535,0.08204446732997894,0.1314799040555954,0.049435436725616455
COCO_val2014_000000200365,0.860725998878479,0.8221411108970642,-0.038584887981414795,0.7738551497459412,0.7078298330307007,-0.06602531671524048,0.16754400730133057,0.2794169783592224,0.11187297105789185
COCO_val2014_000000200421,0.965263307094574,0.9549117684364319,-0.01035153865814209,0.840545654296875,0.8183214664459229,-0.02222418785095215,0.15151964128017426,0.15247441828250885,0.0009547770023345947
COCO_val2014_000000200451,0.948015570640564,0.9098643064498901,-0.03815126419067383,0.8564590215682983,0.7980396747589111,-0.05841934680938721,0.07372084259986877,0.1660272777080536,0.09230643510818481
COCO_val2014_000000200541,0.881566047668457,0.8782483339309692,-0.003317713737487793,0.7964181900024414,0.7488077878952026,-0.04761040210723877,0.15981541574001312,0.21394121646881104,0.05412580072879791
COCO_val2014_000000200627,0.9174681901931763,0.941950798034668,0.0244826078414917,0.8176870346069336,0.8602890372276306,0.04260200262069702,0.12879808247089386,0.08588466793298721,-0.04291341453790665
COCO_val2014_000000201925,0.9294298887252808,0.9123148322105408,-0.01711505651473999,0.8335317373275757,0.8152822256088257,-0.01824951171875,0.13280847668647766,0.12141003459692001,-0.011398442089557648
COCO_val2014_000000202963,0.6342217922210693,0.720886766910553,0.08666497468948364,0.5412018895149231,0.5790212154388428,0.03781932592391968,0.6615238189697266,0.5736929178237915,-0.08783090114593506
COCO_val2014_000000203294,0.9170294404029846,0.9220290184020996,0.00499957799911499,0.7997479438781738,0.8202131986618042,0.02046525478363037,0.12164337188005447,0.10566853731870651,-0.01597483456134796
COCO_val2014_000000203661,0.7730112671852112,0.820093035697937,0.04708176851272583,0.7634621262550354,0.7907388210296631,0.027276694774627686,0.1861545741558075,0.17011018097400665,-0.016044393181800842
COCO_val2014_000000204036,0.8674365282058716,0.9026527404785156,0.03521621227264404,0.7880807518959045,0.823590099811554,0.035509347915649414,0.1437787413597107,0.12964940071105957,-0.014129340648651123
COCO_val2014_000000204471,0.9249737858772278,0.9131131768226624,-0.01186060905456543,0.8253079652786255,0.7916762232780457,-0.033631742000579834,0.10428132861852646,0.15290282666683197,0.04862149804830551
COCO_val2014_000000204507,0.8559489846229553,0.8662328124046326,0.010283827781677246,0.6725289821624756,0.683979332447052,0.011450350284576416,0.3891015648841858,0.3935733735561371,0.004471808671951294
COCO_val2014_000000205108,0.7570527791976929,0.8157885074615479,0.05873572826385498,0.6860255002975464,0.7194435000419617,0.03341799974441528,0.30725932121276855,0.23382247984409332,-0.07343684136867523
COCO_val2014_000000205232,0.8489522933959961,0.8319775462150574,-0.01697474718093872,0.8021036386489868,0.7662715911865234,-0.03583204746246338,0.14758001267910004,0.18404778838157654,0.0364677757024765
COCO_val2014_000000205729,0.9020008444786072,0.9438744187355042,0.04187357425689697,0.7726964354515076,0.8318208456039429,0.0591244101524353,0.21094919741153717,0.10965029895305634,-0.10129889845848083
COCO_val2014_000000206417,0.8852453827857971,0.8944507241249084,0.009205341339111328,0.7619432210922241,0.7762587070465088,0.014315485954284668,0.17071238160133362,0.1453353762626648,-0.025377005338668823
COCO_val2014_000000206487,0.9197787642478943,0.9323062896728516,0.012527525424957275,0.8447909355163574,0.8518725633621216,0.00708162784576416,0.08389458060264587,0.09027561545372009,0.006381034851074219
COCO_val2014_000000206784,0.810597836971283,0.8578237295150757,0.047225892543792725,0.774419367313385,0.7977108359336853,0.023291468620300293,0.1822122186422348,0.15203367173671722,-0.030178546905517578
COCO_val2014_000000206922,0.8435439467430115,0.8641505837440491,0.020606637001037598,0.7543389201164246,0.7785452604293823,0.024206340312957764,0.19830791652202606,0.1793908178806305,-0.01891709864139557
COCO_val2014_000000207151,0.9090279936790466,0.9281201362609863,0.019092142581939697,0.827312171459198,0.8355658650398254,0.008253693580627441,0.1072363555431366,0.09127086400985718,-0.01596549153327942
COCO_val2014_000000207205,0.8519861698150635,0.8433240056037903,-0.008662164211273193,0.814666211605072,0.8135844469070435,-0.0010817646980285645,0.10701901465654373,0.11053933948278427,0.0035203248262405396
COCO_val2014_000000207611,0.9263061285018921,0.9384185075759888,0.01211237907409668,0.7952625155448914,0.7995290756225586,0.004266560077667236,0.148483544588089,0.17266663908958435,0.02418309450149536
COCO_val2014_000000207826,0.9051265120506287,0.8881246447563171,-0.017001867294311523,0.7659335136413574,0.7493022680282593,-0.016631245613098145,0.1952122002840042,0.21814033389091492,0.022928133606910706
COCO_val2014_000000207886,0.8429169654846191,0.9197775721549988,0.07686060667037964,0.741759717464447,0.826265811920166,0.084506094455719,0.23380741477012634,0.13134241104125977,-0.10246500372886658
COCO_val2014_000000208423,0.7476749420166016,0.7647900581359863,0.017115116119384766,0.6841798424720764,0.7111958265304565,0.027015984058380127,0.3483200669288635,0.3540390133857727,0.00571894645690918
COCO_val2014_000000208793,0.8551424741744995,0.8678396344184875,0.012697160243988037,0.696337103843689,0.7392876148223877,0.04295051097869873,0.3292199373245239,0.23033855855464935,-0.09888137876987457
COCO_val2014_000000208991,0.8862482309341431,0.8789404034614563,-0.007307827472686768,0.8161591291427612,0.7761686444282532,-0.03999048471450806,0.1219775527715683,0.18309199810028076,0.06111444532871246
COCO_val2014_000000209044,0.8940929174423218,0.857075572013855,-0.0370173454284668,0.7631334066390991,0.7371689081192017,-0.02596449851989746,0.20357941091060638,0.24665941298007965,0.04308000206947327
COCO_val2014_000000209071,0.761128842830658,0.7580967545509338,-0.003032088279724121,0.7313751578330994,0.723016619682312,-0.008358538150787354,0.29669755697250366,0.26581913232803345,-0.030878424644470215
COCO_val2014_000000209357,0.9247657060623169,0.9402099847793579,0.015444278717041016,0.7801889181137085,0.7965124249458313,0.016323506832122803,0.2187776267528534,0.1841617077589035,-0.03461591899394989
COCO_val2014_000000209468,0.8695607781410217,0.8877701759338379,0.018209397792816162,0.7238827347755432,0.736583948135376,0.012701213359832764,0.2666838765144348,0.24558967351913452,-0.021094202995300293
COCO_val2014_000000209898,0.9512485861778259,0.9576910138130188,0.006442427635192871,0.7163156270980835,0.7640140056610107,0.047698378562927246,0.28117913007736206,0.26769980788230896,-0.0134793221950531
COCO_val2014_000000209904,0.8526700139045715,0.8592343926429749,0.00656437873840332,0.7491466999053955,0.7407254576683044,-0.008421242237091064,0.2329283207654953,0.25411319732666016,0.021184876561164856
COCO_val2014_000000209989,0.9017989635467529,0.8975766897201538,-0.004222273826599121,0.8179997205734253,0.8029991388320923,-0.015000581741333008,0.13374321162700653,0.1394340991973877,0.0056908875703811646
COCO_val2014_000000210081,0.9249804019927979,0.9005020260810852,-0.024478375911712646,0.8039264678955078,0.7619497179985046,-0.041976749897003174,0.17960381507873535,0.23918043076992035,0.059576615691185
COCO_val2014_000000210372,0.9109190702438354,0.9017706513404846,-0.00914841890335083,0.8350757956504822,0.8349010944366455,-0.00017470121383666992,0.08471474796533585,0.09559904783964157,0.010884299874305725
COCO_val2014_000000210394,0.9283370971679688,0.9497300982475281,0.021393001079559326,0.8397672772407532,0.8558474779129028,0.016080200672149658,0.07897219806909561,0.060717660933732986,-0.018254537135362625
COCO_val2014_000000210522,0.9257091879844666,0.956006646156311,0.030297458171844482,0.7608698606491089,0.8287265300750732,0.06785666942596436,0.19820863008499146,0.1199340969324112,-0.07827453315258026
COCO_val2014_000000210736,0.6989650130271912,0.8136714100837708,0.11470639705657959,0.6559212803840637,0.7059398889541626,0.05001860857009888,0.3964895009994507,0.29450011253356934,-0.10198938846588135
COCO_val2014_000000210846,0.8921069502830505,0.8582792282104492,-0.03382772207260132,0.787216067314148,0.7846508026123047,-0.0025652647018432617,0.1484403908252716,0.1315358579158783,-0.01690453290939331
COCO_val2014_000000210990,0.9576398134231567,0.9665311574935913,0.00889134407043457,0.7403081655502319,0.8057762980461121,0.06546813249588013,0.25094038248062134,0.1659967005252838,-0.08494368195533752
COCO_val2014_000000211177,0.8953559398651123,0.8896181583404541,-0.005737781524658203,0.8183115124702454,0.8076630234718323,-0.010648488998413086,0.10941636562347412,0.12863537669181824,0.019219011068344116
COCO_val2014_000000211186,0.8345548510551453,0.8596962690353394,0.025141417980194092,0.7202739119529724,0.745697021484375,0.025423109531402588,0.21411173045635223,0.19858095049858093,-0.015530779957771301
COCO_val2014_000000211425,0.9097417593002319,0.8327608704566956,-0.07698088884353638,0.7616944313049316,0.7046198844909668,-0.057074546813964844,0.20658431947231293,0.3409753441810608,0.13439102470874786
COCO_val2014_000000211476,0.8535810112953186,0.8202301263809204,-0.03335088491439819,0.8109593391418457,0.7696768045425415,-0.0412825345993042,0.10877860337495804,0.16277199983596802,0.05399339646100998
COCO_val2014_000000213091,0.9089564681053162,0.8632093667984009,-0.04574710130691528,0.8259104490280151,0.7867825031280518,-0.03912794589996338,0.11645850539207458,0.145851731300354,0.02939322590827942
COCO_val2014_000000213453,0.8678649067878723,0.8507726788520813,-0.017092227935791016,0.842347264289856,0.8171789646148682,-0.025168299674987793,0.07451969385147095,0.10491496324539185,0.0303952693939209
COCO_val2014_000000213728,0.8079488277435303,0.8393170237541199,0.0313681960105896,0.6187030076980591,0.6658231019973755,0.047120094299316406,0.44609159231185913,0.37848180532455444,-0.06760978698730469
COCO_val2014_000000213843,0.9132730960845947,0.9215790629386902,0.008305966854095459,0.7980554699897766,0.8176497220993042,0.019594252109527588,0.13493871688842773,0.10183990746736526,-0.03309880942106247
COCO_val2014_000000214349,0.887876033782959,0.8935320973396301,0.005656063556671143,0.7606468200683594,0.7689036726951599,0.008256852626800537,0.22723440825939178,0.23245950043201447,0.005225092172622681
COCO_val2014_000000214471,0.8908129334449768,0.8839268684387207,-0.0068860650062561035,0.8170980215072632,0.8126327991485596,-0.004465222358703613,0.11229512095451355,0.12054534256458282,0.008250221610069275
COCO_val2014_000000214692,0.8752971291542053,0.8954312801361084,0.020134150981903076,0.7499791383743286,0.7473498582839966,-0.0026292800903320312,0.22334948182106018,0.2546039819717407,0.03125450015068054
COCO_val2014_000000214727,0.8891968727111816,0.8356505036354065,-0.053546369075775146,0.6803060173988342,0.6317843198776245,-0.04852169752120972,0.3074410557746887,0.38164836168289185,0.07420730590820312
COCO_val2014_000000214919,0.8967669606208801,0.9247620701789856,0.02799510955810547,0.8286848664283752,0.8619388341903687,0.03325396776199341,0.10322257876396179,0.061974190175533295,-0.0412483885884285
COCO_val2014_000000215644,0.8945485949516296,0.8977637887001038,0.003215193748474121,0.8159962892532349,0.8182398676872253,0.0022435784339904785,0.1261182427406311,0.13034775853157043,0.004229515790939331
COCO_val2014_000000215808,0.893992006778717,0.8859634399414062,-0.008028566837310791,0.8306119441986084,0.810145378112793,-0.02046656608581543,0.11615089327096939,0.1391938179731369,0.02304292470216751
COCO_val2014_000000216103,0.8700307011604309,0.9227766394615173,0.052745938301086426,0.6331082582473755,0.6975818872451782,0.06447362899780273,0.43686366081237793,0.38199901580810547,-0.05486464500427246
COCO_val2014_000000216277,0.9483407735824585,0.9547809362411499,0.006440162658691406,0.8486385941505432,0.8382984399795532,-0.01034015417098999,0.0828867107629776,0.0661071166396141,-0.016779594123363495
COCO_val2014_000000216761,0.8927980661392212,0.8355507850646973,-0.057247281074523926,0.7783501148223877,0.7304762601852417,-0.047873854637145996,0.1820262372493744,0.2478107213973999,0.06578448414802551
COCO_val2014_000000216790,0.822563648223877,0.769053041934967,-0.05351060628890991,0.7640461921691895,0.7001323699951172,-0.06391382217407227,0.21659278869628906,0.36320945620536804,0.14661666750907898
COCO_val2014_000000217016,0.9059615731239319,0.9018952250480652,-0.004066348075866699,0.8193603754043579,0.8121721744537354,-0.007188200950622559,0.09998050332069397,0.11293896287679672,0.012958459556102753
COCO_val2014_000000217181,0.8241900205612183,0.8415846228599548,0.017394602298736572,0.6735619902610779,0.6985251903533936,0.024963200092315674,0.3334534168243408,0.3067723512649536,-0.026681065559387207
COCO_val2014_000000217783,0.8783807754516602,0.8940153121948242,0.015634536743164062,0.7682364583015442,0.7688267230987549,0.0005902647972106934,0.2296067774295807,0.22237826883792877,-0.0072285085916519165
COCO_val2014_000000218494,0.8946219086647034,0.9129622578620911,0.018340349197387695,0.811954140663147,0.8228919506072998,0.010937809944152832,0.11733885854482651,0.10471069067716599,-0.012628167867660522
COCO_val2014_000000218703,0.8870640993118286,0.8780105710029602,-0.009053528308868408,0.7863427400588989,0.7937673926353455,0.007424652576446533,0.15072190761566162,0.12302328646183014,-0.027698621153831482
COCO_val2014_000000218855,0.7953940033912659,0.8127877116203308,0.01739370822906494,0.7001708745956421,0.7069246172904968,0.006753742694854736,0.28381508588790894,0.28690341114997864,0.003088325262069702
COCO_val2014_000000218988,0.7193397879600525,0.7070090770721436,-0.012330710887908936,0.5916445255279541,0.5833160877227783,-0.008328437805175781,0.4937412440776825,0.5186803340911865,0.02493909001350403
COCO_val2014_000000218996,0.8903069496154785,0.8980976343154907,0.007790684700012207,0.8130288124084473,0.8169189691543579,0.0038901567459106445,0.106636643409729,0.09681373834609985,-0.00982290506362915
COCO_val2014_000000219546,0.9250797629356384,0.907941997051239,-0.017137765884399414,0.8716819286346436,0.8536514043807983,-0.018030524253845215,0.059698544442653656,0.07699074596166611,0.01729220151901245
COCO_val2014_000000219928,0.8632379770278931,0.8484553694725037,-0.014782607555389404,0.7255980372428894,0.7453399896621704,0.019741952419281006,0.24838551878929138,0.24290543794631958,-0.005480080842971802
COCO_val2014_000000220808,0.863046407699585,0.870154857635498,0.007108449935913086,0.6982563734054565,0.7304486632347107,0.03219228982925415,0.30884379148483276,0.24927446246147156,-0.059569329023361206
COCO_val2014_000000221095,0.8663840889930725,0.8930748701095581,0.026690781116485596,0.8110348582267761,0.8318884372711182,0.02085357904434204,0.1175195649266243,0.0934126079082489,-0.024106957018375397
COCO_val2014_000000221303,0.8728906512260437,0.8947401642799377,0.021849513053894043,0.7723326683044434,0.7954614162445068,0.023128747940063477,0.24047964811325073,0.19024792313575745,-0.050231724977493286
COCO_val2014_000000221609,0.7232158780097961,0.8167338967323303,0.09351801872253418,0.5775273442268372,0.6366759538650513,0.05914860963821411,0.7044223546981812,0.43539929389953613,-0.269023060798645
COCO_val2014_000000221846,0.9292468428611755,0.9327939748764038,0.0035471320152282715,0.8602039813995361,0.8561893701553345,-0.00401461124420166,0.07265731692314148,0.06664194166660309,-0.006015375256538391
COCO_val2014_000000221893,0.6867156028747559,0.8042718768119812,0.11755627393722534,0.614444375038147,0.6762106418609619,0.06176626682281494,0.5296201705932617,0.37968677282333374,-0.14993339776992798
COCO_val2014_000000222317,0.9357569217681885,0.9183608889579773,-0.01739603281021118,0.7068731784820557,0.6997746229171753,-0.007098555564880371,0.28291386365890503,0.2900044322013855,0.007090568542480469
COCO_val2014_000000222512,0.9098430871963501,0.9211604595184326,0.01131737232208252,0.7594655752182007,0.7415608167648315,-0.01790475845336914,0.3562259078025818,0.37202030420303345,0.01579439640045166
COCO_val2014_000000222842,0.859678328037262,0.8939325213432312,0.03425419330596924,0.7568018436431885,0.7833335399627686,0.026531696319580078,0.21953725814819336,0.1474626362323761,-0.07207462191581726
COCO_val2014_000000223757,0.9013009071350098,0.8975954055786133,-0.0037055015563964844,0.7478004693984985,0.7317569255828857,-0.016043543815612793,0.2845916450023651,0.3246645927429199,0.04007294774055481
COCO_val2014_000000224010,0.8428806066513062,0.8758049011230469,0.03292429447174072,0.7666639685630798,0.7861992120742798,0.01953524351119995,0.1862168312072754,0.13860365748405457,-0.047613173723220825
COCO_val2014_000000224104,0.8778570890426636,0.9017804861068726,0.023923397064208984,0.763489842414856,0.7677417397499084,0.00425189733505249,0.19748790562152863,0.17993175983428955,-0.017556145787239075
COCO_val2014_000000224111,0.9400793313980103,0.9463462233543396,0.006266891956329346,0.8564512729644775,0.8489605784416199,-0.007490694522857666,0.08080309629440308,0.09737689793109894,0.016573801636695862
COCO_val2014_000000224114,0.9082120060920715,0.8756260275840759,-0.032585978507995605,0.8033453822135925,0.7786179780960083,-0.02472740411758423,0.13552702963352203,0.1632688343524933,0.027741804718971252
COCO_val2014_000000224289,0.9007140398025513,0.9085596799850464,0.007845640182495117,0.8138388395309448,0.8162219524383545,0.002383112907409668,0.11564991623163223,0.11880446970462799,0.003154553472995758
COCO_val2014_000000224542,0.888263463973999,0.9239306449890137,0.03566718101501465,0.8185749053955078,0.8175680637359619,-0.0010068416595458984,0.11277323961257935,0.12256135046482086,0.009788110852241516
COCO_val2014_000000225281,0.7964169979095459,0.7736576199531555,-0.02275937795639038,0.8018468022346497,0.7899227142333984,-0.01192408800125122,0.14615000784397125,0.15935449302196503,0.013204485177993774
COCO_val2014_000000225558,0.933541476726532,0.9384464025497437,0.00490492582321167,0.8148938417434692,0.8079741597175598,-0.006919682025909424,0.13943181931972504,0.17514953017234802,0.035717710852622986
COCO_val2014_000000225603,0.9105467200279236,0.9314829707145691,0.020936250686645508,0.8181011080741882,0.8299355506896973,0.011834442615509033,0.1534079611301422,0.12455931305885315,-0.028848648071289062
COCO_val2014_000000225730,0.8513718247413635,0.9100418090820312,0.058669984340667725,0.7298328876495361,0.7730993628501892,0.043266475200653076,0.2562199831008911,0.20842504501342773,-0.04779493808746338
COCO_val2014_000000225913,0.8912744522094727,0.9113919734954834,0.020117521286010742,0.7808609008789062,0.804407000541687,0.02354609966278076,0.20358484983444214,0.14862769842147827,-0.05495715141296387
COCO_val2014_000000226119,0.8948154449462891,0.8856975436210632,-0.00911790132522583,0.8146370649337769,0.8008112907409668,-0.013825774192810059,0.11755672097206116,0.1318914145231247,0.014334693551063538
COCO_val2014_000000226171,0.8954509496688843,0.9015797972679138,0.006128847599029541,0.8370615243911743,0.8371630311012268,0.00010150671005249023,0.09866450726985931,0.10265319049358368,0.003988683223724365
COCO_val2014_000000226220,0.9091188311576843,0.9104012250900269,0.0012823939323425293,0.7901046276092529,0.8044825792312622,0.014377951622009277,0.1504555642604828,0.1300724744796753,-0.020383089780807495
COCO_val2014_000000227031,0.9608168601989746,0.9402222037315369,-0.020594656467437744,0.8588055372238159,0.8255813121795654,-0.03322422504425049,0.0800354853272438,0.11686671525239944,0.03683122992515564
COCO_val2014_000000227204,0.7915565371513367,0.837200939655304,0.045644402503967285,0.6604301929473877,0.684047281742096,0.023617088794708252,0.3271208703517914,0.2934088408946991,-0.033712029457092285
COCO_val2014_000000227220,0.8254287242889404,0.8309382200241089,0.005509495735168457,0.7504627704620361,0.7589175701141357,0.00845479965209961,0.216921865940094,0.22012200951576233,0.003200143575668335
COCO_val2014_000000227468,0.9068810343742371,0.8952984809875488,-0.011582553386688232,0.8391640186309814,0.8178691864013672,-0.021294832229614258,0.0892440676689148,0.10604177415370941,0.016797706484794617
COCO_val2014_000000227478,0.916949450969696,0.8829441070556641,-0.03400534391403198,0.7683700323104858,0.7390775680541992,-0.02929246425628662,0.21349520981311798,0.24573904275894165,0.03224383294582367
COCO_val2014_000000227940,0.9175098538398743,0.916223406791687,-0.0012864470481872559,0.818344235420227,0.8116708993911743,-0.006673336029052734,0.09401214122772217,0.09619130194187164,0.002179160714149475
COCO_val2014_000000228013,0.8967032432556152,0.8465731143951416,-0.05013012886047363,0.7709831595420837,0.7223267555236816,-0.0486564040184021,0.22314277291297913,0.3249051570892334,0.10176238417625427
COCO_val2014_000000228309,0.8995088934898376,0.9371628165245056,0.03765392303466797,0.7358112335205078,0.7941791415214539,0.058367908000946045,0.22930726408958435,0.14219477772712708,-0.08711248636245728
COCO_val2014_000000228350,0.8993984460830688,0.9187802076339722,0.01938176155090332,0.7911989688873291,0.8077283501625061,0.016529381275177002,0.16460596024990082,0.15419894456863403,-0.010407015681266785
COCO_val2014_000000228749,0.9038457274436951,0.8891554474830627,-0.014690279960632324,0.8412401080131531,0.837801992893219,-0.003438115119934082,0.08052846789360046,0.07812696695327759,-0.002401500940322876
COCO_val2014_000000229132,0.8117632865905762,0.8496088981628418,0.037845611572265625,0.7736082077026367,0.7847035527229309,0.01109534502029419,0.1735706627368927,0.16951072216033936,-0.004059940576553345
COCO_val2014_000000229342,0.7418345808982849,0.7115707993507385,-0.030263781547546387,0.6530405282974243,0.6482254266738892,-0.004815101623535156,0.3954254388809204,0.3835688829421997,-0.011856555938720703
COCO_val2014_000000229391,0.9001486897468567,0.9241304397583008,0.023981750011444092,0.7892362475395203,0.8147653341293335,0.025529086589813232,0.14206913113594055,0.11822245270013809,-0.02384667843580246
COCO_val2014_000000229659,0.889544665813446,0.8713003396987915,-0.01824432611465454,0.7834727764129639,0.7833259105682373,-0.0001468658447265625,0.15971484780311584,0.1782989203929901,0.018584072589874268
COCO_val2014_000000229740,0.9443382024765015,0.9271064400672913,-0.017231762409210205,0.787010908126831,0.7781923413276672,-0.008818566799163818,0.1782452017068863,0.2127174735069275,0.0344722718000412
COCO_val2014_000000230040,0.8463445901870728,0.8841387629508972,0.03779417276382446,0.5524629950523376,0.5657962560653687,0.013333261013031006,0.5554378032684326,0.5469588041305542,-0.008478999137878418
COCO_val2014_000000230096,0.9213731288909912,0.9074811339378357,-0.013891994953155518,0.8131934404373169,0.8067013621330261,-0.0064920783042907715,0.16444526612758636,0.21207022666931152,0.04762496054172516
COCO_val2014_000000230450,0.8442400693893433,0.822607159614563,-0.021632909774780273,0.7843402028083801,0.7621911764144897,-0.02214902639389038,0.15781238675117493,0.18301358819007874,0.02520120143890381
COCO_val2014_000000230585,0.9023423790931702,0.930641233921051,0.02829885482788086,0.7875707149505615,0.8092115521430969,0.0216408371925354,0.15570446848869324,0.14554700255393982,-0.010157465934753418
COCO_val2014_000000230915,0.9382623434066772,0.917489230632782,-0.020773112773895264,0.8664411306381226,0.8542495369911194,-0.012191593647003174,0.06116931885480881,0.07162001729011536,0.010450698435306549
COCO_val2014_000000231028,0.9464825391769409,0.9655653834342957,0.019082844257354736,0.8394173383712769,0.8525591492652893,0.013141810894012451,0.09901101887226105,0.09580289572477341,-0.0032081231474876404
COCO_val2014_000000231343,0.9179412126541138,0.9112877249717712,-0.006653487682342529,0.7845304012298584,0.7740073204040527,-0.010523080825805664,0.20867544412612915,0.19447077810764313,-0.014204666018486023
COCO_val2014_000000232185,0.9306643009185791,0.9171165227890015,-0.013547778129577637,0.7564852237701416,0.7257793545722961,-0.03070586919784546,0.2511627972126007,0.3318747282028198,0.08071193099021912
COCO_val2014_000000232432,0.882061779499054,0.9114370942115784,0.029375314712524414,0.6928289532661438,0.7614831328392029,0.06865417957305908,0.3292221128940582,0.21812796592712402,-0.1110941469669342
COCO_val2014_000000232900,0.9387648701667786,0.9310897588729858,-0.007675111293792725,0.8375553488731384,0.8249265551567078,-0.012628793716430664,0.10494092106819153,0.11861806362867355,0.013677142560482025
COCO_val2014_000000233005,0.8707946538925171,0.8411120176315308,-0.029682636260986328,0.7108906507492065,0.6815001964569092,-0.029390454292297363,0.2903687655925751,0.41546544432640076,0.12509667873382568
COCO_val2014_000000233140,0.8564721345901489,0.821641206741333,-0.03483092784881592,0.7781022787094116,0.7287094593048096,-0.04939281940460205,0.19460073113441467,0.2531570494174957,0.058556318283081055
COCO_val2014_000000233868,0.9426578879356384,0.9431812167167664,0.0005233287811279297,0.7854725122451782,0.7831169366836548,-0.0023555755615234375,0.17317605018615723,0.18352378904819489,0.010347738862037659
COCO_val2014_000000234238,0.8388723731040955,0.8749145865440369,0.036042213439941406,0.790009617805481,0.8154862523078918,0.02547663450241089,0.15427756309509277,0.11999811232089996,-0.03427945077419281
COCO_val2014_000000234328,0.8688023090362549,0.8915621042251587,0.02275979518890381,0.8053253293037415,0.8260700702667236,0.020744740962982178,0.10190865397453308,0.09006738662719727,-0.011841267347335815
COCO_val2014_000000234347,0.8897185325622559,0.9208202958106995,0.031101763248443604,0.7431749105453491,0.7601736783981323,0.016998767852783203,0.23878097534179688,0.2561410069465637,0.017360031604766846
COCO_val2014_000000234914,0.7527524828910828,0.8626554608345032,0.10990297794342041,0.6727640628814697,0.7473188638687134,0.07455480098724365,0.34288936853408813,0.23101702332496643,-0.1118723452091217
COCO_val2014_000000234963,0.8814151287078857,0.9241575598716736,0.04274243116378784,0.7625365853309631,0.8077877759933472,0.04525119066238403,0.18853026628494263,0.14359912276268005,-0.04493114352226257
COCO_val2014_000000235093,0.9203717708587646,0.9012712240219116,-0.019100546836853027,0.7913663387298584,0.7875563502311707,-0.003809988498687744,0.16126009821891785,0.1384284794330597,-0.022831618785858154
COCO_val2014_000000235203,0.8657804727554321,0.7519469261169434,-0.11383354663848877,0.7983018755912781,0.7416471242904663,-0.05665475130081177,0.13194724917411804,0.2203245460987091,0.08837729692459106
COCO_val2014_000000235595,0.8957936763763428,0.9325717687606812,0.03677809238433838,0.8378868699073792,0.8595588803291321,0.02167201042175293,0.08084242790937424,0.05959874391555786,-0.021243683993816376
COCO_val2014_000000235672,0.8887037634849548,0.8602923154830933,-0.028411448001861572,0.8077975511550903,0.7687293291091919,-0.03906822204589844,0.12245573103427887,0.16705121099948883,0.04459547996520996
COCO_val2014_000000236234,0.7789496183395386,0.8607648015022278,0.08181518316268921,0.6892676949501038,0.7541193962097168,0.06485170125961304,0.3049587905406952,0.20432482659816742,-0.10063396394252777
COCO_val2014_000000236338,0.8867170810699463,0.8548509478569031,-0.03186613321304321,0.8079276084899902,0.7819478511810303,-0.02597975730895996,0.11526835709810257,0.14415502548217773,0.028886668384075165
COCO_val2014_000000236721,0.8845459222793579,0.8947429060935974,0.010196983814239502,0.817314624786377,0.8152640461921692,-0.0020505785942077637,0.10221882164478302,0.10691996663808823,0.004701144993305206
COCO_val2014_000000237759,0.8795005679130554,0.8999108076095581,0.020410239696502686,0.8344366550445557,0.8421828746795654,0.007746219635009766,0.08009302616119385,0.10134914517402649,0.02125611901283264
COCO_val2014_000000238125,0.8963096141815186,0.8585394024848938,-0.037770211696624756,0.8210309743881226,0.766864538192749,-0.054166436195373535,0.1329122632741928,0.2067665159702301,0.07385425269603729
COCO_val2014_000000238355,0.8998109102249146,0.9224141836166382,0.022603273391723633,0.8305407166481018,0.8430825471878052,0.01254183053970337,0.12381051480770111,0.0877339243888855,-0.03607659041881561
COCO_val2014_000000238410,0.9226091504096985,0.9141460061073303,-0.008463144302368164,0.8308486938476562,0.826915979385376,-0.0039327144622802734,0.09888903796672821,0.09334444999694824,-0.005544587969779968
COCO_val2014_000000238498,0.8520458936691284,0.8714540600776672,0.01940816640853882,0.8027583360671997,0.8046615123748779,0.0019031763076782227,0.12628674507141113,0.11099210381507874,-0.015294641256332397
COCO_val2014_000000238691,0.7804229259490967,0.8921911716461182,0.11176824569702148,0.7226248979568481,0.7967054843902588,0.07408058643341064,0.2856389284133911,0.16048121452331543,-0.12515771389007568
COCO_val2014_000000238708,0.8309221267700195,0.8494442701339722,0.018522143363952637,0.7983028888702393,0.8145825862884521,0.01627969741821289,0.11924758553504944,0.10527199506759644,-0.013975590467453003
COCO_val2014_000000239010,0.8850358724594116,0.9127975702285767,0.02776169776916504,0.7962635159492493,0.795038104057312,-0.0012254118919372559,0.14460280537605286,0.15685626864433289,0.01225346326828003
COCO_val2014_000000239387,0.6646662950515747,0.6533709168434143,-0.0112953782081604,0.6955478191375732,0.708347499370575,0.012799680233001709,0.32502853870391846,0.3331605792045593,0.00813204050064087
COCO_val2014_000000239492,0.8841837048530579,0.8687490820884705,-0.015434622764587402,0.799677312374115,0.7723686695098877,-0.027308642864227295,0.14998775720596313,0.25943228602409363,0.1094445288181305
COCO_val2014_000000239625,0.8024083971977234,0.7496053576469421,-0.05280303955078125,0.7913009524345398,0.7717637419700623,-0.01953721046447754,0.13526034355163574,0.19544944167137146,0.06018909811973572
COCO_val2014_000000239837,0.8682785034179688,0.9235097169876099,0.05523121356964111,0.7486798763275146,0.8030599355697632,0.054380059242248535,0.21076473593711853,0.1427699774503708,-0.06799475848674774
COCO_val2014_000000240111,0.9028013944625854,0.9048187136650085,0.0020173192024230957,0.8255501389503479,0.7974265217781067,-0.02812361717224121,0.12099507451057434,0.15625795722007751,0.035262882709503174
COCO_val2014_000000240119,0.88570237159729,0.8968135118484497,0.011111140251159668,0.788455605506897,0.8067221641540527,0.01826655864715576,0.1649707555770874,0.15036889910697937,-0.014601856470108032
COCO_val2014_000000240495,0.8007767200469971,0.86798095703125,0.06720423698425293,0.6957919597625732,0.7554967403411865,0.05970478057861328,0.3622870445251465,0.2623516917228699,-0.09993535280227661
COCO_val2014_000000240783,0.866843581199646,0.8430920243263245,-0.023751556873321533,0.8300697207450867,0.7957788705825806,-0.034290850162506104,0.09551569074392319,0.14518073201179504,0.04966504126787186
COCO_val2014_000000240784,0.9158521890640259,0.9400978088378906,0.024245619773864746,0.7892462611198425,0.8195165395736694,0.030270278453826904,0.1371094286441803,0.11397650837898254,-0.023132920265197754
COCO_val2014_000000240811,0.9260836243629456,0.9337770342826843,0.0076934099197387695,0.830199122428894,0.8188357353210449,-0.011363387107849121,0.09897884726524353,0.1143023744225502,0.015323527157306671
COCO_val2014_000000240903,0.8288255929946899,0.9011073112487793,0.07228171825408936,0.6972153782844543,0.7778341770172119,0.08061879873275757,0.30248451232910156,0.2097211480140686,-0.09276336431503296
COCO_val2014_000000241466,0.8137370944023132,0.7945146560668945,-0.0192224383354187,0.7835051417350769,0.7576853036880493,-0.025819838047027588,0.1654769778251648,0.20463204383850098,0.03915506601333618
COCO_val2014_000000242529,0.8550927639007568,0.889927864074707,0.034835100173950195,0.7688396573066711,0.7951942682266235,0.026354610919952393,0.21460840106010437,0.14790643751621246,-0.0667019635438919
COCO_val2014_000000242543,0.8511695861816406,0.9236590266227722,0.07248944044113159,0.7601965069770813,0.8181892037391663,0.05799269676208496,0.1987023502588272,0.1324431151151657,-0.0662592351436615
COCO_val2014_000000242570,0.9218073487281799,0.9261499643325806,0.004342615604400635,0.8142125606536865,0.8048955798149109,-0.009316980838775635,0.12338393926620483,0.14280760288238525,0.01942366361618042
COCO_val2014_000000242673,0.6162478923797607,0.6884378790855408,0.07218998670578003,0.6939162015914917,0.7169122695922852,0.022996068000793457,0.3290494382381439,0.2695218324661255,-0.05952760577201843
COCO_val2014_000000242679,0.6569234132766724,0.6127864122390747,-0.044137001037597656,0.762211263179779,0.7231688499450684,-0.03904241323471069,0.20606382191181183,0.24624615907669067,0.040182337164878845
COCO_val2014_000000242734,0.8487616181373596,0.794781506061554,-0.053980112075805664,0.7986726760864258,0.760348379611969,-0.03832429647445679,0.1441425383090973,0.20081691443920135,0.056674376130104065
COCO_val2014_000000242946,0.8293578028678894,0.8187099695205688,-0.010647833347320557,0.7806010246276855,0.7333991527557373,-0.04720187187194824,0.1600591391324997,0.21334652602672577,0.053287386894226074
COCO_val2014_000000242968,0.735964298248291,0.7059101462364197,-0.030054152011871338,0.6070433855056763,0.6410377025604248,0.033994317054748535,0.46294379234313965,0.46840763092041016,0.005463838577270508
COCO_val2014_000000243418,0.8542195558547974,0.9077354669570923,0.05351591110229492,0.7540754675865173,0.8083688616752625,0.05429339408874512,0.21147353947162628,0.1251278519630432,-0.08634568750858307
COCO_val2014_000000243777,0.839177131652832,0.8746459484100342,0.03546881675720215,0.8063510060310364,0.8101577162742615,0.0038067102432250977,0.1345277577638626,0.12588143348693848,-0.008646324276924133
COCO_val2014_000000243780,0.8215941190719604,0.8784763813018799,0.056882262229919434,0.575998842716217,0.6958584785461426,0.11985963582992554,0.5783937573432922,0.35119444131851196,-0.22719931602478027
COCO_val2014_000000244060,0.9227718114852905,0.9459784626960754,0.023206651210784912,0.8312660455703735,0.8530758619308472,0.021809816360473633,0.10447537899017334,0.08793764561414719,-0.016537733376026154
COCO_val2014_000000244159,0.86069256067276,0.8743826150894165,0.013690054416656494,0.7959709763526917,0.7965255975723267,0.0005546212196350098,0.13020357489585876,0.1299625188112259,-0.00024105608463287354
COCO_val2014_000000244181,0.8219050168991089,0.8341915607452393,0.012286543846130371,0.7753630876541138,0.7822561860084534,0.0068930983543396,0.17449478805065155,0.1856958270072937,0.011201038956642151
COCO_val2014_000000244665,0.9114013314247131,0.9377038478851318,0.0263025164604187,0.8106757402420044,0.8471862077713013,0.036510467529296875,0.11441564559936523,0.07972860336303711,-0.034687042236328125
COCO_val2014_000000245432,0.880215585231781,0.8834637999534607,0.0032482147216796875,0.7976316213607788,0.7985268831253052,0.0008952617645263672,0.14303965866565704,0.13744837045669556,-0.005591288208961487
COCO_val2014_000000245664,0.8530781865119934,0.9201642274856567,0.06708604097366333,0.7659651041030884,0.8124659061431885,0.0465008020401001,0.18308477103710175,0.12232344597578049,-0.06076132506132126
COCO_val2014_000000246069,0.9064518809318542,0.8572807312011719,-0.04917114973068237,0.8384703993797302,0.780297040939331,-0.05817335844039917,0.08139435946941376,0.15530264377593994,0.07390828430652618
COCO_val2014_000000246248,0.940027117729187,0.9448787569999695,0.004851639270782471,0.8385725021362305,0.8412187695503235,0.0026462674140930176,0.08995011448860168,0.0903802365064621,0.0004301220178604126
COCO_val2014_000000246263,0.8385560512542725,0.8365519046783447,-0.0020041465759277344,0.7365409731864929,0.7383155822753906,0.001774609088897705,0.2823513448238373,0.2620295584201813,-0.020321786403656006
COCO_val2014_000000247259,0.9625561237335205,0.9649409651756287,0.0023848414421081543,0.8694901466369629,0.869591474533081,0.00010132789611816406,0.05184439569711685,0.058308012783527374,0.0064636170864105225
COCO_val2014_000000248014,0.8737324476242065,0.8203534483909607,-0.05337899923324585,0.8038211464881897,0.7811845541000366,-0.022636592388153076,0.13927215337753296,0.16185300052165985,0.022580847144126892
COCO_val2014_000000248129,0.9184526801109314,0.9006311297416687,-0.017821550369262695,0.8538472056388855,0.8223537802696228,-0.031493425369262695,0.06426818668842316,0.09275434166193008,0.028486154973506927
COCO_val2014_000000248142,0.8019757270812988,0.8261449933052063,0.02416926622390747,0.7192410230636597,0.7277001738548279,0.008459150791168213,0.2447800636291504,0.20885542035102844,-0.03592464327812195
COCO_val2014_000000248314,0.8897562026977539,0.9046817421913147,0.014925539493560791,0.8029259443283081,0.8287656903266907,0.02583974599838257,0.1449902057647705,0.12000083923339844,-0.02498936653137207
COCO_val2014_000000248469,0.8735026121139526,0.9167753458023071,0.04327273368835449,0.8201310038566589,0.8502335548400879,0.030102550983428955,0.09750331938266754,0.06893050670623779,-0.02857281267642975
COCO_val2014_000000248582,0.8649842143058777,0.8435918688774109,-0.021392345428466797,0.7720131874084473,0.7401626706123352,-0.03185051679611206,0.16332149505615234,0.2169152796268463,0.05359378457069397
COCO_val2014_000000249599,0.839958906173706,0.851859986782074,0.01190108060836792,0.7956341505050659,0.7981517910957336,0.0025176405906677246,0.15750007331371307,0.13318563997745514,-0.024314433336257935
COCO_val2014_000000249969,0.8991205096244812,0.9521647095680237,0.05304419994354248,0.786913275718689,0.8625378012657166,0.07562452554702759,0.16129180788993835,0.06330849975347519,-0.09798330813646317
COCO_val2014_000000250164,0.7597033381462097,0.8164465427398682,0.05674320459365845,0.7760418653488159,0.802875816822052,0.026833951473236084,0.1826658546924591,0.1455816924571991,-0.03708416223526001
COCO_val2014_000000250592,0.9120717644691467,0.90166175365448,-0.010410010814666748,0.8085132837295532,0.7992903590202332,-0.009222924709320068,0.15757542848587036,0.14628374576568604,-0.011291682720184326
COCO_val2014_000000250951,0.806976854801178,0.8021129369735718,-0.004863917827606201,0.7135141491889954,0.6924471259117126,-0.021067023277282715,0.23340487480163574,0.26871541142463684,0.0353105366230011
COCO_val2014_000000251195,0.7585567235946655,0.8451000452041626,0.08654332160949707,0.6772381663322449,0.7441094517707825,0.0668712854385376,0.3153951168060303,0.18784740567207336,-0.1275477111339569
COCO_val2014_000000251531,0.8917388916015625,0.906866192817688,0.015127301216125488,0.8133714199066162,0.8239723443984985,0.010600924491882324,0.11679739505052567,0.10453973710536957,-0.012257657945156097
COCO_val2014_000000251639,0.7680531740188599,0.8044285774230957,0.03637540340423584,0.7742976546287537,0.7906351089477539,0.016337454319000244,0.1805962771177292,0.1528429388999939,-0.02775333821773529
COCO_val2014_000000251752,0.9471773505210876,0.95625901222229,0.009081661701202393,0.8444610238075256,0.8546119928359985,0.0101509690284729,0.08877687156200409,0.08093568682670593,-0.007841184735298157
COCO_val2014_000000251798,0.8141844868659973,0.8388755917549133,0.024691104888916016,0.6921349167823792,0.6897457838058472,-0.0023891329765319824,0.3119269609451294,0.2894354462623596,-0.022491514682769775
COCO_val2014_000000251892,0.9066369533538818,0.9258707165718079,0.019233763217926025,0.8539922833442688,0.8717072010040283,0.01771491765975952,0.06783930957317352,0.05668404698371887,-0.011155262589454651
COCO_val2014_000000251920,0.9191890358924866,0.9001765251159668,-0.019012510776519775,0.8248311281204224,0.7888368368148804,-0.03599429130554199,0.13897967338562012,0.17399688065052032,0.03501720726490021
COCO_val2014_000000252388,0.9441966414451599,0.9497025609016418,0.005505919456481934,0.8227235078811646,0.8182559013366699,-0.004467606544494629,0.14155375957489014,0.1562151163816452,0.014661356806755066
COCO_val2014_000000253630,0.7393593788146973,0.7573398947715759,0.017980515956878662,0.6933400630950928,0.7131423354148865,0.0198022723197937,0.2909936308860779,0.2916792929172516,0.0006856620311737061
COCO_val2014_000000253665,0.8594050407409668,0.8759501576423645,0.016545116901397705,0.7363778352737427,0.7628188133239746,0.026440978050231934,0.2671511769294739,0.21232381463050842,-0.054827362298965454
COCO_val2014_000000253742,0.8504406213760376,0.8206706643104553,-0.029769957065582275,0.7430582046508789,0.7066041827201843,-0.03645402193069458,0.22562186419963837,0.37133315205574036,0.145711287856102
COCO_val2014_000000253835,0.8389458656311035,0.8793849945068359,0.04043912887573242,0.732937216758728,0.7670857906341553,0.034148573875427246,0.21917946636676788,0.18043670058250427,-0.03874276578426361
COCO_val2014_000000253964,0.9542809724807739,0.9532816410064697,-0.0009993314743041992,0.801755428314209,0.8059362173080444,0.004180788993835449,0.17935608327388763,0.16327595710754395,-0.01608012616634369
COCO_val2014_000000254814,0.8644897937774658,0.9233899712562561,0.05890017747879028,0.8134505748748779,0.8623120784759521,0.04886150360107422,0.11469972878694534,0.0662589967250824,-0.048440732061862946
COCO_val2014_000000254994,0.9314795136451721,0.9144118428230286,-0.017067670822143555,0.7930959463119507,0.7689080834388733,-0.024187862873077393,0.1603120118379593,0.16834209859371185,0.008030086755752563
COCO_val2014_000000255096,0.9392318725585938,0.918266236782074,-0.020965635776519775,0.7596876621246338,0.7414363622665405,-0.01825129985809326,0.23013485968112946,0.2660874128341675,0.035952553153038025
COCO_val2014_000000255966,0.8881735801696777,0.9143515825271606,0.02617800235748291,0.793411135673523,0.8152097463607788,0.02179861068725586,0.1659526228904724,0.13615670800209045,-0.029795914888381958
COCO_val2014_000000256180,0.8589139580726624,0.8547379374504089,-0.004176020622253418,0.7950202226638794,0.7857742309570312,-0.009245991706848145,0.14970213174819946,0.1443524807691574,-0.005349650979042053
COCO_val2014_000000256251,0.83636873960495,0.8081377148628235,-0.028231024742126465,0.7379974126815796,0.725734531879425,-0.012262880802154541,0.2470577359199524,0.28379255533218384,0.036734819412231445
COCO_val2014_000000256628,0.9036319255828857,0.8939375877380371,-0.009694337844848633,0.7382999658584595,0.6813998222351074,-0.05690014362335205,0.31039148569107056,0.36430424451828003,0.05391275882720947
COCO_val2014_000000256713,0.8442733287811279,0.860145092010498,0.015871763229370117,0.7899161577224731,0.7998955249786377,0.00997936725616455,0.15854571759700775,0.1355573683977127,-0.022988349199295044
COCO_val2014_000000257058,0.8918500542640686,0.926866352558136,0.03501629829406738,0.767035961151123,0.8148775696754456,0.04784160852432251,0.21296566724777222,0.19079305231571198,-0.02217261493206024
COCO_val2014_000000257060,0.896310031414032,0.9073624610900879,0.011052429676055908,0.8165150284767151,0.8226586580276489,0.006143629550933838,0.11831817775964737,0.11098481714725494,-0.0073333606123924255
COCO_val2014_000000257136,0.9210051894187927,0.8948856592178345,-0.026119530200958252,0.7683500051498413,0.7388582229614258,-0.029491782188415527,0.21844923496246338,0.2831433415412903,0.0646941065788269
COCO_val2014_000000257215,0.6619616150856018,0.7225604057312012,0.060598790645599365,0.6114610433578491,0.6541861295700073,0.0427250862121582,0.4786500632762909,0.389598548412323,-0.0890515148639679
COCO_val2014_000000257336,0.8878501653671265,0.8825311064720154,-0.005319058895111084,0.7831284999847412,0.78365159034729,0.0005230903625488281,0.18080687522888184,0.18859168887138367,0.007784813642501831
COCO_val2014_000000257370,0.9000109434127808,0.911807119846344,0.011796176433563232,0.8117346167564392,0.8168729543685913,0.0051383376121521,0.11959999054670334,0.12058154493570328,0.000981554388999939
COCO_val2014_000000257971,0.9466195106506348,0.9225171208381653,-0.024102389812469482,0.8344990015029907,0.7925034165382385,-0.0419955849647522,0.10432493686676025,0.15232616662979126,0.048001229763031006
COCO_val2014_000000258243,0.9504554867744446,0.931307852268219,-0.019147634506225586,0.8374467492103577,0.809586763381958,-0.027859985828399658,0.10566489398479462,0.1465434432029724,0.040878549218177795
COCO_val2014_000000258516,0.8448383212089539,0.9213824272155762,0.07654410600662231,0.6078529357910156,0.7119958996772766,0.10414296388626099,0.4460696280002594,0.2756780982017517,-0.1703915297985077
COCO_val2014_000000258996,0.9201997518539429,0.9204841256141663,0.00028437376022338867,0.8357639312744141,0.817786455154419,-0.017977476119995117,0.10682174563407898,0.1093941181898117,0.002572372555732727
COCO_val2014_000000259422,0.8651720881462097,0.8939361572265625,0.028764069080352783,0.8249626159667969,0.8395975232124329,0.014634907245635986,0.11152270436286926,0.09391389787197113,-0.017608806490898132
COCO_val2014_000000259793,0.7486331462860107,0.8353111743927002,0.08667802810668945,0.7109555006027222,0.7551504969596863,0.04419499635696411,0.2838263511657715,0.18667703866958618,-0.0971493124961853
COCO_val2014_000000259814,0.9677274227142334,0.9540237784385681,-0.013703644275665283,0.8296175003051758,0.8026108741760254,-0.02700662612915039,0.13874384760856628,0.18646973371505737,0.04772588610649109
COCO_val2014_000000260105,0.8876256346702576,0.9300685524940491,0.042442917823791504,0.7747191786766052,0.8294490575790405,0.0547298789024353,0.1819797158241272,0.10434465110301971,-0.07763506472110748
COCO_val2014_000000260478,0.9281848669052124,0.9353340864181519,0.007149219512939453,0.7886171340942383,0.803333580493927,0.01471644639968872,0.21274587512016296,0.1674228310585022,-0.04532304406166077
COCO_val2014_000000260695,0.7199179530143738,0.8308613300323486,0.11094337701797485,0.6714788675308228,0.7374356985092163,0.06595683097839355,0.34292900562286377,0.26983028650283813,-0.07309871912002563
COCO_val2014_000000260774,0.8180925250053406,0.8620650768280029,0.043972551822662354,0.7678672671318054,0.7972443699836731,0.029377102851867676,0.2017517387866974,0.14702320098876953,-0.054728537797927856
COCO_val2014_000000261558,0.8752233386039734,0.8703662157058716,-0.004857122898101807,0.808845043182373,0.7688267230987549,-0.040018320083618164,0.12570041418075562,0.1973465383052826,0.07164612412452698
COCO_val2014_000000261721,0.9081600308418274,0.8794466257095337,-0.0287134051322937,0.8102577924728394,0.782486081123352,-0.027771711349487305,0.13669833540916443,0.16510680317878723,0.028408467769622803
COCO_val2014_000000261805,0.9463009834289551,0.947980523109436,0.001679539680480957,0.8254939317703247,0.8222532272338867,-0.0032407045364379883,0.1157909408211708,0.1114819347858429,-0.004309006035327911
COCO_val2014_000000262030,0.7493772506713867,0.7198694348335266,-0.029507815837860107,0.7375357151031494,0.7128716707229614,-0.02466404438018799,0.24241602420806885,0.2824576497077942,0.04004162549972534
COCO_val2014_000000262476,0.8838788866996765,0.8783522844314575,-0.005526602268218994,0.7604072093963623,0.742317259311676,-0.01808995008468628,0.18797971308231354,0.22405299544334412,0.03607328236103058
COCO_val2014_000000262576,0.9078060984611511,0.9322329163551331,0.024426817893981934,0.792037844657898,0.797498345375061,0.005460500717163086,0.14591307938098907,0.1384374499320984,-0.007475629448890686
COCO_val2014_000000262617,0.9119483828544617,0.8703896403312683,-0.04155874252319336,0.8547934293746948,0.8100870847702026,-0.04470634460449219,0.0710601881146431,0.1113344356417656,0.0402742475271225
COCO_val2014_000000262658,0.9222739338874817,0.8872717618942261,-0.035002171993255615,0.7229090929031372,0.6724663972854614,-0.05044269561767578,0.24967996776103973,0.308503657579422,0.05882368981838226
COCO_val2014_000000262938,0.8367682099342346,0.8285040259361267,-0.00826418399810791,0.7866079807281494,0.7821024656295776,-0.004505515098571777,0.1496005356311798,0.16731028258800507,0.017709746956825256
COCO_val2014_000000262940,0.9245209097862244,0.9358238577842712,0.011302947998046875,0.828832745552063,0.8386878967285156,0.009855151176452637,0.13260462880134583,0.09301263093948364,-0.03959199786186218
COCO_val2014_000000263323,0.904219388961792,0.9142024517059326,0.009983062744140625,0.7765339016914368,0.7880624532699585,0.011528551578521729,0.17642128467559814,0.14812353253364563,-0.028297752141952515
COCO_val2014_000000263359,0.9170004725456238,0.8926545977592468,-0.024345874786376953,0.8186041712760925,0.7810477018356323,-0.037556469440460205,0.09744793176651001,0.15523867309093475,0.057790741324424744
COCO_val2014_000000264110,0.9036008715629578,0.897097110748291,-0.006503760814666748,0.6650490760803223,0.6794266700744629,0.014377593994140625,0.3444792926311493,0.32391834259033203,-0.02056095004081726
COCO_val2014_000000264238,0.9176284074783325,0.8985087275505066,-0.019119679927825928,0.7845574021339417,0.7584080696105957,-0.026149332523345947,0.18224389851093292,0.2201489806175232,0.03790508210659027
COCO_val2014_000000264599,0.8133750557899475,0.7982149124145508,-0.015160143375396729,0.7545818090438843,0.7289765477180481,-0.02560526132583618,0.20702996850013733,0.29028087854385376,0.08325091004371643
COCO_val2014_000000264619,0.8665195107460022,0.9058945178985596,0.03937500715255737,0.7634785175323486,0.8025506138801575,0.03907209634780884,0.19445402920246124,0.13571396470069885,-0.05874006450176239
COCO_val2014_000000264976,0.9219794273376465,0.910616934299469,-0.01136249303817749,0.6916534304618835,0.6865314245223999,-0.005122005939483643,0.28724464774131775,0.301453560590744,0.01420891284942627
COCO_val2014_000000264992,0.7683141827583313,0.7626394629478455,-0.00567471981048584,0.5776825547218323,0.6004723310470581,0.02278977632522583,0.4814351797103882,0.4240674078464508,-0.05736777186393738
COCO_val2014_000000265200,0.7886085510253906,0.8081737160682678,0.019565165042877197,0.7535744905471802,0.7561720609664917,0.0025975704193115234,0.20638912916183472,0.20143190026283264,-0.004957228899002075
COCO_val2014_000000265227,0.8502652645111084,0.9235131740570068,0.07324790954589844,0.7712538242340088,0.8282361626625061,0.056982338428497314,0.1748518943786621,0.1178835779428482,-0.056968316435813904
COCO_val2014_000000265256,0.8742181062698364,0.9150769114494324,0.04085880517959595,0.698103666305542,0.7796304225921631,0.0815267562866211,0.29242005944252014,0.16227957606315613,-0.130140483379364
COCO_val2014_000000265879,0.8362772464752197,0.8328924179077148,-0.003384828567504883,0.6604059934616089,0.6500095725059509,-0.010396420955657959,0.38509249687194824,0.4283710718154907,0.04327857494354248
COCO_val2014_000000265915,0.9031497836112976,0.9197343587875366,0.016584575176239014,0.7961561679840088,0.8177681565284729,0.02161198854446411,0.15661025047302246,0.12807682156562805,-0.02853342890739441
COCO_val2014_000000265971,0.7261210680007935,0.8222087621688843,0.09608769416809082,0.6378209590911865,0.6915862560272217,0.053765296936035156,0.44709911942481995,0.3414876163005829,-0.10561150312423706
COCO_val2014_000000266487,0.7763912081718445,0.7914924621582031,0.015101253986358643,0.7799910306930542,0.7619953155517578,-0.017995715141296387,0.14683666825294495,0.1805116832256317,0.03367501497268677
COCO_val2014_000000266601,0.8906654119491577,0.9134525656700134,0.022787153720855713,0.8078429698944092,0.806194543838501,-0.0016484260559082031,0.11657212674617767,0.1412821114063263,0.02470998466014862
COCO_val2014_000000266627,0.8175470232963562,0.8208810091018677,0.0033339858055114746,0.7759618759155273,0.7537845373153687,-0.02217733860015869,0.17544573545455933,0.2042480707168579,0.028802335262298584
COCO_val2014_000000266951,0.9303938150405884,0.8807978630065918,-0.04959595203399658,0.8668094873428345,0.8124170303344727,-0.054392457008361816,0.063529372215271,0.12366773188114166,0.060138359665870667
COCO_val2014_000000267135,0.8993619680404663,0.9002446532249451,0.0008826851844787598,0.7999786138534546,0.8075604438781738,0.007581830024719238,0.16596080362796783,0.15076029300689697,-0.015200510621070862
COCO_val2014_000000267224,0.8377198576927185,0.8673779964447021,0.029658138751983643,0.7807022333145142,0.7816823720932007,0.0009801387786865234,0.15961594879627228,0.1588217318058014,-0.0007942169904708862
COCO_val2014_000000267300,0.8211812973022461,0.9092214107513428,0.08804011344909668,0.7002898454666138,0.7688889503479004,0.06859910488128662,0.30917423963546753,0.18903113901615143,-0.1201431006193161
COCO_val2014_000000267363,0.8411256074905396,0.8388382196426392,-0.0022873878479003906,0.7842592597007751,0.7775838971138,-0.006675362586975098,0.1604517698287964,0.17391544580459595,0.01346367597579956
COCO_val2014_000000267910,0.8582969307899475,0.9078719019889832,0.049574971199035645,0.7857332229614258,0.8171076774597168,0.031374454498291016,0.1439538151025772,0.10913428664207458,-0.034819528460502625
COCO_val2014_000000267932,0.9115199446678162,0.9198569655418396,0.008337020874023438,0.8292583227157593,0.8296627402305603,0.0004044175148010254,0.08294878900051117,0.0842670351266861,0.0013182461261749268
COCO_val2014_000000268412,0.8993342518806458,0.9520328640937805,0.052698612213134766,0.7903363108634949,0.8386494517326355,0.048313140869140625,0.13115598261356354,0.10318867862224579,-0.02796730399131775
COCO_val2014_000000268435,0.9472014904022217,0.9345139861106873,-0.012687504291534424,0.5553984045982361,0.5577728152275085,0.002374410629272461,0.5602121949195862,0.5652223825454712,0.00501018762588501
COCO_val2014_000000268729,0.9081187844276428,0.9139969944953918,0.0058782100677490234,0.7841228246688843,0.7947760224342346,0.010653197765350342,0.2021188586950302,0.21178510785102844,0.00966624915599823
COCO_val2014_000000269037,0.7620809674263,0.8064721822738647,0.0443912148475647,0.7167429327964783,0.743416965007782,0.02667403221130371,0.24201138317584991,0.23394539952278137,-0.008065983653068542
COCO_val2014_000000269099,0.8815576434135437,0.8783997297286987,-0.0031579136848449707,0.7703531384468079,0.7843948602676392,0.014041721820831299,0.1726761907339096,0.18017156422138214,0.007495373487472534
COCO_val2014_000000270066,0.9060119390487671,0.8815255165100098,-0.024486422538757324,0.8362187147140503,0.8157559633255005,-0.020462751388549805,0.0755801573395729,0.11242350935935974,0.036843352019786835
COCO_val2014_000000270096,0.8881954550743103,0.8548095226287842,-0.03338593244552612,0.7916179895401001,0.7726113796234131,-0.01900660991668701,0.15003228187561035,0.17359134554862976,0.02355906367301941
COCO_val2014_000000271424,0.8004211187362671,0.762397825717926,-0.038023293018341064,0.7477504014968872,0.7490850687026978,0.0013346672058105469,0.25041627883911133,0.22761516273021698,-0.022801116108894348
COCO_val2014_000000272153,0.9479568004608154,0.9609944224357605,0.013037621974945068,0.8381587266921997,0.8356678485870361,-0.0024908781051635742,0.1317763328552246,0.16326332092285156,0.03148698806762695
COCO_val2014_000000273442,0.858302652835846,0.8657933473587036,0.007490694522857666,0.8185139298439026,0.8062742948532104,-0.012239634990692139,0.13420192897319794,0.1453540176153183,0.011152088642120361
COCO_val2014_000000273470,0.867049515247345,0.8769650459289551,0.009915530681610107,0.7189912796020508,0.7447711229324341,0.0257798433303833,0.27031388878822327,0.24558182060718536,-0.024732068181037903
COCO_val2014_000000273645,0.8006764054298401,0.7352527379989624,-0.06542366743087769,0.7981927394866943,0.7549279928207397,-0.04326474666595459,0.14513510465621948,0.20761074125766754,0.06247563660144806
COCO_val2014_000000273698,0.9198220372200012,0.9085127115249634,-0.011309325695037842,0.8194191455841064,0.8026477098464966,-0.016771435737609863,0.12293171137571335,0.1464163064956665,0.023484595119953156
COCO_val2014_000000273711,0.865789532661438,0.881019115447998,0.015229582786560059,0.8346906304359436,0.8490439653396606,0.014353334903717041,0.08510854840278625,0.06691516935825348,-0.018193379044532776
COCO_val2014_000000274083,0.7641642093658447,0.7973183989524841,0.033154189586639404,0.7136238813400269,0.7326133251190186,0.0189894437789917,0.2967900335788727,0.23389774560928345,-0.06289228796958923
COCO_val2014_000000274084,0.8479140996932983,0.8984662294387817,0.0505521297454834,0.7335610389709473,0.7809829115867615,0.04742187261581421,0.2657995820045471,0.18162167072296143,-0.0841779112815857
COCO_val2014_000000274109,0.8913791179656982,0.891966700553894,0.0005875825881958008,0.8285665512084961,0.8091347217559814,-0.01943182945251465,0.09288875758647919,0.11064358055591583,0.017754822969436646
COCO_val2014_000000274134,0.8400939702987671,0.8563759922981262,0.01628202199935913,0.8100688457489014,0.8201378583908081,0.010069012641906738,0.11189402639865875,0.11501456797122955,0.0031205415725708008
COCO_val2014_000000274272,0.8859049081802368,0.92104172706604,0.03513681888580322,0.7184087038040161,0.7670651078224182,0.0486564040184021,0.2695244550704956,0.2108897715806961,-0.0586346834897995
COCO_val2014_000000274671,0.8749304413795471,0.8755899667739868,0.0006595253944396973,0.8090948462486267,0.8141608238220215,0.005065977573394775,0.11178958415985107,0.10625097155570984,-0.005538612604141235
COCO_val2014_000000275117,0.8851249814033508,0.9330580234527588,0.04793304204940796,0.7884016036987305,0.8181089162826538,0.02970731258392334,0.17521212995052338,0.11482788622379303,-0.06038424372673035
COCO_val2014_000000275175,0.8634772300720215,0.8383902311325073,-0.02508699893951416,0.820537805557251,0.785167932510376,-0.035369873046875,0.10360783338546753,0.15465405583381653,0.051046222448349
COCO_val2014_000000275449,0.9158247113227844,0.8877274394035339,-0.02809727191925049,0.763047456741333,0.7370331287384033,-0.026014328002929688,0.19171634316444397,0.19940665364265442,0.007690310478210449
COCO_val2014_000000275585,0.8999306559562683,0.8717911839485168,-0.028139472007751465,0.8416077494621277,0.8196064233779907,-0.022001326084136963,0.09639426320791245,0.11541985720396042,0.019025593996047974
COCO_val2014_000000275661,0.8110275864601135,0.867978572845459,0.05695098638534546,0.7604120373725891,0.7997860908508301,0.03937405347824097,0.17328810691833496,0.12288816273212433,-0.05039994418621063
COCO_val2014_000000275695,0.9237610697746277,0.9215677380561829,-0.0021933317184448242,0.8217722177505493,0.8321925401687622,0.01042032241821289,0.13832847774028778,0.134050190448761,-0.004278287291526794
COCO_val2014_000000276024,0.9074010848999023,0.9486947059631348,0.04129362106323242,0.804806113243103,0.8530898094177246,0.04828369617462158,0.1219191625714302,0.0626959353685379,-0.0592232272028923
COCO_val2014_000000277094,0.73870450258255,0.7950630187988281,0.056358516216278076,0.6349501013755798,0.6597580909729004,0.024807989597320557,0.42781803011894226,0.3554162085056305,-0.07240182161331177
COCO_val2014_000000277239,0.8484604358673096,0.8273929357528687,-0.021067500114440918,0.7593432664871216,0.7612521648406982,0.0019088983535766602,0.20163889229297638,0.18402855098247528,-0.0176103413105011
COCO_val2014_000000277793,0.7660545706748962,0.8145096302032471,0.04845505952835083,0.5009497404098511,0.5589635968208313,0.058013856410980225,0.6967997550964355,0.5614845752716064,-0.1353151798248291
COCO_val2014_000000277831,0.8361307978630066,0.8137029409408569,-0.022427856922149658,0.8125760555267334,0.8076122999191284,-0.0049637556076049805,0.1271081566810608,0.11801434308290482,-0.009093813598155975
COCO_val2014_000000277865,0.8229137063026428,0.8676313161849976,0.044717609882354736,0.7632176280021667,0.7816954255104065,0.018477797508239746,0.17622843384742737,0.15561389923095703,-0.020614534616470337
COCO_val2014_000000277869,0.9464940428733826,0.9381776452064514,-0.008316397666931152,0.8620668053627014,0.8488115668296814,-0.01325523853302002,0.0622892864048481,0.07251142710447311,0.010222140699625015
COCO_val2014_000000277991,0.8919157385826111,0.9128468036651611,0.02093106508255005,0.7807259559631348,0.7864028811454773,0.005676925182342529,0.14877328276634216,0.14952565729618073,0.000752374529838562
COCO_val2014_000000278134,0.9436246752738953,0.855380654335022,-0.08824402093887329,0.8610284328460693,0.7607661485671997,-0.10026228427886963,0.0602017343044281,0.1811240315437317,0.12092229723930359
COCO_val2014_000000278161,0.8424192667007446,0.8656958341598511,0.023276567459106445,0.7897011041641235,0.8008832931518555,0.011182188987731934,0.14869585633277893,0.11529187858104706,-0.03340397775173187
COCO_val2014_000000278172,0.9153954982757568,0.9608233571052551,0.04542785882949829,0.7612364888191223,0.8335167169570923,0.07228022813796997,0.17468228936195374,0.0847349613904953,-0.08994732797145844
COCO_val2014_000000278226,0.8237727880477905,0.8130136728286743,-0.010759115219116211,0.7178939580917358,0.7121599316596985,-0.0057340264320373535,0.4008491337299347,0.5107361674308777,0.109887033700943
COCO_val2014_000000278401,0.7201980352401733,0.7548869848251343,0.03468894958496094,0.6884084343910217,0.6969444751739502,0.008536040782928467,0.31866583228111267,0.27655357122421265,-0.042112261056900024
COCO_val2014_000000278463,0.8884828090667725,0.9130313992500305,0.024548590183258057,0.7961112260818481,0.8057453632354736,0.009634137153625488,0.13562488555908203,0.11164155602455139,-0.02398332953453064
COCO_val2014_000000278705,0.8147401213645935,0.8369162678718567,0.022176146507263184,0.7412483096122742,0.738988995552063,-0.0022593140602111816,0.25955742597579956,0.2672584056854248,0.007700979709625244
COCO_val2014_000000278966,0.8527512550354004,0.8874689340591431,0.034717679023742676,0.6965149641036987,0.7498552203178406,0.053340256214141846,0.3252466917037964,0.23431125283241272,-0.09093543887138367
COCO_val2014_000000279097,0.9206088781356812,0.8907313346862793,-0.029877543449401855,0.8418598175048828,0.7942299842834473,-0.04762983322143555,0.07677114754915237,0.13655203580856323,0.05978088825941086
COCO_val2014_000000279145,0.8005298972129822,0.7750359177589417,-0.025493979454040527,0.7949082851409912,0.7555289268493652,-0.03937935829162598,0.13039371371269226,0.17496712505817413,0.04457341134548187
COCO_val2014_000000279386,0.8394237160682678,0.8559240102767944,0.01650029420852661,0.6945860981941223,0.715323805809021,0.02073770761489868,0.3383792042732239,0.370475709438324,0.0320965051651001
COCO_val2014_000000279491,0.9124378561973572,0.9291309118270874,0.016693055629730225,0.7261739373207092,0.7605292797088623,0.034355342388153076,0.26273399591445923,0.20573082566261292,-0.057003170251846313
COCO_val2014_000000279524,0.9199684858322144,0.8852377533912659,-0.034730732440948486,0.8015630841255188,0.7748718857765198,-0.026691198348999023,0.1499362289905548,0.17769446969032288,0.027758240699768066
COCO_val2014_000000279974,0.9566179513931274,0.9106005430221558,-0.04601740837097168,0.7884888648986816,0.7164630889892578,-0.07202577590942383,0.2423185408115387,0.3701930046081543,0.1278744637966156
COCO_val2014_000000280918,0.8587735891342163,0.8539182543754578,-0.004855334758758545,0.7343985438346863,0.7139250040054321,-0.02047353982925415,0.30678123235702515,0.3098505139350891,0.003069281578063965
COCO_val2014_000000281028,0.8169220685958862,0.8717920184135437,0.05486994981765747,0.7580180168151855,0.7942582964897156,0.03624027967453003,0.1918138861656189,0.14625787734985352,-0.04555600881576538
COCO_val2014_000000281111,0.9124927520751953,0.9097394943237305,-0.0027532577514648438,0.7801998257637024,0.7851436138153076,0.004943788051605225,0.185255229473114,0.17124995589256287,-0.014005273580551147
COCO_val2014_000000281601,0.7995749711990356,0.7896586060523987,-0.009916365146636963,0.6471848487854004,0.651819109916687,0.004634261131286621,0.43108895421028137,0.40144214034080505,-0.02964681386947632
COCO_val2014_000000281711,0.9501057267189026,0.9349322319030762,-0.015173494815826416,0.863404393196106,0.8487088084220886,-0.014695584774017334,0.06618236750364304,0.07544141262769699,0.009259045124053955
COCO_val2014_000000281758,0.9191552996635437,0.9098209738731384,-0.009334325790405273,0.7599395513534546,0.72868812084198,-0.03125143051147461,0.3244739770889282,0.38354888558387756,0.05907490849494934
COCO_val2014_000000282553,0.941333532333374,0.9678437113761902,0.026510179042816162,0.8171379566192627,0.8637700080871582,0.04663205146789551,0.11597263067960739,0.06036663427948952,-0.055605996400117874
COCO_val2014_000000283012,0.8905342817306519,0.9000141024589539,0.009479820728302002,0.6914684772491455,0.7235234975814819,0.032055020332336426,0.3553374707698822,0.2724758982658386,-0.08286157250404358
COCO_val2014_000000283060,0.84214186668396,0.8744276165962219,0.03228574991226196,0.7739169001579285,0.7981892824172974,0.024272382259368896,0.1697133481502533,0.15341080725193024,-0.01630254089832306
COCO_val2014_000000283097,0.9460334181785583,0.9752073884010315,0.029173970222473145,0.8098623752593994,0.8661617040634155,0.05629932880401611,0.1412806212902069,0.08325716853141785,-0.05802345275878906
COCO_val2014_000000283203,0.8870697021484375,0.889792799949646,0.002723097801208496,0.7528550624847412,0.7625319361686707,0.009676873683929443,0.20468449592590332,0.1915399432182312,-0.01314455270767212
COCO_val2014_000000283286,0.8213138580322266,0.8864085674285889,0.0650947093963623,0.739012598991394,0.7849438190460205,0.045931220054626465,0.2350466102361679,0.15417152643203735,-0.08087508380413055
COCO_val2014_000000283653,0.9230019450187683,0.9382750988006592,0.01527315378189087,0.8205451965332031,0.822555661201477,0.0020104646682739258,0.1086118295788765,0.12612199783325195,0.017510168254375458
COCO_val2014_000000284152,0.8773271441459656,0.8732824325561523,-0.004044711589813232,0.786198079586029,0.7635239362716675,-0.022674143314361572,0.15817585587501526,0.19638195633888245,0.03820610046386719
COCO_val2014_000000284160,0.8456923961639404,0.8603437542915344,0.014651358127593994,0.784358024597168,0.7875220775604248,0.003164052963256836,0.14808154106140137,0.1489584743976593,0.0008769333362579346
COCO_val2014_000000284623,0.8799015283584595,0.901210606098175,0.021309077739715576,0.7038073539733887,0.7436206340789795,0.03981328010559082,0.325928270816803,0.2725754380226135,-0.05335283279418945
COCO_val2014_000000284641,0.8748451471328735,0.8530713319778442,-0.021773815155029297,0.7717542052268982,0.7273498773574829,-0.04440432786941528,0.17878390848636627,0.24578127264976501,0.06699736416339874
COCO_val2014_000000284658,0.9134132266044617,0.8972707390785217,-0.01614248752593994,0.8066380620002747,0.7981478571891785,-0.008490204811096191,0.12545502185821533,0.15743349492549896,0.03197847306728363
COCO_val2014_000000285005,0.7171947360038757,0.7441151738166809,0.026920437812805176,0.714117169380188,0.707695722579956,-0.006421446800231934,0.33293914794921875,0.3132539391517639,-0.019685208797454834
COCO_val2014_000000285534,0.7684435248374939,0.7469412088394165,-0.021502315998077393,0.5801358222961426,0.5355229377746582,-0.044612884521484375,0.5788718461990356,0.7266698479652405,0.14779800176620483
COCO_val2014_000000285568,0.889492392539978,0.8859677910804749,-0.003524601459503174,0.805182933807373,0.7960473299026489,-0.009135603904724121,0.12781304121017456,0.14123937487602234,0.013426333665847778
COCO_val2014_000000285633,0.8629487156867981,0.8763118982315063,0.013363182544708252,0.727512776851654,0.7476464509963989,0.020133674144744873,0.2513491213321686,0.2326650619506836,-0.018684059381484985
COCO_val2014_000000285832,0.8114318251609802,0.8291090726852417,0.017677247524261475,0.8093643188476562,0.805815577507019,-0.003548741340637207,0.12952874600887299,0.13060030341148376,0.0010715574026107788
COCO_val2014_000000286089,0.8681736588478088,0.915323793888092,0.0471501350402832,0.6890292763710022,0.7666020393371582,0.077572762966156,0.3927220404148102,0.320923388004303,-0.0717986524105072
COCO_val2014_000000287033,0.9264858365058899,0.9322827458381653,0.005796909332275391,0.7428085803985596,0.7518281936645508,0.009019613265991211,0.28271162509918213,0.22909781336784363,-0.0536138117313385
COCO_val2014_000000287387,0.8829797506332397,0.9311206936836243,0.04814094305038452,0.7628905773162842,0.805484414100647,0.04259383678436279,0.18432210385799408,0.1292763203382492,-0.05504578351974487
COCO_val2014_000000287443,0.9231042265892029,0.9253068566322327,0.002202630043029785,0.8391749858856201,0.8316837549209595,-0.0074912309646606445,0.15323688089847565,0.12918245792388916,-0.024054422974586487
COCO_val2014_000000287714,0.8978619575500488,0.9095464944839478,0.011684536933898926,0.7829631567001343,0.7850474715232849,0.0020843148231506348,0.17114238440990448,0.17777276039123535,0.006630375981330872
COCO_val2014_000000288313,0.9143689274787903,0.9243974685668945,0.010028541088104248,0.8240844011306763,0.8213459849357605,-0.0027384161949157715,0.12373269349336624,0.1283760964870453,0.004643402993679047
COCO_val2014_000000288639,0.844956636428833,0.8331723809242249,-0.011784255504608154,0.739699125289917,0.7400789856910706,0.00037986040115356445,0.21893662214279175,0.23056337237358093,0.011626750230789185
COCO_val2014_000000288824,0.9064487218856812,0.9051971435546875,-0.0012515783309936523,0.8177317380905151,0.8078435659408569,-0.009888172149658203,0.11167474836111069,0.11639312654733658,0.004718378186225891
COCO_val2014_000000288933,0.8712809085845947,0.9084251523017883,0.037144243717193604,0.7516806125640869,0.7834223508834839,0.03174173831939697,0.20175692439079285,0.14723871648311615,-0.0545182079076767
COCO_val2014_000000288944,0.9517348408699036,0.9465786218643188,-0.005156219005584717,0.7856612801551819,0.781526505947113,-0.004134774208068848,0.18356001377105713,0.16551905870437622,-0.018040955066680908
COCO_val2014_000000289120,0.8432331085205078,0.8727949857711792,0.029561877250671387,0.7659302949905396,0.7806993722915649,0.01476907730102539,0.166763573884964,0.1542486995458603,-0.012514874339103699
COCO_val2014_000000289222,0.8929222226142883,0.849231481552124,-0.04369074106216431,0.7238006591796875,0.6933352947235107,-0.030465364456176758,0.3066159188747406,0.2987980842590332,-0.007817834615707397
COCO_val2014_000000289260,0.8191505670547485,0.8434204459190369,0.02426987886428833,0.7737407684326172,0.7921055555343628,0.018364787101745605,0.15602529048919678,0.14857888221740723,-0.007446408271789551
COCO_val2014_000000289393,0.8351487517356873,0.8676459193229675,0.03249716758728027,0.7798583507537842,0.797580897808075,0.01772254705429077,0.17831438779830933,0.1619270294904709,-0.01638735830783844
COCO_val2014_000000289941,0.776237964630127,0.8845016956329346,0.10826373100280762,0.6921316385269165,0.7609906196594238,0.06885898113250732,0.3068997859954834,0.1826871931552887,-0.1242125928401947
COCO_val2014_000000289995,0.8759973049163818,0.8795248866081238,0.0035275816917419434,0.7918719053268433,0.8022546768188477,0.010382771492004395,0.15099772810935974,0.12713390588760376,-0.02386382222175598
COCO_val2014_000000290093,0.8199941515922546,0.8458042144775391,0.025810062885284424,0.7218115329742432,0.7295714020729065,0.00775986909866333,0.2729068398475647,0.2299806773662567,-0.04292616248130798
COCO_val2014_000000290196,0.8988320231437683,0.9029169082641602,0.004084885120391846,0.6987028121948242,0.7057957649230957,0.007092952728271484,0.3240368366241455,0.36570826172828674,0.041671425104141235
COCO_val2014_000000290248,0.8754482269287109,0.892706036567688,0.01725780963897705,0.7994188070297241,0.799858570098877,0.00043976306915283203,0.13702265918254852,0.1297900378704071,-0.0072326213121414185
COCO_val2014_000000290289,0.7650225162506104,0.7856215834617615,0.020599067211151123,0.7208490967750549,0.7444608211517334,0.023611724376678467,0.2244446873664856,0.21083194017410278,-0.013612747192382812
COCO_val2014_000000291257,0.7829237580299377,0.7980020046234131,0.015078246593475342,0.6512755751609802,0.6834772825241089,0.03220170736312866,0.3958394527435303,0.3280957341194153,-0.06774371862411499
COCO_val2014_000000291404,0.7494118213653564,0.7642741203308105,0.014862298965454102,0.6965044736862183,0.7254579067230225,0.0289534330368042,0.34112823009490967,0.29803499579429626,-0.0430932343006134
COCO_val2014_000000291686,0.9408625960350037,0.9378701448440552,-0.0029924511909484863,0.8320395946502686,0.8359692096710205,0.003929615020751953,0.1070057675242424,0.1108097955584526,0.003804028034210205
COCO_val2014_000000291742,0.8636643290519714,0.8755059838294983,0.011841654777526855,0.7982169389724731,0.7979172468185425,-0.00029969215393066406,0.14441394805908203,0.1487417221069336,0.0043277740478515625
COCO_val2014_000000292118,0.8482077121734619,0.8726608157157898,0.02445310354232788,0.6086695194244385,0.6435278058052063,0.03485828638076782,0.45303893089294434,0.3859577178955078,-0.06708121299743652
COCO_val2014_000000292158,0.7614092230796814,0.8368830680847168,0.0754738450050354,0.639958381652832,0.6865474581718445,0.04658907651901245,0.511759877204895,0.35138142108917236,-0.16037845611572266
COCO_val2014_000000292301,0.9414416551589966,0.9583559036254883,0.0169142484664917,0.7707940936088562,0.838310182094574,0.06751608848571777,0.17934903502464294,0.0878533199429512,-0.09149571508169174
COCO_val2014_000000292480,0.9267366528511047,0.908929705619812,-0.017806947231292725,0.8333600163459778,0.8087509870529175,-0.024609029293060303,0.08438064157962799,0.12971782684326172,0.04533718526363373
COCO_val2014_000000292792,0.7793689966201782,0.844569981098175,0.06520098447799683,0.7691888809204102,0.7982541918754578,0.029065310955047607,0.16549742221832275,0.12191811203956604,-0.043579310178756714
COCO_val2014_000000292997,0.8720008134841919,0.8615882992744446,-0.010412514209747314,0.789958119392395,0.769739031791687,-0.020219087600708008,0.14523527026176453,0.175287127494812,0.030051857233047485
COCO_val2014_000000293022,0.9547550678253174,0.9633110165596008,0.008555948734283447,0.8411040306091309,0.8583226203918457,0.017218589782714844,0.1134408488869667,0.08543766289949417,-0.028003185987472534
COCO_val2014_000000293148,0.8570822477340698,0.8576169013977051,0.0005346536636352539,0.7615311145782471,0.768164873123169,0.006633758544921875,0.2764699459075928,0.21424686908721924,-0.062223076820373535
COCO_val2014_000000293390,0.7463355660438538,0.6854491829872131,-0.060886383056640625,0.7048389911651611,0.6658186912536621,-0.03902029991149902,0.2906896770000458,0.3706660866737366,0.0799764096736908
COCO_val2014_000000293625,0.8582163453102112,0.834813117980957,-0.02340322732925415,0.7176072597503662,0.6793680191040039,-0.038239240646362305,0.2777494788169861,0.3966696858406067,0.1189202070236206
COCO_val2014_000000294032,0.8827932476997375,0.8904664516448975,0.007673203945159912,0.7327558994293213,0.7441298961639404,0.01137399673461914,0.2332666516304016,0.22649750113487244,-0.006769150495529175
COCO_val2014_000000294124,0.8473513126373291,0.8720070719718933,0.02465575933456421,0.7302234172821045,0.7365789413452148,0.0063555240631103516,0.26185423135757446,0.22722095251083374,-0.03463327884674072
COCO_val2014_000000294134,0.9277993440628052,0.9654107093811035,0.03761136531829834,0.8071506023406982,0.875876784324646,0.06872618198394775,0.10974879562854767,0.047050729393959045,-0.06269806623458862
COCO_val2014_000000294297,0.9151655435562134,0.9178938269615173,0.002728283405303955,0.7548462748527527,0.7351778745651245,-0.019668400287628174,0.3177528977394104,0.3247224688529968,0.006969571113586426
COCO_val2014_000000294451,0.835322916507721,0.8024780750274658,-0.03284484148025513,0.8445116281509399,0.8284750580787659,-0.016036570072174072,0.07978157699108124,0.09056743234395981,0.01078585535287857
COCO_val2014_000000294541,0.9334595203399658,0.9585992693901062,0.02513974905014038,0.8028937578201294,0.847009003162384,0.04411524534225464,0.14288407564163208,0.07647071778774261,-0.06641335785388947
COCO_val2014_000000295683,0.6714648008346558,0.826901376247406,0.15543657541275024,0.7175735235214233,0.7793129682540894,0.061739444732666016,0.28268468379974365,0.1703971028327942,-0.11228758096694946
COCO_val2014_000000296056,0.8914669156074524,0.9183437824249268,0.026876866817474365,0.7234258055686951,0.7001237273216248,-0.023302078247070312,0.29833585023880005,0.3173564672470093,0.01902061700820923
COCO_val2014_000000296222,0.9336727261543274,0.9551016688346863,0.021428942680358887,0.7905698418617249,0.8211988210678101,0.030628979206085205,0.1501343846321106,0.1253746747970581,-0.02475970983505249
COCO_val2014_000000296224,0.8164287209510803,0.8388581275939941,0.02242940664291382,0.6424757838249207,0.67363440990448,0.031158626079559326,0.36049333214759827,0.31118613481521606,-0.0493071973323822
COCO_val2014_000000296231,0.8268958926200867,0.7742042541503906,-0.052691638469696045,0.7581766843795776,0.688524603843689,-0.06965208053588867,0.1810779720544815,0.3257448077201843,0.14466683566570282
COCO_val2014_000000296243,0.8709796667098999,0.8776312470436096,0.006651580333709717,0.7742618322372437,0.7918872833251953,0.01762545108795166,0.19169911742210388,0.15589532256126404,-0.035803794860839844
COCO_val2014_000000296303,0.9498409628868103,0.950716495513916,0.0008755326271057129,0.8199856281280518,0.8099702596664429,-0.010015368461608887,0.12802588939666748,0.12495632469654083,-0.003069564700126648
COCO_val2014_000000296604,0.8823597431182861,0.8833383321762085,0.0009785890579223633,0.8304455280303955,0.8319074511528015,0.0014619231224060059,0.09814925491809845,0.10857482254505157,0.010425567626953125
COCO_val2014_000000297349,0.8291395902633667,0.8038257360458374,-0.025313854217529297,0.7548997402191162,0.7175790667533875,-0.03732067346572876,0.20954382419586182,0.2940489649772644,0.08450514078140259
COCO_val2014_000000297944,0.6466997861862183,0.7208501696586609,0.07415038347244263,0.4687958359718323,0.4921222925186157,0.023326456546783447,0.7947174310684204,0.7142853736877441,-0.08043205738067627
COCO_val2014_000000298261,0.9426963925361633,0.9438676834106445,0.0011712908744812012,0.8030857443809509,0.8222684264183044,0.019182682037353516,0.12790244817733765,0.10290847718715668,-0.02499397099018097
COCO_val2014_000000298405,0.8483971953392029,0.8462242484092712,-0.0021729469299316406,0.7739306688308716,0.7580005526542664,-0.015930116176605225,0.18368834257125854,0.20259593427181244,0.018907591700553894
COCO_val2014_000000298461,0.8254246115684509,0.8394280076026917,0.014003396034240723,0.7915334701538086,0.7948278784751892,0.0032944083213806152,0.14147387444972992,0.13659512996673584,-0.00487874448299408
COCO_val2014_000000298525,0.8398541212081909,0.8636637330055237,0.023809611797332764,0.7716219425201416,0.8053366541862488,0.03371471166610718,0.16635900735855103,0.14545577764511108,-0.02090322971343994
COCO_val2014_000000298578,0.9196162223815918,0.938965916633606,0.01934969425201416,0.7998391389846802,0.8118941187858582,0.012054979801177979,0.15198811888694763,0.12602606415748596,-0.02596205472946167
COCO_val2014_000000299074,0.8156333565711975,0.8110700249671936,-0.004563331604003906,0.7614235877990723,0.754187822341919,-0.00723576545715332,0.18257945775985718,0.18825384974479675,0.005674391984939575
COCO_val2014_000000299207,0.8488263487815857,0.8593811392784119,0.010554790496826172,0.7372246384620667,0.7410836815834045,0.0038590431213378906,0.24552622437477112,0.21856804192066193,-0.026958182454109192
COCO_val2014_000000299887,0.922554075717926,0.9323692917823792,0.009815216064453125,0.7828463912010193,0.7822686433792114,-0.0005777478218078613,0.17401355504989624,0.16006022691726685,-0.013953328132629395
COCO_val2014_000000300008,0.906679093837738,0.930455207824707,0.023776113986968994,0.7631828784942627,0.791971743106842,0.028788864612579346,0.2288811355829239,0.22895139455795288,7.02589750289917e-05
COCO_val2014_000000300066,0.9138259887695312,0.9275285005569458,0.01370251178741455,0.795046865940094,0.7712082862854004,-0.023838579654693604,0.22696375846862793,0.22938129305839539,0.002417534589767456
COCO_val2014_000000300437,0.8979416489601135,0.904401421546936,0.00645977258682251,0.8453208208084106,0.835092306137085,-0.010228514671325684,0.08257457613945007,0.1308753341436386,0.04830075800418854
COCO_val2014_000000300577,0.9254295825958252,0.9355477094650269,0.01011812686920166,0.7527884244918823,0.7867413759231567,0.033952951431274414,0.25069382786750793,0.1933668851852417,-0.057326942682266235
COCO_val2014_000000300753,0.8993281722068787,0.9240570068359375,0.024728834629058838,0.7542772889137268,0.786865234375,0.03258794546127319,0.22529037296772003,0.18466176092624664,-0.04062861204147339
COCO_val2014_000000301582,0.9130832552909851,0.9262617826461792,0.013178527355194092,0.7647202610969543,0.7895389795303345,0.024818718433380127,0.22435712814331055,0.15757393836975098,-0.06678318977355957
COCO_val2014_000000301735,0.7297014594078064,0.9164305925369263,0.18672913312911987,0.6105230450630188,0.7777590155601501,0.16723597049713135,0.49170708656311035,0.16769562661647797,-0.3240114599466324
COCO_val2014_000000301746,0.9001689553260803,0.9133810997009277,0.013212144374847412,0.7938138246536255,0.7929395437240601,-0.0008742809295654297,0.1472730040550232,0.171413853764534,0.024140849709510803
COCO_val2014_000000302603,0.8717982172966003,0.8438084125518799,-0.02798980474472046,0.71551114320755,0.6752511262893677,-0.04026001691818237,0.24196767807006836,0.31617459654808044,0.07420691847801208
COCO_val2014_000000303219,0.8935536742210388,0.9112157225608826,0.01766204833984375,0.7460203170776367,0.7580926418304443,0.012072324752807617,0.26184338331222534,0.2255101352930069,-0.036333248019218445
COCO_val2014_000000303305,0.8262621164321899,0.7968065142631531,-0.029455602169036865,0.7947014570236206,0.7842845916748047,-0.010416865348815918,0.1102428287267685,0.1333753913640976,0.0231325626373291
COCO_val2014_000000303670,0.908735990524292,0.9191149473190308,0.01037895679473877,0.811290442943573,0.7987194061279297,-0.01257103681564331,0.15073402225971222,0.17307329177856445,0.022339269518852234
COCO_val2014_000000303847,0.8559398651123047,0.8223204016685486,-0.033619463443756104,0.7839879989624023,0.7284395694732666,-0.05554842948913574,0.14438563585281372,0.2550816833972931,0.11069604754447937
COCO_val2014_000000304379,0.9024433493614197,0.9026538729667664,0.0002105236053466797,0.7687200307846069,0.743427574634552,-0.02529245615005493,0.1957644522190094,0.25117021799087524,0.055405765771865845
COCO_val2014_000000305050,0.8644510507583618,0.7993320822715759,-0.06511896848678589,0.715031623840332,0.6190161108970642,-0.09601551294326782,0.26109859347343445,0.4778022766113281,0.21670368313789368
COCO_val2014_000000305101,0.8183616399765015,0.8763527870178223,0.0579911470413208,0.7665184736251831,0.7978563904762268,0.0313379168510437,0.23412355780601501,0.18782657384872437,-0.04629698395729065
COCO_val2014_000000305978,0.6931700110435486,0.6942005157470703,0.0010305047035217285,0.6831201314926147,0.6742397546768188,-0.008880376815795898,0.39010441303253174,0.3832494020462036,-0.006855010986328125
COCO_val2014_000000306230,0.9200769662857056,0.926524817943573,0.006447851657867432,0.7960411310195923,0.8058432936668396,0.009802162647247314,0.15358424186706543,0.14313893020153046,-0.010445311665534973
COCO_val2014_000000306453,0.8335118889808655,0.8621249794960022,0.02861309051513672,0.7292050123214722,0.7435723543167114,0.014367341995239258,0.23570093512535095,0.20791295170783997,-0.027787983417510986
COCO_val2014_000000306466,0.896151602268219,0.8723214268684387,-0.023830175399780273,0.8219457864761353,0.7929810285568237,-0.028964757919311523,0.10218818485736847,0.1264091432094574,0.024220958352088928
COCO_val2014_000000306467,0.8994560837745667,0.9041882753372192,0.004732191562652588,0.7472773790359497,0.7558343410491943,0.008556962013244629,0.23414286971092224,0.1928621381521225,-0.041280731558799744
COCO_val2014_000000306644,0.8533112406730652,0.8750384449958801,0.02172720432281494,0.8438553214073181,0.8613556623458862,0.017500340938568115,0.0934712365269661,0.06679593771696091,-0.026675298810005188
COCO_val2014_000000306974,0.9061841368675232,0.9479958415031433,0.04181170463562012,0.7454373836517334,0.7825707197189331,0.03713333606719971,0.21437105536460876,0.16657204926013947,-0.0477990061044693
COCO_val2014_000000307342,0.9023045301437378,0.894303560256958,-0.008000969886779785,0.787501871585846,0.7843385338783264,-0.0031633377075195312,0.1772117167711258,0.17280928790569305,-0.004402428865432739
COCO_val2014_000000307511,0.907663106918335,0.9099221229553223,0.0022590160369873047,0.8502485752105713,0.8430646657943726,-0.0071839094161987305,0.06349946558475494,0.07422097027301788,0.01072150468826294
COCO_val2014_000000307564,0.7492637038230896,0.8374037742614746,0.08814007043838501,0.6322474479675293,0.673911452293396,0.0416640043258667,0.4266890287399292,0.37684109807014465,-0.049847930669784546
COCO_val2014_000000307773,0.9399856328964233,0.9129846096038818,-0.027001023292541504,0.7991673350334167,0.7517900466918945,-0.04737728834152222,0.19421502947807312,0.23784805834293365,0.043633028864860535
COCO_val2014_000000308274,0.8432406783103943,0.9088305830955505,0.06558990478515625,0.6723066568374634,0.7247787714004517,0.05247211456298828,0.36719128489494324,0.2521376609802246,-0.11505362391471863
COCO_val2014_000000308430,0.8878341913223267,0.8701266646385193,-0.017707526683807373,0.8424476385116577,0.8016358017921448,-0.04081183671951294,0.1060297042131424,0.16441136598587036,0.058381661772727966
COCO_val2014_000000308900,0.8461194038391113,0.8231852054595947,-0.0229341983795166,0.7199367880821228,0.6144565343856812,-0.10548025369644165,0.2998846471309662,0.4742228388786316,0.1743381917476654
COCO_val2014_000000309022,0.7724565863609314,0.6760285496711731,-0.0964280366897583,0.7783398628234863,0.7287788391113281,-0.0495610237121582,0.16166795790195465,0.24189069867134094,0.08022274076938629
COCO_val2014_000000309232,0.8084169030189514,0.7405223250389099,-0.0678945779800415,0.6785272359848022,0.6364918947219849,-0.04203534126281738,0.3030833601951599,0.3726145029067993,0.0695311427116394
COCO_val2014_000000309573,0.9048311114311218,0.8961373567581177,-0.00869375467300415,0.7770265340805054,0.7388256788253784,-0.03820085525512695,0.23364287614822388,0.37003806233406067,0.1363951861858368
COCO_val2014_000000309655,0.9569042325019836,0.9455770254135132,-0.011327207088470459,0.8164283037185669,0.8026493787765503,-0.013778924942016602,0.12607347965240479,0.16241832077503204,0.03634484112262726
COCO_val2014_000000309852,0.9390006065368652,0.963570237159729,0.02456963062286377,0.7768520712852478,0.8219802379608154,0.04512816667556763,0.19762356579303741,0.1329270303249359,-0.0646965354681015
COCO_val2014_000000310200,0.875457763671875,0.8634968996047974,-0.011960864067077637,0.7890007495880127,0.7937124967575073,0.004711747169494629,0.15033762156963348,0.14323972165584564,-0.007097899913787842
COCO_val2014_000000310532,0.7842788100242615,0.7926775217056274,0.008398711681365967,0.7532086372375488,0.7171441912651062,-0.03606444597244263,0.21409821510314941,0.2866860628128052,0.07258784770965576
COCO_val2014_000000310735,0.9671981930732727,0.9493261575698853,-0.01787203550338745,0.8333636522293091,0.7862691283226013,-0.047094523906707764,0.13109663128852844,0.1912957727909088,0.06019914150238037
COCO_val2014_000000310906,0.7738630771636963,0.867218554019928,0.09335547685623169,0.7437691688537598,0.8007030487060547,0.05693387985229492,0.21108806133270264,0.14273887872695923,-0.06834918260574341
COCO_val2014_000000311385,0.9061710834503174,0.9121072292327881,0.005936145782470703,0.8566722869873047,0.8551443219184875,-0.0015279650688171387,0.0663781464099884,0.06225908547639847,-0.004119060933589935
COCO_val2014_000000312056,0.803907036781311,0.8583003282546997,0.05439329147338867,0.6107439994812012,0.663139820098877,0.05239582061767578,0.6347523331642151,0.44318705797195435,-0.19156527519226074
COCO_val2014_000000312192,0.87273108959198,0.8932328224182129,0.02050173282623291,0.8325843811035156,0.8400498032569885,0.0074654221534729,0.10268057882785797,0.09041844308376312,-0.012262135744094849
COCO_val2014_000000312412,0.8631083965301514,0.8462570905685425,-0.016851305961608887,0.7968593239784241,0.7682522535324097,-0.028607070446014404,0.15489262342453003,0.17984150350093842,0.024948880076408386
COCO_val2014_000000312423,0.910608172416687,0.8994500041007996,-0.011158168315887451,0.773113489151001,0.7750452160835266,0.0019317269325256348,0.1828409731388092,0.1815074384212494,-0.0013335347175598145
COCO_val2014_000000312627,0.8455723524093628,0.8842125535011292,0.03864020109176636,0.7015821933746338,0.7559353113174438,0.05435311794281006,0.2902989983558655,0.21669022738933563,-0.07360877096652985
COCO_val2014_000000312632,0.8506112098693848,0.8717482089996338,0.021136999130249023,0.8091516494750977,0.8176240921020508,0.008472442626953125,0.1171087920665741,0.10729116201400757,-0.009817630052566528
COCO_val2014_000000313246,0.9243156313896179,0.8852124810218811,-0.039103150367736816,0.8025670647621155,0.7640484571456909,-0.03851860761642456,0.13846991956233978,0.19071832299232483,0.052248403429985046
COCO_val2014_000000313337,0.9046896696090698,0.8922170996665955,-0.012472569942474365,0.7974458336830139,0.7729873657226562,-0.024458467960357666,0.15909740328788757,0.18225154280662537,0.023154139518737793
COCO_val2014_000000313341,0.8757044076919556,0.8432238101959229,-0.032480597496032715,0.7690056562423706,0.7433964610099792,-0.025609195232391357,0.17927533388137817,0.21587270498275757,0.036597371101379395
COCO_val2014_000000313562,0.7509209513664246,0.76258385181427,0.011662900447845459,0.4574005901813507,0.49122875928878784,0.033828169107437134,0.8282039165496826,0.8237610459327698,-0.004442870616912842
COCO_val2014_000000314074,0.8458271026611328,0.7680709362030029,-0.07775616645812988,0.7624557018280029,0.7036235332489014,-0.05883216857910156,0.19103994965553284,0.27419760823249817,0.08315765857696533
COCO_val2014_000000314251,0.91993647813797,0.9418618679046631,0.021925389766693115,0.7806329727172852,0.8024250268936157,0.021792054176330566,0.17056496441364288,0.1343984603881836,-0.03616650402545929
COCO_val2014_000000314792,0.8313295245170593,0.811030924320221,-0.02029860019683838,0.7925945520401001,0.7767287492752075,-0.015865802764892578,0.1530340015888214,0.1867644488811493,0.03373044729232788
COCO_val2014_000000315195,0.823769748210907,0.8209834098815918,-0.0027863383293151855,0.7280596494674683,0.7164939641952515,-0.011565685272216797,0.24922576546669006,0.2641701102256775,0.014944344758987427
COCO_val2014_000000315565,0.9641503095626831,0.9674955010414124,0.003345191478729248,0.8399747610092163,0.8301122784614563,-0.00986248254776001,0.11048547178506851,0.12049920856952667,0.01001373678445816
COCO_val2014_000000315641,0.8876097798347473,0.8155260682106018,-0.07208371162414551,0.7870071530342102,0.7098739147186279,-0.07713323831558228,0.15864357352256775,0.29118451476097107,0.13254094123840332
COCO_val2014_000000315769,0.742110013961792,0.7132852673530579,-0.02882474660873413,0.7005356550216675,0.6951159238815308,-0.005419731140136719,0.3421105742454529,0.4158632755279541,0.07375270128250122
COCO_val2014_000000315790,0.89374178647995,0.8939710855484009,0.00022929906845092773,0.8268382549285889,0.8277902603149414,0.0009520053863525391,0.10267216712236404,0.09834811091423035,-0.0043240562081336975
COCO_val2014_000000316008,0.620786190032959,0.6556801199913025,0.034893929958343506,0.6229078769683838,0.5979338884353638,-0.02497398853302002,0.4467674791812897,0.4577590227127075,0.010991543531417847
COCO_val2014_000000316342,0.9171712398529053,0.9087244272232056,-0.008446812629699707,0.8271150588989258,0.8137484788894653,-0.01336658000946045,0.1260986328125,0.12915900349617004,0.003060370683670044
COCO_val2014_000000316526,0.6106815338134766,0.6974993944168091,0.08681786060333252,0.6035217046737671,0.6254196166992188,0.02189791202545166,0.5223757028579712,0.44508808851242065,-0.07728761434555054
COCO_val2014_000000316666,0.9149748086929321,0.9073450565338135,-0.007629752159118652,0.8100210428237915,0.8051205277442932,-0.004900515079498291,0.13916119933128357,0.1305215060710907,-0.008639693260192871
COCO_val2014_000000316704,0.7875670194625854,0.7601284980773926,-0.02743852138519287,0.6329079270362854,0.5871418118476868,-0.04576611518859863,0.5753177404403687,0.7637553215026855,0.1884375810623169
COCO_val2014_000000316862,0.8684985637664795,0.8820521235466003,0.01355355978012085,0.7850692868232727,0.7830498218536377,-0.0020194649696350098,0.1462065875530243,0.14360937476158142,-0.002597212791442871
COCO_val2014_000000317622,0.8901211619377136,0.8946373462677002,0.004516184329986572,0.7975994348526001,0.8116068840026855,0.01400744915008545,0.13266417384147644,0.11481054127216339,-0.01785363256931305
COCO_val2014_000000317898,0.5947475433349609,0.6028525829315186,0.008105039596557617,0.35605937242507935,0.3734910786151886,0.017431706190109253,1.1294702291488647,1.0711299180984497,-0.05834031105041504
COCO_val2014_000000318204,0.9360697865486145,0.9437472820281982,0.00767749547958374,0.8257132172584534,0.8314760327339172,0.005762815475463867,0.10550020635128021,0.09323979914188385,-0.012260407209396362
COCO_val2014_000000318523,0.9127800464630127,0.9130187630653381,0.00023871660232543945,0.824376106262207,0.8112882375717163,-0.013087868690490723,0.0946386456489563,0.10878854990005493,0.014149904251098633
COCO_val2014_000000318550,0.8712902069091797,0.8214914202690125,-0.049798786640167236,0.8313076496124268,0.7969962358474731,-0.03431141376495361,0.10118144750595093,0.14814361929893494,0.04696217179298401
COCO_val2014_000000318777,0.831606924533844,0.8504791855812073,0.01887226104736328,0.7404078245162964,0.7500962018966675,0.009688377380371094,0.27258166670799255,0.19624100625514984,-0.07634066045284271
COCO_val2014_000000318888,0.8960013389587402,0.8770191669464111,-0.0189821720123291,0.74946129322052,0.7369688153266907,-0.012492477893829346,0.22396960854530334,0.21814101934432983,-0.005828589200973511
COCO_val2014_000000319053,0.872102677822113,0.8785820603370667,0.006479382514953613,0.7245540618896484,0.7341558337211609,0.009601771831512451,0.2532847225666046,0.24167999625205994,-0.011604726314544678
COCO_val2014_000000319345,0.8673381805419922,0.8411470055580139,-0.02619117498397827,0.7889935970306396,0.7467272281646729,-0.0422663688659668,0.18113476037979126,0.2905732989311218,0.10943853855133057
COCO_val2014_000000321195,0.8720381259918213,0.8722402453422546,0.0002021193504333496,0.832780122756958,0.8149945735931396,-0.01778554916381836,0.11277656257152557,0.131069615483284,0.018293052911758423
COCO_val2014_000000322141,0.8873335719108582,0.8919799327850342,0.004646360874176025,0.7364741563796997,0.763907790184021,0.02743363380432129,0.2104635089635849,0.18241927027702332,-0.028044238686561584
COCO_val2014_000000322610,0.7648718953132629,0.6852834820747375,-0.07958841323852539,0.6966792345046997,0.6380568742752075,-0.05862236022949219,0.38161733746528625,0.45361605286598206,0.0719987154006958
COCO_val2014_000000322895,0.9104471802711487,0.9052000641822815,-0.0052471160888671875,0.7653180360794067,0.7490794658660889,-0.01623857021331787,0.20571862161159515,0.2214730679988861,0.015754446387290955
COCO_val2014_000000323067,0.9220151901245117,0.9142147898674011,-0.007800400257110596,0.7785592079162598,0.7831034660339355,0.004544258117675781,0.15794670581817627,0.18023647367954254,0.022289767861366272
COCO_val2014_000000323327,0.8888755440711975,0.9005126357078552,0.011637091636657715,0.7462043166160583,0.7559707760810852,0.009766459465026855,0.24309980869293213,0.21116364002227783,-0.0319361686706543
COCO_val2014_000000323515,0.8216404318809509,0.8614733219146729,0.039832890033721924,0.7759519815444946,0.805047869682312,0.029095888137817383,0.1762324571609497,0.1219412237405777,-0.05429123342037201
COCO_val2014_000000323525,0.9318831562995911,0.9308834671974182,-0.0009996891021728516,0.810903787612915,0.7994989156723022,-0.011404871940612793,0.2325093150138855,0.24338489770889282,0.010875582695007324
COCO_val2014_000000323888,0.8936309218406677,0.9037404656410217,0.010109543800354004,0.6965230703353882,0.7067580223083496,0.010234951972961426,0.34971457719802856,0.3096071183681488,-0.04010745882987976
COCO_val2014_000000324008,0.9117031693458557,0.9230634570121765,0.0113602876663208,0.8216310143470764,0.8314884901046753,0.009857475757598877,0.11294475942850113,0.10154859721660614,-0.011396162211894989
COCO_val2014_000000324500,0.9420729279518127,0.9217678904533386,-0.02030503749847412,0.8362909555435181,0.7969245314598083,-0.03936642408370972,0.08751405775547028,0.13887065649032593,0.05135659873485565
COCO_val2014_000000324837,0.8204599022865295,0.768539309501648,-0.05192059278488159,0.7314692735671997,0.7116470336914062,-0.019822239875793457,0.22986620664596558,0.25295984745025635,0.02309364080429077
COCO_val2014_000000325374,0.8552216291427612,0.8897606730461121,0.03453904390335083,0.7231717705726624,0.7634676694869995,0.04029589891433716,0.2320607602596283,0.16563184559345245,-0.06642891466617584
COCO_val2014_000000325483,0.9019173383712769,0.9138122797012329,0.011894941329956055,0.7589036226272583,0.7675864696502686,0.008682847023010254,0.24093107879161835,0.20266862213611603,-0.03826245665550232
COCO_val2014_000000325867,0.8985375165939331,0.8968048691749573,-0.00173264741897583,0.8131303191184998,0.8033205270767212,-0.009809792041778564,0.11451350897550583,0.12918296456336975,0.014669455587863922
COCO_val2014_000000326086,0.9500060081481934,0.931995153427124,-0.018010854721069336,0.8560525178909302,0.8212541937828064,-0.03479832410812378,0.06693044304847717,0.09735177457332611,0.030421331524848938
COCO_val2014_000000326428,0.8619000911712646,0.8941075205802917,0.0322074294090271,0.7192273139953613,0.7486476898193359,0.02942037582397461,0.3341413140296936,0.22364476323127747,-0.11049655079841614
COCO_val2014_000000326510,0.8920389413833618,0.9063544869422913,0.014315545558929443,0.7871217131614685,0.8098958134651184,0.022774100303649902,0.15089353919029236,0.11597740650177002,-0.03491613268852234
COCO_val2014_000000326702,0.8957712054252625,0.9054505228996277,0.009679317474365234,0.8053164482116699,0.7896118760108948,-0.015704572200775146,0.15938183665275574,0.17201738059520721,0.012635543942451477
COCO_val2014_000000326854,0.8447133898735046,0.8871808648109436,0.042467474937438965,0.7816997766494751,0.8071802258491516,0.025480449199676514,0.16318178176879883,0.13341790437698364,-0.029763877391815186
COCO_val2014_000000326970,0.8383183479309082,0.8099440932273865,-0.02837425470352173,0.7819142937660217,0.7630558013916016,-0.018858492374420166,0.1844439059495926,0.2334468811750412,0.04900297522544861
COCO_val2014_000000327255,0.9298470616340637,0.9593082666397095,0.029461205005645752,0.7920492887496948,0.8384493589401245,0.04640007019042969,0.14488574862480164,0.10605677217245102,-0.038828976452350616
COCO_val2014_000000327383,0.8823212385177612,0.8958362340927124,0.013514995574951172,0.8281376957893372,0.839195728302002,0.011058032512664795,0.10534645617008209,0.09130416810512543,-0.014042288064956665
COCO_val2014_000000327590,0.9226481914520264,0.9452175498008728,0.022569358348846436,0.835623562335968,0.8387700319290161,0.0031464695930480957,0.11233355104923248,0.08825864642858505,-0.02407490462064743
COCO_val2014_000000327780,0.9022409915924072,0.9138944745063782,0.011653482913970947,0.8386642932891846,0.8506619334220886,0.011997640132904053,0.10051015019416809,0.09504774212837219,-0.0054624080657958984
COCO_val2014_000000327890,0.7689306139945984,0.7150779962539673,-0.053852617740631104,0.7857556343078613,0.7558109760284424,-0.029944658279418945,0.14487729966640472,0.18775901198387146,0.042881712317466736
COCO_val2014_000000328008,0.9476374387741089,0.9449790716171265,-0.002658367156982422,0.8357435464859009,0.83173006772995,-0.004013478755950928,0.10026632249355316,0.09271009266376495,-0.007556229829788208
COCO_val2014_000000328111,0.7740755081176758,0.8163452744483948,0.042269766330718994,0.7504173517227173,0.7625023722648621,0.012085020542144775,0.1944219470024109,0.1788545846939087,-0.015567362308502197
COCO_val2014_000000328200,0.8739376068115234,0.8980086445808411,0.024071037769317627,0.6627773642539978,0.7025753259658813,0.039797961711883545,0.34433478116989136,0.3080395460128784,-0.03629523515701294
COCO_val2014_000000328289,0.9028453230857849,0.9166237711906433,0.013778448104858398,0.7762676477432251,0.8080931901931763,0.03182554244995117,0.1681428849697113,0.11405809223651886,-0.054084792733192444
COCO_val2014_000000328403,0.8141785860061646,0.8084537386894226,-0.005724847316741943,0.7755954265594482,0.7734843492507935,-0.002111077308654785,0.1778680682182312,0.17214976251125336,-0.005718305706977844
COCO_val2014_000000328433,0.9159657955169678,0.8832774758338928,-0.03268831968307495,0.573868989944458,0.5611168146133423,-0.012752175331115723,0.5086865425109863,0.5288971662521362,0.020210623741149902
COCO_val2014_000000328536,0.8641932010650635,0.8834974765777588,0.019304275512695312,0.834112286567688,0.842160701751709,0.008048415184020996,0.09374392032623291,0.08037304133176804,-0.013370878994464874
COCO_val2014_000000328661,0.9610950946807861,0.9877405762672424,0.0266454815864563,0.7928128242492676,0.8901001214981079,0.09728729724884033,0.16728666424751282,0.04829148203134537,-0.11899518221616745
COCO_val2014_000000328797,0.7062236070632935,0.7808920741081238,0.07466846704483032,0.7378274202346802,0.7643428444862366,0.026515424251556396,0.200173482298851,0.16996729373931885,-0.030206188559532166
COCO_val2014_000000328890,0.8363668918609619,0.8661541938781738,0.029787302017211914,0.827007532119751,0.8255417346954346,-0.0014657974243164062,0.09168139100074768,0.10025589168071747,0.008574500679969788
COCO_val2014_000000329080,0.9023444652557373,0.9133375883102417,0.010993123054504395,0.8116886615753174,0.8254709243774414,0.013782262802124023,0.11594195663928986,0.09517405927181244,-0.020767897367477417
COCO_val2014_000000329217,0.9147849678993225,0.9010923504829407,-0.013692617416381836,0.8103284239768982,0.797636091709137,-0.01269233226776123,0.1298293173313141,0.13859757781028748,0.008768260478973389
COCO_val2014_000000329336,0.9709641933441162,0.9774526357650757,0.006488442420959473,0.8557835817337036,0.8655263185501099,0.00974273681640625,0.06610861420631409,0.08278247714042664,0.01667386293411255
COCO_val2014_000000329341,0.8998181819915771,0.8949383497238159,-0.0048798322677612305,0.8163447380065918,0.8085132837295532,-0.007831454277038574,0.12024182081222534,0.11651003360748291,-0.0037317872047424316
COCO_val2014_000000329373,0.9144867062568665,0.8925108909606934,-0.021975815296173096,0.8120846748352051,0.7661318182945251,-0.04595285654067993,0.13113263249397278,0.19407211244106293,0.06293947994709015
COCO_val2014_000000329946,0.6479588747024536,0.777545690536499,0.1295868158340454,0.6953851580619812,0.753113865852356,0.057728707790374756,0.3009850084781647,0.20026792585849762,-0.10071708261966705
COCO_val2014_000000330248,0.9643458127975464,0.9564387798309326,-0.00790703296661377,0.817741870880127,0.7953590154647827,-0.02238285541534424,0.1403055191040039,0.17878864705562592,0.03848312795162201
COCO_val2014_000000330522,0.7184516191482544,0.763626217842102,0.045174598693847656,0.7248305678367615,0.7404952645301819,0.01566469669342041,0.2693388760089874,0.23406147956848145,-0.03527739644050598
COCO_val2014_000000330536,0.7540056705474854,0.8042891025543213,0.05028343200683594,0.7182875871658325,0.7291114926338196,0.01082390546798706,0.24771851301193237,0.23994143307209015,-0.007777079939842224
COCO_val2014_000000330676,0.7977147698402405,0.7958810329437256,-0.0018337368965148926,0.7103955745697021,0.7200024127960205,0.00960683822631836,0.25843966007232666,0.228033185005188,-0.030406475067138672
COCO_val2014_000000330750,0.828915536403656,0.8250800371170044,-0.0038354992866516113,0.7027289271354675,0.7159619927406311,0.013233065605163574,0.29868605732917786,0.29047590494155884,-0.008210152387619019
COCO_val2014_000000331242,0.8857170343399048,0.8849582076072693,-0.000758826732635498,0.7815221548080444,0.7779927253723145,-0.0035294294357299805,0.1423487812280655,0.1571439504623413,0.014795169234275818
COCO_val2014_000000331395,0.8802736401557922,0.8734314441680908,-0.006842195987701416,0.7679409384727478,0.7484701871871948,-0.01947075128555298,0.16323429346084595,0.19848886132240295,0.03525456786155701
COCO_val2014_000000331535,0.8717226386070251,0.893227756023407,0.021505117416381836,0.8491573929786682,0.8579567074775696,0.008799314498901367,0.08190026134252548,0.07439140975475311,-0.007508851587772369
COCO_val2014_000000331688,0.8999497294425964,0.9498377442359924,0.049888014793395996,0.7734727263450623,0.8263493180274963,0.05287659168243408,0.1693381369113922,0.1140751838684082,-0.05526295304298401
COCO_val2014_000000332609,0.8550888299942017,0.8455790877342224,-0.009509742259979248,0.69099360704422,0.7238105535507202,0.032816946506500244,0.298933207988739,0.2555014193058014,-0.04343178868293762
COCO_val2014_000000332844,0.9603351950645447,0.9824469089508057,0.022111713886260986,0.8024312257766724,0.8773636817932129,0.07493245601654053,0.14294502139091492,0.058571379631757736,-0.08437364175915718
COCO_val2014_000000332845,0.9065455794334412,0.856042206287384,-0.05050337314605713,0.7803715467453003,0.7226172685623169,-0.0577542781829834,0.21198570728302002,0.30624717473983765,0.09426146745681763
COCO_val2014_000000333095,0.8553801774978638,0.8953734040260315,0.039993226528167725,0.735234797000885,0.7760601043701172,0.04082530736923218,0.23192697763442993,0.21245793998241425,-0.019469037652015686
COCO_val2014_000000333150,0.8568914532661438,0.8816770911216736,0.024785637855529785,0.7803926467895508,0.7884668111801147,0.008074164390563965,0.17121769487857819,0.15166953206062317,-0.019548162817955017
COCO_val2014_000000333434,0.9187411665916443,0.8988094925880432,-0.019931674003601074,0.8103833198547363,0.7842416763305664,-0.026141643524169922,0.16459040343761444,0.17660680413246155,0.012016400694847107
COCO_val2014_000000333888,0.9264527559280396,0.924470841884613,-0.0019819140434265137,0.8520614504814148,0.8477734327316284,-0.004288017749786377,0.06675247102975845,0.07183144986629486,0.0050789788365364075
COCO_val2014_000000333998,0.8833566904067993,0.9309937953948975,0.047637104988098145,0.8277115225791931,0.861366868019104,0.03365534543991089,0.09314557164907455,0.062242429703474045,-0.03090314194560051
COCO_val2014_000000334007,0.8475379347801208,0.8514130115509033,0.0038750767707824707,0.7445604801177979,0.7494015097618103,0.004841029644012451,0.2217559963464737,0.2267450988292694,0.004989102482795715
COCO_val2014_000000334034,0.8495100140571594,0.8391710519790649,-0.010338962078094482,0.7516923546791077,0.7571407556533813,0.005448400974273682,0.22958239912986755,0.21122312545776367,-0.018359273672103882
COCO_val2014_000000334332,0.955299973487854,0.9495988488197327,-0.005701124668121338,0.8399233818054199,0.8064876794815063,-0.033435702323913574,0.10390331596136093,0.1440989375114441,0.04019562155008316
COCO_val2014_000000334399,0.9261852502822876,0.9493255615234375,0.023140311241149902,0.7879551649093628,0.8366197347640991,0.04866456985473633,0.1625850647687912,0.10980843007564545,-0.05277663469314575
COCO_val2014_000000334746,0.8304077386856079,0.8099228739738464,-0.020484864711761475,0.7876185178756714,0.766327440738678,-0.021291077136993408,0.15619570016860962,0.17057377099990845,0.014378070831298828
COCO_val2014_000000334975,0.9321224093437195,0.8680887222290039,-0.06403368711471558,0.8542484641075134,0.7901097536087036,-0.06413871049880981,0.07984385639429092,0.1784011423587799,0.09855728596448898
COCO_val2014_000000335670,0.7880867123603821,0.806660532951355,0.0185738205909729,0.7300032377243042,0.7587752938270569,0.028772056102752686,0.2680683732032776,0.21129360795021057,-0.05677476525306702
COCO_val2014_000000335844,0.8334653973579407,0.8585119843482971,0.025046586990356445,0.7607388496398926,0.7817217111587524,0.020982861518859863,0.21123814582824707,0.18046054244041443,-0.03077760338783264
COCO_val2014_000000336053,0.8920477032661438,0.876780092716217,-0.015267610549926758,0.8062885403633118,0.7856919765472412,-0.020596563816070557,0.1717807650566101,0.1641584038734436,-0.007622361183166504
COCO_val2014_000000336300,0.7951487898826599,0.7484675645828247,-0.046681225299835205,0.6546791195869446,0.6323776245117188,-0.02230149507522583,0.4088953733444214,0.4555961787700653,0.04670080542564392
COCO_val2014_000000336324,0.8917725682258606,0.8613465428352356,-0.030426025390625,0.8175212144851685,0.789060115814209,-0.028461098670959473,0.10694341361522675,0.14467832446098328,0.03773491084575653
COCO_val2014_000000336872,0.839593768119812,0.8341476917266846,-0.005446076393127441,0.8007165193557739,0.7786760330200195,-0.022040486335754395,0.11862605810165405,0.1621658205986023,0.04353976249694824
COCO_val2014_000000337160,0.8798169493675232,0.9032922387123108,0.023475289344787598,0.7601990699768066,0.7711304426193237,0.01093137264251709,0.21338710188865662,0.19512033462524414,-0.018266767263412476
COCO_val2014_000000337354,0.822748601436615,0.8233789801597595,0.0006303787231445312,0.7297808527946472,0.7399888634681702,0.01020801067352295,0.28481873869895935,0.31483322381973267,0.030014485120773315
COCO_val2014_000000337443,0.8947045207023621,0.8765292167663574,-0.01817530393600464,0.7894375920295715,0.7572352886199951,-0.032202303409576416,0.14812853932380676,0.2020896077156067,0.05396106839179993
COCO_val2014_000000337498,0.8923622369766235,0.9161911606788635,0.02382892370223999,0.8285397291183472,0.8375260233879089,0.008986294269561768,0.11770537495613098,0.10123446583747864,-0.016470909118652344
COCO_val2014_000000337551,0.8821110129356384,0.9134807586669922,0.03136974573135376,0.7559608817100525,0.7707830667495728,0.014822185039520264,0.1969773769378662,0.2060498148202896,0.009072437882423401
COCO_val2014_000000337561,0.8013876676559448,0.8748171925544739,0.07342952489852905,0.7266906499862671,0.7706165313720703,0.04392588138580322,0.238858163356781,0.17838506400585175,-0.06047309935092926
COCO_val2014_000000337563,0.8955652117729187,0.8958317041397095,0.0002664923667907715,0.7541741728782654,0.757351815700531,0.003177642822265625,0.19981729984283447,0.19664545357227325,-0.0031718462705612183
COCO_val2014_000000338105,0.8508175611495972,0.8663992285728455,0.015581667423248291,0.7283453941345215,0.7413163185119629,0.012970924377441406,0.2373960018157959,0.21617057919502258,-0.021225422620773315
COCO_val2014_000000338207,0.9351137280464172,0.929689884185791,-0.005423843860626221,0.8133019804954529,0.8042292594909668,-0.009072721004486084,0.13810938596725464,0.1507459133863449,0.012636527419090271
COCO_val2014_000000338625,0.9237220883369446,0.8963748812675476,-0.027347207069396973,0.8268323540687561,0.7946432828903198,-0.03218907117843628,0.11312881857156754,0.14547371864318848,0.03234490007162094
COCO_val2014_000000338901,0.8603876233100891,0.8610100150108337,0.0006223917007446289,0.6666954159736633,0.6540309190750122,-0.012664496898651123,0.3549487590789795,0.3813207447528839,0.02637198567390442
COCO_val2014_000000340420,0.9465259909629822,0.9185819625854492,-0.02794402837753296,0.8481822609901428,0.7952098846435547,-0.052972376346588135,0.07663287222385406,0.14284196496009827,0.0662090927362442
COCO_val2014_000000340511,0.9027771353721619,0.907191812992096,0.004414677619934082,0.8265306353569031,0.8348938822746277,0.00836324691772461,0.09549970924854279,0.08804604411125183,-0.007453665137290955
COCO_val2014_000000340665,0.9122564792633057,0.9286767840385437,0.016420304775238037,0.7555283904075623,0.7573622465133667,0.0018338561058044434,0.23560652136802673,0.24148398637771606,0.005877465009689331
COCO_val2014_000000340894,0.847160816192627,0.8590823411941528,0.011921525001525879,0.6719633340835571,0.6868687868118286,0.014905452728271484,0.39640486240386963,0.3268377482891083,-0.06956711411476135
COCO_val2014_000000340922,0.7627862095832825,0.9327174425125122,0.16993123292922974,0.465572714805603,0.6478868126869202,0.18231409788131714,0.7869771718978882,0.353266179561615,-0.4337109923362732
COCO_val2014_000000341246,0.9543821811676025,0.9617826342582703,0.007400453090667725,0.8729369044303894,0.876884937286377,0.003948032855987549,0.06449278444051743,0.06524062156677246,0.0007478371262550354
COCO_val2014_000000341401,0.8735256195068359,0.9149470925331116,0.041421473026275635,0.7438074946403503,0.7824091911315918,0.038601696491241455,0.2540339231491089,0.1518319696187973,-0.10220195353031158
COCO_val2014_000000341603,0.9067909717559814,0.8666646480560303,-0.04012632369995117,0.8219629526138306,0.7532056570053101,-0.06875729560852051,0.10561645030975342,0.1861305832862854,0.08051413297653198
COCO_val2014_000000341645,0.8831735253334045,0.913545548915863,0.030372023582458496,0.6726738214492798,0.7248420715332031,0.05216825008392334,0.3352963328361511,0.33559566736221313,0.0002993345260620117
COCO_val2014_000000341719,0.9119426012039185,0.9090580940246582,-0.002884507179260254,0.7448105812072754,0.7416344881057739,-0.003176093101501465,0.2813126742839813,0.23014172911643982,-0.051170945167541504
COCO_val2014_000000342146,0.942395031452179,0.9204446077346802,-0.02195042371749878,0.8005527257919312,0.8013942241668701,0.0008414983749389648,0.15004798769950867,0.14087694883346558,-0.00917103886604309
COCO_val2014_000000342204,0.9176127910614014,0.8877983093261719,-0.029814481735229492,0.7735641002655029,0.7551292181015015,-0.018434882164001465,0.19390837848186493,0.2170514017343521,0.023143023252487183
COCO_val2014_000000342293,0.7975597381591797,0.8345789909362793,0.03701925277709961,0.6769815683364868,0.6963012218475342,0.019319653511047363,0.4778928756713867,0.40021663904190063,-0.07767623662948608
COCO_val2014_000000342322,0.8906680941581726,0.9124236106872559,0.021755516529083252,0.7836782336235046,0.7902867197990417,0.006608486175537109,0.2142239511013031,0.2021012157201767,-0.012122735381126404
COCO_val2014_000000342765,0.9513913989067078,0.9483553767204285,-0.003036022186279297,0.8435910940170288,0.8256797790527344,-0.017911314964294434,0.08722169697284698,0.09656136482954025,0.009339667856693268
COCO_val2014_000000342933,0.9209548830986023,0.923129141330719,0.0021742582321166992,0.8543696403503418,0.8556761741638184,0.0013065338134765625,0.06788773834705353,0.07436598837375641,0.006478250026702881
COCO_val2014_000000343642,0.9300175309181213,0.9258912801742554,-0.004126250743865967,0.7972102165222168,0.8103761672973633,0.013165950775146484,0.17327368259429932,0.1805446743965149,0.007270991802215576
COCO_val2014_000000344308,0.8743597865104675,0.8059064149856567,-0.06845337152481079,0.8222628831863403,0.7761774063110352,-0.046085476875305176,0.1077023595571518,0.16795918345451355,0.060256823897361755
COCO_val2014_000000344498,0.9403818249702454,0.9393145442008972,-0.0010672807693481445,0.8385361433029175,0.8304476141929626,-0.008088529109954834,0.07828591018915176,0.08285634219646454,0.004570432007312775
COCO_val2014_000000344521,0.8049300909042358,0.8035881519317627,-0.0013419389724731445,0.7994632124900818,0.7838752269744873,-0.015587985515594482,0.12217336893081665,0.14783719182014465,0.025663822889328003
COCO_val2014_000000344881,0.6002300977706909,0.7117835879325867,0.11155349016189575,0.399911493062973,0.4635617733001709,0.06365028023719788,1.004036784172058,0.8378397226333618,-0.1661970615386963
COCO_val2014_000000344903,0.8625872731208801,0.8660423755645752,0.0034551024436950684,0.796245276927948,0.8013559579849243,0.005110681056976318,0.14120137691497803,0.13684985041618347,-0.004351526498794556
COCO_val2014_000000345353,0.903360903263092,0.8740425109863281,-0.029318392276763916,0.8361814022064209,0.774736762046814,-0.061444640159606934,0.11472724378108978,0.1722160279750824,0.057488784193992615
COCO_val2014_000000345434,0.8772256970405579,0.9029080867767334,0.025682389736175537,0.7436586618423462,0.7511630654335022,0.007504403591156006,0.28025031089782715,0.27768170833587646,-0.0025686025619506836
COCO_val2014_000000346207,0.874543309211731,0.8566965460777283,-0.017846763134002686,0.7523399591445923,0.7686506509780884,0.016310691833496094,0.22204142808914185,0.18351975083351135,-0.03852167725563049
COCO_val2014_000000346262,0.8284167051315308,0.8402129411697388,0.011796236038208008,0.8018051385879517,0.8016361594200134,-0.00016897916793823242,0.1408642828464508,0.12229914963245392,-0.018565133213996887
COCO_val2014_000000346638,0.846413791179657,0.8428190350532532,-0.0035947561264038086,0.7951062917709351,0.7915363311767578,-0.003569960594177246,0.12936919927597046,0.1325046718120575,0.003135472536087036
COCO_val2014_000000346702,0.8511510491371155,0.812598705291748,-0.03855234384536743,0.7725163698196411,0.7423622608184814,-0.030154109001159668,0.21378692984580994,0.23746681213378906,0.023679882287979126
COCO_val2014_000000346759,0.9035053253173828,0.8768503069877625,-0.02665501832962036,0.810328483581543,0.7820773124694824,-0.028251171112060547,0.09740167111158371,0.14347977936267853,0.04607810825109482
COCO_val2014_000000347172,0.8839080929756165,0.8372200727462769,-0.0466880202293396,0.7813853621482849,0.71877121925354,-0.06261414289474487,0.18070051074028015,0.2772706151008606,0.09657010436058044
COCO_val2014_000000347544,0.85821932554245,0.8904291391372681,0.032209813594818115,0.7369546890258789,0.7556297779083252,0.01867508888244629,0.23168030381202698,0.2082844078540802,-0.023395895957946777
COCO_val2014_000000347766,0.8201542496681213,0.9177481532096863,0.09759390354156494,0.6367201805114746,0.748923659324646,0.11220347881317139,0.3844907581806183,0.22943976521492004,-0.15505099296569824
COCO_val2014_000000347818,0.954521656036377,0.9150282740592957,-0.0394933819770813,0.8397014141082764,0.7448015809059143,-0.09489983320236206,0.13990861177444458,0.2523164749145508,0.1124078631401062
COCO_val2014_000000347930,0.8648042678833008,0.9075004458427429,0.04269617795944214,0.6824233531951904,0.7490894198417664,0.06666606664657593,0.3921161890029907,0.23070546984672546,-0.16141071915626526
COCO_val2014_000000347995,0.8878657221794128,0.9300912618637085,0.042225539684295654,0.7110440731048584,0.7813737392425537,0.07032966613769531,0.3310697078704834,0.1696210354566574,-0.161448672413826
COCO_val2014_000000348091,0.7616075277328491,0.6332148909568787,-0.12839263677597046,0.7514676451683044,0.6869683861732483,-0.06449925899505615,0.2076234668493271,0.3199957609176636,0.11237229406833649
COCO_val2014_000000348186,0.9259770512580872,0.9381800889968872,0.012203037738800049,0.8256140947341919,0.8337063193321228,0.008092224597930908,0.11000320315361023,0.09845633059740067,-0.011546872556209564
COCO_val2014_000000348730,0.8779621124267578,0.8521081805229187,-0.02585393190383911,0.7442644834518433,0.7144114971160889,-0.029852986335754395,0.21208520233631134,0.27051806449890137,0.05843286216259003
COCO_val2014_000000348913,0.8504989743232727,0.8661369681358337,0.015637993812561035,0.7572808861732483,0.7598209381103516,0.0025400519371032715,0.227748841047287,0.2512994110584259,0.023550570011138916
COCO_val2014_000000349101,0.8079704642295837,0.7768250703811646,-0.03114539384841919,0.7550994157791138,0.7276473045349121,-0.02745211124420166,0.19735199213027954,0.21335919201374054,0.016007199883461
COCO_val2014_000000349130,0.9118924736976624,0.8722282648086548,-0.03966420888900757,0.7273706197738647,0.6828454732894897,-0.044525146484375,0.26391470432281494,0.32309335470199585,0.05917865037918091
COCO_val2014_000000349485,0.8320342302322388,0.8695196509361267,0.03748542070388794,0.8062695264816284,0.833416223526001,0.02714669704437256,0.11362399160861969,0.09211772680282593,-0.021506264805793762
COCO_val2014_000000349647,0.8986045122146606,0.8892785310745239,-0.009325981140136719,0.8037075996398926,0.7902083396911621,-0.013499259948730469,0.12375151365995407,0.13154666125774384,0.007795147597789764
COCO_val2014_000000349936,0.8458777666091919,0.8356162905693054,-0.010261476039886475,0.8157040476799011,0.8088288307189941,-0.006875216960906982,0.1233782172203064,0.14431706070899963,0.020938843488693237
COCO_val2014_000000350003,0.9667006134986877,0.9523594975471497,-0.014341115951538086,0.8674979209899902,0.8315930366516113,-0.035904884338378906,0.07163113355636597,0.0691104531288147,-0.0025206804275512695
COCO_val2014_000000350023,0.8294858336448669,0.8908178806304932,0.06133204698562622,0.7418853044509888,0.7884365320205688,0.04655122756958008,0.22683262825012207,0.15665331482887268,-0.07017931342124939
COCO_val2014_000000350122,0.907381534576416,0.8620229363441467,-0.04535859823226929,0.8186561465263367,0.7921346426010132,-0.026521503925323486,0.11937621235847473,0.15568991005420685,0.03631369769573212
COCO_val2014_000000350157,0.9170308113098145,0.8506316542625427,-0.06639915704727173,0.809045672416687,0.741548478603363,-0.06749719381332397,0.12442738562822342,0.19065214693546295,0.06622476130723953
COCO_val2014_000000350214,0.8056092262268066,0.7860021591186523,-0.019607067108154297,0.6789628267288208,0.6568855047225952,-0.022077322006225586,0.40550240874290466,0.49873483180999756,0.0932324230670929
COCO_val2014_000000350230,0.9435381889343262,0.9346743226051331,-0.008863866329193115,0.8530496954917908,0.8456581234931946,-0.007391571998596191,0.08814334869384766,0.08630027621984482,-0.0018430724740028381
COCO_val2014_000000350231,0.8874444365501404,0.878976583480835,-0.00846785306930542,0.705628514289856,0.7087979316711426,0.003169417381286621,0.26584652066230774,0.25600767135620117,-0.009838849306106567
COCO_val2014_000000350262,0.8219871520996094,0.8421033024787903,0.020116150379180908,0.7081725597381592,0.7246804237365723,0.016507863998413086,0.36496207118034363,0.30853185057640076,-0.05643022060394287
COCO_val2014_000000350270,0.9002480506896973,0.8339765071868896,-0.06627154350280762,0.7732234001159668,0.7252935171127319,-0.04792988300323486,0.17591828107833862,0.24828937649726868,0.07237109541893005
COCO_val2014_000000350389,0.6154506802558899,0.5549984574317932,-0.06045222282409668,0.5958123207092285,0.5874443054199219,-0.00836801528930664,0.49942076206207275,0.5563870668411255,0.056966304779052734
COCO_val2014_000000350639,0.7773431539535522,0.8864390850067139,0.10909593105316162,0.6488449573516846,0.7120071053504944,0.06316214799880981,0.37923508882522583,0.26712608337402344,-0.11210900545120239
COCO_val2014_000000350898,0.8442445993423462,0.8637821078300476,0.019537508487701416,0.8115922808647156,0.8137257099151611,0.0021334290504455566,0.12950430810451508,0.13489872217178345,0.005394414067268372
COCO_val2014_000000352194,0.8469755053520203,0.8254736661911011,-0.02150183916091919,0.7428922653198242,0.7287758588790894,-0.014116406440734863,0.22840049862861633,0.24702170491218567,0.018621206283569336
COCO_val2014_000000352418,0.8953433632850647,0.9163150191307068,0.02097165584564209,0.8181685209274292,0.831943154335022,0.013774633407592773,0.10375509411096573,0.07093331962823868,-0.03282177448272705
COCO_val2014_000000352552,0.8675733804702759,0.8827193379402161,0.015145957469940186,0.730634331703186,0.7388410568237305,0.008206725120544434,0.2683566212654114,0.26800453662872314,-0.0003520846366882324
COCO_val2014_000000352703,0.811475396156311,0.7602483034133911,-0.05122709274291992,0.7269791960716248,0.69252610206604,-0.03445309400558472,0.23616476356983185,0.41640186309814453,0.18023709952831268
COCO_val2014_000000352895,0.8796136379241943,0.9134380221366882,0.033824384212493896,0.8050545454025269,0.826866626739502,0.021812081336975098,0.12921634316444397,0.0964263379573822,-0.03279000520706177
COCO_val2014_000000353028,0.7681122422218323,0.7597095966339111,-0.008402645587921143,0.793356716632843,0.7608098983764648,-0.032546818256378174,0.13566958904266357,0.1857345700263977,0.05006498098373413
COCO_val2014_000000353130,0.8365954160690308,0.786216139793396,-0.050379276275634766,0.8362522125244141,0.7935941219329834,-0.042658090591430664,0.09588266909122467,0.19510343670845032,0.09922076761722565
COCO_val2014_000000353510,0.9580919742584229,0.9729866981506348,0.014894723892211914,0.7959261536598206,0.7911199331283569,-0.004806220531463623,0.189399853348732,0.1939268261194229,0.004526972770690918
COCO_val2014_000000353593,0.8676832914352417,0.91560959815979,0.04792630672454834,0.7339387536048889,0.7739025354385376,0.03996378183364868,0.24354887008666992,0.1744825839996338,-0.06906628608703613
COCO_val2014_000000353982,0.8064444065093994,0.8480536937713623,0.04160928726196289,0.692729651927948,0.7393996119499207,0.046669960021972656,0.31847965717315674,0.2447323501110077,-0.07374730706214905
COCO_val2014_000000354368,0.9265782237052917,0.9192144870758057,-0.007363736629486084,0.7584066390991211,0.7324861884117126,-0.025920450687408447,0.19973421096801758,0.24581988155841827,0.046085670590400696
COCO_val2014_000000354724,0.8481173515319824,0.8787328004837036,0.03061544895172119,0.8014650344848633,0.8173466920852661,0.015881657600402832,0.14054684340953827,0.10784663259983063,-0.03270021080970764
COCO_val2014_000000355106,0.8567478060722351,0.8331077098846436,-0.023640096187591553,0.8171789646148682,0.7877055406570435,-0.029473423957824707,0.11642081290483475,0.13828900456428528,0.02186819165945053
COCO_val2014_000000355123,0.9389169812202454,0.9471927881240845,0.008275806903839111,0.8368427753448486,0.8495519161224365,0.01270914077758789,0.09868717938661575,0.0797426626086235,-0.01894451677799225
COCO_val2014_000000355569,0.8551159501075745,0.862699568271637,0.0075836181640625,0.7702455520629883,0.784656286239624,0.014410734176635742,0.17971357703208923,0.13071855902671814,-0.048995018005371094
COCO_val2014_000000356349,0.9121224880218506,0.899224042892456,-0.012898445129394531,0.8298870921134949,0.7954432964324951,-0.034443795680999756,0.10936619341373444,0.14512190222740173,0.0357557088136673
COCO_val2014_000000357229,0.7539526224136353,0.7547722458839417,0.0008196234703063965,0.7906222939491272,0.7789894938468933,-0.011632800102233887,0.1627858430147171,0.16903021931648254,0.006244376301765442
COCO_val2014_000000357317,0.8443793058395386,0.8689599633216858,0.024580657482147217,0.5790165066719055,0.5739344358444214,-0.005082070827484131,0.5286419987678528,0.541182816028595,0.012540817260742188
COCO_val2014_000000357418,0.9205785989761353,0.9302714467048645,0.009692847728729248,0.8203921914100647,0.8402081727981567,0.01981598138809204,0.11052151024341583,0.09177501499652863,-0.018746495246887207
COCO_val2014_000000357633,0.801875650882721,0.78553307056427,-0.016342580318450928,0.8052048087120056,0.8004171848297119,-0.004787623882293701,0.11111783981323242,0.11871089041233063,0.007593050599098206
COCO_val2014_000000357737,0.8041726350784302,0.7867915630340576,-0.01738107204437256,0.6607576012611389,0.6702159643173218,0.009458363056182861,0.32441094517707825,0.3001571297645569,-0.024253815412521362
COCO_val2014_000000357819,0.7828930616378784,0.8264157176017761,0.043522655963897705,0.7050046324729919,0.7268321514129639,0.021827518939971924,0.2738673985004425,0.24545708298683167,-0.02841031551361084
COCO_val2014_000000358293,0.8619882464408875,0.9010224938392639,0.039034247398376465,0.6980926990509033,0.7554198503494263,0.05732715129852295,0.3303002715110779,0.24206897616386414,-0.08823129534721375
COCO_val2014_000000358296,0.8785347938537598,0.8938894867897034,0.015354692935943604,0.799066960811615,0.8066806793212891,0.007613718509674072,0.13171276450157166,0.1344565451145172,0.0027437806129455566
COCO_val2014_000000358525,0.8808116316795349,0.9055731296539307,0.024761497974395752,0.7333855628967285,0.7512248754501343,0.01783931255340576,0.2511058449745178,0.225574791431427,-0.02553105354309082
COCO_val2014_000000358606,0.8713696002960205,0.896442711353302,0.025073111057281494,0.7965437173843384,0.8134145736694336,0.016870856285095215,0.16373592615127563,0.1636982560157776,-3.7670135498046875e-05
COCO_val2014_000000358658,0.9365803599357605,0.8990524411201477,-0.03752791881561279,0.8210070133209229,0.7817147374153137,-0.03929227590560913,0.1431128978729248,0.18288040161132812,0.03976750373840332
COCO_val2014_000000358707,0.9179932475090027,0.9125479459762573,-0.005445301532745361,0.8127098679542542,0.7690302133560181,-0.043679654598236084,0.1689632385969162,0.3186248242855072,0.149661585688591
COCO_val2014_000000358765,0.8865081071853638,0.8990486264228821,0.01254051923751831,0.6529179811477661,0.693065881729126,0.04014790058135986,0.37078675627708435,0.3002470135688782,-0.07053974270820618
COCO_val2014_000000358796,0.9018417596817017,0.9008890390396118,-0.0009527206420898438,0.7981633543968201,0.7940542697906494,-0.004109084606170654,0.1607355773448944,0.14985185861587524,-0.010883718729019165
COCO_val2014_000000358817,0.7967932820320129,0.7414512634277344,-0.055342018604278564,0.5441368818283081,0.5550582408905029,0.010921359062194824,0.5707453489303589,0.5551183223724365,-0.015627026557922363
COCO_val2014_000000358976,0.9067238569259644,0.8903568387031555,-0.016367018222808838,0.73667311668396,0.7286193370819092,-0.008053779602050781,0.21645081043243408,0.23170900344848633,0.015258193016052246
COCO_val2014_000000359128,0.834962785243988,0.8452449440956116,0.010282158851623535,0.7824944257736206,0.7979512214660645,0.015456795692443848,0.14836573600769043,0.12729626893997192,-0.021069467067718506
COCO_val2014_000000359239,0.9227915406227112,0.9077560901641846,-0.015035450458526611,0.8647176027297974,0.8460877537727356,-0.018629848957061768,0.06463389098644257,0.07531788945198059,0.010683998465538025
COCO_val2014_000000359569,0.8852397799491882,0.9234326481819153,0.03819286823272705,0.7553703784942627,0.7865894436836243,0.031219065189361572,0.27263885736465454,0.2239397168159485,-0.048699140548706055
COCO_val2014_000000359801,0.8468101620674133,0.8174847364425659,-0.029325425624847412,0.5992135405540466,0.6104944944381714,0.011280953884124756,0.485612690448761,0.45534369349479675,-0.030268996953964233
COCO_val2014_000000360073,0.9184277057647705,0.9392885565757751,0.02086085081100464,0.7807649374008179,0.81520676612854,0.03444182872772217,0.1645960807800293,0.13809236884117126,-0.026503711938858032
COCO_val2014_000000360216,0.9402338862419128,0.9161655306816101,-0.024068355560302734,0.7826069593429565,0.7988730669021606,0.0162661075592041,0.17389661073684692,0.14861908555030823,-0.025277525186538696
COCO_val2014_000000360494,0.8401920199394226,0.8659536242485046,0.02576160430908203,0.7896648049354553,0.780289351940155,-0.009375452995300293,0.18575845658779144,0.2230430692434311,0.03728461265563965
COCO_val2014_000000360573,0.8183982968330383,0.846855878829956,0.028457581996917725,0.7942460775375366,0.8016762733459473,0.0074301958084106445,0.1495642364025116,0.15164846181869507,0.0020842254161834717
COCO_val2014_000000360661,0.9478845596313477,0.9240380525588989,-0.02384650707244873,0.8435603380203247,0.8007489442825317,-0.04281139373779297,0.0849238708615303,0.13216325640678406,0.047239385545253754
COCO_val2014_000000360706,0.8838284015655518,0.9080970287322998,0.024268627166748047,0.8182566165924072,0.8331046104431152,0.014847993850708008,0.09913107752799988,0.0772438496351242,-0.02188722789287567
COCO_val2014_000000361073,0.8828421235084534,0.9113349318504333,0.02849280834197998,0.8262382745742798,0.8459223508834839,0.0196840763092041,0.10149525105953217,0.09558919072151184,-0.005906060338020325
COCO_val2014_000000361351,0.8704603314399719,0.8755857944488525,0.005125463008880615,0.8170762062072754,0.8100214004516602,-0.007054805755615234,0.10287326574325562,0.11033666878938675,0.007463403046131134
COCO_val2014_000000361430,0.8433275818824768,0.8617815375328064,0.01845395565032959,0.8487354516983032,0.8072795867919922,-0.041455864906311035,0.12659138441085815,0.14760223031044006,0.02101084589958191
COCO_val2014_000000361481,0.9231756925582886,0.9218979477882385,-0.0012777447700500488,0.85481858253479,0.8553738594055176,0.0005552768707275391,0.07198028266429901,0.06684097647666931,-0.0051393061876297
COCO_val2014_000000361521,0.9096441268920898,0.8784964084625244,-0.03114771842956543,0.7343488931655884,0.7123593091964722,-0.02198958396911621,0.2373187243938446,0.26947784423828125,0.032159119844436646
COCO_val2014_000000361527,0.5573036074638367,0.590052604675293,0.0327489972114563,0.6427489519119263,0.6395400166511536,-0.003208935260772705,0.4178726077079773,0.42008426785469055,0.002211660146713257
COCO_val2014_000000361933,0.9031170010566711,0.9183595180511475,0.015242516994476318,0.8056724071502686,0.8303249478340149,0.024652540683746338,0.13636288046836853,0.10156939923763275,-0.03479348123073578
COCO_val2014_000000362530,0.8171477913856506,0.8817720413208008,0.06462424993515015,0.74732905626297,0.7969554662704468,0.04962641000747681,0.2250453233718872,0.15168030560016632,-0.07336501777172089
COCO_val2014_000000362640,0.9802769422531128,0.9878092408180237,0.007532298564910889,0.7703841328620911,0.8059128522872925,0.035528719425201416,0.20344841480255127,0.17410188913345337,-0.0293465256690979
COCO_val2014_000000362941,0.8737694621086121,0.8581193089485168,-0.015650153160095215,0.7423551082611084,0.7296661734580994,-0.012688934803009033,0.2596680521965027,0.23317153751850128,-0.026496514678001404
COCO_val2014_000000363207,0.9260573983192444,0.9355928897857666,0.009535491466522217,0.7554745674133301,0.7714913487434387,0.016016781330108643,0.21420519053936005,0.19169774651527405,-0.022507444024086
COCO_val2014_000000363286,0.931900680065155,0.9452304244041443,0.013329744338989258,0.7950204610824585,0.8414214849472046,0.046401023864746094,0.147365003824234,0.0982183888554573,-0.0491466149687767
COCO_val2014_000000363527,0.8506879210472107,0.8088058829307556,-0.04188203811645508,0.8011510372161865,0.726259171962738,-0.07489186525344849,0.13706034421920776,0.24419108033180237,0.1071307361125946
COCO_val2014_000000363767,0.8464818000793457,0.8032307624816895,-0.04325103759765625,0.7864937782287598,0.7615407109260559,-0.024953067302703857,0.16384431719779968,0.18148748576641083,0.017643168568611145
COCO_val2014_000000363784,0.8697938323020935,0.8978216052055359,0.028027772903442383,0.8125433921813965,0.842739462852478,0.030196070671081543,0.11728323996067047,0.08043287694454193,-0.03685036301612854
COCO_val2014_000000363840,0.7671104073524475,0.7702207565307617,0.003110349178314209,0.7555849552154541,0.7437061667442322,-0.011878788471221924,0.2057010978460312,0.21468466520309448,0.008983567357063293
COCO_val2014_000000364016,0.9106470942497253,0.9368036985397339,0.026156604290008545,0.7651195526123047,0.7936692833900452,0.02854973077774048,0.17643806338310242,0.15337993204593658,-0.023058131337165833
COCO_val2014_000000364266,0.7880704402923584,0.8327735662460327,0.044703125953674316,0.7443495392799377,0.7736462354660034,0.029296696186065674,0.16444538533687592,0.1349232792854309,-0.029522106051445007
COCO_val2014_000000364284,0.9284413456916809,0.9343981146812439,0.005956768989562988,0.8016713857650757,0.818126916885376,0.016455531120300293,0.14113864302635193,0.13463999330997467,-0.006498649716377258
COCO_val2014_000000364399,0.9431372284889221,0.9508485198020935,0.007711291313171387,0.8642637729644775,0.8658696413040161,0.0016058683395385742,0.055217642337083817,0.04443223401904106,-0.010785408318042755
COCO_val2014_000000364596,0.6730514168739319,0.6836642622947693,0.010612845420837402,0.5649354457855225,0.5999647378921509,0.03502929210662842,0.6210733652114868,0.5312187671661377,-0.08985459804534912
COCO_val2014_000000364608,0.8831815719604492,0.9155750274658203,0.032393455505371094,0.6794366240501404,0.7404133677482605,0.06097674369812012,0.34046292304992676,0.25026804208755493,-0.09019488096237183
COCO_val2014_000000364919,0.7846350073814392,0.8346089720726013,0.04997396469116211,0.7054671049118042,0.7301272749900818,0.024660170078277588,0.3778057098388672,0.3316100537776947,-0.046195656061172485
COCO_val2014_000000365626,0.9093761444091797,0.9399696588516235,0.030593514442443848,0.7901031970977783,0.8288261890411377,0.038722991943359375,0.16140329837799072,0.10929659754037857,-0.05210670083761215
COCO_val2014_000000365745,0.8662760853767395,0.8998944163322449,0.03361833095550537,0.7936444878578186,0.8227338790893555,0.029089391231536865,0.13346421718597412,0.10040412843227386,-0.033060088753700256
COCO_val2014_000000365766,0.858547568321228,0.8774264454841614,0.01887887716293335,0.7915915250778198,0.8198365569114685,0.02824503183364868,0.15520751476287842,0.12993133068084717,-0.02527618408203125
COCO_val2014_000000366096,0.8683980703353882,0.8695317506790161,0.0011336803436279297,0.7995745539665222,0.8059538006782532,0.006379246711730957,0.14203721284866333,0.14170518517494202,-0.0003320276737213135
COCO_val2014_000000366141,0.8636465072631836,0.9065868258476257,0.04294031858444214,0.772476851940155,0.8120366334915161,0.039559781551361084,0.16022370755672455,0.11373239010572433,-0.046491317451000214
COCO_val2014_000000366576,0.7787554264068604,0.7805185914039612,0.00176316499710083,0.7201486825942993,0.7317471504211426,0.011598467826843262,0.26209548115730286,0.2555809020996094,-0.0065145790576934814
COCO_val2014_000000366884,0.7946416735649109,0.8184350728988647,0.023793399333953857,0.7348830103874207,0.7477499842643738,0.012866973876953125,0.3476330041885376,0.23430432379245758,-0.11332868039608002
COCO_val2014_000000367074,0.9087772965431213,0.9328691363334656,0.02409183979034424,0.8200634717941284,0.8372988700866699,0.017235398292541504,0.09230548143386841,0.0788293406367302,-0.013476140797138214
COCO_val2014_000000367142,0.9138844013214111,0.9210596084594727,0.0071752071380615234,0.6888382434844971,0.6689559817314148,-0.019882261753082275,0.398124098777771,0.387587308883667,-0.010536789894104004
COCO_val2014_000000367398,0.7005894780158997,0.708275556564331,0.0076860785484313965,0.6989939212799072,0.6912935972213745,-0.007700324058532715,0.31509971618652344,0.35105156898498535,0.035951852798461914
COCO_val2014_000000367666,0.9167373180389404,0.890052855014801,-0.026684463024139404,0.7888352870941162,0.7662869691848755,-0.022548317909240723,0.2552405595779419,0.24918432533740997,-0.006056234240531921
COCO_val2014_000000368193,0.9321649074554443,0.9354633092880249,0.0032984018325805664,0.7507537603378296,0.7703136205673218,0.019559860229492188,0.2052934467792511,0.1862577348947525,-0.019035711884498596
COCO_val2014_000000368218,0.932156503200531,0.9424141645431519,0.01025766134262085,0.8161721229553223,0.8323550820350647,0.01618295907974243,0.12291401624679565,0.10753148794174194,-0.015382528305053711
COCO_val2014_000000368541,0.9455697536468506,0.9598686695098877,0.01429891586303711,0.8468357920646667,0.8586493730545044,0.011813580989837646,0.0641762986779213,0.05338272824883461,-0.010793570429086685
COCO_val2014_000000368595,0.7941451668739319,0.882420003414154,0.08827483654022217,0.7048746347427368,0.7690294981002808,0.06415486335754395,0.3046865165233612,0.20472759008407593,-0.09995892643928528
COCO_val2014_000000368980,0.9677892327308655,0.9837141036987305,0.01592487096786499,0.7215989828109741,0.7735500335693359,0.051951050758361816,0.251994252204895,0.19025051593780518,-0.061743736267089844
COCO_val2014_000000369093,0.9143258333206177,0.9239546656608582,0.009628832340240479,0.8417147994041443,0.8486827611923218,0.00696796178817749,0.09964147210121155,0.08671464771032333,-0.012926824390888214
COCO_val2014_000000369249,0.6660252213478088,0.6652876734733582,-0.0007375478744506836,0.6292179822921753,0.6336472034454346,0.004429221153259277,0.4367086887359619,0.408539742231369,-0.028168946504592896
COCO_val2014_000000369345,0.8373284935951233,0.8308812379837036,-0.006447255611419678,0.7584838271141052,0.7566680908203125,-0.0018157362937927246,0.19876381754875183,0.21170683205127716,0.01294301450252533
COCO_val2014_000000369370,0.8495165109634399,0.8164195418357849,-0.03309696912765503,0.8274766206741333,0.808245062828064,-0.019231557846069336,0.09131324291229248,0.1131918877363205,0.021878644824028015
COCO_val2014_000000369482,0.9085999727249146,0.9251313209533691,0.01653134822845459,0.744640588760376,0.7114421129226685,-0.03319847583770752,0.27233919501304626,0.29434195160865784,0.022002756595611572
COCO_val2014_000000369533,0.8606273531913757,0.8060628175735474,-0.05456453561782837,0.7659832835197449,0.6883448362350464,-0.07763844728469849,0.2004828006029129,0.3097398579120636,0.1092570573091507
COCO_val2014_000000369771,0.8690125942230225,0.8522660732269287,-0.01674652099609375,0.8369466066360474,0.8222794532775879,-0.014667153358459473,0.11500044167041779,0.13150730729103088,0.016506865620613098
COCO_val2014_000000369979,0.9076420068740845,0.8541939854621887,-0.05344802141189575,0.8177632093429565,0.7790440320968628,-0.03871917724609375,0.11251023411750793,0.16511288285255432,0.05260264873504639
COCO_val2014_000000370209,0.7964534163475037,0.8397162556648254,0.04326283931732178,0.6910359859466553,0.7303946614265442,0.039358675479888916,0.3483238220214844,0.30008482933044434,-0.04823899269104004
COCO_val2014_000000370462,0.7930840849876404,0.7917993664741516,-0.0012847185134887695,0.7091549038887024,0.7179177403450012,0.008762836456298828,0.26243120431900024,0.2434985190629959,-0.018932685256004333
COCO_val2014_000000370478,0.8785877823829651,0.8836536407470703,0.005065858364105225,0.8085263967514038,0.7984930276870728,-0.010033369064331055,0.1312720626592636,0.14774122834205627,0.016469165682792664
COCO_val2014_000000370513,0.8600665926933289,0.8663742542266846,0.006307661533355713,0.7907148599624634,0.7911210060119629,0.0004061460494995117,0.13184687495231628,0.13421481847763062,0.002367943525314331
COCO_val2014_000000370657,0.9273415803909302,0.9104719758033752,-0.01686960458755493,0.8230971097946167,0.804721474647522,-0.018375635147094727,0.11533182859420776,0.11764524132013321,0.0023134127259254456
COCO_val2014_000000370839,0.7704613208770752,0.7801326513290405,0.009671330451965332,0.6585452556610107,0.642025351524353,-0.016519904136657715,0.42784491181373596,0.5074419975280762,0.07959708571434021
COCO_val2014_000000370899,0.8946493864059448,0.8566502332687378,-0.03799915313720703,0.8253217339515686,0.7910157442092896,-0.03430598974227905,0.10713986307382584,0.16474460065364838,0.05760473757982254
COCO_val2014_000000370953,0.8973183035850525,0.9275188446044922,0.030200541019439697,0.746745228767395,0.7930644154548645,0.04631918668746948,0.27927669882774353,0.1961812973022461,-0.08309540152549744
COCO_val2014_000000371054,0.8689107894897461,0.8708558082580566,0.0019450187683105469,0.820324182510376,0.8238206505775452,0.0034964680671691895,0.10499495267868042,0.09163768589496613,-0.013357266783714294
COCO_val2014_000000371652,0.8707263469696045,0.8791792392730713,0.008452892303466797,0.7716367244720459,0.7837315797805786,0.012094855308532715,0.18335865437984467,0.17827129364013672,-0.005087360739707947
COCO_val2014_000000372294,0.8220546841621399,0.8172507882118225,-0.004803895950317383,0.6537841558456421,0.6168980002403259,-0.03688615560531616,0.4430895447731018,0.7493925094604492,0.3063029646873474
COCO_val2014_000000373075,0.8136406540870667,0.7789360284805298,-0.034704625606536865,0.7210015058517456,0.6910920739173889,-0.02990943193435669,0.23350483179092407,0.2871730327606201,0.053668200969696045
COCO_val2014_000000373111,0.9191731810569763,0.9466643929481506,0.027491211891174316,0.8432151079177856,0.8654911518096924,0.02227604389190674,0.08970727026462555,0.06159770488739014,-0.028109565377235413
COCO_val2014_000000373381,0.9316251873970032,0.9583760499954224,0.02675086259841919,0.8175991177558899,0.8462332487106323,0.02863413095474243,0.14703470468521118,0.12259375303983688,-0.024440951645374298
COCO_val2014_000000373768,0.7949864268302917,0.8768706917762756,0.08188426494598389,0.7342320084571838,0.7841756939888,0.04994368553161621,0.23035544157028198,0.15250453352928162,-0.07785090804100037
COCO_val2014_000000373945,0.9506196975708008,0.975316047668457,0.02469635009765625,0.8205482363700867,0.8727552890777588,0.05220705270767212,0.12971968948841095,0.07495816051959991,-0.054761528968811035
COCO_val2014_000000374448,0.8739114999771118,0.8818855285644531,0.007974028587341309,0.7777174711227417,0.7918215394020081,0.014104068279266357,0.18797867000102997,0.16729849576950073,-0.020680174231529236
COCO_val2014_000000375184,0.9093483090400696,0.8470809459686279,-0.06226736307144165,0.7863983511924744,0.7348910570144653,-0.05150729417800903,0.20546837151050568,0.29155904054641724,0.08609066903591156
COCO_val2014_000000375205,0.9427012205123901,0.9110499620437622,-0.03165125846862793,0.856378436088562,0.8015134334564209,-0.05486500263214111,0.07610167562961578,0.13260865211486816,0.05650697648525238
COCO_val2014_000000375285,0.8598474860191345,0.8951429724693298,0.03529548645019531,0.744756817817688,0.7569217085838318,0.012164890766143799,0.2991265058517456,0.25657010078430176,-0.04255640506744385
COCO_val2014_000000375407,0.7977071404457092,0.8031160831451416,0.005408942699432373,0.6168206930160522,0.6900191903114319,0.07319849729537964,0.45234814286231995,0.34424304962158203,-0.10810509324073792
COCO_val2014_000000375503,0.8235384821891785,0.7801550030708313,-0.04338347911834717,0.8003811240196228,0.7607912421226501,-0.039589881896972656,0.12128409743309021,0.19342127442359924,0.07213717699050903
COCO_val2014_000000376093,0.9517490863800049,0.9409707188606262,-0.010778367519378662,0.8436065912246704,0.822472095489502,-0.021134495735168457,0.08487355709075928,0.10861221700906754,0.023738659918308258
COCO_val2014_000000376959,0.851708173751831,0.8649066686630249,0.013198494911193848,0.7136577367782593,0.7258237600326538,0.012166023254394531,0.3750174641609192,0.31837666034698486,-0.056640803813934326
COCO_val2014_000000377097,0.9079592227935791,0.9131008386611938,0.005141615867614746,0.676069974899292,0.6963469982147217,0.020277023315429688,0.4083128571510315,0.36050331592559814,-0.04780954122543335
COCO_val2014_000000377393,0.8492515683174133,0.8650051355361938,0.015753567218780518,0.7693517208099365,0.7928920984268188,0.023540377616882324,0.17130619287490845,0.1558554470539093,-0.015450745820999146
COCO_val2014_000000377595,0.873022735118866,0.9249552488327026,0.05193251371383667,0.8159639835357666,0.8281779885292053,0.01221400499343872,0.12215936928987503,0.09372580051422119,-0.02843356877565384
COCO_val2014_000000377730,0.8791894316673279,0.8963385224342346,0.01714909076690674,0.7106245756149292,0.7415767908096313,0.03095221519470215,0.28191035985946655,0.23061831295490265,-0.051292046904563904
COCO_val2014_000000377867,0.8553289771080017,0.8407588601112366,-0.014570116996765137,0.7048084735870361,0.7164087891578674,0.011600315570831299,0.2966412901878357,0.26391369104385376,-0.032727599143981934
COCO_val2014_000000377999,0.9073496460914612,0.9226900339126587,0.01534038782119751,0.7921326160430908,0.8148564100265503,0.022723793983459473,0.17581883072853088,0.13293910026550293,-0.042879730463027954
COCO_val2014_000000378502,0.8797897696495056,0.8920935988426208,0.012303829193115234,0.7858920693397522,0.8029690384864807,0.017076969146728516,0.14597195386886597,0.11464699357748032,-0.03132496029138565
COCO_val2014_000000378614,0.5882129669189453,0.5684487819671631,-0.019764184951782227,0.699911892414093,0.6692093014717102,-0.030702590942382812,0.30497434735298157,0.3173748254776001,0.01240047812461853
COCO_val2014_000000378655,0.8752493262290955,0.8911575675010681,0.015908241271972656,0.8355449438095093,0.8337453007698059,-0.0017996430397033691,0.08592226356267929,0.0940517857670784,0.008129522204399109
COCO_val2014_000000378962,0.9089445471763611,0.9383603930473328,0.02941584587097168,0.8216389417648315,0.8549895286560059,0.033350586891174316,0.17001000046730042,0.11561315506696701,-0.054396845400333405
COCO_val2014_000000379441,0.9085283279418945,0.8951877355575562,-0.013340592384338379,0.8344078063964844,0.8235427737236023,-0.01086503267288208,0.10411480069160461,0.10656484216451645,0.0024500414729118347
COCO_val2014_000000380057,0.842853307723999,0.8771435618400574,0.03429025411605835,0.7781921625137329,0.7951287627220154,0.01693660020828247,0.1689949929714203,0.13727492094039917,-0.03172007203102112
COCO_val2014_000000380348,0.8766088485717773,0.8518833518028259,-0.024725496768951416,0.8129128813743591,0.7797235250473022,-0.033189356327056885,0.15105696022510529,0.19377833604812622,0.042721375823020935
COCO_val2014_000000380734,0.9117990732192993,0.9216480851173401,0.009849011898040771,0.7949405312538147,0.8089512586593628,0.014010727405548096,0.16894590854644775,0.19690638780593872,0.027960479259490967
COCO_val2014_000000380756,0.8698395490646362,0.8917210102081299,0.021881461143493652,0.7942291498184204,0.7962674498558044,0.002038300037384033,0.14696148037910461,0.14146791398525238,-0.005493566393852234
COCO_val2014_000000381416,0.9627474546432495,0.9657929539680481,0.003045499324798584,0.8548941612243652,0.8573259115219116,0.0024317502975463867,0.06613051146268845,0.06473743915557861,-0.0013930723071098328
COCO_val2014_000000382125,0.9635162949562073,0.9712631702423096,0.007746875286102295,0.8546786308288574,0.8671606779098511,0.012482047080993652,0.0757637694478035,0.0663629099726677,-0.009400859475135803
COCO_val2014_000000382307,0.8766586184501648,0.8986644148826599,0.022005796432495117,0.6849498748779297,0.7133734226226807,0.028423547744750977,0.31706470251083374,0.2727258503437042,-0.04433885216712952
COCO_val2014_000000382512,0.9044153690338135,0.9365022778511047,0.03208690881729126,0.7759681344032288,0.8226462602615356,0.046678125858306885,0.18484407663345337,0.1269378811120987,-0.057906195521354675
COCO_val2014_000000382603,0.770573616027832,0.7618697881698608,-0.008703827857971191,0.8084843754768372,0.8035033345222473,-0.004981040954589844,0.12548206746578217,0.1473139524459839,0.02183188498020172
COCO_val2014_000000382696,0.876933753490448,0.8502843379974365,-0.026649415493011475,0.7521042823791504,0.7214691638946533,-0.03063511848449707,0.22129976749420166,0.2663479447364807,0.04504817724227905
COCO_val2014_000000383406,0.773270308971405,0.8161064982414246,0.04283618927001953,0.7669259309768677,0.7682203054428101,0.0012943744659423828,0.21122488379478455,0.2680395841598511,0.05681470036506653
COCO_val2014_000000383414,0.716545045375824,0.8384225368499756,0.12187749147415161,0.5054334998130798,0.5775026082992554,0.07206910848617554,0.7066513895988464,0.5233451128005981,-0.1833062767982483
COCO_val2014_000000383594,0.847610354423523,0.8840298652648926,0.03641951084136963,0.8193967938423157,0.8294916749000549,0.010094881057739258,0.10631027817726135,0.10394464433193207,-0.0023656338453292847
COCO_val2014_000000383606,0.9371237754821777,0.8713135123252869,-0.06581026315689087,0.7893021702766418,0.7106112241744995,-0.07869094610214233,0.2239943891763687,0.28623586893081665,0.06224147975444794
COCO_val2014_000000384114,0.8886239528656006,0.9230231046676636,0.03439915180206299,0.7882388830184937,0.8127409219741821,0.024502038955688477,0.1680203378200531,0.12437708675861359,-0.043643251061439514
COCO_val2014_000000384468,0.8566022515296936,0.8293271660804749,-0.02727508544921875,0.7344696521759033,0.7084861993789673,-0.025983452796936035,0.25607380270957947,0.28644734621047974,0.03037354350090027
COCO_val2014_000000384823,0.9087454080581665,0.9048771858215332,-0.0038682222366333008,0.8055980205535889,0.8045269250869751,-0.0010710954666137695,0.1387070119380951,0.14855124056339264,0.009844228625297546
COCO_val2014_000000385029,0.916401743888855,0.9105497002601624,-0.005852043628692627,0.7874276041984558,0.7968469262123108,0.00941932201385498,0.14837191998958588,0.13835465908050537,-0.010017260909080505
COCO_val2014_000000385770,0.8339825868606567,0.8505352735519409,0.01655268669128418,0.7614824771881104,0.7649593353271484,0.003476858139038086,0.19108501076698303,0.18298310041427612,-0.00810191035270691
COCO_val2014_000000385997,0.9049705266952515,0.8579679131507874,-0.04700261354446411,0.8069016337394714,0.7660794258117676,-0.04082220792770386,0.1263146996498108,0.16691657900810242,0.040601879358291626
COCO_val2014_000000386165,0.943740963935852,0.9546924829483032,0.010951519012451172,0.8377808332443237,0.8414226770401001,0.003641843795776367,0.07524750381708145,0.07375730574131012,-0.0014901980757713318
COCO_val2014_000000386313,0.8896591663360596,0.8997638821601868,0.010104715824127197,0.840171217918396,0.8360867500305176,-0.004084467887878418,0.09168030321598053,0.10345429182052612,0.011773988604545593
COCO_val2014_000000386553,0.873263418674469,0.860430121421814,-0.01283329725265503,0.7173464894294739,0.7230567932128906,0.005710303783416748,0.2571970820426941,0.30134502053260803,0.04414793848991394
COCO_val2014_000000387098,0.797534704208374,0.8044970035552979,0.006962299346923828,0.733619749546051,0.7355228066444397,0.0019030570983886719,0.21547150611877441,0.22516793012619019,0.009696424007415771
COCO_val2014_000000387150,0.8260836005210876,0.8211899399757385,-0.004893660545349121,0.72950279712677,0.7239688634872437,-0.005533933639526367,0.23407751321792603,0.24931232631206512,0.015234813094139099
COCO_val2014_000000387369,0.919720470905304,0.9081094861030579,-0.011610984802246094,0.8338247537612915,0.8074992895126343,-0.026325464248657227,0.10277846455574036,0.12997323274612427,0.02719476819038391
COCO_val2014_000000387850,0.8670118451118469,0.8793840408325195,0.012372195720672607,0.7794821262359619,0.7825217843055725,0.0030396580696105957,0.16132721304893494,0.13661307096481323,-0.024714142084121704
COCO_val2014_000000387909,0.8565506935119629,0.8875343203544617,0.03098362684249878,0.7935447692871094,0.7985938787460327,0.00504910945892334,0.1327994167804718,0.13102926313877106,-0.0017701536417007446
COCO_val2014_000000388042,0.9287232756614685,0.9133561253547668,-0.01536715030670166,0.8325830698013306,0.8257978558540344,-0.006785213947296143,0.1403244435787201,0.12058719992637634,-0.01973724365234375
COCO_val2014_000000388100,0.8243362307548523,0.8785246014595032,0.05418837070465088,0.7598869800567627,0.7708480954170227,0.01096111536026001,0.2516806125640869,0.23989173769950867,-0.011788874864578247
COCO_val2014_000000388299,0.8672168850898743,0.896970272064209,0.029753386974334717,0.7355992197990417,0.7587506771087646,0.0231514573097229,0.24398693442344666,0.22283853590488434,-0.021148398518562317
COCO_val2014_000000388707,0.9296566247940063,0.9231823682785034,-0.00647425651550293,0.8319984078407288,0.8328300714492798,0.0008316636085510254,0.10629047453403473,0.10000968724489212,-0.006280787289142609
COCO_val2014_000000389108,0.8722906708717346,0.8951659798622131,0.022875308990478516,0.7518396377563477,0.7664868235588074,0.014647185802459717,0.26121652126312256,0.23455552756786346,-0.026660993695259094
COCO_val2014_000000389168,0.8417630195617676,0.8509381413459778,0.009175121784210205,0.786612868309021,0.7875065207481384,0.0008936524391174316,0.1468009054660797,0.17430689930915833,0.027505993843078613
COCO_val2014_000000389205,0.9027583003044128,0.8900812268257141,-0.01267707347869873,0.7800174951553345,0.7362756729125977,-0.043741822242736816,0.18590551614761353,0.22989876568317413,0.04399324953556061
COCO_val2014_000000389295,0.879951000213623,0.8649622797966003,-0.014988720417022705,0.7593109607696533,0.7084709405899048,-0.050840020179748535,0.2919021546840668,0.4787074327468872,0.18680527806282043
COCO_val2014_000000389644,0.8939560055732727,0.8979136347770691,0.003957629203796387,0.7776024341583252,0.7934683561325073,0.01586592197418213,0.1944156289100647,0.18487828969955444,-0.009537339210510254
COCO_val2014_000000389649,0.9215846061706543,0.9310849905014038,0.009500384330749512,0.8037893772125244,0.8144958019256592,0.010706424713134766,0.1363125741481781,0.1333950310945511,-0.002917543053627014
COCO_val2014_000000390130,0.9547435641288757,0.9346871376037598,-0.020056426525115967,0.8402194976806641,0.7981947660446167,-0.04202473163604736,0.08016300201416016,0.1245880126953125,0.044425010681152344
COCO_val2014_000000390704,0.8472499251365662,0.8603131175041199,0.013063192367553711,0.7731457948684692,0.7776120901107788,0.00446629524230957,0.19089744985103607,0.1800951510667801,-0.010802298784255981
COCO_val2014_000000390731,0.8719995617866516,0.8577982783317566,-0.01420128345489502,0.7603750824928284,0.7491078972816467,-0.01126718521118164,0.20309028029441833,0.20357784628868103,0.0004875659942626953
COCO_val2014_000000390826,0.9364545941352844,0.9667521715164185,0.030297577381134033,0.762016773223877,0.8376766443252563,0.0756598711013794,0.2748253643512726,0.15021340548992157,-0.12461195886135101
COCO_val2014_000000391415,0.926541805267334,0.9209993481636047,-0.005542457103729248,0.8373476266860962,0.83397376537323,-0.003373861312866211,0.07890558242797852,0.0832664966583252,0.00436091423034668
COCO_val2014_000000391972,0.8941693902015686,0.8969252705574036,0.002755880355834961,0.8321477174758911,0.8232995271682739,-0.008848190307617188,0.10165770351886749,0.1185707151889801,0.01691301167011261
COCO_val2014_000000392320,0.8682311177253723,0.8233804702758789,-0.04485064744949341,0.7505625486373901,0.7356326580047607,-0.014929890632629395,0.21657635271549225,0.2622681260108948,0.04569177329540253
COCO_val2014_000000392753,0.9431303143501282,0.9196953773498535,-0.023434937000274658,0.8607311248779297,0.8241199254989624,-0.036611199378967285,0.07365714758634567,0.11998793482780457,0.04633078724145889
COCO_val2014_000000393271,0.7578050494194031,0.8917466402053833,0.13394159078598022,0.7263903021812439,0.8104199767112732,0.0840296745300293,0.26159220933914185,0.11496102809906006,-0.1466311812400818
COCO_val2014_000000393497,0.811859130859375,0.8740022778511047,0.062143146991729736,0.7396714091300964,0.7806942462921143,0.04102283716201782,0.21437813341617584,0.14550116658210754,-0.0688769668340683
COCO_val2014_000000393682,0.8967419862747192,0.8759655356407166,-0.020776450634002686,0.8291267156600952,0.8108141422271729,-0.018312573432922363,0.10798856616020203,0.12570098042488098,0.017712414264678955
COCO_val2014_000000393692,0.9250867366790771,0.9193060398101807,-0.005780696868896484,0.8478572368621826,0.846778392791748,-0.0010788440704345703,0.07248042523860931,0.09377458691596985,0.021294161677360535
COCO_val2014_000000394009,0.8650655150413513,0.8728803992271423,0.007814884185791016,0.7996350526809692,0.7980701923370361,-0.0015648603439331055,0.12787288427352905,0.13535867631435394,0.00748579204082489
COCO_val2014_000000394199,0.8919247388839722,0.9384278059005737,0.04650306701660156,0.7806664109230042,0.8196880221366882,0.03902161121368408,0.1492415964603424,0.12379098683595657,-0.025450609624385834
COCO_val2014_000000394474,0.8971943855285645,0.8682737946510315,-0.02892059087753296,0.797658383846283,0.7632536292076111,-0.034404754638671875,0.14628291130065918,0.21865132451057434,0.07236841320991516
COCO_val2014_000000394510,0.9252573251724243,0.9453439712524414,0.02008664608001709,0.7671784162521362,0.79986971616745,0.03269129991531372,0.19091081619262695,0.1751200258731842,-0.01579079031944275
COCO_val2014_000000394659,0.7437103986740112,0.729831337928772,-0.013879060745239258,0.7427324056625366,0.7558351755142212,0.01310276985168457,0.23234504461288452,0.21564334630966187,-0.016701698303222656
COCO_val2014_000000394715,0.867656946182251,0.8964093923568726,0.028752446174621582,0.7700746655464172,0.7937655448913574,0.023690879344940186,0.19169971346855164,0.15136975049972534,-0.040329962968826294
COCO_val2014_000000395291,0.9031565189361572,0.9117180109024048,0.008561491966247559,0.7675856351852417,0.7913745045661926,0.023788869380950928,0.18539437651634216,0.15222416818141937,-0.03317020833492279
COCO_val2014_000000395402,0.8482534885406494,0.8106563687324524,-0.03759711980819702,0.7690141797065735,0.7425012588500977,-0.02651292085647583,0.18390564620494843,0.22218596935272217,0.03828032314777374
COCO_val2014_000000395633,0.9235205054283142,0.9278112053871155,0.0042906999588012695,0.8412142992019653,0.8419641852378845,0.0007498860359191895,0.08192694932222366,0.07826665043830872,-0.0036602988839149475
COCO_val2014_000000395644,0.898368775844574,0.9127222299575806,0.014353454113006592,0.810880184173584,0.8193797469139099,0.008499562740325928,0.12066464871168137,0.12859061360359192,0.007925964891910553
COCO_val2014_000000395701,0.8557435274124146,0.8557432889938354,-2.384185791015625e-07,0.8045957088470459,0.7815536856651306,-0.023042023181915283,0.1114715114235878,0.1338631510734558,0.02239163964986801
COCO_val2014_000000395801,0.8828466534614563,0.8470131754875183,-0.03583347797393799,0.7913545370101929,0.7671816349029541,-0.02417290210723877,0.14201517403125763,0.17359963059425354,0.03158445656299591
COCO_val2014_000000395843,0.9697917103767395,0.9571897983551025,-0.012601912021636963,0.827072024345398,0.8157776594161987,-0.011294364929199219,0.1253424882888794,0.1718313992023468,0.04648891091346741
COCO_val2014_000000396385,0.9093224406242371,0.9237995147705078,0.014477074146270752,0.7771905660629272,0.8024194240570068,0.02522885799407959,0.18457956612110138,0.16283443570137024,-0.02174513041973114
COCO_val2014_000000396845,0.8643472194671631,0.8361679911613464,-0.02817922830581665,0.765305757522583,0.7159956693649292,-0.04931008815765381,0.18048809468746185,0.2688114643096924,0.08832336962223053
COCO_val2014_000000397045,0.8562965989112854,0.8289312720298767,-0.02736532688140869,0.6870545148849487,0.6964333653450012,0.00937885046005249,0.37222859263420105,0.34260258078575134,-0.029626011848449707
COCO_val2014_000000397268,0.7580894827842712,0.7679982781410217,0.009908795356750488,0.7876185178756714,0.7831538915634155,-0.004464626312255859,0.17770890891551971,0.17322388291358948,-0.004485026001930237
COCO_val2014_000000397303,0.9048397541046143,0.9224068522453308,0.017567098140716553,0.7502073049545288,0.7620338201522827,0.011826515197753906,0.28773391246795654,0.22393834590911865,-0.06379556655883789
COCO_val2014_000000397354,0.9376482367515564,0.9365355968475342,-0.0011126399040222168,0.8468074798583984,0.8461989164352417,-0.0006085634231567383,0.08849406242370605,0.08204738050699234,-0.006446681916713715
COCO_val2014_000000397433,0.9092662334442139,0.955441415309906,0.04617518186569214,0.7848188877105713,0.8423725366592407,0.057553648948669434,0.16708579659461975,0.11160250008106232,-0.055483296513557434
COCO_val2014_000000397628,0.7521622776985168,0.7474338412284851,-0.004728436470031738,0.6949434876441956,0.6797347068786621,-0.015208780765533447,0.2929258942604065,0.2846052348613739,-0.008320659399032593
COCO_val2014_000000397636,0.8296607136726379,0.767250657081604,-0.062410056591033936,0.606969952583313,0.5964353084564209,-0.01053464412689209,0.4569443464279175,0.4826137125492096,0.025669366121292114
COCO_val2014_000000397734,0.9652264714241028,0.9527479410171509,-0.012478530406951904,0.8854256272315979,0.8518882989883423,-0.033537328243255615,0.048573002219200134,0.09127460420131683,0.0427016019821167
COCO_val2014_000000398119,0.9227535128593445,0.8986659646034241,-0.02408754825592041,0.8535841107368469,0.8448164463043213,-0.008767664432525635,0.08122950792312622,0.08767539262771606,0.006445884704589844
COCO_val2014_000000398153,0.8873792290687561,0.8544974327087402,-0.03288179636001587,0.7767520546913147,0.7664509415626526,-0.01030111312866211,0.15706054866313934,0.16256405413150787,0.00550350546836853
COCO_val2014_000000398423,0.8432838320732117,0.882826566696167,0.03954273462295532,0.5069079399108887,0.5852925777435303,0.0783846378326416,0.6744735240936279,0.5037761330604553,-0.1706973910331726
COCO_val2014_000000398489,0.7879530787467957,0.9250633120536804,0.13711023330688477,0.56024169921875,0.7065433263778687,0.14630162715911865,0.5033690929412842,0.26552051305770874,-0.23784857988357544
COCO_val2014_000000398534,0.8766618967056274,0.8715687394142151,-0.0050931572914123535,0.7499428987503052,0.7402133941650391,-0.009729504585266113,0.29500240087509155,0.2799220383167267,-0.015080362558364868
COCO_val2014_000000398727,0.8939814567565918,0.9134793877601624,0.019497931003570557,0.8124627470970154,0.8279414772987366,0.015478730201721191,0.12646421790122986,0.10694307088851929,-0.01952114701271057
COCO_val2014_000000399452,0.897336483001709,0.8760064840316772,-0.02132999897003174,0.8048645853996277,0.7719356417655945,-0.0329289436340332,0.12507717311382294,0.17191347479820251,0.04683630168437958
COCO_val2014_000000399832,0.9148457050323486,0.9161423444747925,0.0012966394424438477,0.8332552313804626,0.838003396987915,0.004748165607452393,0.09549126029014587,0.09773221611976624,0.0022409558296203613
COCO_val2014_000000400139,0.8931699395179749,0.8908807635307312,-0.0022891759872436523,0.8139816522598267,0.8103814125061035,-0.0036002397537231445,0.11116304993629456,0.12000800669193268,0.008844956755638123
COCO_val2014_000000400166,0.8958197832107544,0.8734220266342163,-0.022397756576538086,0.829512894153595,0.8098975419998169,-0.019615352153778076,0.09210143238306046,0.12005378305912018,0.027952350676059723
COCO_val2014_000000400238,0.9314854145050049,0.9200451970100403,-0.0114402174949646,0.8242766857147217,0.8109020590782166,-0.013374626636505127,0.11718861758708954,0.14068053662776947,0.02349191904067993
COCO_val2014_000000400507,0.856931746006012,0.861861526966095,0.004929780960083008,0.7953836917877197,0.7947034239768982,-0.0006802678108215332,0.127508282661438,0.11694123595952988,-0.010567046701908112
COCO_val2014_000000400525,0.619074821472168,0.7572241425514221,0.13814932107925415,0.7140051126480103,0.7775782346725464,0.06357312202453613,0.2446056604385376,0.16476605832576752,-0.07983960211277008
COCO_val2014_000000400528,0.9344953298568726,0.949972927570343,0.015477597713470459,0.8249253034591675,0.8409883975982666,0.01606309413909912,0.09821663796901703,0.08673223108053207,-0.011484406888484955
COCO_val2014_000000400567,0.8869725465774536,0.8864185214042664,-0.0005540251731872559,0.8167696595191956,0.8261921405792236,0.009422481060028076,0.11340212821960449,0.09795510768890381,-0.015447020530700684
COCO_val2014_000000400887,0.9067345857620239,0.8374102115631104,-0.06932437419891357,0.7871654033660889,0.747626781463623,-0.03953862190246582,0.1697777807712555,0.2248765528202057,0.055098772048950195
COCO_val2014_000000400916,0.9125131368637085,0.9196441173553467,0.007130980491638184,0.7616128921508789,0.7807929515838623,0.0191800594329834,0.2030189335346222,0.19712480902671814,-0.005894124507904053
COCO_val2014_000000401004,0.9205970764160156,0.9082740545272827,-0.01232302188873291,0.7916033864021301,0.7868068218231201,-0.00479656457901001,0.165590301156044,0.18531079590320587,0.019720494747161865
COCO_val2014_000000401088,0.8461176753044128,0.8661602735519409,0.020042598247528076,0.7770323753356934,0.7703578472137451,-0.006674528121948242,0.1929900199174881,0.15304872393608093,-0.039941295981407166
COCO_val2014_000000402233,0.7754622101783752,0.8062693476676941,0.030807137489318848,0.7166919708251953,0.7351875901222229,0.018495619297027588,0.27538809180259705,0.2538100481033325,-0.021578043699264526
COCO_val2014_000000402405,0.9331193566322327,0.9160840511322021,-0.017035305500030518,0.7997603416442871,0.7845798134803772,-0.015180528163909912,0.1856297105550766,0.2280326932668686,0.04240298271179199
COCO_val2014_000000403150,0.9538623094558716,0.9572682976722717,0.0034059882164001465,0.8083221912384033,0.8334327340126038,0.02511054277420044,0.13409586250782013,0.11093923449516296,-0.023156628012657166
COCO_val2014_000000403294,0.8114451169967651,0.836392343044281,0.02494722604751587,0.7830319404602051,0.7906835675239563,0.007651627063751221,0.15392369031906128,0.14104200899600983,-0.012881681323051453
COCO_val2014_000000403657,0.8380708694458008,0.8036988973617554,-0.03437197208404541,0.7463773488998413,0.7305132746696472,-0.015864074230194092,0.21023398637771606,0.22938239574432373,0.019148409366607666
COCO_val2014_000000404349,0.8481729030609131,0.9119079113006592,0.0637350082397461,0.7625765800476074,0.8135634064674377,0.05098682641983032,0.16651633381843567,0.12646247446537018,-0.04005385935306549
COCO_val2014_000000404517,0.9110643267631531,0.9558088183403015,0.04474449157714844,0.7920177578926086,0.8428599834442139,0.050842225551605225,0.14630693197250366,0.06992842257022858,-0.07637850940227509
COCO_val2014_000000404526,0.6818371415138245,0.7360091805458069,0.05417203903198242,0.6409487128257751,0.6793001890182495,0.038351476192474365,0.3968532979488373,0.3315795958042145,-0.0652737021446228
COCO_val2014_000000404602,0.8859757781028748,0.8748660683631897,-0.011109709739685059,0.7218317985534668,0.7229973077774048,0.0011655092239379883,0.24024035036563873,0.23170125484466553,-0.008539095520973206
COCO_val2014_000000405188,0.8629369139671326,0.8795158267021179,0.01657891273498535,0.7750079035758972,0.7965054512023926,0.02149754762649536,0.15916462242603302,0.12687179446220398,-0.03229282796382904
COCO_val2014_000000405279,0.8793416619300842,0.8950245976448059,0.01568293571472168,0.793069064617157,0.7998934984207153,0.00682443380355835,0.151139497756958,0.1270458698272705,-0.0240936279296875
COCO_val2014_000000405444,0.9317835569381714,0.9493057727813721,0.017522215843200684,0.7961058616638184,0.8148185014724731,0.018712639808654785,0.15613868832588196,0.1378040909767151,-0.01833459734916687
COCO_val2014_000000405657,0.8527399301528931,0.9068846106529236,0.05414468050003052,0.6949416399002075,0.7552241683006287,0.06028252840042114,0.33300045132637024,0.21743851900100708,-0.11556193232536316
COCO_val2014_000000405674,0.8288881778717041,0.8406974673271179,0.011809289455413818,0.7308998107910156,0.7481427192687988,0.017242908477783203,0.25251704454421997,0.2511323094367981,-0.001384735107421875
COCO_val2014_000000406211,0.8505446314811707,0.8134828805923462,-0.03706175088882446,0.6873355507850647,0.6601368188858032,-0.027198731899261475,0.36235910654067993,0.4241044223308563,0.06174531579017639
COCO_val2014_000000406403,0.8126092553138733,0.839996874332428,0.027387619018554688,0.6825015544891357,0.7149724960327148,0.0324709415435791,0.3208354711532593,0.30262458324432373,-0.018210887908935547
COCO_val2014_000000406841,0.6982921957969666,0.6294689774513245,-0.06882321834564209,0.7090115547180176,0.679832935333252,-0.029178619384765625,0.252018004655838,0.31361910700798035,0.061601102352142334
COCO_val2014_000000406997,0.7492748498916626,0.8448114991188049,0.09553664922714233,0.7124295234680176,0.7571210861206055,0.04469156265258789,0.2946963310241699,0.20111431181430817,-0.09358201920986176
COCO_val2014_000000407056,0.8755761981010437,0.8832516074180603,0.0076754093170166016,0.8331652879714966,0.8324374556541443,-0.0007278323173522949,0.10388001799583435,0.10788771510124207,0.004007697105407715
COCO_val2014_000000407298,0.8297696709632874,0.762529194355011,-0.06724047660827637,0.7639779448509216,0.7228941917419434,-0.04108375310897827,0.19516326487064362,0.27309709787368774,0.07793383300304413
COCO_val2014_000000407644,0.8392792344093323,0.8687611222267151,0.029481887817382812,0.6911191940307617,0.7256513833999634,0.03453218936920166,0.3584211468696594,0.2836950421333313,-0.07472610473632812
COCO_val2014_000000407868,0.9025018215179443,0.9228826761245728,0.020380854606628418,0.7304142117500305,0.7696939706802368,0.0392797589302063,0.24821053445339203,0.25008177757263184,0.0018712431192398071
COCO_val2014_000000408049,0.9214107394218445,0.9158480763435364,-0.0055626630783081055,0.7773500084877014,0.7484691143035889,-0.02888089418411255,0.19183166325092316,0.19760361313819885,0.005771949887275696
COCO_val2014_000000408235,0.9368174076080322,0.9257721304893494,-0.011045277118682861,0.823073148727417,0.8153975009918213,-0.007675647735595703,0.11654655635356903,0.11283852905035019,-0.0037080273032188416
COCO_val2014_000000408480,0.922189474105835,0.9386464357376099,0.016456961631774902,0.829249382019043,0.8489720821380615,0.019722700119018555,0.11216167360544205,0.09034958481788635,-0.021812088787555695
COCO_val2014_000000409100,0.9507366418838501,0.9546173214912415,0.0038806796073913574,0.6789310574531555,0.6995438933372498,0.02061283588409424,0.32532188296318054,0.33265846967697144,0.0073365867137908936
COCO_val2014_000000409855,0.8928444385528564,0.9170554280281067,0.024210989475250244,0.8276532888412476,0.8415656685829163,0.013912379741668701,0.09719759970903397,0.09186644852161407,-0.005331151187419891
COCO_val2014_000000409921,0.8813668489456177,0.9140926003456116,0.032725751399993896,0.8156535029411316,0.8390076160430908,0.02335411310195923,0.1365036517381668,0.0966954380273819,-0.03980821371078491
COCO_val2014_000000411086,0.8071836233139038,0.833732545375824,0.026548922061920166,0.7337905168533325,0.7397412061691284,0.0059506893157958984,0.26576077938079834,0.22558939456939697,-0.04017138481140137
COCO_val2014_000000411530,0.8725169897079468,0.8839647769927979,0.011447787284851074,0.7671926021575928,0.7699302434921265,0.0027376413345336914,0.18380522727966309,0.18897676467895508,0.005171537399291992
COCO_val2014_000000411817,0.845857560634613,0.675388753414154,-0.17046880722045898,0.8118857741355896,0.7212742567062378,-0.0906115174293518,0.11932407319545746,0.23305493593215942,0.11373086273670197
COCO_val2014_000000412437,0.803429901599884,0.8237090110778809,0.020279109477996826,0.7487655878067017,0.7556918263435364,0.006926238536834717,0.19544626772403717,0.21909216046333313,0.02364589273929596
COCO_val2014_000000412440,0.8517234921455383,0.8526637554168701,0.0009402632713317871,0.7681475877761841,0.7321068048477173,-0.0360407829284668,0.16929030418395996,0.23479214310646057,0.06550183892250061
COCO_val2014_000000412471,0.8085488677024841,0.7398392558097839,-0.0687096118927002,0.7531524896621704,0.673802375793457,-0.07935011386871338,0.19549691677093506,0.3124444782733917,0.11694756150245667
COCO_val2014_000000412975,0.7590919137001038,0.7548108696937561,-0.004281044006347656,0.6128841638565063,0.6200376749038696,0.007153511047363281,0.47062957286834717,0.4544125497341156,-0.016217023134231567
COCO_val2014_000000413044,0.9432198405265808,0.9391541481018066,-0.00406569242477417,0.8098081350326538,0.7971509695053101,-0.01265716552734375,0.1433638334274292,0.15559300780296326,0.012229174375534058
COCO_val2014_000000413058,0.7936580777168274,0.8042930364608765,0.010634958744049072,0.7832198739051819,0.7802733778953552,-0.00294649600982666,0.15223288536071777,0.16654372215270996,0.014310836791992188
COCO_val2014_000000413339,0.8123660087585449,0.8358982801437378,0.02353227138519287,0.7721587419509888,0.7827916145324707,0.010632872581481934,0.19200965762138367,0.19394128024578094,0.0019316226243972778
COCO_val2014_000000413341,0.9416942000389099,0.9517375826835632,0.01004338264465332,0.814358115196228,0.8433842062950134,0.0290260910987854,0.14641162753105164,0.11349048465490341,-0.032921142876148224
COCO_val2014_000000413419,0.8095343112945557,0.806095540523529,-0.0034387707710266113,0.7662554979324341,0.7509427070617676,-0.015312790870666504,0.18442657589912415,0.20377811789512634,0.019351541996002197
COCO_val2014_000000413839,0.7851583957672119,0.6879501938819885,-0.09720820188522339,0.7010239362716675,0.6242891550064087,-0.07673478126525879,0.3231854736804962,0.4649401605129242,0.14175468683242798
COCO_val2014_000000413955,0.879850447177887,0.8856604099273682,0.005809962749481201,0.7763420343399048,0.7707802653312683,-0.005561769008636475,0.19867143034934998,0.20701301097869873,0.008341580629348755
COCO_val2014_000000414133,0.8944517374038696,0.9341912269592285,0.03973948955535889,0.6948747038841248,0.7549867033958435,0.06011199951171875,0.2994641065597534,0.23436012864112854,-0.06510397791862488
COCO_val2014_000000414385,0.9045383930206299,0.9131674766540527,0.008629083633422852,0.7536126375198364,0.7661226987838745,0.012510061264038086,0.24966244399547577,0.22166574001312256,-0.02799670398235321
COCO_val2014_000000414516,0.8803094625473022,0.8847376108169556,0.00442814826965332,0.7880281805992126,0.7723480463027954,-0.015680134296417236,0.14944733679294586,0.16329734027385712,0.013850003480911255
COCO_val2014_000000415076,0.7603599429130554,0.6647330522537231,-0.09562689065933228,0.7567404508590698,0.6875701546669006,-0.06917029619216919,0.20413240790367126,0.3354525864124298,0.13132017850875854
COCO_val2014_000000415163,0.7897943258285522,0.7799921035766602,-0.00980222225189209,0.6876058578491211,0.6717671751976013,-0.015838682651519775,0.3762592673301697,0.3885927200317383,0.012333452701568604
COCO_val2014_000000415432,0.5582424998283386,0.7227519154548645,0.16450941562652588,0.6697092652320862,0.7258972525596619,0.056187987327575684,0.4443817138671875,0.26131099462509155,-0.18307071924209595
COCO_val2014_000000415646,0.8295591473579407,0.7962050437927246,-0.033354103565216064,0.7624483108520508,0.7348364591598511,-0.027611851692199707,0.2080289125442505,0.23038238286972046,0.02235347032546997
COCO_val2014_000000416308,0.7862735390663147,0.8044342398643494,0.018160700798034668,0.729902446269989,0.72941654920578,-0.0004858970642089844,0.2428148090839386,0.2546466588973999,0.011831849813461304
COCO_val2014_000000417632,0.8703597784042358,0.827672004699707,-0.04268777370452881,0.7825937867164612,0.7462972402572632,-0.036296546459198,0.15740087628364563,0.20632794499397278,0.04892706871032715
COCO_val2014_000000417965,0.8927809596061707,0.9174141883850098,0.02463322877883911,0.767838180065155,0.7823489904403687,0.014510810375213623,0.23587043583393097,0.16460540890693665,-0.07126502692699432
COCO_val2014_000000418471,0.7785940766334534,0.8043411374092102,0.025747060775756836,0.7784099578857422,0.7598022818565369,-0.018607676029205322,0.1831032931804657,0.20529690384864807,0.022193610668182373
COCO_val2014_000000418623,0.9100030660629272,0.8450267910957336,-0.0649762749671936,0.842111349105835,0.7737785577774048,-0.06833279132843018,0.0760003924369812,0.1800970435142517,0.10409665107727051
COCO_val2014_000000418680,0.943649172782898,0.9260233640670776,-0.017625808715820312,0.8017593622207642,0.7671166062355042,-0.03464275598526001,0.18057787418365479,0.2524524927139282,0.07187461853027344
COCO_val2014_000000418692,0.7844361066818237,0.8278535604476929,0.04341745376586914,0.6461051106452942,0.697667121887207,0.05156201124191284,0.34390270709991455,0.26492953300476074,-0.07897317409515381
COCO_val2014_000000418816,0.927193820476532,0.9154670238494873,-0.011726796627044678,0.7860454320907593,0.7721882462501526,-0.01385718584060669,0.21133266389369965,0.21708880364894867,0.0057561397552490234
COCO_val2014_000000419081,0.6862499117851257,0.7487539649009705,0.06250405311584473,0.7240109443664551,0.7463531494140625,0.022342205047607422,0.21969899535179138,0.18911632895469666,-0.030582666397094727
COCO_val2014_000000419401,0.8141044974327087,0.7903658747673035,-0.023738622665405273,0.8045110702514648,0.7691034078598022,-0.0354076623916626,0.11552396416664124,0.1688682734966278,0.05334430932998657
COCO_val2014_000000419473,0.8828767538070679,0.8667848706245422,-0.016091883182525635,0.824753999710083,0.8109896183013916,-0.013764381408691406,0.1083228588104248,0.12398821860551834,0.015665359795093536
COCO_val2014_000000419503,0.8987945914268494,0.8670674562454224,-0.031727135181427,0.7207217812538147,0.6956796646118164,-0.02504211664199829,0.3600950837135315,0.34332168102264404,-0.01677340269088745
COCO_val2014_000000419653,0.7647941708564758,0.7654686570167542,0.0006744861602783203,0.7960963249206543,0.7997190356254578,0.003622710704803467,0.14315588772296906,0.14430421590805054,0.001148328185081482
COCO_val2014_000000419723,0.7975552678108215,0.8464135527610779,0.04885828495025635,0.806833028793335,0.8352710604667664,0.028438031673431396,0.13164645433425903,0.09299119561910629,-0.03865525871515274
COCO_val2014_000000419848,0.868342399597168,0.9412052035331726,0.07286280393600464,0.7322351336479187,0.8209099769592285,0.08867484331130981,0.24025146663188934,0.12616083025932312,-0.11409063637256622
COCO_val2014_000000420120,0.7578750252723694,0.8064740300178528,0.0485990047454834,0.6200530529022217,0.6538889408111572,0.03383588790893555,0.4812442660331726,0.40696874260902405,-0.07427552342414856
COCO_val2014_000000420229,0.8601107001304626,0.8817356824874878,0.021624982357025146,0.6961908340454102,0.7272630929946899,0.031072258949279785,0.27824515104293823,0.2278369963169098,-0.05040815472602844
COCO_val2014_000000420658,0.7182689905166626,0.7902010083198547,0.07193201780319214,0.6744139790534973,0.6798394918441772,0.005425512790679932,0.36760449409484863,0.3188488483428955,-0.048755645751953125
COCO_val2014_000000421566,0.9021027088165283,0.866340160369873,-0.03576254844665527,0.8224203586578369,0.7805478572845459,-0.041872501373291016,0.13084924221038818,0.17778494954109192,0.046935707330703735
COCO_val2014_000000421865,0.8640578985214233,0.899469256401062,0.03541135787963867,0.7829596400260925,0.813227117061615,0.03026747703552246,0.14616605639457703,0.11868081986904144,-0.027485236525535583
COCO_val2014_000000422240,0.7701885104179382,0.7747524380683899,0.00456392765045166,0.7311490774154663,0.7426655888557434,0.0115165114402771,0.2422550618648529,0.2608468532562256,0.01859179139137268
COCO_val2014_000000422700,0.9072405695915222,0.9227626919746399,0.015522122383117676,0.806564211845398,0.8220734596252441,0.015509247779846191,0.15201911330223083,0.13193055987358093,-0.020088553428649902
COCO_val2014_000000422778,0.9062797427177429,0.8987738490104675,-0.007505893707275391,0.8227827548980713,0.8114221096038818,-0.011360645294189453,0.11759431660175323,0.1369270384311676,0.019332721829414368
COCO_val2014_000000422918,0.890515923500061,0.8515823483467102,-0.03893357515335083,0.6980310678482056,0.6610521078109741,-0.036978960037231445,0.3065456748008728,0.35181042551994324,0.045264750719070435
COCO_val2014_000000423498,0.9050604701042175,0.9064109325408936,0.0013504624366760254,0.7984678745269775,0.7905540466308594,-0.007913827896118164,0.13710616528987885,0.13343942165374756,-0.0036667436361312866
COCO_val2014_000000423715,0.8753978610038757,0.906551718711853,0.031153857707977295,0.750441312789917,0.7857637405395508,0.03532242774963379,0.23081840574741364,0.1796255111694336,-0.05119289457798004
COCO_val2014_000000423984,0.9017643928527832,0.8830775618553162,-0.01868683099746704,0.8393592834472656,0.8146952986717224,-0.024663984775543213,0.07360993325710297,0.0912797600030899,0.01766982674598694
COCO_val2014_000000424464,0.9030978679656982,0.9647966027259827,0.061698734760284424,0.7976144552230835,0.8716776371002197,0.07406318187713623,0.12727892398834229,0.05999013036489487,-0.06728879362344742
COCO_val2014_000000425324,0.9225111603736877,0.9429423213005066,0.020431160926818848,0.753413736820221,0.8213968276977539,0.06798309087753296,0.23520714044570923,0.14173243939876556,-0.09347470104694366
COCO_val2014_000000425578,0.8266900181770325,0.8783584833145142,0.05166846513748169,0.7773004770278931,0.7859696745872498,0.00866919755935669,0.19769202172756195,0.18671271204948425,-0.010979309678077698
COCO_val2014_000000425964,0.804358720779419,0.833065390586853,0.028706669807434082,0.6869797706604004,0.7078601717948914,0.020880401134490967,0.34021449089050293,0.3095366656780243,-0.030677825212478638
COCO_val2014_000000426011,0.9172998070716858,0.9029719233512878,-0.01432788372039795,0.7777575850486755,0.7630798816680908,-0.014677703380584717,0.18222877383232117,0.2238638997077942,0.04163512587547302
COCO_val2014_000000426259,0.9256210327148438,0.9094416499137878,-0.016179382801055908,0.808578372001648,0.7957864999771118,-0.012791872024536133,0.11805298924446106,0.13498151302337646,0.016928523778915405
COCO_val2014_000000426611,0.7134528160095215,0.7153230309486389,0.0018702149391174316,0.7014153599739075,0.7129025459289551,0.011487185955047607,0.2739284634590149,0.2740705907344818,0.00014212727546691895
COCO_val2014_000000426897,0.8162782788276672,0.8091740608215332,-0.007104218006134033,0.7154975533485413,0.6952710747718811,-0.020226478576660156,0.3135809302330017,0.3502851128578186,0.036704182624816895
COCO_val2014_000000426917,0.8312020897865295,0.8675306439399719,0.03632855415344238,0.7723294496536255,0.7904760837554932,0.018146634101867676,0.17889538407325745,0.16140298545360565,-0.017492398619651794
COCO_val2014_000000427034,0.8369321823120117,0.9056075215339661,0.06867533922195435,0.7090972661972046,0.7715013027191162,0.06240403652191162,0.34319937229156494,0.21752488613128662,-0.12567448616027832
COCO_val2014_000000427055,0.910098671913147,0.9530912637710571,0.042992591857910156,0.6269624829292297,0.718672513961792,0.09171003103256226,0.4071412980556488,0.27882933616638184,-0.12831196188926697
COCO_val2014_000000427118,0.9079709649085999,0.8859540224075317,-0.022016942501068115,0.7824419736862183,0.7709677815437317,-0.011474192142486572,0.1803230345249176,0.18433883786201477,0.004015803337097168
COCO_val2014_000000427133,0.9155502319335938,0.8942813277244568,-0.021268904209136963,0.8267866373062134,0.8105987310409546,-0.01618790626525879,0.10689392685890198,0.12909097969532013,0.022197052836418152
COCO_val2014_000000427306,0.8740089535713196,0.8321372270584106,-0.041871726512908936,0.805266261100769,0.7753928899765015,-0.029873371124267578,0.13169549405574799,0.1789226233959198,0.047227129340171814
COCO_val2014_000000427341,0.9370609521865845,0.9352031946182251,-0.001857757568359375,0.7801668643951416,0.7649431228637695,-0.01522374153137207,0.16913962364196777,0.20506802201271057,0.0359283983707428
COCO_val2014_000000427476,0.9320235848426819,0.9604173898696899,0.028393805027008057,0.7638978958129883,0.782138466835022,0.01824057102203369,0.21219047904014587,0.20036891102790833,-0.011821568012237549
COCO_val2014_000000427612,0.806937038898468,0.8126377463340759,0.00570070743560791,0.7065719366073608,0.7064031958580017,-0.00016874074935913086,0.3290840983390808,0.27726078033447266,-0.051823318004608154
COCO_val2014_000000427615,0.9442956447601318,0.9274320006370544,-0.016863644123077393,0.807778537273407,0.7744928002357483,-0.03328573703765869,0.14902278780937195,0.19468796253204346,0.04566517472267151
COCO_val2014_000000428067,0.9167300462722778,0.9689540863037109,0.052224040031433105,0.7673510313034058,0.8483458757400513,0.08099484443664551,0.20638129115104675,0.09026263654232025,-0.1161186546087265
COCO_val2014_000000428375,0.7983154654502869,0.8526197671890259,0.054304301738739014,0.7449816465377808,0.779619038105011,0.034637391567230225,0.19772374629974365,0.17268499732017517,-0.02503874897956848
COCO_val2014_000000428403,0.7818723917007446,0.6870179176330566,-0.09485447406768799,0.7521891593933105,0.6398293375968933,-0.11235982179641724,0.1841614842414856,0.38726142048835754,0.20309993624687195
COCO_val2014_000000429174,0.619559645652771,0.6769483089447021,0.05738866329193115,0.6909117698669434,0.7141405344009399,0.023228764533996582,0.31872808933258057,0.2637706995010376,-0.05495738983154297
COCO_val2014_000000429505,0.8255563378334045,0.7796878814697266,-0.04586845636367798,0.7694589495658875,0.7660983800888062,-0.003360569477081299,0.18437719345092773,0.1783144474029541,-0.006062746047973633
COCO_val2014_000000429623,0.9121978878974915,0.9264478087425232,0.014249920845031738,0.8378493189811707,0.8425570130348206,0.004707694053649902,0.09687109291553497,0.08353281766176224,-0.013338275253772736
COCO_val2014_000000429833,0.9045131802558899,0.9161077737808228,0.011594593524932861,0.8207945823669434,0.8149046897888184,-0.005889892578125,0.13067010045051575,0.12812286615371704,-0.002547234296798706
COCO_val2014_000000430052,0.9665129780769348,0.9395232796669006,-0.02698969841003418,0.8672923445701599,0.8156516551971436,-0.05164068937301636,0.06943653523921967,0.10436655580997467,0.034930020570755005
COCO_val2014_000000430073,0.8957267999649048,0.9021896719932556,0.00646287202835083,0.8082703351974487,0.8050466775894165,-0.0032236576080322266,0.12670233845710754,0.13219812512397766,0.005495786666870117
COCO_val2014_000000430160,0.8762067556381226,0.8888611793518066,0.012654423713684082,0.8047851324081421,0.8189588785171509,0.014173746109008789,0.1329624503850937,0.10873660445213318,-0.02422584593296051
COCO_val2014_000000430469,0.9037745594978333,0.8549389243125916,-0.0488356351852417,0.8359360098838806,0.7863376140594482,-0.04959839582443237,0.07897286862134933,0.1396341323852539,0.06066126376390457
COCO_val2014_000000431152,0.8559116721153259,0.9227412939071655,0.0668296217918396,0.7346991300582886,0.7830924391746521,0.048393309116363525,0.2416703701019287,0.18752063810825348,-0.05414973199367523
COCO_val2014_000000431190,0.8974272608757019,0.9204457402229309,0.023018479347229004,0.764448881149292,0.7837408781051636,0.019291996955871582,0.18749240040779114,0.15025413036346436,-0.03723827004432678
COCO_val2014_000000431495,0.7202780842781067,0.7986782193183899,0.0784001350402832,0.6045117378234863,0.6703423857688904,0.06583064794540405,0.4932189881801605,0.3740044832229614,-0.1192145049571991
COCO_val2014_000000431891,0.8516176342964172,0.8169670701026917,-0.034650564193725586,0.8465635180473328,0.7911471128463745,-0.05541640520095825,0.08264264464378357,0.148835688829422,0.06619304418563843
COCO_val2014_000000432234,0.8115394711494446,0.8425859808921814,0.031046509742736816,0.6799530982971191,0.7355369329452515,0.055583834648132324,0.32856452465057373,0.25792306661605835,-0.07064145803451538
COCO_val2014_000000432333,0.868904173374176,0.8835839629173279,0.014679789543151855,0.8031049966812134,0.8145244121551514,0.011419415473937988,0.1214013546705246,0.11287836730480194,-0.008522987365722656
COCO_val2014_000000432657,0.9522761106491089,0.9450693130493164,-0.0072067975997924805,0.8376869559288025,0.8177010416984558,-0.01998591423034668,0.12378720194101334,0.13104066252708435,0.007253460586071014
COCO_val2014_000000433182,0.8702395558357239,0.9090687036514282,0.038829147815704346,0.676447868347168,0.7559747099876404,0.07952684164047241,0.3381160497665405,0.20037159323692322,-0.1377444565296173
COCO_val2014_000000433279,0.936052143573761,0.9398030638694763,0.003750920295715332,0.7663742303848267,0.7643565535545349,-0.002017676830291748,0.2241545170545578,0.2716435492038727,0.04748903214931488
COCO_val2014_000000433499,0.9141527414321899,0.908836305141449,-0.005316436290740967,0.8318912982940674,0.8253156542778015,-0.006575644016265869,0.10760685056447983,0.11387330293655396,0.006266452372074127
COCO_val2014_000000433505,0.9058486819267273,0.8948246240615845,-0.011024057865142822,0.8481651544570923,0.8319149017333984,-0.016250252723693848,0.07639207690954208,0.09502239525318146,0.018630318343639374
COCO_val2014_000000433515,0.890548586845398,0.9108043313026428,0.020255744457244873,0.8026626110076904,0.8292648792266846,0.02660226821899414,0.12309502065181732,0.0907394289970398,-0.03235559165477753
COCO_val2014_000000433547,0.9300802946090698,0.9143391251564026,-0.015741169452667236,0.795678973197937,0.7732104063034058,-0.02246856689453125,0.14421914517879486,0.1679910272359848,0.02377188205718994
COCO_val2014_000000433574,0.9158346056938171,0.9160815477371216,0.00024694204330444336,0.7148935794830322,0.6967582106590271,-0.018135368824005127,0.2723345458507538,0.32944589853286743,0.05711135268211365
COCO_val2014_000000433892,0.9069986939430237,0.955892026424408,0.04889333248138428,0.7035970091819763,0.8071172833442688,0.10352027416229248,0.29034996032714844,0.14977510273456573,-0.1405748575925827
COCO_val2014_000000433915,0.9274848699569702,0.9335610866546631,0.006076216697692871,0.8033685088157654,0.8028734922409058,-0.0004950165748596191,0.16657167673110962,0.14717859029769897,-0.019393086433410645
COCO_val2014_000000434513,0.889360785484314,0.9448403120040894,0.05547952651977539,0.7835195660591125,0.8370344638824463,0.05351489782333374,0.17902377247810364,0.10063108801841736,-0.07839268445968628
COCO_val2014_000000434580,0.9148613810539246,0.9097421765327454,-0.005119204521179199,0.8026325702667236,0.8049397468566895,0.0023071765899658203,0.13741713762283325,0.12076970934867859,-0.016647428274154663
COCO_val2014_000000434898,0.8677861094474792,0.8627719283103943,-0.005014181137084961,0.7754520177841187,0.7699666619300842,-0.005485355854034424,0.1681954711675644,0.18311241269111633,0.014916941523551941
COCO_val2014_000000434990,0.902366042137146,0.8747406601905823,-0.02762538194656372,0.8172252178192139,0.7889867424964905,-0.02823847532272339,0.1070311889052391,0.13225841522216797,0.025227226316928864
COCO_val2014_000000435075,0.8293094038963318,0.8498659133911133,0.020556509494781494,0.8207931518554688,0.8023529648780823,-0.018440186977386475,0.11527515947818756,0.12635432183742523,0.011079162359237671
COCO_val2014_000000435389,0.8228510022163391,0.8389962315559387,0.01614522933959961,0.7316339612007141,0.7387405037879944,0.0071065425872802734,0.22733746469020844,0.19359740614891052,-0.03374005854129791
COCO_val2014_000000435444,0.8211692571640015,0.8531668186187744,0.03199756145477295,0.6923929452896118,0.7130938768386841,0.020700931549072266,0.33370843529701233,0.2854381799697876,-0.04827025532722473
COCO_val2014_000000435880,0.8506397604942322,0.8546013236045837,0.0039615631103515625,0.7987582683563232,0.7993990778923035,0.0006408095359802246,0.15170574188232422,0.13856686651706696,-0.013138875365257263
COCO_val2014_000000435922,0.9513126611709595,0.8772027492523193,-0.07410991191864014,0.779733419418335,0.7263950705528259,-0.05333834886550903,0.1788962334394455,0.24223408102989197,0.06333784759044647
COCO_val2014_000000436273,0.891207754611969,0.8982428312301636,0.00703507661819458,0.7516855001449585,0.7591040730476379,0.007418572902679443,0.2133588194847107,0.2040942907333374,-0.009264528751373291
COCO_val2014_000000436814,0.7424860000610352,0.7706317901611328,0.028145790100097656,0.7247287631034851,0.7206342220306396,-0.004094541072845459,0.2562903165817261,0.2639503479003906,0.007660031318664551
COCO_val2014_000000436992,0.9421576261520386,0.9337655305862427,-0.008392095565795898,0.8317142724990845,0.8141887187957764,-0.017525553703308105,0.1321929693222046,0.1431276947259903,0.010934725403785706
COCO_val2014_000000437465,0.8738287687301636,0.8620770573616028,-0.011751711368560791,0.767028272151947,0.7446996569633484,-0.022328615188598633,0.170252725481987,0.1858839988708496,0.01563127338886261
COCO_val2014_000000438567,0.828076183795929,0.8666020035743713,0.03852581977844238,0.7846599817276001,0.8006398677825928,0.015979886054992676,0.1525571048259735,0.1359710991382599,-0.016586005687713623
COCO_val2014_000000438737,0.8409130573272705,0.8149328827857971,-0.02598017454147339,0.7841419577598572,0.7686206102371216,-0.015521347522735596,0.15609046816825867,0.190961554646492,0.03487108647823334
COCO_val2014_000000439593,0.8839325308799744,0.9010818004608154,0.017149269580841064,0.8282550573348999,0.8423563838005066,0.01410132646560669,0.10175016522407532,0.07754991948604584,-0.02420024573802948
COCO_val2014_000000439773,0.8747611045837402,0.8921550512313843,0.017393946647644043,0.6718735694885254,0.6854748129844666,0.013601243495941162,0.3579060733318329,0.31647342443466187,-0.04143264889717102
COCO_val2014_000000440284,0.9378730058670044,0.9579487442970276,0.020075738430023193,0.8263532519340515,0.8492597341537476,0.022906482219696045,0.10795287787914276,0.0763501226902008,-0.031602755188941956
COCO_val2014_000000440514,0.8062623739242554,0.8585883378982544,0.05232596397399902,0.7870969772338867,0.8128836750984192,0.02578669786453247,0.14734770357608795,0.1286911964416504,-0.01865650713443756
COCO_val2014_000000440529,0.8205382227897644,0.759027361869812,-0.06151086091995239,0.6999649405479431,0.6476479172706604,-0.052317023277282715,0.36145949363708496,0.4990556240081787,0.13759613037109375
COCO_val2014_000000441156,0.9021596908569336,0.9221950769424438,0.020035386085510254,0.7384942770004272,0.7609341144561768,0.02243983745574951,0.2513003945350647,0.21811339259147644,-0.03318700194358826
COCO_val2014_000000441253,0.862987220287323,0.8812868595123291,0.018299639225006104,0.7626093626022339,0.7683141231536865,0.005704760551452637,0.22877758741378784,0.22718310356140137,-0.0015944838523864746
COCO_val2014_000000441511,0.9379657506942749,0.9474229216575623,0.009457170963287354,0.804998517036438,0.81663578748703,0.011637270450592041,0.1810464859008789,0.20275568962097168,0.021709203720092773
COCO_val2014_000000441541,0.8096860647201538,0.7870723009109497,-0.0226137638092041,0.8030458092689514,0.7628178596496582,-0.04022794961929321,0.139165461063385,0.2098957598209381,0.0707302987575531
COCO_val2014_000000441553,0.8839167952537537,0.8341014981269836,-0.04981529712677002,0.799369215965271,0.7082867622375488,-0.09108245372772217,0.14494940638542175,0.2344033420085907,0.08945393562316895
COCO_val2014_000000441672,0.8475968241691589,0.8504123091697693,0.0028154850006103516,0.753588080406189,0.7846131324768066,0.031025052070617676,0.21583285927772522,0.17311862111091614,-0.04271423816680908
COCO_val2014_000000441862,0.8864659070968628,0.88022780418396,-0.006238102912902832,0.7631247639656067,0.7597684860229492,-0.0033562779426574707,0.2309677004814148,0.20924478769302368,-0.021722912788391113
COCO_val2014_000000441874,0.8622323274612427,0.8884001970291138,0.026167869567871094,0.7459787130355835,0.7936375737190247,0.04765886068344116,0.2226748764514923,0.14631164073944092,-0.07636323571205139
COCO_val2014_000000442667,0.9388021230697632,0.9241783022880554,-0.014623820781707764,0.8531057834625244,0.8362035155296326,-0.016902267932891846,0.07021129131317139,0.11198216676712036,0.041770875453948975
COCO_val2014_000000442724,0.72214674949646,0.7677330374717712,0.04558628797531128,0.7654578685760498,0.7598117589950562,-0.005646109580993652,0.20376041531562805,0.19868580996990204,-0.005074605345726013
COCO_val2014_000000442942,0.9452469348907471,0.9502785205841064,0.005031585693359375,0.8501266241073608,0.8560934066772461,0.005966782569885254,0.0801394134759903,0.0730116218328476,-0.0071277916431427
COCO_val2014_000000443167,0.8805340528488159,0.9080795645713806,0.027545511722564697,0.7630946636199951,0.7838137149810791,0.020719051361083984,0.20071834325790405,0.16562479734420776,-0.03509354591369629
COCO_val2014_000000443602,0.9283376336097717,0.9484133720397949,0.020075738430023193,0.8103199601173401,0.8227910995483398,0.012471139430999756,0.1689477264881134,0.15518422424793243,-0.01376350224018097
COCO_val2014_000000443772,0.8564592003822327,0.8462070822715759,-0.010252118110656738,0.7844958901405334,0.7777119874954224,-0.006783902645111084,0.18310120701789856,0.189237579703331,0.006136372685432434
COCO_val2014_000000443784,0.7990154027938843,0.8987497091293335,0.09973430633544922,0.6103314161300659,0.7240291833877563,0.11369776725769043,0.47454965114593506,0.3181926906108856,-0.15635696053504944
COCO_val2014_000000444199,0.5933659672737122,0.733945369720459,0.14057940244674683,0.38969886302948,0.5115493535995483,0.12185049057006836,1.0138108730316162,0.6914321184158325,-0.3223787546157837
COCO_val2014_000000444236,0.8523277640342712,0.8750340938568115,0.022706329822540283,0.7561013698577881,0.770592212677002,0.014490842819213867,0.22266298532485962,0.1917773187160492,-0.030885666608810425
COCO_val2014_000000444444,0.9211344122886658,0.9242779016494751,0.003143489360809326,0.8338479399681091,0.8243262767791748,-0.009521663188934326,0.10140704363584518,0.12356815487146378,0.02216111123561859
COCO_val2014_000000444817,0.8359711170196533,0.8540984988212585,0.018127381801605225,0.6912164688110352,0.6821289658546448,-0.00908750295639038,0.4855431318283081,0.5697453022003174,0.08420217037200928
COCO_val2014_000000445009,0.8379963040351868,0.8514333367347717,0.013437032699584961,0.7952979803085327,0.7821789979934692,-0.013118982315063477,0.1157330796122551,0.15032906830310822,0.03459598869085312
COCO_val2014_000000445267,0.8276968002319336,0.8451119661331177,0.017415165901184082,0.7335835695266724,0.7633090019226074,0.02972543239593506,0.23051929473876953,0.19991210103034973,-0.0306071937084198
COCO_val2014_000000445309,0.9032224416732788,0.8418166637420654,-0.06140577793121338,0.8130127191543579,0.7132152318954468,-0.09979748725891113,0.10262005776166916,0.2528236508369446,0.15020359307527542
COCO_val2014_000000445371,0.7859840989112854,0.9131561517715454,0.12717205286026,0.5096275806427002,0.6787868738174438,0.16915929317474365,0.659899890422821,0.35421815514564514,-0.3056817352771759
COCO_val2014_000000445557,0.938357949256897,0.9330653548240662,-0.0052925944328308105,0.8361508846282959,0.8001866340637207,-0.035964250564575195,0.10398358106613159,0.14830011129379272,0.04431653022766113
COCO_val2014_000000446352,0.9245709180831909,0.9017118811607361,-0.022859036922454834,0.7725988626480103,0.7644624710083008,-0.008136391639709473,0.19658365845680237,0.20350834727287292,0.006924688816070557
COCO_val2014_000000446354,0.8877907395362854,0.8940764665603638,0.006285727024078369,0.8309217691421509,0.837786078453064,0.006864309310913086,0.11853152513504028,0.12987768650054932,0.011346161365509033
COCO_val2014_000000447169,0.818096935749054,0.8139117956161499,-0.004185140132904053,0.8046804666519165,0.7969699501991272,-0.007710516452789307,0.14886486530303955,0.1576904058456421,0.008825540542602539
COCO_val2014_000000447187,0.9251649379730225,0.9087163209915161,-0.016448616981506348,0.7874828577041626,0.7520817518234253,-0.035401105880737305,0.18906211853027344,0.2452644556760788,0.05620233714580536
COCO_val2014_000000447328,0.9145880341529846,0.898199737071991,-0.016388297080993652,0.8017038106918335,0.783281683921814,-0.01842212677001953,0.1589929312467575,0.17999817430973053,0.021005243062973022
COCO_val2014_000000447337,0.9580095410346985,0.9398139715194702,-0.01819556951522827,0.8665329813957214,0.8298616409301758,-0.036671340465545654,0.063201904296875,0.08312258124351501,0.019920676946640015
COCO_val2014_000000447602,0.9298920631408691,0.8998794555664062,-0.03001260757446289,0.80039381980896,0.7619853019714355,-0.038408517837524414,0.16208720207214355,0.19511070847511292,0.03302350640296936
COCO_val2014_000000448181,0.8935076594352722,0.9136386513710022,0.02013099193572998,0.754986047744751,0.7761633396148682,0.021177291870117188,0.23052896559238434,0.20400238037109375,-0.02652658522129059
COCO_val2014_000000448269,0.8785701394081116,0.8652729988098145,-0.01329714059829712,0.752383828163147,0.7443438172340393,-0.008040010929107666,0.24960443377494812,0.3144489526748657,0.0648445188999176
COCO_val2014_000000448849,0.8923996686935425,0.9119802713394165,0.019580602645874023,0.7110748887062073,0.7444303035736084,0.03335541486740112,0.3039005994796753,0.25436893105506897,-0.04953166842460632
COCO_val2014_000000448897,0.9086208939552307,0.9126795530319214,0.004058659076690674,0.8575541377067566,0.8573201894760132,-0.0002339482307434082,0.059116195887327194,0.06512828171253204,0.006012085825204849
COCO_val2014_000000448923,0.7927256226539612,0.7849221229553223,-0.007803499698638916,0.7858735918998718,0.7658244967460632,-0.020049095153808594,0.177503764629364,0.21991533041000366,0.04241156578063965
COCO_val2014_000000449403,0.9353976249694824,0.9139183163642883,-0.021479308605194092,0.8142906427383423,0.7945820093154907,-0.019708633422851562,0.13595327734947205,0.16737119853496552,0.03141792118549347
COCO_val2014_000000449567,0.7872015833854675,0.7820019125938416,-0.0051996707916259766,0.6440187692642212,0.6589781045913696,0.014959335327148438,0.4327920079231262,0.4618544578552246,0.02906244993209839
COCO_val2014_000000450129,0.9096168875694275,0.9210259318351746,0.01140904426574707,0.8218091726303101,0.8287933468818665,0.0069841742515563965,0.1253046840429306,0.08523593842983246,-0.040068745613098145
COCO_val2014_000000450263,0.8504307270050049,0.8386160731315613,-0.011814653873443604,0.7289620041847229,0.7329167723655701,0.003954768180847168,0.2632453441619873,0.3028368353843689,0.03959149122238159
COCO_val2014_000000450359,0.8974049687385559,0.8742033839225769,-0.023201584815979004,0.8072633147239685,0.783563494682312,-0.023699820041656494,0.11336686462163925,0.1528131067752838,0.03944624215364456
COCO_val2014_000000450391,0.7206050157546997,0.7594035267829895,0.038798511028289795,0.6264506578445435,0.6612145900726318,0.03476393222808838,0.44662970304489136,0.39028507471084595,-0.05634462833404541
COCO_val2014_000000450724,0.9015027284622192,0.8749988675117493,-0.02650386095046997,0.7250548601150513,0.6850327849388123,-0.040022075176239014,0.36380863189697266,0.3762924075126648,0.012483775615692139
COCO_val2014_000000450790,0.8154995441436768,0.897365391254425,0.08186584711074829,0.7814188599586487,0.8350276947021484,0.053608834743499756,0.1666639745235443,0.09775900095701218,-0.06890497356653214
COCO_val2014_000000451008,0.892524778842926,0.902079164981842,0.009554386138916016,0.765687108039856,0.7656217813491821,-6.532669067382812e-05,0.19256499409675598,0.20001313090324402,0.007448136806488037
COCO_val2014_000000451120,0.9035381078720093,0.9052416682243347,0.0017035603523254395,0.7670081853866577,0.7689473032951355,0.0019391179084777832,0.1940145492553711,0.17463162541389465,-0.01938292384147644
COCO_val2014_000000451123,0.5807639956474304,0.6814295053482056,0.10066550970077515,0.5265671014785767,0.579071044921875,0.05250394344329834,0.8315755128860474,0.6209940910339355,-0.21058142185211182
COCO_val2014_000000451144,0.9020689725875854,0.9014872312545776,-0.0005817413330078125,0.7472661137580872,0.7454918622970581,-0.0017742514610290527,0.28238362073898315,0.33163973689079285,0.04925611615180969
COCO_val2014_000000451155,0.786925196647644,0.8141607642173767,0.027235567569732666,0.5086844563484192,0.5308268070220947,0.022142350673675537,0.6662241816520691,0.6193217039108276,-0.046902477741241455
COCO_val2014_000000451275,0.8803426623344421,0.8978657126426697,0.01752305030822754,0.7281514406204224,0.7505977153778076,0.022446274757385254,0.28043317794799805,0.24971690773963928,-0.030716270208358765
COCO_val2014_000000451324,0.7590088844299316,0.8403896689414978,0.08138078451156616,0.7522780895233154,0.7908649444580078,0.03858685493469238,0.20830047130584717,0.1560574471950531,-0.05224302411079407
COCO_val2014_000000451440,0.9444689750671387,0.9369593858718872,-0.007509589195251465,0.810983419418335,0.7889273166656494,-0.022056102752685547,0.14787426590919495,0.13861645758152008,-0.009257808327674866
COCO_val2014_000000451559,0.9197766780853271,0.9136375188827515,-0.006139159202575684,0.6254093647003174,0.6404479742050171,0.015038609504699707,0.40671858191490173,0.39604634046554565,-0.010672241449356079
COCO_val2014_000000451859,0.8866296410560608,0.91245436668396,0.02582472562789917,0.8029005527496338,0.8087475299835205,0.005846977233886719,0.14473886787891388,0.12576831877231598,-0.0189705491065979
COCO_val2014_000000451944,0.8413082361221313,0.8602653741836548,0.018957138061523438,0.765180230140686,0.7866494655609131,0.02146923542022705,0.18097767233848572,0.1426105797290802,-0.03836709260940552
COCO_val2014_000000453001,0.9028923511505127,0.9184062480926514,0.015513896942138672,0.7834288477897644,0.794369101524353,0.010940253734588623,0.16604828834533691,0.1396428793668747,-0.02640540897846222
COCO_val2014_000000453159,0.8735061287879944,0.8500795960426331,-0.023426532745361328,0.8131208419799805,0.7923017740249634,-0.02081906795501709,0.14752927422523499,0.16591492295265198,0.018385648727416992
COCO_val2014_000000453283,0.882942259311676,0.9314866065979004,0.048544347286224365,0.782782793045044,0.8412420749664307,0.05845928192138672,0.14315173029899597,0.08544838428497314,-0.05770334601402283
COCO_val2014_000000453317,0.9181006550788879,0.9148921370506287,-0.0032085180282592773,0.824772834777832,0.8123356103897095,-0.012437224388122559,0.1265169084072113,0.17747452855110168,0.05095762014389038
COCO_val2014_000000453400,0.9360678195953369,0.9527165293693542,0.016648709774017334,0.7292839884757996,0.7747637629508972,0.045479774475097656,0.26580312848091125,0.2105373740196228,-0.05526575446128845
COCO_val2014_000000453824,0.8721078634262085,0.8774563670158386,0.005348503589630127,0.761260986328125,0.7402346134185791,-0.0210263729095459,0.195685014128685,0.22542434930801392,0.02973933517932892
COCO_val2014_000000454203,0.7820597290992737,0.8014933466911316,0.01943361759185791,0.7709341049194336,0.7556527853012085,-0.015281319618225098,0.18370187282562256,0.19292759895324707,0.009225726127624512
COCO_val2014_000000455267,0.891348123550415,0.9091170430183411,0.017768919467926025,0.792749285697937,0.8206067681312561,0.027857482433319092,0.15359848737716675,0.1276184767484665,-0.025980010628700256
COCO_val2014_000000455384,0.876882791519165,0.8720805048942566,-0.004802286624908447,0.7736517190933228,0.7705879211425781,-0.003063797950744629,0.2126007229089737,0.20980945229530334,-0.002791270613670349
COCO_val2014_000000455735,0.8802120089530945,0.8763924241065979,-0.003819584846496582,0.7873196005821228,0.7918480038642883,0.004528403282165527,0.14020022749900818,0.13477903604507446,-0.005421191453933716
COCO_val2014_000000455859,0.8231296539306641,0.8698781728744507,0.04674851894378662,0.74212247133255,0.7560068964958191,0.013884425163269043,0.23186126351356506,0.22056186199188232,-0.01129940152168274
COCO_val2014_000000455937,0.8684261441230774,0.829637348651886,-0.038788795471191406,0.6800522804260254,0.6920585036277771,0.012006223201751709,0.31888943910598755,0.31606248021125793,-0.0028269588947296143
COCO_val2014_000000455975,0.946173906326294,0.937426745891571,-0.0087471604347229,0.8268533945083618,0.8173140287399292,-0.009539365768432617,0.1207752525806427,0.16758906841278076,0.04681381583213806
COCO_val2014_000000456525,0.9214118719100952,0.9258261322975159,0.004414260387420654,0.8342572450637817,0.828644335269928,-0.00561290979385376,0.0801747590303421,0.07539518177509308,-0.0047795772552490234
COCO_val2014_000000456690,0.8802874088287354,0.8387768268585205,-0.041510581970214844,0.778171181678772,0.6901912093162537,-0.08797997236251831,0.24905255436897278,0.46320128440856934,0.21414873003959656
COCO_val2014_000000456884,0.8518307209014893,0.8780361413955688,0.02620542049407959,0.7845293879508972,0.7922605872154236,0.007731199264526367,0.17358583211898804,0.1729445606470108,-0.0006412714719772339
COCO_val2014_000000457037,0.9096189737319946,0.8866621851921082,-0.022956788539886475,0.8339473605155945,0.8160731196403503,-0.01787424087524414,0.09488201141357422,0.12532301247119904,0.030441001057624817
COCO_val2014_000000457078,0.5689412355422974,0.5533885359764099,-0.015552699565887451,0.5999415516853333,0.6068708896636963,0.006929337978363037,0.4617769718170166,0.45955485105514526,-0.002222120761871338
COCO_val2014_000000457204,0.8850584626197815,0.9172841310501099,0.03222566843032837,0.7223185300827026,0.7576401233673096,0.035321593284606934,0.40408915281295776,0.27229928970336914,-0.13178986310958862
COCO_val2014_000000457226,0.8330320119857788,0.8476518988609314,0.014619886875152588,0.6991039514541626,0.7093257308006287,0.010221779346466064,0.31539446115493774,0.2748069167137146,-0.040587544441223145
COCO_val2014_000000457400,0.6243409514427185,0.6053153872489929,-0.019025564193725586,0.6259175539016724,0.6048252582550049,-0.02109229564666748,0.45768529176712036,0.5267575979232788,0.06907230615615845
COCO_val2014_000000457566,0.9156531095504761,0.9107940196990967,-0.0048590898513793945,0.8268973231315613,0.8081954121589661,-0.018701910972595215,0.10002259910106659,0.11081042885780334,0.010787829756736755
COCO_val2014_000000457575,0.8893144130706787,0.9174808859825134,0.028166472911834717,0.7806089520454407,0.8158729076385498,0.03526395559310913,0.2189498096704483,0.1355002224445343,-0.083449587225914
COCO_val2014_000000457580,0.8514036536216736,0.8554784059524536,0.004074752330780029,0.7573330402374268,0.7516319751739502,-0.0057010650634765625,0.20521697402000427,0.20229658484458923,-0.002920389175415039
COCO_val2014_000000457581,0.7993147969245911,0.7305917143821716,-0.06872308254241943,0.5964654684066772,0.5859537720680237,-0.010511696338653564,0.47098761796951294,0.5036852955818176,0.03269767761230469
COCO_val2014_000000458048,0.8447213172912598,0.8317595720291138,-0.012961745262145996,0.8103992938995361,0.7850830554962158,-0.025316238403320312,0.1182948499917984,0.1489497572183609,0.0306549072265625
COCO_val2014_000000458109,0.8396943211555481,0.8787981867790222,0.03910386562347412,0.7550830841064453,0.7780588865280151,0.022975802421569824,0.24634093046188354,0.18238011002540588,-0.06396082043647766
COCO_val2014_000000458119,0.8170380592346191,0.8568543791770935,0.039816319942474365,0.6768231391906738,0.7119024395942688,0.03507930040359497,0.38883188366889954,0.38445234298706055,-0.004379540681838989
COCO_val2014_000000458410,0.767460286617279,0.8222161531448364,0.05475586652755737,0.7479801774024963,0.7684433460235596,0.020463168621063232,0.19876916706562042,0.1699979603290558,-0.028771206736564636
COCO_val2014_000000458485,0.9239580631256104,0.9250103831291199,0.0010523200035095215,0.8299925923347473,0.8209564685821533,-0.009036123752593994,0.1063525527715683,0.15225271880626678,0.045900166034698486
COCO_val2014_000000458613,0.929271399974823,0.9292899966239929,1.8596649169921875e-05,0.8340975642204285,0.8322544097900391,-0.0018431544303894043,0.12373138964176178,0.1251738965511322,0.0014425069093704224
COCO_val2014_000000458755,0.8407081365585327,0.8519601821899414,0.011252045631408691,0.7720733880996704,0.7569781541824341,-0.015095233917236328,0.15463650226593018,0.18287968635559082,0.028243184089660645
COCO_val2014_000000459050,0.8832108378410339,0.874933123588562,-0.008277714252471924,0.821107029914856,0.8137727975845337,-0.007334232330322266,0.11808080226182938,0.12178251147270203,0.00370170921087265
COCO_val2014_000000459103,0.7736363410949707,0.7321853637695312,-0.04145097732543945,0.7451746463775635,0.6997755765914917,-0.04539906978607178,0.2096540331840515,0.36547064781188965,0.15581661462783813
COCO_val2014_000000459342,0.8526758551597595,0.7990118265151978,-0.05366402864456177,0.6864661574363708,0.6677330732345581,-0.018733084201812744,0.3046068251132965,0.31761470437049866,0.013007879257202148
COCO_val2014_000000459440,0.8764795064926147,0.8591516613960266,-0.017327845096588135,0.779634952545166,0.770283579826355,-0.009351372718811035,0.1780068576335907,0.17902465164661407,0.0010177940130233765
COCO_val2014_000000460107,0.840755045413971,0.8232325315475464,-0.01752251386642456,0.7543594837188721,0.7203283905982971,-0.03403109312057495,0.2146962583065033,0.3175041675567627,0.1028079092502594
COCO_val2014_000000460333,0.8505082130432129,0.8156686425209045,-0.03483957052230835,0.6056723594665527,0.5979092121124268,-0.0077631473541259766,0.5587700009346008,0.4922013282775879,-0.06656867265701294
COCO_val2014_000000460373,0.8476105332374573,0.813200056552887,-0.03441047668457031,0.7826015949249268,0.7474149465560913,-0.03518664836883545,0.1821078062057495,0.2373291403055191,0.05522133409976959
COCO_val2014_000000460378,0.852950930595398,0.8715136051177979,0.018562674522399902,0.7881780862808228,0.7930864095687866,0.004908323287963867,0.1570829451084137,0.1507401466369629,-0.006342798471450806
COCO_val2014_000000460646,0.9133149981498718,0.9253115057945251,0.01199650764465332,0.7708079814910889,0.803923487663269,0.033115506172180176,0.1660742163658142,0.14925816655158997,-0.016816049814224243
COCO_val2014_000000460684,0.8907226920127869,0.9057480096817017,0.015025317668914795,0.7871065139770508,0.7914751768112183,0.0043686628341674805,0.1579732596874237,0.131990447640419,-0.0259828120470047
COCO_val2014_000000460866,0.8139513731002808,0.788029670715332,-0.02592170238494873,0.7865923643112183,0.7552062273025513,-0.03138613700866699,0.15621596574783325,0.21856689453125,0.06235092878341675
COCO_val2014_000000461311,0.9144156575202942,0.8958448767662048,-0.018570780754089355,0.821503758430481,0.796926736831665,-0.024577021598815918,0.12502628564834595,0.13181515038013458,0.006788864731788635
COCO_val2014_000000461620,0.774612545967102,0.8535825610160828,0.07897001504898071,0.707303524017334,0.7588348984718323,0.05153137445449829,0.28561991453170776,0.19555950164794922,-0.09006041288375854
COCO_val2014_000000461681,0.8028022646903992,0.8220121264457703,0.019209861755371094,0.756035566329956,0.7698183655738831,0.013782799243927002,0.22602520883083344,0.22415988147258759,-0.0018653273582458496
COCO_val2014_000000461715,0.8882489204406738,0.8816271424293518,-0.0066217780113220215,0.7330411672592163,0.7336386442184448,0.0005974769592285156,0.2424241304397583,0.22889694571495056,-0.01352718472480774
COCO_val2014_000000461775,0.9563499689102173,0.8895305395126343,-0.06681942939758301,0.8303337693214417,0.7503026723861694,-0.08003109693527222,0.12003552913665771,0.22009482979774475,0.10005930066108704
COCO_val2014_000000461963,0.7916809320449829,0.8484713435173035,0.05679041147232056,0.635379433631897,0.7009870409965515,0.06560760736465454,0.49354496598243713,0.33704254031181335,-0.15650242567062378
COCO_val2014_000000462241,0.9205804467201233,0.8857426047325134,-0.03483784198760986,0.8008289337158203,0.7653635144233704,-0.03546541929244995,0.14625206589698792,0.1638393998146057,0.017587333917617798
COCO_val2014_000000462342,0.8495050072669983,0.8252723813056946,-0.02423262596130371,0.6792287826538086,0.6931444406509399,0.013915657997131348,0.341541051864624,0.3394638001918793,-0.002077251672744751
COCO_val2014_000000462376,0.9442293643951416,0.9289223551750183,-0.015307009220123291,0.8485254645347595,0.8222002387046814,-0.026325225830078125,0.07114645838737488,0.09222142398357391,0.021074965596199036
COCO_val2014_000000462784,0.8619921207427979,0.8027099370956421,-0.05928218364715576,0.7777625322341919,0.7237844467163086,-0.0539780855178833,0.16393110156059265,0.2419985681772232,0.07806746661663055
COCO_val2014_000000462840,0.8201892971992493,0.8024030327796936,-0.017786264419555664,0.6950246095657349,0.6911365985870361,-0.0038880109786987305,0.28466880321502686,0.28239795565605164,-0.0022708475589752197
COCO_val2014_000000462928,0.815356433391571,0.7930012345314026,-0.022355198860168457,0.7013958692550659,0.697845995426178,-0.0035498738288879395,0.28963205218315125,0.3211771845817566,0.03154513239860535
COCO_val2014_000000463066,0.9325737953186035,0.9028984308242798,-0.02967536449432373,0.6558377742767334,0.7095837593078613,0.05374598503112793,0.3675852417945862,0.3322846293449402,-0.035300612449645996
COCO_val2014_000000463290,0.8529408574104309,0.8720234632492065,0.019082605838775635,0.7585620880126953,0.7758268117904663,0.017264723777770996,0.20462273061275482,0.16489805281162262,-0.0397246778011322
COCO_val2014_000000463296,0.7982103228569031,0.7745367288589478,-0.023673593997955322,0.806058943271637,0.7988142967224121,-0.0072446465492248535,0.13591185212135315,0.16875898838043213,0.03284713625907898
COCO_val2014_000000463527,0.9114352464675903,0.9319128394126892,0.020477592945098877,0.791072428226471,0.8299356698989868,0.03886324167251587,0.14812135696411133,0.10837065428495407,-0.03975070267915726
COCO_val2014_000000463611,0.932766854763031,0.9526485204696655,0.01988166570663452,0.7440952658653259,0.8052526712417603,0.061157405376434326,0.23341327905654907,0.15163792669773102,-0.08177535235881805
COCO_val2014_000000463771,0.743334174156189,0.7779006958007812,0.034566521644592285,0.6768486499786377,0.7017625570297241,0.024913907051086426,0.3584066927433014,0.2987949848175049,-0.05961170792579651
COCO_val2014_000000463865,0.8389296531677246,0.8267244696617126,-0.012205183506011963,0.6890404224395752,0.6439745426177979,-0.045065879821777344,0.39793047308921814,0.5010122060775757,0.10308173298835754
COCO_val2014_000000464092,0.8376487493515015,0.8395630717277527,0.0019143223762512207,0.7453962564468384,0.7510538697242737,0.005657613277435303,0.23860763013362885,0.2146686166524887,-0.023939013481140137
COCO_val2014_000000464196,0.9352096915245056,0.918986439704895,-0.016223251819610596,0.7617680430412292,0.6831488013267517,-0.07861924171447754,0.21384239196777344,0.33630645275115967,0.12246406078338623
COCO_val2014_000000465129,0.7320429086685181,0.6922038197517395,-0.039839088916778564,0.6652599573135376,0.625375509262085,-0.03988444805145264,0.33938783407211304,0.41351988911628723,0.0741320550441742
COCO_val2014_000000465223,0.7292928695678711,0.7800977826118469,0.05080491304397583,0.6932340264320374,0.7059043645858765,0.012670338153839111,0.28656139969825745,0.30672362446784973,0.020162224769592285
COCO_val2014_000000465735,0.8816601037979126,0.9115118384361267,0.02985173463821411,0.7779309749603271,0.8064901828765869,0.028559207916259766,0.1708381474018097,0.1164281964302063,-0.054409950971603394
COCO_val2014_000000466211,0.9539583921432495,0.937300443649292,-0.01665794849395752,0.8537775278091431,0.8125985860824585,-0.04117894172668457,0.07051156461238861,0.10091475397348404,0.03040318936109543
COCO_val2014_000000466222,0.739587128162384,0.7211834192276001,-0.018403708934783936,0.7490573525428772,0.7292087078094482,-0.019848644733428955,0.25798463821411133,0.28336501121520996,0.025380373001098633
COCO_val2014_000000466259,0.9591403603553772,0.9536936283111572,-0.005446732044219971,0.8470286130905151,0.855505108833313,0.008476495742797852,0.10845234990119934,0.06005973368883133,-0.04839261621236801
COCO_val2014_000000466665,0.8562787771224976,0.8905626535415649,0.03428387641906738,0.7890968322753906,0.831275463104248,0.04217863082885742,0.13751041889190674,0.10296511650085449,-0.034545302391052246
COCO_val2014_000000466787,0.7753813862800598,0.7606253623962402,-0.01475602388381958,0.7626321315765381,0.7428911924362183,-0.019740939140319824,0.19282296299934387,0.25744977593421936,0.06462681293487549
COCO_val2014_000000467096,0.937971293926239,0.9253835678100586,-0.01258772611618042,0.7707028388977051,0.7768245935440063,0.0061217546463012695,0.17666608095169067,0.17064666748046875,-0.006019413471221924
COCO_val2014_000000467314,0.9057224988937378,0.9212339520454407,0.01551145315170288,0.7770868539810181,0.8169900178909302,0.03990316390991211,0.16195377707481384,0.11836011707782745,-0.04359365999698639
COCO_val2014_000000467726,0.8903018236160278,0.8667348027229309,-0.023567020893096924,0.7990178465843201,0.729529619216919,-0.06948822736740112,0.1587584912776947,0.29645147919654846,0.13769298791885376
COCO_val2014_000000467887,0.736918568611145,0.7260482907295227,-0.010870277881622314,0.6505110263824463,0.6374943256378174,-0.013016700744628906,0.46890515089035034,0.4317772388458252,-0.037127912044525146
COCO_val2014_000000467988,0.908679723739624,0.8845842480659485,-0.024095475673675537,0.7982131838798523,0.7814352512359619,-0.01677793264389038,0.1850900948047638,0.1709575057029724,-0.014132589101791382
COCO_val2014_000000468027,0.9331094622612,0.9421948790550232,0.009085416793823242,0.7301102876663208,0.7570369839668274,0.026926696300506592,0.2811233401298523,0.27813607454299927,-0.0029872655868530273
COCO_val2014_000000468778,0.8680377006530762,0.899871289730072,0.03183358907699585,0.8136367797851562,0.8177165985107422,0.0040798187255859375,0.1171560287475586,0.11081176996231079,-0.006344258785247803
COCO_val2014_000000468917,0.9397477507591248,0.8891769647598267,-0.050570785999298096,0.8235268592834473,0.7660809755325317,-0.05744588375091553,0.12555396556854248,0.1834750473499298,0.05792108178138733
COCO_val2014_000000468925,0.9190232157707214,0.9017574191093445,-0.017265796661376953,0.8500273823738098,0.8321981430053711,-0.01782923936843872,0.08146793395280838,0.0986885130405426,0.017220579087734222
COCO_val2014_000000469067,0.8006698489189148,0.8476176261901855,0.04694777727127075,0.6548932790756226,0.6774466037750244,0.022553324699401855,0.4105600118637085,0.3576648235321045,-0.052895188331604004
COCO_val2014_000000469134,0.921224057674408,0.9257678985595703,0.0045438408851623535,0.8398117423057556,0.8377494812011719,-0.0020622611045837402,0.08849772810935974,0.09122245013713837,0.0027247220277786255
COCO_val2014_000000469165,0.9327121376991272,0.9317675232887268,-0.0009446144104003906,0.8159530162811279,0.7783965468406677,-0.037556469440460205,0.138068288564682,0.18224841356277466,0.04418012499809265
COCO_val2014_000000469192,0.9211820960044861,0.9185567498207092,-0.0026253461837768555,0.8360162973403931,0.8286178112030029,-0.007398486137390137,0.09293756633996964,0.10336554050445557,0.010427974164485931
COCO_val2014_000000469246,0.7995234727859497,0.8962868452072144,0.09676337242126465,0.6227140426635742,0.6737370491027832,0.051023006439208984,0.4135599732398987,0.3433552086353302,-0.07020476460456848
COCO_val2014_000000469671,0.9065861701965332,0.9221369624137878,0.015550792217254639,0.8309429287910461,0.8456400632858276,0.014697134494781494,0.10515382140874863,0.08047065138816833,-0.024683170020580292
COCO_val2014_000000469777,0.8963319063186646,0.9160576462745667,0.0197257399559021,0.7840400338172913,0.8071101903915405,0.023070156574249268,0.16897797584533691,0.12911468744277954,-0.03986328840255737
COCO_val2014_000000469924,0.8563265800476074,0.8836463093757629,0.027319729328155518,0.8099496960639954,0.8184094429016113,0.008459746837615967,0.1018306240439415,0.09036798775196075,-0.011462636291980743
COCO_val2014_000000469982,0.8831536173820496,0.9094045162200928,0.026250898838043213,0.6779342889785767,0.7344726920127869,0.056538403034210205,0.29663732647895813,0.2218971848487854,-0.07474014163017273
COCO_val2014_000000470115,0.7603391408920288,0.8479886651039124,0.08764952421188354,0.723580002784729,0.7661720514297485,0.04259204864501953,0.30249401926994324,0.2602335810661316,-0.042260438203811646
COCO_val2014_000000470121,0.8546571731567383,0.8483453989028931,-0.006311774253845215,0.8286815285682678,0.8042805194854736,-0.02440100908279419,0.09650057554244995,0.1277151107788086,0.031214535236358643
COCO_val2014_000000470924,0.9389700889587402,0.9351503252983093,-0.003819763660430908,0.839674174785614,0.8353095054626465,-0.004364669322967529,0.08711893856525421,0.08599165081977844,-0.001127287745475769
COCO_val2014_000000470935,0.9053613543510437,0.8684885501861572,-0.036872804164886475,0.8074781894683838,0.7743107080459595,-0.033167481422424316,0.14293411374092102,0.19073788821697235,0.04780377447605133
COCO_val2014_000000471273,0.8330472111701965,0.8187324404716492,-0.014314770698547363,0.704969048500061,0.6847255229949951,-0.020243525505065918,0.383974552154541,0.3926110863685608,0.008636534214019775
COCO_val2014_000000471483,0.92258220911026,0.8736842274665833,-0.04889798164367676,0.8156458139419556,0.7691173553466797,-0.04652845859527588,0.11707088351249695,0.18995068967342377,0.07287980616092682
COCO_val2014_000000471488,0.8701443672180176,0.892210841178894,0.022066473960876465,0.7337263822555542,0.7845454812049866,0.05081909894943237,0.24013526737689972,0.15297344326972961,-0.0871618241071701
COCO_val2014_000000471789,0.9103778600692749,0.918964684009552,0.0085868239402771,0.7708697319030762,0.7732263207435608,0.002356588840484619,0.20490771532058716,0.2095126211643219,0.004604905843734741
COCO_val2014_000000472256,0.8125398755073547,0.9330610036849976,0.12052112817764282,0.7464361190795898,0.8300479650497437,0.08361184597015381,0.2414252758026123,0.12323781847953796,-0.11818745732307434
COCO_val2014_000000472364,0.8696280717849731,0.7675056457519531,-0.10212242603302002,0.7692964673042297,0.6987115144729614,-0.07058495283126831,0.19184798002243042,0.3264996409416199,0.13465166091918945
COCO_val2014_000000472795,0.7968481779098511,0.8405311107635498,0.04368293285369873,0.7215867638587952,0.7487288117408752,0.027142047882080078,0.2807958722114563,0.23659180104732513,-0.044204071164131165
COCO_val2014_000000473199,0.879580020904541,0.869763970375061,-0.00981605052947998,0.8041598796844482,0.7826614379882812,-0.021498441696166992,0.12770746648311615,0.14234670996665955,0.014639243483543396
COCO_val2014_000000473370,0.8731340169906616,0.7814684510231018,-0.09166556596755981,0.6380584239959717,0.5915451049804688,-0.04651331901550293,0.4214977025985718,0.46185654401779175,0.04035884141921997
COCO_val2014_000000473573,0.8001118302345276,0.8533864617347717,0.05327463150024414,0.7432885766029358,0.7613294720649719,0.018040895462036133,0.19614049792289734,0.19748473167419434,0.001344233751296997
COCO_val2014_000000473720,0.8777232766151428,0.7832304239273071,-0.0944928526878357,0.8070574998855591,0.7283360958099365,-0.07872140407562256,0.13512903451919556,0.23349738121032715,0.09836834669113159
COCO_val2014_000000474078,0.9351675510406494,0.9356162548065186,0.0004487037658691406,0.8326799869537354,0.8184126019477844,-0.014267385005950928,0.13530045747756958,0.1474325805902481,0.012132123112678528
COCO_val2014_000000474499,0.788579523563385,0.8409207463264465,0.05234122276306152,0.7828940153121948,0.8026553392410278,0.019761323928833008,0.1584440916776657,0.14200462400913239,-0.016439467668533325
COCO_val2014_000000474608,0.937994122505188,0.9548986554145813,0.01690453290939331,0.7827263474464417,0.8283587694168091,0.04563242197036743,0.18564924597740173,0.12733638286590576,-0.05831286311149597
COCO_val2014_000000475510,0.9056172370910645,0.899095892906189,-0.006521344184875488,0.7741129398345947,0.7617075443267822,-0.0124053955078125,0.18635359406471252,0.1810685396194458,-0.005285054445266724
COCO_val2014_000000475723,0.8939381837844849,0.8684054017066956,-0.025532782077789307,0.79690021276474,0.7864296436309814,-0.010470569133758545,0.14442381262779236,0.16478481888771057,0.020361006259918213
COCO_val2014_000000475906,0.8465346097946167,0.8192404508590698,-0.027294158935546875,0.7911426424980164,0.7692325711250305,-0.02191007137298584,0.15275074541568756,0.1918138861656189,0.039063140749931335
COCO_val2014_000000475990,0.8977788686752319,0.9133113622665405,0.015532493591308594,0.6748194694519043,0.7084963917732239,0.03367692232131958,0.3163134455680847,0.2875460982322693,-0.02876734733581543
COCO_val2014_000000476664,0.932227373123169,0.9458774924278259,0.013650119304656982,0.747148871421814,0.7578932046890259,0.010744333267211914,0.21997825801372528,0.22389119863510132,0.003912940621376038
COCO_val2014_000000476810,0.9295383095741272,0.9444730877876282,0.014934778213500977,0.8126206398010254,0.8316320180892944,0.019011378288269043,0.11849050223827362,0.08077063411474228,-0.03771986812353134
COCO_val2014_000000476838,0.7093373537063599,0.751085102558136,0.04174774885177612,0.7341059446334839,0.7549363970756531,0.02083045244216919,0.23779049515724182,0.22509169578552246,-0.01269879937171936
COCO_val2014_000000477016,0.8601307272911072,0.8719828724861145,0.011852145195007324,0.7450403571128845,0.7340540885925293,-0.010986268520355225,0.2248489409685135,0.23101836442947388,0.006169423460960388
COCO_val2014_000000477112,0.9212713837623596,0.947484016418457,0.026212632656097412,0.7820276618003845,0.8063558340072632,0.024328172206878662,0.17594635486602783,0.15529662370681763,-0.020649731159210205
COCO_val2014_000000478157,0.9338897466659546,0.8822533488273621,-0.05163639783859253,0.7817701101303101,0.7517468929290771,-0.03002321720123291,0.17169682681560516,0.20277656614780426,0.031079739332199097
COCO_val2014_000000478312,0.8289223909378052,0.8703823089599609,0.04145991802215576,0.7870382070541382,0.781632661819458,-0.005405545234680176,0.1521269828081131,0.15785172581672668,0.005724743008613586
COCO_val2014_000000478380,0.8010000586509705,0.8077515959739685,0.006751537322998047,0.7651673555374146,0.7717645168304443,0.006597161293029785,0.1801459938287735,0.1808701753616333,0.0007241815328598022
COCO_val2014_000000478528,0.8403807282447815,0.8316488862037659,-0.008731842041015625,0.7759398221969604,0.7666100859642029,-0.009329736232757568,0.1881362497806549,0.22306664288043976,0.03493039309978485
COCO_val2014_000000478736,0.8512656092643738,0.921316921710968,0.07005131244659424,0.775204062461853,0.8198639154434204,0.04465985298156738,0.18594661355018616,0.12576161324977875,-0.06018500030040741
COCO_val2014_000000478759,0.8386186957359314,0.8387627601623535,0.00014406442642211914,0.823769211769104,0.8187963366508484,-0.004972875118255615,0.11845365911722183,0.13592886924743652,0.01747521013021469
COCO_val2014_000000478906,0.9380145072937012,0.9517102837562561,0.013695776462554932,0.787117063999176,0.8205397129058838,0.033422648906707764,0.16659453511238098,0.14193078875541687,-0.02466374635696411
COCO_val2014_000000479176,0.935912549495697,0.9450806379318237,0.009168088436126709,0.8295365571975708,0.8251320719718933,-0.00440448522567749,0.10647562891244888,0.1090371310710907,0.002561502158641815
COCO_val2014_000000479213,0.9227827191352844,0.9244331121444702,0.001650393009185791,0.8044816255569458,0.8157060146331787,0.01122438907623291,0.12332320213317871,0.09982194006443024,-0.023501262068748474
COCO_val2014_000000479466,0.8452478051185608,0.9303973913192749,0.08514958620071411,0.6860775947570801,0.7808316349983215,0.09475404024124146,0.34567826986312866,0.18665507435798645,-0.1590231955051422
COCO_val2014_000000479858,0.9272763133049011,0.9111106991767883,-0.016165614128112793,0.8515503406524658,0.8378252983093262,-0.013725042343139648,0.07563644647598267,0.07525073736906052,-0.00038570910692214966
COCO_val2014_000000479948,0.8262243270874023,0.759310245513916,-0.06691408157348633,0.6913781762123108,0.7000762820243835,0.008698105812072754,0.30899715423583984,0.28419262170791626,-0.024804532527923584
COCO_val2014_000000480400,0.9068922996520996,0.8972584009170532,-0.009633898735046387,0.8368145227432251,0.8038095235824585,-0.0330049991607666,0.08179245889186859,0.1345255821943283,0.05273312330245972
COCO_val2014_000000480624,0.8024657368659973,0.8377393484115601,0.035273611545562744,0.7416301965713501,0.772083044052124,0.030452847480773926,0.2344905287027359,0.20764806866645813,-0.02684246003627777
COCO_val2014_000000480643,0.8982439041137695,0.9024522304534912,0.00420832633972168,0.8049803972244263,0.7955460548400879,-0.009434342384338379,0.10551367700099945,0.14566418528556824,0.04015050828456879
COCO_val2014_000000481285,0.9542245268821716,0.9369804859161377,-0.017244040966033936,0.8193802237510681,0.8021584749221802,-0.01722174882888794,0.1234000027179718,0.1449645608663559,0.021564558148384094
COCO_val2014_000000481710,0.8818870782852173,0.9279086589813232,0.04602158069610596,0.7945688366889954,0.8400411605834961,0.04547232389450073,0.16432422399520874,0.11513261497020721,-0.049191609025001526
COCO_val2014_000000482022,0.8551123142242432,0.8467168211936951,-0.008395493030548096,0.7897744178771973,0.782464861869812,-0.007309556007385254,0.1641308069229126,0.17743602395057678,0.013305217027664185
COCO_val2014_000000482242,0.9144558906555176,0.9288910031318665,0.014435112476348877,0.7831758260726929,0.8027833104133606,0.019607484340667725,0.1988978087902069,0.18532031774520874,-0.013577491044998169
COCO_val2014_000000482275,0.8861528038978577,0.8954907655715942,0.009337961673736572,0.7290128469467163,0.7256213426589966,-0.0033915042877197266,0.2850160002708435,0.28010642528533936,-0.00490957498550415
COCO_val2014_000000482585,0.9491382241249084,0.9339678287506104,-0.015170395374298096,0.8676000237464905,0.8547079563140869,-0.012892067432403564,0.06947965919971466,0.0879550650715828,0.018475405871868134
COCO_val2014_000000482589,0.9016610980033875,0.912200391292572,0.01053929328918457,0.8043895959854126,0.7871184945106506,-0.017271101474761963,0.15096382796764374,0.15098053216934204,1.6704201698303223e-05
COCO_val2014_000000482719,0.874056875705719,0.8920081853866577,0.01795130968093872,0.8064296245574951,0.8214740753173828,0.015044450759887695,0.16138947010040283,0.13090673089027405,-0.030482739210128784
COCO_val2014_000000483446,0.8519325256347656,0.8627121448516846,0.010779619216918945,0.7332015037536621,0.7501641511917114,0.016962647438049316,0.3211507201194763,0.28710073232650757,-0.03404998779296875
COCO_val2014_000000483553,0.5819756984710693,0.6710765957832336,0.0891008973121643,0.528220534324646,0.5799548625946045,0.051734328269958496,0.7261632680892944,0.5246567726135254,-0.20150649547576904
COCO_val2014_000000484280,0.9118572473526001,0.9350573420524597,0.02320009469985962,0.8342150449752808,0.8568670749664307,0.022652029991149902,0.08756863325834274,0.06872058659791946,-0.01884804666042328
COCO_val2014_000000484751,0.9176357388496399,0.9365645051002502,0.01892876625061035,0.8402936458587646,0.8535323739051819,0.013238728046417236,0.09010838717222214,0.07889086753129959,-0.011217519640922546
COCO_val2014_000000485139,0.925258457660675,0.9562000632286072,0.03094160556793213,0.6716886758804321,0.7517282962799072,0.0800396203994751,0.3696582615375519,0.2696504592895508,-0.1000078022480011
COCO_val2014_000000485201,0.9208431243896484,0.9256736040115356,0.004830479621887207,0.7204256057739258,0.7474715709686279,0.02704596519470215,0.29573702812194824,0.22491556406021118,-0.07082146406173706
COCO_val2014_000000485368,0.8620954751968384,0.8890097737312317,0.02691429853439331,0.7096410393714905,0.7519106268882751,0.04226958751678467,0.2904605567455292,0.2661096453666687,-0.024350911378860474
COCO_val2014_000000485424,0.7451057434082031,0.739924430847168,-0.005181312561035156,0.7458617687225342,0.7226182818412781,-0.023243486881256104,0.20590254664421082,0.23144188523292542,0.0255393385887146
COCO_val2014_000000485485,0.9105113744735718,0.915153443813324,0.004642069339752197,0.7713438868522644,0.7771866917610168,0.005842804908752441,0.211956188082695,0.17911630868911743,-0.032839879393577576
COCO_val2014_000000485673,0.8660707473754883,0.850686252117157,-0.015384495258331299,0.7208033800125122,0.6628838777542114,-0.05791950225830078,0.3449628949165344,0.5685425400733948,0.22357964515686035
COCO_val2014_000000485822,0.9035390019416809,0.888931930065155,-0.014607071876525879,0.8392229676246643,0.8116090893745422,-0.02761387825012207,0.07439181208610535,0.11530087888240814,0.040909066796302795
COCO_val2014_000000485916,0.8735979795455933,0.8903824090957642,0.0167844295501709,0.8151708841323853,0.812565803527832,-0.0026050806045532227,0.12763962149620056,0.13506005704402924,0.007420435547828674
COCO_val2014_000000485951,0.9180448651313782,0.9259647130966187,0.007919847965240479,0.8418761491775513,0.8470295667648315,0.0051534175872802734,0.1005132794380188,0.10153273493051529,0.0010194554924964905
COCO_val2014_000000486254,0.879211962223053,0.8457107543945312,-0.03350120782852173,0.833013653755188,0.7965863943099976,-0.03642725944519043,0.09744381904602051,0.14248159527778625,0.04503777623176575
COCO_val2014_000000486306,0.8436498641967773,0.7974864840507507,-0.04616338014602661,0.8233655095100403,0.7654929757118225,-0.05787253379821777,0.10896918177604675,0.17142575979232788,0.06245657801628113
COCO_val2014_000000486457,0.8524132966995239,0.843586802482605,-0.008826494216918945,0.792609453201294,0.7766621112823486,-0.015947341918945312,0.1387757658958435,0.1506580114364624,0.011882245540618896
COCO_val2014_000000486770,0.7868714928627014,0.8450374603271484,0.05816596746444702,0.7290933132171631,0.7653851509094238,0.03629183769226074,0.24135828018188477,0.1748770773410797,-0.06648120284080505
COCO_val2014_000000486846,0.8525457978248596,0.8616360425949097,0.009090244770050049,0.7414457201957703,0.7635811567306519,0.022135436534881592,0.2518784701824188,0.1868535429239273,-0.06502492725849152
COCO_val2014_000000486974,0.8448111414909363,0.8316669464111328,-0.013144195079803467,0.7867632508277893,0.7732185125350952,-0.013544738292694092,0.15750035643577576,0.18091213703155518,0.02341178059577942
COCO_val2014_000000487095,0.8151782155036926,0.8319568634033203,0.016778647899627686,0.6855758428573608,0.7304264307022095,0.04485058784484863,0.31982553005218506,0.2485446035861969,-0.07128092646598816
COCO_val2014_000000487282,0.9342284202575684,0.9475446343421936,0.013316214084625244,0.7643658518791199,0.7884572744369507,0.02409142255783081,0.27744418382644653,0.1911940574645996,-0.08625012636184692
COCO_val2014_000000487375,0.9435675740242004,0.9645233154296875,0.02095574140548706,0.8242876529693604,0.8425195217132568,0.018231868743896484,0.09693515300750732,0.09690647572278976,-2.8677284717559814e-05
COCO_val2014_000000487438,0.8319963216781616,0.7488645911216736,-0.08313173055648804,0.7815903425216675,0.7193140983581543,-0.062276244163513184,0.1783778965473175,0.26722899079322815,0.08885109424591064
COCO_val2014_000000487498,0.8467135429382324,0.8040665984153748,-0.042646944522857666,0.7102946043014526,0.6925865411758423,-0.01770806312561035,0.31338217854499817,0.32618188858032227,0.012799710035324097
COCO_val2014_000000487548,0.9012421369552612,0.911373496055603,0.010131359100341797,0.8103442788124084,0.7975168824195862,-0.012827396392822266,0.1744767725467682,0.20538748800754547,0.030910715460777283
COCO_val2014_000000487631,0.887533962726593,0.933082640171051,0.04554867744445801,0.7998015880584717,0.8273139595985413,0.02751237154006958,0.16505306959152222,0.1360352635383606,-0.02901780605316162
COCO_val2014_000000487685,0.8544490933418274,0.8515110015869141,-0.00293809175491333,0.7476374506950378,0.7390857338905334,-0.008551716804504395,0.21132822334766388,0.19631649553775787,-0.015011727809906006
COCO_val2014_000000487722,0.8796470761299133,0.8443444967269897,-0.035302579402923584,0.8388925194740295,0.8002854585647583,-0.03860706090927124,0.07334655523300171,0.1082741767168045,0.034927621483802795
COCO_val2014_000000487925,0.9017931222915649,0.94456547498703,0.04277235269546509,0.7353847622871399,0.8337203860282898,0.0983356237411499,0.2469153255224228,0.10002078115940094,-0.14689454436302185
COCO_val2014_000000488075,0.8498324751853943,0.849152684211731,-0.0006797909736633301,0.793872594833374,0.7938926219940186,2.002716064453125e-05,0.1562265008687973,0.15210281312465668,-0.004123687744140625
COCO_val2014_000000488401,0.9226616621017456,0.9207476377487183,-0.0019140243530273438,0.8283972144126892,0.8156024217605591,-0.012794792652130127,0.11051405966281891,0.12298694998025894,0.012472890317440033
COCO_val2014_000000488463,0.9055537581443787,0.9088872075080872,0.003333449363708496,0.8142582178115845,0.7968552112579346,-0.017403006553649902,0.13833828270435333,0.17663469910621643,0.0382964164018631
COCO_val2014_000000488942,0.9340845942497253,0.9393854737281799,0.00530087947845459,0.7372821569442749,0.75266432762146,0.015382170677185059,0.24850381910800934,0.21926669776439667,-0.02923712134361267
COCO_val2014_000000489088,0.8636763095855713,0.8763882517814636,0.012711942195892334,0.7529001832008362,0.7714109420776367,0.018510758876800537,0.2236579805612564,0.18224938213825226,-0.04140859842300415
COCO_val2014_000000489304,0.9291685819625854,0.8850752115249634,-0.04409337043762207,0.831697940826416,0.789402961730957,-0.042294979095458984,0.09747253358364105,0.14247384667396545,0.0450013130903244
COCO_val2014_000000489358,0.8877304792404175,0.8600077629089355,-0.027722716331481934,0.7996338605880737,0.7627269625663757,-0.036906898021698,0.15822914242744446,0.19024837017059326,0.032019227743148804
COCO_val2014_000000489550,0.9231691360473633,0.9266970753669739,0.0035279393196105957,0.8357703685760498,0.835030734539032,-0.0007396340370178223,0.08954557776451111,0.10272996127605438,0.013184383511543274
COCO_val2014_000000489733,0.8836857080459595,0.848051130771637,-0.03563457727432251,0.7457647323608398,0.7089362740516663,-0.036828458309173584,0.24497130513191223,0.3048176169395447,0.059846311807632446
COCO_val2014_000000489873,0.8163359761238098,0.8239355087280273,0.007599532604217529,0.7803261280059814,0.7653789520263672,-0.014947175979614258,0.15714213252067566,0.17081090807914734,0.01366877555847168
COCO_val2014_000000490105,0.9020740389823914,0.9164533615112305,0.014379322528839111,0.7540045976638794,0.7525354623794556,-0.0014691352844238281,0.2055286169052124,0.2230902761220932,0.0175616592168808
COCO_val2014_000000490225,0.9008943438529968,0.924682080745697,0.023787736892700195,0.8060188293457031,0.8319543600082397,0.02593553066253662,0.11874615401029587,0.0877886712551117,-0.030957482755184174
COCO_val2014_000000490441,0.9084666967391968,0.9185640215873718,0.010097324848175049,0.776911199092865,0.7675267457962036,-0.009384453296661377,0.23325693607330322,0.20504897832870483,-0.02820795774459839
COCO_val2014_000000490878,0.8988356590270996,0.9076767563819885,0.008841097354888916,0.7104111313819885,0.6905467510223389,-0.019864380359649658,0.4545564353466034,0.5644217729568481,0.10986533761024475
COCO_val2014_000000490964,0.7969450354576111,0.8560847043991089,0.0591396689414978,0.7109960913658142,0.7375755906105042,0.02657949924468994,0.27296802401542664,0.23084650933742523,-0.042121514678001404
COCO_val2014_000000491098,0.8838272094726562,0.9039040803909302,0.020076870918273926,0.8142778873443604,0.8248270750045776,0.010549187660217285,0.14875994622707367,0.11897283792495728,-0.029787108302116394
COCO_val2014_000000491213,0.9208922386169434,0.9037110805511475,-0.0171811580657959,0.835342288017273,0.8094749450683594,-0.025867342948913574,0.11375761777162552,0.13625487685203552,0.022497259080410004
COCO_val2014_000000491478,0.8964114785194397,0.8638796210289001,-0.03253185749053955,0.8410796523094177,0.8109376430511475,-0.030142009258270264,0.09390950947999954,0.12669827044010162,0.03278876096010208
COCO_val2014_000000491784,0.8766818642616272,0.9387218356132507,0.062039971351623535,0.7330723404884338,0.7823948264122009,0.04932248592376709,0.2242141216993332,0.15825533866882324,-0.06595878303050995
COCO_val2014_000000492084,0.8678547143936157,0.8953875303268433,0.02753281593322754,0.7272462248802185,0.7652485370635986,0.03800231218338013,0.24546387791633606,0.1963934600353241,-0.04907041788101196
COCO_val2014_000000492284,0.8524695038795471,0.8938934803009033,0.0414239764213562,0.741884708404541,0.790260910987854,0.04837620258331299,0.23712444305419922,0.17628800868988037,-0.06083643436431885
COCO_val2014_000000492524,0.9022173881530762,0.9145724177360535,0.012355029582977295,0.7236149311065674,0.738918662071228,0.015303730964660645,0.3101133108139038,0.27112293243408203,-0.03899037837982178
COCO_val2014_000000493196,0.9381456971168518,0.9284732341766357,-0.009672462940216064,0.8169105648994446,0.8023039102554321,-0.014606654644012451,0.10961951315402985,0.10519218444824219,-0.004427328705787659
COCO_val2014_000000493206,0.8780123591423035,0.8870918154716492,0.009079456329345703,0.8191540241241455,0.7968233823776245,-0.022330641746520996,0.1403142213821411,0.14733251929283142,0.007018297910690308
COCO_val2014_000000493295,0.8899410963058472,0.8724232912063599,-0.017517805099487305,0.7600048780441284,0.7722117900848389,0.01220691204071045,0.20174336433410645,0.1770717203617096,-0.02467164397239685
COCO_val2014_000000493376,0.8907279968261719,0.8715028762817383,-0.019225120544433594,0.8404034376144409,0.8279361724853516,-0.012467265129089355,0.08772142231464386,0.09397459030151367,0.006253167986869812
COCO_val2014_000000493683,0.8335508108139038,0.8347176909446716,0.0011668801307678223,0.7762073278427124,0.7428073287010193,-0.033399999141693115,0.2179010808467865,0.25959670543670654,0.041695624589920044
COCO_val2014_000000493724,0.9138532280921936,0.9341190457344055,0.020265817642211914,0.7912797927856445,0.8117835521697998,0.020503759384155273,0.18440736830234528,0.13988442718982697,-0.04452294111251831
COCO_val2014_000000493774,0.6929501891136169,0.663125216960907,-0.02982497215270996,0.7099160552024841,0.6825283765792847,-0.027387678623199463,0.3064449429512024,0.34062594175338745,0.03418099880218506
COCO_val2014_000000493932,0.8814775347709656,0.9227943420410156,0.04131680727005005,0.7977776527404785,0.8271945714950562,0.029416918754577637,0.13905033469200134,0.09749504923820496,-0.04155528545379639
COCO_val2014_000000494144,0.8537193536758423,0.8529247641563416,-0.0007945895195007324,0.7144919037818909,0.7296794056892395,0.015187501907348633,0.2537584900856018,0.22125408053398132,-0.03250440955162048
COCO_val2014_000000494345,0.8830294013023376,0.8339056372642517,-0.04912376403808594,0.7618378400802612,0.7130508422851562,-0.04878699779510498,0.2180171012878418,0.2868729829788208,0.068855881690979
COCO_val2014_000000494580,0.7698571085929871,0.8086767196655273,0.03881961107254028,0.7530956268310547,0.7772594094276428,0.024163782596588135,0.1929817944765091,0.15601381659507751,-0.03696797788143158
COCO_val2014_000000494634,0.685864269733429,0.7868456840515137,0.10098141431808472,0.601109504699707,0.7070211172103882,0.10591161251068115,0.45725753903388977,0.2673850655555725,-0.18987247347831726
COCO_val2014_000000494679,0.8165179491043091,0.8061631321907043,-0.010354816913604736,0.7599520683288574,0.7377033233642578,-0.02224874496459961,0.2419915497303009,0.2859418988227844,0.04395034909248352
COCO_val2014_000000494887,0.9252536296844482,0.907247006893158,-0.018006622791290283,0.8168636560440063,0.7918068170547485,-0.025056838989257812,0.14413028955459595,0.18261872231960297,0.03848843276500702
COCO_val2014_000000494957,0.7573146820068359,0.7402531504631042,-0.01706153154373169,0.6918078660964966,0.6821789741516113,-0.009628891944885254,0.28841668367385864,0.3080174922943115,0.01960080862045288
COCO_val2014_000000495020,0.9728670120239258,0.9919050335884094,0.019038021564483643,0.8240476846694946,0.9097355008125305,0.08568781614303589,0.11973901093006134,0.03478040173649788,-0.08495860919356346
COCO_val2014_000000495377,0.878132164478302,0.9187505841255188,0.0406184196472168,0.7786504626274109,0.8336337804794312,0.054983317852020264,0.1615113466978073,0.09589962661266327,-0.06561172008514404
COCO_val2014_000000495456,0.8792117834091187,0.9271566867828369,0.04794490337371826,0.7511967420578003,0.8039485216140747,0.052751779556274414,0.2254597246646881,0.18192966282367706,-0.04353006184101105
COCO_val2014_000000495680,0.9121965765953064,0.9026901721954346,-0.009506404399871826,0.8078401684761047,0.8112731575965881,0.0034329891204833984,0.13031190633773804,0.1178978681564331,-0.012414038181304932
COCO_val2014_000000495808,0.8371621966362,0.8602849841117859,0.023122787475585938,0.7421990633010864,0.7418842315673828,-0.0003148317337036133,0.19827398657798767,0.20528845489025116,0.007014468312263489
COCO_val2014_000000496252,0.8240769505500793,0.842469334602356,0.01839238405227661,0.6272116899490356,0.6665988564491272,0.03938716650009155,0.4400562047958374,0.35558629035949707,-0.08446991443634033
COCO_val2014_000000496324,0.8536332845687866,0.8598600625991821,0.006226778030395508,0.7843526601791382,0.7964439392089844,0.012091279029846191,0.15302249789237976,0.14153775572776794,-0.011484742164611816
COCO_val2014_000000496618,0.8864541053771973,0.8504934906959534,-0.035960614681243896,0.8358802795410156,0.794630765914917,-0.04124951362609863,0.10063083469867706,0.13635030388832092,0.03571946918964386
COCO_val2014_000000496897,0.8530083298683167,0.7933796644210815,-0.05962866544723511,0.7522926330566406,0.7207900285720825,-0.031502604484558105,0.20516611635684967,0.3135223984718323,0.1083562821149826
COCO_val2014_000000497049,0.9034852981567383,0.9030173420906067,-0.0004679560661315918,0.7597450017929077,0.7536334991455078,-0.006111502647399902,0.26254695653915405,0.28604376316070557,0.023496806621551514
COCO_val2014_000000497365,0.8797494173049927,0.8928421139717102,0.01309269666671753,0.7545348405838013,0.7740330100059509,0.019498169422149658,0.211992084980011,0.18823355436325073,-0.023758530616760254
COCO_val2014_000000497466,0.8759461045265198,0.8856674432754517,0.009721338748931885,0.7411055564880371,0.7395104169845581,-0.001595139503479004,0.21199867129325867,0.21853354573249817,0.006534874439239502
COCO_val2014_000000497488,0.7969203591346741,0.8184434771537781,0.021523118019104004,0.6967191696166992,0.7201604843139648,0.023441314697265625,0.30088770389556885,0.24890024960041046,-0.051987454295158386
COCO_val2014_000000497640,0.7798845171928406,0.820972740650177,0.041088223457336426,0.7189993858337402,0.7548460960388184,0.035846710205078125,0.285458505153656,0.2480478733778,-0.03741063177585602
COCO_val2014_000000497660,0.9214576482772827,0.9359946846961975,0.014537036418914795,0.8151391744613647,0.8178514242172241,0.002712249755859375,0.1158059611916542,0.11223053187131882,-0.003575429320335388
COCO_val2014_000000498061,0.9249324798583984,0.9390986561775208,0.014166176319122314,0.7588945627212524,0.7915811538696289,0.032686591148376465,0.20683735609054565,0.15220266580581665,-0.054634690284729004
COCO_val2014_000000498286,0.8362223505973816,0.8796171545982361,0.04339480400085449,0.7588013410568237,0.7795178890228271,0.020716547966003418,0.19157251715660095,0.16835254430770874,-0.023219972848892212
COCO_val2014_000000498641,0.7608779072761536,0.737006425857544,-0.02387148141860962,0.6439845561981201,0.6309637427330017,-0.013020813465118408,0.4523266553878784,0.5352202653884888,0.08289361000061035
COCO_val2014_000000498747,0.94939786195755,0.9251335263252258,-0.02426433563232422,0.8287990093231201,0.802679181098938,-0.02611982822418213,0.12445162236690521,0.1402312070131302,0.015779584646224976
COCO_val2014_000000499266,0.8467731475830078,0.8641263246536255,0.017353177070617676,0.505313515663147,0.5523890256881714,0.047075510025024414,0.677483320236206,0.5621293783187866,-0.11535394191741943
COCO_val2014_000000499480,0.8607115745544434,0.8989251255989075,0.03821355104446411,0.805321216583252,0.8475037813186646,0.0421825647354126,0.12655118107795715,0.09234162420034409,-0.03420955687761307
COCO_val2014_000000499597,0.7617935538291931,0.739388644695282,-0.022404909133911133,0.6757323741912842,0.6410599946975708,-0.03467237949371338,0.2889929413795471,0.3926008343696594,0.1036078929901123
COCO_val2014_000000499810,0.6151570677757263,0.546470582485199,-0.06868648529052734,0.700069785118103,0.6469857692718506,-0.05308401584625244,0.263461709022522,0.3799324631690979,0.11647075414657593
COCO_val2014_000000500680,0.8881030082702637,0.8878341913223267,-0.0002688169479370117,0.795202374458313,0.7821928262710571,-0.01300954818725586,0.12925538420677185,0.12905889749526978,-0.0001964867115020752
COCO_val2014_000000500940,0.9192690253257751,0.9642370343208313,0.04496800899505615,0.8081464767456055,0.8657112121582031,0.057564735412597656,0.15391755104064941,0.07933129370212555,-0.07458625733852386
COCO_val2014_000000501294,0.9256443977355957,0.8855507969856262,-0.04009360074996948,0.8242870569229126,0.7792813777923584,-0.0450056791305542,0.0953550636768341,0.13925166428089142,0.04389660060405731
COCO_val2014_000000501443,0.7985383868217468,0.8439326286315918,0.04539424180984497,0.7309377193450928,0.7559143900871277,0.024976670742034912,0.2612912058830261,0.22744587063789368,-0.033845335245132446
COCO_val2014_000000501491,0.88004070520401,0.9031495451927185,0.023108839988708496,0.7874894738197327,0.8079919815063477,0.02050250768661499,0.16957098245620728,0.15353131294250488,-0.016039669513702393
COCO_val2014_000000501652,0.9292596578598022,0.9584899544715881,0.02923029661178589,0.7714451551437378,0.8236916065216064,0.05224645137786865,0.17312368750572205,0.11302255094051361,-0.060101136565208435
COCO_val2014_000000501982,0.8005540370941162,0.6898508667945862,-0.11070317029953003,0.6064888834953308,0.5351184606552124,-0.07137042284011841,0.4653449058532715,0.7164521217346191,0.25110721588134766
COCO_val2014_000000502001,0.8376128673553467,0.8571110963821411,0.019498229026794434,0.8126144409179688,0.7955782413482666,-0.01703619956970215,0.14268748462200165,0.15085580945014954,0.008168324828147888
COCO_val2014_000000503101,0.7138761878013611,0.7263941168785095,0.012517929077148438,0.6721032857894897,0.6758819818496704,0.003778696060180664,0.29899096488952637,0.3343888521194458,0.035397887229919434
COCO_val2014_000000503202,0.8965156078338623,0.8996543288230896,0.003138720989227295,0.7896097302436829,0.7706084847450256,-0.019001245498657227,0.17750728130340576,0.16283884644508362,-0.014668434858322144
COCO_val2014_000000503837,0.8679242730140686,0.8499173521995544,-0.01800692081451416,0.7938290238380432,0.769382655620575,-0.02444636821746826,0.14646874368190765,0.20220708847045898,0.05573834478855133
COCO_val2014_000000504005,0.8658615350723267,0.8794553279876709,0.013593792915344238,0.8447337746620178,0.8441848158836365,-0.0005489587783813477,0.08889666944742203,0.097399041056633,0.008502371609210968
COCO_val2014_000000504353,0.6435225009918213,0.8416190147399902,0.19809651374816895,0.5001170635223389,0.6399244070053101,0.1398073434829712,0.701079785823822,0.42955517768859863,-0.2715246081352234
COCO_val2014_000000504958,0.8291548490524292,0.8478173017501831,0.018662452697753906,0.6401634216308594,0.6852385997772217,0.045075178146362305,0.39150184392929077,0.3194766640663147,-0.07202517986297607
COCO_val2014_000000505455,0.9138269424438477,0.9268175959587097,0.01299065351486206,0.7775318622589111,0.7787627577781677,0.0012308955192565918,0.23615917563438416,0.2034679353237152,-0.032691240310668945
COCO_val2014_000000505818,0.8680465817451477,0.8210000395774841,-0.047046542167663574,0.7355040311813354,0.692225456237793,-0.04327857494354248,0.23357829451560974,0.32356226444244385,0.0899839699268341
COCO_val2014_000000505822,0.9030634164810181,0.8865655064582825,-0.016497910022735596,0.8400124311447144,0.7929034233093262,-0.047109007835388184,0.0888451635837555,0.12511470913887024,0.036269545555114746
COCO_val2014_000000506717,0.9300471544265747,0.9176903963088989,-0.012356758117675781,0.8111714124679565,0.7855437994003296,-0.025627613067626953,0.11068778485059738,0.14169880747795105,0.031011022627353668
COCO_val2014_000000506723,0.806090772151947,0.837060272693634,0.03096950054168701,0.7110950946807861,0.7602584958076477,0.04916340112686157,0.30256009101867676,0.1893937587738037,-0.11316633224487305
COCO_val2014_000000506933,0.9090545177459717,0.8749862909317017,-0.03406822681427002,0.7956656217575073,0.7668033242225647,-0.028862297534942627,0.1438732147216797,0.19998957216739655,0.05611635744571686
COCO_val2014_000000507037,0.8879271745681763,0.8981645703315735,0.010237395763397217,0.7692314386367798,0.7731543183326721,0.003922879695892334,0.22032172977924347,0.1889004409313202,-0.03142128884792328
COCO_val2014_000000507080,0.8512101769447327,0.918406069278717,0.06719589233398438,0.5317820906639099,0.6687633991241455,0.1369813084602356,0.6187463998794556,0.39280807971954346,-0.2259383201599121
COCO_val2014_000000507330,0.8008016347885132,0.6916307806968689,-0.10917085409164429,0.6009950041770935,0.53055340051651,-0.0704416036605835,0.4965443015098572,0.6399419903755188,0.14339768886566162
COCO_val2014_000000507473,0.9007580876350403,0.9288089871406555,0.028050899505615234,0.7370704412460327,0.7647806406021118,0.0277101993560791,0.28083908557891846,0.2285994291305542,-0.05223965644836426
COCO_val2014_000000507575,0.8088250160217285,0.8498185873031616,0.040993571281433105,0.7760971784591675,0.7915657758712769,0.015468597412109375,0.16147175431251526,0.14321359992027283,-0.01825815439224243
COCO_val2014_000000508514,0.7267800569534302,0.8319088220596313,0.10512876510620117,0.6635470390319824,0.7332674860954285,0.06972044706344604,0.3356429636478424,0.2110101282596588,-0.1246328353881836
COCO_val2014_000000508899,0.8186459541320801,0.7618033289909363,-0.0568426251411438,0.6228084564208984,0.6103054285049438,-0.01250302791595459,0.4230709969997406,0.4853817820549011,0.06231078505516052
COCO_val2014_000000508949,0.8820240497589111,0.9160089492797852,0.03398489952087402,0.6851444244384766,0.7544450759887695,0.06930065155029297,0.3273373544216156,0.18361425399780273,-0.14372310042381287
COCO_val2014_000000508950,0.8854057788848877,0.9205229878425598,0.03511720895767212,0.7368373870849609,0.7774969339370728,0.040659546852111816,0.23694345355033875,0.1800244152545929,-0.05691903829574585
COCO_val2014_000000509020,0.884154736995697,0.8519790768623352,-0.032175660133361816,0.7666003704071045,0.7203500270843506,-0.046250343322753906,0.23632429540157318,0.25484761595726013,0.01852332055568695
COCO_val2014_000000509416,0.7815496921539307,0.8885501027107239,0.10700041055679321,0.7139136791229248,0.7889494895935059,0.07503581047058105,0.29984521865844727,0.1567680537700653,-0.14307716488838196
COCO_val2014_000000510150,0.8452287316322327,0.8209534883499146,-0.024275243282318115,0.6935888528823853,0.6935805082321167,-8.344650268554688e-06,0.30403876304626465,0.2704799771308899,-0.033558785915374756
COCO_val2014_000000510329,0.9242199659347534,0.9390837550163269,0.014863789081573486,0.7693349123001099,0.7962583303451538,0.026923418045043945,0.1849362552165985,0.1624334752559662,-0.022502779960632324
COCO_val2014_000000510651,0.9271324872970581,0.9292974472045898,0.0021649599075317383,0.8237022161483765,0.8161128163337708,-0.007589399814605713,0.10734918713569641,0.10237617790699005,-0.00497300922870636
COCO_val2014_000000510681,0.7484577894210815,0.8314090967178345,0.08295130729675293,0.7293174266815186,0.7686823606491089,0.03936493396759033,0.2572779655456543,0.20940548181533813,-0.04787248373031616
COCO_val2014_000000510707,0.842644453048706,0.8323777914047241,-0.010266661643981934,0.8139504194259644,0.7967751622200012,-0.017175257205963135,0.13897672295570374,0.15838167071342468,0.019404947757720947
COCO_val2014_000000510798,0.9257369637489319,0.956781804561615,0.031044840812683105,0.8031337857246399,0.8421953916549683,0.03906160593032837,0.1271113157272339,0.08957040309906006,-0.03754091262817383
COCO_val2014_000000510992,0.8607521653175354,0.7280271053314209,-0.1327250599861145,0.6982131004333496,0.6076992750167847,-0.09051382541656494,0.29105082154273987,0.45933783054351807,0.1682870090007782
COCO_val2014_000000511050,0.7388597726821899,0.7843059301376343,0.045446157455444336,0.6640660762786865,0.6838778853416443,0.019811809062957764,0.3920271694660187,0.3614126145839691,-0.03061455488204956
COCO_val2014_000000511241,0.8929993510246277,0.8807416558265686,-0.012257695198059082,0.8307057023048401,0.8172650933265686,-0.013440608978271484,0.10126085579395294,0.11982885003089905,0.018567994236946106
COCO_val2014_000000511599,0.9628114700317383,0.9495739936828613,-0.013237476348876953,0.8617369532585144,0.8344813585281372,-0.027255594730377197,0.07321981340646744,0.11103098839521408,0.03781117498874664
COCO_val2014_000000511658,0.7173483371734619,0.7047377824783325,-0.012610554695129395,0.677215576171875,0.6529883146286011,-0.024227261543273926,0.37147006392478943,0.5009843111038208,0.12951424717903137
COCO_val2014_000000511674,0.8554345965385437,0.9170050024986267,0.06157040596008301,0.774193525314331,0.8136554956436157,0.03946197032928467,0.1618981659412384,0.1083962619304657,-0.053501904010772705
COCO_val2014_000000511777,0.9474797248840332,0.948472797870636,0.0009930729866027832,0.8454902172088623,0.8547524809837341,0.009262263774871826,0.07809455692768097,0.06268809735774994,-0.01540645956993103
COCO_val2014_000000512116,0.9358953237533569,0.942258894443512,0.006363570690155029,0.7798888683319092,0.8123018741607666,0.03241300582885742,0.17298032343387604,0.11508607864379883,-0.05789424479007721
COCO_val2014_000000512302,0.8175764083862305,0.8121823668479919,-0.005394041538238525,0.7416667938232422,0.7019351720809937,-0.039731621742248535,0.24218899011611938,0.32255157828330994,0.08036258816719055
COCO_val2014_000000512416,0.8989589810371399,0.8608701229095459,-0.038088858127593994,0.7663997411727905,0.7293812036514282,-0.037018537521362305,0.2707279920578003,0.2960773706436157,0.02534937858581543
COCO_val2014_000000512576,0.9273554086685181,0.9340333938598633,0.006677985191345215,0.8514468669891357,0.856395423412323,0.004948556423187256,0.08763395249843597,0.06627790629863739,-0.021356046199798584
COCO_val2014_000000512793,0.8730079531669617,0.9162520170211792,0.04324406385421753,0.8147404193878174,0.845077395439148,0.030336976051330566,0.1132400780916214,0.08358608931303024,-0.029653988778591156
COCO_val2014_000000512869,0.861577033996582,0.9016413688659668,0.040064334869384766,0.7490723729133606,0.7677668929100037,0.018694519996643066,0.21269667148590088,0.2177792340517044,0.005082562565803528
COCO_val2014_000000513054,0.9061868190765381,0.8827356696128845,-0.023451149463653564,0.7623200416564941,0.7258589863777161,-0.036461055278778076,0.2584483027458191,0.3095570504665375,0.051108747720718384
COCO_val2014_000000513993,0.8536741137504578,0.843928337097168,-0.009745776653289795,0.8160847425460815,0.8155366778373718,-0.0005480647087097168,0.09555947780609131,0.10421885550022125,0.008659377694129944
COCO_val2014_000000514083,0.8784096837043762,0.92648845911026,0.04807877540588379,0.7196252346038818,0.7710411548614502,0.05141592025756836,0.336584210395813,0.1956688016653061,-0.1409154087305069
COCO_val2014_000000514376,0.8803104758262634,0.9327710866928101,0.05246061086654663,0.76353520154953,0.8147096037864685,0.05117440223693848,0.20120561122894287,0.1336422562599182,-0.06756335496902466
COCO_val2014_000000514417,0.8515554666519165,0.9014909863471985,0.04993551969528198,0.7780004143714905,0.818901538848877,0.040901124477386475,0.18891817331314087,0.12188725173473358,-0.06703092157840729
COCO_val2014_000000514860,0.9236988425254822,0.9070332050323486,-0.016665637493133545,0.7550851106643677,0.7421150207519531,-0.01297008991241455,0.20426338911056519,0.24313463270664215,0.038871243596076965
COCO_val2014_000000515247,0.8870581984519958,0.9454307556152344,0.058372557163238525,0.7739242315292358,0.8332266807556152,0.059302449226379395,0.20365901291370392,0.11131741851568222,-0.0923415943980217
COCO_val2014_000000516786,0.8936966061592102,0.9304080009460449,0.03671139478683472,0.6241704225540161,0.6483638882637024,0.02419346570968628,0.43006032705307007,0.37190544605255127,-0.0581548810005188
COCO_val2014_000000516805,0.8585148453712463,0.8694594502449036,0.010944604873657227,0.8085956573486328,0.8091191649436951,0.0005235075950622559,0.1250881850719452,0.14122839272022247,0.016140207648277283
COCO_val2014_000000516856,0.9173901677131653,0.9306292533874512,0.013239085674285889,0.7759888172149658,0.7859246134757996,0.00993579626083374,0.16231857240200043,0.17644977569580078,0.014131203293800354
COCO_val2014_000000517056,0.8941762447357178,0.8869673609733582,-0.007208883762359619,0.7751504778862,0.7712513208389282,-0.0038991570472717285,0.22562992572784424,0.24649551510810852,0.020865589380264282
COCO_val2014_000000517069,0.87806236743927,0.8798819184303284,0.0018195509910583496,0.7693800926208496,0.7524319291114807,-0.016948163509368896,0.20692086219787598,0.2176380753517151,0.010717213153839111
COCO_val2014_000000517081,0.811409056186676,0.8454312086105347,0.03402215242385864,0.7601308822631836,0.7845747470855713,0.024443864822387695,0.2109074592590332,0.17284750938415527,-0.03805994987487793
COCO_val2014_000000518383,0.8952949643135071,0.8474915027618408,-0.04780346155166626,0.7586519718170166,0.7147424221038818,-0.043909549713134766,0.2286255955696106,0.28111839294433594,0.05249279737472534
COCO_val2014_000000519271,0.9384181499481201,0.9390566349029541,0.0006384849548339844,0.8556474447250366,0.8403568267822266,-0.015290617942810059,0.060054369270801544,0.08763808012008667,0.027583710849285126
COCO_val2014_000000519460,0.8907099366188049,0.9110038876533508,0.0202939510345459,0.8229895830154419,0.834473729133606,0.011484146118164062,0.0977870523929596,0.09681351482868195,-0.0009735375642776489
COCO_val2014_000000519673,0.906853437423706,0.8964753746986389,-0.010378062725067139,0.8219088912010193,0.8163119554519653,-0.005596935749053955,0.1117461547255516,0.15241411328315735,0.04066795855760574
COCO_val2014_000000519815,0.8304687738418579,0.8671932220458984,0.03672444820404053,0.7896451354026794,0.8134505152702332,0.02380537986755371,0.1471649557352066,0.12044369429349899,-0.02672126144170761
COCO_val2014_000000520524,0.786557137966156,0.8300167918205261,0.04345965385437012,0.7485089898109436,0.7656159400939941,0.017106950283050537,0.21290557086467743,0.2047465741634369,-0.00815899670124054
COCO_val2014_000000520531,0.9447639584541321,0.9233777523040771,-0.02138620615005493,0.7554436922073364,0.728508710861206,-0.02693498134613037,0.21958698332309723,0.27969008684158325,0.06010310351848602
COCO_val2014_000000520707,0.8654366731643677,0.8841316103935242,0.018694937229156494,0.6936114430427551,0.7409735321998596,0.04736208915710449,0.29084938764572144,0.21427753567695618,-0.07657185196876526
COCO_val2014_000000520832,0.8928791284561157,0.9371640682220459,0.044284939765930176,0.7847779989242554,0.8303323984146118,0.045554399490356445,0.17814530432224274,0.09945734590291977,-0.07868795841932297
COCO_val2014_000000520892,0.9211309552192688,0.9449007511138916,0.023769795894622803,0.7954827547073364,0.8331882953643799,0.03770554065704346,0.13760115206241608,0.07150427997112274,-0.06609687209129333
COCO_val2014_000000521359,0.8261876702308655,0.8684165477752686,0.042228877544403076,0.7758240699768066,0.8025727868080139,0.026748716831207275,0.1944010704755783,0.14644819498062134,-0.04795287549495697
COCO_val2014_000000522418,0.6652755737304688,0.8375180959701538,0.17224252223968506,0.6884312629699707,0.7530877590179443,0.06465649604797363,0.3214663863182068,0.1969102919101715,-0.12455609440803528
COCO_val2014_000000522713,0.9520882964134216,0.951358437538147,-0.0007298588752746582,0.8290828466415405,0.8450342416763306,0.01595139503479004,0.10852047801017761,0.08773523569107056,-0.020785242319107056
COCO_val2014_000000522782,0.8164895176887512,0.8464671969413757,0.02997767925262451,0.7593796253204346,0.7456455230712891,-0.013734102249145508,0.17712262272834778,0.23419123888015747,0.05706861615180969
COCO_val2014_000000522791,0.8482403755187988,0.7733495235443115,-0.0748908519744873,0.7336657047271729,0.6881184577941895,-0.0455472469329834,0.21522873640060425,0.307594895362854,0.09236615896224976
COCO_val2014_000000522935,0.8376344442367554,0.8818567395210266,0.04422229528427124,0.6402548551559448,0.7058214545249939,0.06556659936904907,0.49395525455474854,0.28666847944259644,-0.2072867751121521
COCO_val2014_000000523195,0.765863835811615,0.7597595453262329,-0.00610429048538208,0.7827199697494507,0.7757221460342407,-0.006997823715209961,0.15179207921028137,0.16554640233516693,0.013754323124885559
COCO_val2014_000000523454,0.7297996878623962,0.7180984020233154,-0.01170128583908081,0.6372767686843872,0.6623998284339905,0.02512305974960327,0.43521612882614136,0.4270463287830353,-0.008169800043106079
COCO_val2014_000000523677,0.7503479719161987,0.8047375082969666,0.05438953638076782,0.7651902437210083,0.7827761769294739,0.017585933208465576,0.1837337464094162,0.15764814615249634,-0.02608560025691986
COCO_val2014_000000523782,0.7728822231292725,0.8220622539520264,0.049180030822753906,0.6315422058105469,0.66945880651474,0.037916600704193115,0.4313790798187256,0.3643714189529419,-0.06700766086578369
COCO_val2014_000000523871,0.9250009059906006,0.9254422783851624,0.0004413723945617676,0.8084349632263184,0.8061597943305969,-0.0022751688957214355,0.11909501254558563,0.13299119472503662,0.013896182179450989
COCO_val2014_000000524187,0.9710065722465515,0.9820477962493896,0.011041224002838135,0.8161762952804565,0.8614802956581116,0.04530400037765503,0.1394471526145935,0.09178603440523148,-0.04766111820936203
COCO_val2014_000000524282,0.9428937435150146,0.945320188999176,0.002426445484161377,0.8349958658218384,0.8303526639938354,-0.00464320182800293,0.08157548308372498,0.09035869687795639,0.008783213794231415
COCO_val2014_000000524822,0.7604413032531738,0.7630426287651062,0.002601325511932373,0.6673493981361389,0.6634951829910278,-0.003854215145111084,0.3363732099533081,0.33773595094680786,0.0013627409934997559
COCO_val2014_000000524957,0.793623685836792,0.8725650906562805,0.07894140481948853,0.6340057849884033,0.7117760181427002,0.07777023315429688,0.4094958007335663,0.29215186834335327,-0.11734393239021301
COCO_val2014_000000524992,0.7558789253234863,0.7335751056671143,-0.02230381965637207,0.7440909147262573,0.7242144346237183,-0.019876480102539062,0.2177150547504425,0.23457595705986023,0.016860902309417725
COCO_val2014_000000525024,0.8695140480995178,0.9192805886268616,0.04976654052734375,0.7964895963668823,0.8262733221054077,0.02978372573852539,0.15692564845085144,0.09823845326900482,-0.05868719518184662
COCO_val2014_000000525087,0.7882601022720337,0.745629072189331,-0.04263103008270264,0.720311164855957,0.6931983232498169,-0.027112841606140137,0.25405627489089966,0.27698957920074463,0.02293330430984497
COCO_val2014_000000525376,0.7995746731758118,0.8038957715034485,0.004321098327636719,0.7616084218025208,0.7508946061134338,-0.010713815689086914,0.1862492859363556,0.1959654837846756,0.009716197848320007
COCO_val2014_000000525667,0.893273115158081,0.9056490659713745,0.012375950813293457,0.7805927991867065,0.7907806038856506,0.010187804698944092,0.20535896718502045,0.14711551368236542,-0.05824345350265503
COCO_val2014_000000526028,0.9535356163978577,0.9498285055160522,-0.00370711088180542,0.8476468324661255,0.8465086817741394,-0.001138150691986084,0.09242720901966095,0.10909222811460495,0.016665019094944
COCO_val2014_000000526186,0.8797727227210999,0.8890148997306824,0.00924217700958252,0.7294583320617676,0.7416084408760071,0.012150108814239502,0.25495827198028564,0.26110589504241943,0.006147623062133789
COCO_val2014_000000526188,0.9167186617851257,0.8658773899078369,-0.05084127187728882,0.7752395868301392,0.7067261934280396,-0.06851339340209961,0.1891595870256424,0.2865466773509979,0.09738709032535553
COCO_val2014_000000526359,0.9056088924407959,0.9073508381843567,0.001741945743560791,0.8345738649368286,0.8330957889556885,-0.0014780759811401367,0.08608455955982208,0.0843997374176979,-0.001684822142124176
COCO_val2014_000000526364,0.7914920449256897,0.8198028206825256,0.028310775756835938,0.8030205368995667,0.8255065679550171,0.02248603105545044,0.13257341086864471,0.1024555116891861,-0.030117899179458618
COCO_val2014_000000527054,0.8815157413482666,0.868259608745575,-0.01325613260269165,0.6863794326782227,0.7017015814781189,0.01532214879989624,0.32479584217071533,0.3258630037307739,0.0010671615600585938
COCO_val2014_000000527064,0.8912328481674194,0.8795437812805176,-0.011689066886901855,0.8218221664428711,0.8143520355224609,-0.007470130920410156,0.1063539907336235,0.1126587763428688,0.0063047856092453
COCO_val2014_000000527440,0.9049743413925171,0.8645145297050476,-0.04045981168746948,0.7989848852157593,0.7725625038146973,-0.02642238140106201,0.13076651096343994,0.16459456086158752,0.03382804989814758
COCO_val2014_000000527445,0.8517179489135742,0.864765465259552,0.013047516345977783,0.7808911800384521,0.7811532020568848,0.0002620220184326172,0.16507452726364136,0.15257209539413452,-0.012502431869506836
COCO_val2014_000000527733,0.8816102147102356,0.9206256866455078,0.03901547193527222,0.7852725982666016,0.8274829387664795,0.04221034049987793,0.14952825009822845,0.13041207194328308,-0.019116178154945374
COCO_val2014_000000527846,0.7999951839447021,0.7109612822532654,-0.08903390169143677,0.799584150314331,0.7506758570671082,-0.0489082932472229,0.12902267277240753,0.21476712822914124,0.0857444554567337
COCO_val2014_000000528084,0.8783453106880188,0.9075114130973816,0.029166102409362793,0.807137668132782,0.8371109962463379,0.029973328113555908,0.1406918466091156,0.09753228724002838,-0.04315955936908722
COCO_val2014_000000528201,0.9593153595924377,0.9631402492523193,0.003824889659881592,0.8140919804573059,0.8367683291435242,0.02267634868621826,0.15906675159931183,0.10121826082468033,-0.0578484907746315
COCO_val2014_000000528311,0.8577791452407837,0.8532207012176514,-0.004558444023132324,0.8045763969421387,0.8006428480148315,-0.003933548927307129,0.11416517198085785,0.10788470506668091,-0.006280466914176941
COCO_val2014_000000528411,0.8541414737701416,0.8193383812904358,-0.03480309247970581,0.7230175137519836,0.7105029225349426,-0.012514591217041016,0.2952800989151001,0.3191521465778351,0.023872047662734985
COCO_val2014_000000528866,0.7567505240440369,0.7357704043388367,-0.020980119705200195,0.8037289381027222,0.7759549617767334,-0.02777397632598877,0.13310696184635162,0.15742138028144836,0.02431441843509674
COCO_val2014_000000529234,0.9261174201965332,0.9374995827674866,0.01138216257095337,0.8145394325256348,0.8299621343612671,0.015422701835632324,0.12828490138053894,0.11068088561296463,-0.01760401576757431
COCO_val2014_000000529355,0.9076113700866699,0.8770647644996643,-0.030546605587005615,0.7773312330245972,0.7103201150894165,-0.06701111793518066,0.1843104064464569,0.28094184398651123,0.09663143754005432
COCO_val2014_000000529762,0.8330796360969543,0.8668074607849121,0.033727824687957764,0.7159314751625061,0.754786491394043,0.038855016231536865,0.25874921679496765,0.1935776174068451,-0.06517159938812256
COCO_val2014_000000529838,0.8892036080360413,0.9071092009544373,0.017905592918395996,0.7610536813735962,0.7616798877716064,0.0006262063980102539,0.21357357501983643,0.22095182538032532,0.007378250360488892
COCO_val2014_000000529944,0.7543259859085083,0.7394394874572754,-0.01488649845123291,0.550662636756897,0.555942714214325,0.0052800774574279785,0.5658373832702637,0.5760399103164673,0.010202527046203613
COCO_val2014_000000530259,0.9262281060218811,0.926364541053772,0.00013643503189086914,0.8356842994689941,0.8457245230674744,0.010040223598480225,0.1001710519194603,0.0964532345533371,-0.0037178173661231995
COCO_val2014_000000530500,0.7843657732009888,0.7976585030555725,0.01329272985458374,0.5836764574050903,0.6251299381256104,0.04145348072052002,0.5195549130439758,0.43016695976257324,-0.08938795328140259
COCO_val2014_000000530975,0.7973955869674683,0.862855076789856,0.0654594898223877,0.7369689345359802,0.7771625518798828,0.04019361734390259,0.2018352448940277,0.16009649634361267,-0.04173874855041504
COCO_val2014_000000530987,0.9507847428321838,0.9259768128395081,-0.02480792999267578,0.8709587454795837,0.8237236738204956,-0.047235071659088135,0.05105764418840408,0.0922718346118927,0.04121419042348862
COCO_val2014_000000531134,0.871551513671875,0.8876453638076782,0.016093850135803223,0.6790075302124023,0.7217118740081787,0.04270434379577637,0.32339394092559814,0.22766117751598358,-0.09573276340961456
COCO_val2014_000000531178,0.8415666818618774,0.8208200335502625,-0.02074664831161499,0.8048539757728577,0.7808946371078491,-0.023959338665008545,0.12977758049964905,0.2000618577003479,0.07028427720069885
COCO_val2014_000000531286,0.8145875930786133,0.8184811472892761,0.003893554210662842,0.5375456809997559,0.5429161190986633,0.005370438098907471,0.6264098882675171,0.6010098457336426,-0.02540004253387451
COCO_val2014_000000531510,0.8860245943069458,0.8878841996192932,0.0018596053123474121,0.7600030899047852,0.743471086025238,-0.01653200387954712,0.24662217497825623,0.27924925088882446,0.03262707591056824
COCO_val2014_000000531532,0.937399685382843,0.9375786781311035,0.00017899274826049805,0.8061546087265015,0.800094485282898,-0.006060123443603516,0.13273489475250244,0.17090599238872528,0.03817109763622284
COCO_val2014_000000531784,0.8096067309379578,0.8659284710884094,0.05632174015045166,0.7338844537734985,0.7648885250091553,0.03100407123565674,0.24742960929870605,0.2060750424861908,-0.04135456681251526
COCO_val2014_000000531798,0.7929263710975647,0.7689365744590759,-0.02398979663848877,0.7896543145179749,0.75676429271698,-0.03289002180099487,0.14497730135917664,0.19962090253829956,0.054643601179122925
COCO_val2014_000000531917,0.8644083738327026,0.8493837118148804,-0.015024662017822266,0.697066605091095,0.6998658180236816,0.00279921293258667,0.29293566942214966,0.2692662477493286,-0.023669421672821045
COCO_val2014_000000532003,0.899545431137085,0.8636059165000916,-0.03593951463699341,0.7303933501243591,0.6936285495758057,-0.03676480054855347,0.21478240191936493,0.2674899101257324,0.05270750820636749
COCO_val2014_000000532142,0.8375959396362305,0.817032516002655,-0.02056342363357544,0.7946590781211853,0.7829232215881348,-0.011735856533050537,0.13213469088077545,0.17878535389900208,0.046650663018226624
COCO_val2014_000000532164,0.7689052820205688,0.6673644781112671,-0.10154080390930176,0.7488683462142944,0.6270972490310669,-0.12177109718322754,0.2115887701511383,0.5637295246124268,0.35214075446128845
COCO_val2014_000000532976,0.971265971660614,0.9730707406997681,0.0018047690391540527,0.8857821822166443,0.8785321712493896,-0.007250010967254639,0.04089809209108353,0.03991623967885971,-0.000981852412223816
COCO_val2014_000000532983,0.8837350606918335,0.9172505140304565,0.03351545333862305,0.7754994034767151,0.8251469135284424,0.049647510051727295,0.17150630056858063,0.11545277386903763,-0.056053526699543
COCO_val2014_000000533003,0.8710811734199524,0.9090489745140076,0.037967801094055176,0.816389799118042,0.8396252393722534,0.023235440254211426,0.11358542740345001,0.08432530611753464,-0.029260121285915375
COCO_val2014_000000533378,0.8829007148742676,0.9065650105476379,0.02366429567337036,0.8191595077514648,0.842132568359375,0.022973060607910156,0.10876874625682831,0.08722120523452759,-0.02154754102230072
COCO_val2014_000000533408,0.8547340631484985,0.8893705010414124,0.03463643789291382,0.77858567237854,0.8001247048377991,0.021539032459259033,0.155484139919281,0.13413183391094208,-0.021352306008338928
COCO_val2014_000000533532,0.8926683664321899,0.9016810655593872,0.009012699127197266,0.7937307357788086,0.7895389199256897,-0.0041918158531188965,0.17098379135131836,0.1507662981748581,-0.020217493176460266
COCO_val2014_000000533548,0.8442423939704895,0.9152450561523438,0.07100266218185425,0.6178593635559082,0.690071702003479,0.0722123384475708,0.45553773641586304,0.2895202934741974,-0.16601744294166565
COCO_val2014_000000534018,0.934596598148346,0.9282755255699158,-0.006321072578430176,0.8359559774398804,0.8203687071800232,-0.015587270259857178,0.09684377163648605,0.12270795553922653,0.02586418390274048
COCO_val2014_000000534121,0.8562836050987244,0.8464237451553345,-0.009859859943389893,0.7735152244567871,0.785995364189148,0.01248013973236084,0.16796723008155823,0.16333168745040894,-0.004635542631149292
COCO_val2014_000000534467,0.8576875329017639,0.8515120148658752,-0.006175518035888672,0.7756695747375488,0.7574818134307861,-0.018187761306762695,0.21057674288749695,0.24398455023765564,0.03340780735015869
COCO_val2014_000000534659,0.8522184491157532,0.84856116771698,-0.0036572813987731934,0.819179117679596,0.8340972661972046,0.014918148517608643,0.0976250171661377,0.08917919546365738,-0.008445821702480316
COCO_val2014_000000534669,0.8765802383422852,0.8770684599876404,0.0004882216453552246,0.7760813236236572,0.774722695350647,-0.001358628273010254,0.1687142550945282,0.17033220827579498,0.0016179531812667847
COCO_val2014_000000534734,0.8758281469345093,0.8115934133529663,-0.06423473358154297,0.7411285638809204,0.693457841873169,-0.047670722007751465,0.22108787298202515,0.34447163343429565,0.12338376045227051
COCO_val2014_000000535013,0.9123051762580872,0.9283668994903564,0.016061723232269287,0.7568622827529907,0.7956304550170898,0.03876817226409912,0.18527257442474365,0.13498926162719727,-0.05028331279754639
COCO_val2014_000000535569,0.9066535830497742,0.8927419185638428,-0.013911664485931396,0.8233981728553772,0.814214825630188,-0.009183347225189209,0.10295376181602478,0.1313905417919159,0.028436779975891113
COCO_val2014_000000535934,0.8516030311584473,0.820513904094696,-0.03108912706375122,0.7489686012268066,0.7337833642959595,-0.015185236930847168,0.21982461214065552,0.2649519145488739,0.045127302408218384
COCO_val2014_000000536403,0.9170191884040833,0.9129590392112732,-0.004060149192810059,0.8122060298919678,0.8043712377548218,-0.007834792137145996,0.1461588740348816,0.17740201950073242,0.03124314546585083
COCO_val2014_000000536708,0.8893722891807556,0.8542659878730774,-0.03510630130767822,0.8076452016830444,0.7002097368240356,-0.10743546485900879,0.14513131976127625,0.2893507480621338,0.14421942830085754
COCO_val2014_000000536720,0.8909994959831238,0.8835277557373047,-0.007471740245819092,0.750257670879364,0.7473368644714355,-0.002920806407928467,0.23294401168823242,0.25826409459114075,0.025320082902908325
COCO_val2014_000000536933,0.8889493346214294,0.9026592373847961,0.0137099027633667,0.7910017967224121,0.7972879409790039,0.006286144256591797,0.1542053073644638,0.14168237149715424,-0.01252293586730957
COCO_val2014_000000536947,0.837247371673584,0.8650612235069275,0.027813851833343506,0.801131010055542,0.8153629302978516,0.01423192024230957,0.13534051179885864,0.11216345429420471,-0.02317705750465393
COCO_val2014_000000537081,0.8464120626449585,0.8602488040924072,0.01383674144744873,0.791833221912384,0.7679767608642578,-0.02385646104812622,0.15498173236846924,0.1936454325914383,0.038663700222969055
COCO_val2014_000000539787,0.8958361744880676,0.9072357416152954,0.011399567127227783,0.7634152173995972,0.7630354166030884,-0.00037980079650878906,0.17964287102222443,0.17252212762832642,-0.00712074339389801
COCO_val2014_000000539808,0.9083393216133118,0.9100695252418518,0.001730203628540039,0.7923702001571655,0.7974083423614502,0.005038142204284668,0.13107313215732574,0.13502460718154907,0.003951475024223328
COCO_val2014_000000540159,0.9082920551300049,0.8925502300262451,-0.015741825103759766,0.8283796310424805,0.7949422001838684,-0.03343743085861206,0.1125195175409317,0.13957083225250244,0.02705131471157074
COCO_val2014_000000540172,0.9752452373504639,0.9618869423866272,-0.01335829496383667,0.8783388137817383,0.8532629013061523,-0.025075912475585938,0.07237932085990906,0.07890284061431885,0.00652351975440979
COCO_val2014_000000540414,0.9053516983985901,0.924769401550293,0.01941770315170288,0.8135465979576111,0.8300137519836426,0.016467154026031494,0.1509196162223816,0.13550110161304474,-0.015418514609336853
COCO_val2014_000000540697,0.886600136756897,0.9410520792007446,0.054451942443847656,0.7857846021652222,0.8428075909614563,0.05702298879623413,0.1510554403066635,0.08219515532255173,-0.06886028498411179
COCO_val2014_000000541018,0.8995618224143982,0.898709774017334,-0.000852048397064209,0.8259605765342712,0.8230458498001099,-0.002914726734161377,0.10113897919654846,0.10393339395523071,0.002794414758682251
COCO_val2014_000000541132,0.8536467552185059,0.877941370010376,0.024294614791870117,0.7458314895629883,0.7881935834884644,0.042362093925476074,0.2122480869293213,0.15147815644741058,-0.060769930481910706
COCO_val2014_000000541493,0.8314908146858215,0.8318943977355957,0.0004035830497741699,0.7898205518722534,0.7946720123291016,0.0048514604568481445,0.1558653563261032,0.15012198686599731,-0.005743369460105896
COCO_val2014_000000541773,0.8758653998374939,0.8811675310134888,0.005302131175994873,0.7965375781059265,0.7970591187477112,0.000521540641784668,0.13261748850345612,0.14637523889541626,0.013757750391960144
COCO_val2014_000000542079,0.8971778154373169,0.889293372631073,-0.007884442806243896,0.7310891151428223,0.7493420839309692,0.018252968788146973,0.2594076991081238,0.22866088151931763,-0.030746817588806152
COCO_val2014_000000542205,0.9036334753036499,0.8654385209083557,-0.03819495439529419,0.742889404296875,0.711922824382782,-0.030966579914093018,0.2236940860748291,0.2643395960330963,0.04064550995826721
COCO_val2014_000000542509,0.9127146601676941,0.9251312017440796,0.012416541576385498,0.8506186008453369,0.8610461354255676,0.010427534580230713,0.07222180813550949,0.07725684344768524,0.005035035312175751
COCO_val2014_000000542625,0.8258693814277649,0.8782040476799011,0.05233466625213623,0.7578305006027222,0.8004764318466187,0.042645931243896484,0.2040507197380066,0.15747995674610138,-0.04657076299190521
COCO_val2014_000000543330,0.9296772480010986,0.9076181650161743,-0.022059082984924316,0.8535869717597961,0.8288968801498413,-0.024690091609954834,0.08114016801118851,0.10436372458934784,0.023223556578159332
COCO_val2014_000000543347,0.938303530216217,0.9549280405044556,0.016624510288238525,0.8110960721969604,0.8241119384765625,0.01301586627960205,0.1473165899515152,0.15387645363807678,0.0065598636865615845
COCO_val2014_000000543570,0.9055448174476624,0.8987202644348145,-0.0068245530128479,0.8073676824569702,0.8027074933052063,-0.004660189151763916,0.10546930134296417,0.18107566237449646,0.07560636103153229
COCO_val2014_000000543706,0.8523199558258057,0.8425732851028442,-0.009746670722961426,0.8221213817596436,0.8106595277786255,-0.011461853981018066,0.10808436572551727,0.11472815275192261,0.0066437870264053345
COCO_val2014_000000543836,0.8912134766578674,0.8570377230644226,-0.034175753593444824,0.7134283781051636,0.6919384002685547,-0.021489977836608887,0.2987407445907593,0.33757513761520386,0.03883439302444458
COCO_val2014_000000543961,0.7067293524742126,0.7830427289009094,0.07631337642669678,0.7081564664840698,0.7431144118309021,0.034957945346832275,0.2804192304611206,0.22830092906951904,-0.05211830139160156
COCO_val2014_000000544121,0.907789945602417,0.9105328917503357,0.002742946147918701,0.7883052825927734,0.7881535291671753,-0.00015175342559814453,0.1706399768590927,0.1786644160747528,0.008024439215660095
COCO_val2014_000000544574,0.9556126594543457,0.971528947353363,0.015916287899017334,0.8322396874427795,0.8542783260345459,0.022038638591766357,0.1124090626835823,0.06846824288368225,-0.043940819799900055
COCO_val2014_000000544876,0.9524123668670654,0.9217171669006348,-0.030695199966430664,0.8048288226127625,0.7503713369369507,-0.05445748567581177,0.1469087302684784,0.21580500900745392,0.06889627873897552
COCO_val2014_000000545219,0.8588429093360901,0.912867546081543,0.05402463674545288,0.8111063838005066,0.8410365581512451,0.029930174350738525,0.1298336386680603,0.08511234819889069,-0.04472129046916962
COCO_val2014_000000545363,0.7437958121299744,0.8075746893882751,0.06377887725830078,0.761767566204071,0.7588837146759033,-0.0028838515281677246,0.21404176950454712,0.19963310658931732,-0.014408662915229797
COCO_val2014_000000545734,0.9029070138931274,0.8671690225601196,-0.03573799133300781,0.8527214527130127,0.8323589563369751,-0.020362496376037598,0.07502371072769165,0.1021517813205719,0.02712807059288025
COCO_val2014_000000545867,0.8835548758506775,0.9152154326438904,0.03166055679321289,0.7870185971260071,0.806485652923584,0.019467055797576904,0.20863693952560425,0.1751072108745575,-0.03352972865104675
COCO_val2014_000000545959,0.7905970811843872,0.8357531428337097,0.04515606164932251,0.7215113043785095,0.7593016624450684,0.03779035806655884,0.24539434909820557,0.18568241596221924,-0.05971193313598633
COCO_val2014_000000546052,0.9606092572212219,0.9471324682235718,-0.013476788997650146,0.8537784814834595,0.8283385038375854,-0.025439977645874023,0.07453902065753937,0.10408854484558105,0.029549524188041687
COCO_val2014_000000546229,0.9190810322761536,0.9200266003608704,0.0009455680847167969,0.7955988645553589,0.779413104057312,-0.016185760498046875,0.15993331372737885,0.18133339285850525,0.021400079131126404
COCO_val2014_000000546896,0.8979196548461914,0.8720973134040833,-0.025822341442108154,0.7652139663696289,0.7630956768989563,-0.0021182894706726074,0.18989911675453186,0.17676536738872528,-0.01313374936580658
COCO_val2014_000000546928,0.9324241876602173,0.903988242149353,-0.028435945510864258,0.8175734877586365,0.7727463245391846,-0.044827163219451904,0.12156403809785843,0.15647253394126892,0.03490849584341049
COCO_val2014_000000547041,0.8885452747344971,0.9127939939498901,0.024248719215393066,0.8255088329315186,0.8434662818908691,0.017957448959350586,0.09906928241252899,0.07617498189210892,-0.022894300520420074
COCO_val2014_000000547212,0.8472659587860107,0.8436712026596069,-0.0035947561264038086,0.7726233601570129,0.7732936143875122,0.0006702542304992676,0.19819629192352295,0.16770634055137634,-0.030489951372146606
COCO_val2014_000000547493,0.948580801486969,0.9473862648010254,-0.0011945366859436035,0.8680927753448486,0.8360449075698853,-0.03204786777496338,0.06018918752670288,0.10040075331926346,0.04021156579256058
COCO_val2014_000000547798,0.8682970404624939,0.8331818580627441,-0.035115182399749756,0.7676928043365479,0.7229410409927368,-0.044751763343811035,0.21944484114646912,0.31154435873031616,0.09209951758384705
COCO_val2014_000000548336,0.8957074880599976,0.8673968315124512,-0.028310656547546387,0.7272677421569824,0.6672765016555786,-0.05999124050140381,0.23584839701652527,0.38461631536483765,0.14876791834831238
COCO_val2014_000000548420,0.8900335431098938,0.927178680896759,0.037145137786865234,0.7908992767333984,0.8189029693603516,0.028003692626953125,0.19114607572555542,0.11818021535873413,-0.07296586036682129
COCO_val2014_000000548423,0.8360037803649902,0.8794196844100952,0.04341590404510498,0.7849794626235962,0.8058375120162964,0.020858049392700195,0.15008899569511414,0.13788475096225739,-0.01220424473285675
COCO_val2014_000000548670,0.9245380163192749,0.9576740264892578,0.03313601016998291,0.7899265885353088,0.830402135848999,0.040475547313690186,0.13506385684013367,0.10757825523614883,-0.027485601603984833
COCO_val2014_000000548713,0.9091716408729553,0.8814687132835388,-0.027702927589416504,0.7814352512359619,0.7656697034835815,-0.01576554775238037,0.16853439807891846,0.1930219531059265,0.024487555027008057
COCO_val2014_000000549109,0.7674376368522644,0.7885921597480774,0.02115452289581299,0.7381783723831177,0.6950135827064514,-0.04316478967666626,0.19640669226646423,0.26290857791900635,0.06650188565254211
COCO_val2014_000000549224,0.8497251272201538,0.8297790884971619,-0.019946038722991943,0.785309374332428,0.7812515497207642,-0.004057824611663818,0.17192377150058746,0.17625102400779724,0.004327252507209778
COCO_val2014_000000549230,0.8108512163162231,0.8203240633010864,0.009472846984863281,0.6888276934623718,0.706106960773468,0.01727926731109619,0.32571300864219666,0.28790920972824097,-0.03780379891395569
COCO_val2014_000000549674,0.8612064123153687,0.8723269701004028,0.01112055778503418,0.8276174068450928,0.8355957269668579,0.007978320121765137,0.09529031813144684,0.0919770821928978,-0.0033132359385490417
COCO_val2014_000000549943,0.9262237548828125,0.9322654604911804,0.00604170560836792,0.8316510915756226,0.8359066247940063,0.004255533218383789,0.09784668684005737,0.10024487972259521,0.002398192882537842
COCO_val2014_000000550405,0.8891471028327942,0.8852288722991943,-0.0039182305335998535,0.8020105361938477,0.8008897304534912,-0.0011208057403564453,0.14772187173366547,0.17264902591705322,0.024927154183387756
COCO_val2014_000000550514,0.9513071179389954,0.9173141121864319,-0.03399300575256348,0.828906774520874,0.8011035323143005,-0.027803242206573486,0.10443511605262756,0.15296290814876556,0.048527792096138
COCO_val2014_000000550601,0.8752355575561523,0.9002722501754761,0.02503669261932373,0.7858030796051025,0.7994526624679565,0.013649582862854004,0.16031478345394135,0.14757037162780762,-0.012744411826133728
COCO_val2014_000000550691,0.8558385372161865,0.8843043446540833,0.02846580743789673,0.7732993364334106,0.7929774522781372,0.019678115844726562,0.14844390749931335,0.13579225540161133,-0.012651652097702026
COCO_val2014_000000550707,0.9232365489006042,0.9146717190742493,-0.00856482982635498,0.803889274597168,0.7864559888839722,-0.0174332857131958,0.13972964882850647,0.1447855830192566,0.005055934190750122
COCO_val2014_000000550815,0.8581723570823669,0.7958471179008484,-0.062325239181518555,0.8381078243255615,0.788031816482544,-0.05007600784301758,0.07518786936998367,0.12998372316360474,0.05479585379362106
COCO_val2014_000000551334,0.8792674541473389,0.9148823618888855,0.03561490774154663,0.5930367708206177,0.6343981027603149,0.041361331939697266,0.47170716524124146,0.3908093273639679,-0.08089783787727356
COCO_val2014_000000551713,0.7810930609703064,0.8695595264434814,0.08846646547317505,0.5622418522834778,0.6519284248352051,0.0896865725517273,0.5872901082038879,0.4241439700126648,-0.16314613819122314
COCO_val2014_000000551811,0.8140115737915039,0.8254274725914001,0.01141589879989624,0.6577457189559937,0.6738691926002502,0.016123473644256592,0.35259437561035156,0.3404929041862488,-0.012101471424102783
COCO_val2014_000000552377,0.8797095417976379,0.8652456402778625,-0.01446390151977539,0.8282826542854309,0.8173271417617798,-0.010955512523651123,0.11099837720394135,0.12062951177358627,0.009631134569644928
COCO_val2014_000000552610,0.7176794409751892,0.7178802490234375,0.00020080804824829102,0.7229816913604736,0.7072553634643555,-0.015726327896118164,0.2674451470375061,0.25285714864730835,-0.014587998390197754
COCO_val2014_000000552636,0.8914597630500793,0.9160995483398438,0.024639785289764404,0.8257852792739868,0.8422735929489136,0.016488313674926758,0.09638183563947678,0.08099783957004547,-0.015383996069431305
COCO_val2014_000000553879,0.8861547112464905,0.8933921456336975,0.007237434387207031,0.8072296380996704,0.8146561980247498,0.007426559925079346,0.14334073662757874,0.12595152854919434,-0.0173892080783844
COCO_val2014_000000554037,0.8866177797317505,0.9012156128883362,0.014597833156585693,0.7968559265136719,0.8099514245986938,0.013095498085021973,0.148982971906662,0.14781151711940765,-0.0011714547872543335
COCO_val2014_000000554445,0.786129355430603,0.8111611008644104,0.025031745433807373,0.7562971711158752,0.7355630397796631,-0.020734131336212158,0.17289328575134277,0.25265640020370483,0.07976311445236206
COCO_val2014_000000554828,0.79448002576828,0.7802531123161316,-0.014226913452148438,0.7179617881774902,0.7166048288345337,-0.001356959342956543,0.2533729672431946,0.28661400079727173,0.03324103355407715
COCO_val2014_000000555005,0.8223454356193542,0.8020613789558411,-0.020284056663513184,0.7592356204986572,0.7582296133041382,-0.001006007194519043,0.23646388947963715,0.20556262135505676,-0.030901268124580383
COCO_val2014_000000555131,0.9087581634521484,0.918255090713501,0.009496927261352539,0.8111884593963623,0.8031430244445801,-0.008045434951782227,0.11021432280540466,0.11939074099063873,0.00917641818523407
COCO_val2014_000000555356,0.8957053422927856,0.8300462365150452,-0.06565910577774048,0.8024617433547974,0.7516868710517883,-0.05077487230300903,0.13625916838645935,0.20773300528526306,0.07147383689880371
COCO_val2014_000000555582,0.9467201232910156,0.9615174531936646,0.014797329902648926,0.8297342658042908,0.8677608966827393,0.038026630878448486,0.10064093768596649,0.05528901144862175,-0.04535192623734474
COCO_val2014_000000555648,0.9145060777664185,0.9053940176963806,-0.009112060070037842,0.820039689540863,0.8054676651954651,-0.01457202434539795,0.10491538047790527,0.12900421023368835,0.02408882975578308
COCO_val2014_000000555848,0.9022011160850525,0.8998583555221558,-0.0023427605628967285,0.8185535669326782,0.818392276763916,-0.00016129016876220703,0.10277009010314941,0.10211558640003204,-0.0006545037031173706
COCO_val2014_000000555905,0.8583398461341858,0.8747937679290771,0.016453921794891357,0.7782109975814819,0.7896285057067871,0.011417508125305176,0.2021070271730423,0.16618841886520386,-0.03591860830783844
COCO_val2014_000000555953,0.9226981997489929,0.8821010589599609,-0.04059714078903198,0.8232103586196899,0.7748442888259888,-0.04836606979370117,0.12869642674922943,0.18741929531097412,0.05872286856174469
COCO_val2014_000000556073,0.7572294473648071,0.8037197589874268,0.04649031162261963,0.730754017829895,0.7545397281646729,0.023785710334777832,0.27043581008911133,0.1891040951013565,-0.08133171498775482
COCO_val2014_000000556120,0.875659167766571,0.8133194446563721,-0.062339723110198975,0.8080528974533081,0.7515051364898682,-0.05654776096343994,0.13305023312568665,0.20936943590641022,0.07631920278072357
COCO_val2014_000000556597,0.8648431897163391,0.8334262371063232,-0.03141695261001587,0.7823469042778015,0.7494529485702515,-0.03289395570755005,0.16245317459106445,0.18535009026527405,0.022896915674209595
COCO_val2014_000000556703,0.8856585025787354,0.8962845802307129,0.010626077651977539,0.815028190612793,0.830284833908081,0.015256643295288086,0.13356555998325348,0.11498409509658813,-0.018581464886665344
COCO_val2014_000000557117,0.8615077137947083,0.8543177843093872,-0.007189929485321045,0.7556357383728027,0.7614836692810059,0.005847930908203125,0.20605848729610443,0.20236846804618835,-0.0036900192499160767
COCO_val2014_000000557150,0.916901171207428,0.9309701919555664,0.014069020748138428,0.7743391990661621,0.8053929805755615,0.031053781509399414,0.17284320294857025,0.1060442253947258,-0.06679897755384445
COCO_val2014_000000557163,0.8770052790641785,0.9424049854278564,0.06539970636367798,0.6942206621170044,0.7721737027168274,0.077953040599823,0.368431031703949,0.19826450943946838,-0.1701665222644806
COCO_val2014_000000557324,0.8661226034164429,0.8851639032363892,0.01904129981994629,0.835150957107544,0.8369064927101135,0.00175553560256958,0.10753236711025238,0.10391947627067566,-0.003612890839576721
COCO_val2014_000000557517,0.9417546391487122,0.9396464228630066,-0.0021082162857055664,0.8233271837234497,0.8073174953460693,-0.01600968837738037,0.14307092130184174,0.19521692395210266,0.052146002650260925
COCO_val2014_000000557552,0.905849039554596,0.8775754570960999,-0.028273582458496094,0.8359900712966919,0.7885621786117554,-0.04742789268493652,0.09504027664661407,0.15535417199134827,0.06031389534473419
COCO_val2014_000000557679,0.8632775545120239,0.8508697748184204,-0.012407779693603516,0.7763882875442505,0.7664353847503662,-0.009952902793884277,0.17180781066417694,0.1973365694284439,0.025528758764266968
COCO_val2014_000000557923,0.9075225591659546,0.9020094275474548,-0.005513131618499756,0.78536057472229,0.7795107364654541,-0.0058498382568359375,0.17944183945655823,0.1825125515460968,0.0030707120895385742
COCO_val2014_000000557926,0.8422330617904663,0.8313045501708984,-0.010928511619567871,0.7043100595474243,0.703532338142395,-0.0007777214050292969,0.3109123706817627,0.3115116357803345,0.0005992650985717773
COCO_val2014_000000558114,0.7817038893699646,0.8068479895591736,0.025144100189208984,0.6052408218383789,0.6574406623840332,0.0521998405456543,0.5231896638870239,0.4319261312484741,-0.0912635326385498
COCO_val2014_000000558171,0.8495703339576721,0.8231972455978394,-0.026373088359832764,0.7111916542053223,0.6826596856117249,-0.028531968593597412,0.3001058101654053,0.40932151675224304,0.10921570658683777
COCO_val2014_000000558449,0.8538574576377869,0.8453381061553955,-0.008519351482391357,0.7931264638900757,0.781569242477417,-0.011557221412658691,0.14009161293506622,0.1708638221025467,0.03077220916748047
COCO_val2014_000000558457,0.8273693919181824,0.8367670178413391,0.009397625923156738,0.6750279664993286,0.7023746371269226,0.027346670627593994,0.3480053246021271,0.3360005021095276,-0.012004822492599487
COCO_val2014_000000558498,0.8766657114028931,0.8747026920318604,-0.001963019371032715,0.675735354423523,0.7172425985336304,0.04150724411010742,0.35509389638900757,0.27667897939682007,-0.0784149169921875
COCO_val2014_000000558539,0.756145715713501,0.71146559715271,-0.044680118560791016,0.6166208982467651,0.611029863357544,-0.005591034889221191,0.4383535385131836,0.47439491748809814,0.03604137897491455
COCO_val2014_000000558587,0.9585031270980835,0.9284893870353699,-0.030013740062713623,0.8431904315948486,0.7841016054153442,-0.059088826179504395,0.09579622745513916,0.14946912229061127,0.05367289483547211
COCO_val2014_000000558633,0.9114011526107788,0.8873812556266785,-0.024019896984100342,0.7982359528541565,0.759340226650238,-0.03889572620391846,0.1343795359134674,0.19750544428825378,0.06312590837478638
COCO_val2014_000000558635,0.9440339207649231,0.9635294079780579,0.019495487213134766,0.8121442794799805,0.8475683927536011,0.035424113273620605,0.11972859501838684,0.08349081873893738,-0.03623777627944946
COCO_val2014_000000558645,0.9195345640182495,0.8978103995323181,-0.021724164485931396,0.7579054832458496,0.7113488912582397,-0.04655659198760986,0.22733980417251587,0.2868235409259796,0.059483736753463745
COCO_val2014_000000558677,0.8421517014503479,0.841681182384491,-0.0004705190658569336,0.8014911413192749,0.8054053783416748,0.003914237022399902,0.13682052493095398,0.13122454285621643,-0.005595982074737549
COCO_val2014_000000559277,0.9591282606124878,0.9502149820327759,-0.008913278579711914,0.8476885557174683,0.8398798704147339,-0.007808685302734375,0.08515877276659012,0.0918256938457489,0.006666921079158783
COCO_val2014_000000559312,0.8300625085830688,0.78974848985672,-0.04031401872634888,0.7365584373474121,0.7211753129959106,-0.015383124351501465,0.2425936460494995,0.26440656185150146,0.021812915802001953
COCO_val2014_000000559364,0.7301062345504761,0.7686545848846436,0.03854835033416748,0.5991312861442566,0.6388444304466248,0.039713144302368164,0.4633862376213074,0.37528759241104126,-0.08809864521026611
COCO_val2014_000000559550,0.8976262211799622,0.8994246125221252,0.001798391342163086,0.7772058248519897,0.7921546697616577,0.014948844909667969,0.20065006613731384,0.1522117704153061,-0.04843829572200775
COCO_val2014_000000559837,0.6122170090675354,0.5882168412208557,-0.024000167846679688,0.5653061866760254,0.5500038862228394,-0.015302300453186035,0.582878589630127,0.6555318832397461,0.07265329360961914
COCO_val2014_000000560256,0.8093386292457581,0.8226771354675293,0.01333850622177124,0.815302848815918,0.8180686235427856,0.0027657747268676758,0.11494104564189911,0.09674015641212463,-0.018200889229774475
COCO_val2014_000000560365,0.8501659035682678,0.8825737833976746,0.03240787982940674,0.8197891712188721,0.8249192237854004,0.00513005256652832,0.13247093558311462,0.13703864812850952,0.0045677125453948975
COCO_val2014_000000560721,0.8226256370544434,0.8637713193893433,0.0411456823348999,0.7705448269844055,0.7968283295631409,0.02628350257873535,0.19215068221092224,0.15294376015663147,-0.03920692205429077
COCO_val2014_000000560744,0.9425621032714844,0.9313017129898071,-0.011260390281677246,0.81355881690979,0.7815520167350769,-0.032006800174713135,0.12543246150016785,0.16170476377010345,0.03627230226993561
COCO_val2014_000000561004,0.9165634512901306,0.9031179547309875,-0.013445496559143066,0.8113936185836792,0.7875001430511475,-0.02389347553253174,0.18903318047523499,0.199114128947258,0.01008094847202301
COCO_val2014_000000561336,0.8997058868408203,0.8718507289886475,-0.02785515785217285,0.8117102384567261,0.775558352470398,-0.036151885986328125,0.10326982289552689,0.14401328563690186,0.04074346274137497
COCO_val2014_000000561366,0.8750885128974915,0.8439748883247375,-0.031113624572753906,0.8060377836227417,0.783155620098114,-0.022882163524627686,0.14250174164772034,0.16999679803848267,0.02749505639076233
COCO_val2014_000000561403,0.933391809463501,0.9361253380775452,0.0027335286140441895,0.8376631736755371,0.8332210779190063,-0.004442095756530762,0.10425848513841629,0.10757361352443695,0.0033151283860206604
COCO_val2014_000000561619,0.8695436120033264,0.816319465637207,-0.053224146366119385,0.6993081569671631,0.6603651642799377,-0.03894299268722534,0.31154513359069824,0.3500950336456299,0.03854990005493164
COCO_val2014_000000561745,0.9542936682701111,0.9476302266120911,-0.0066634416580200195,0.842255175113678,0.8280541896820068,-0.014200985431671143,0.09693560004234314,0.09041029214859009,-0.006525307893753052
COCO_val2014_000000561958,0.8968815207481384,0.9080700278282166,0.011188507080078125,0.7899519801139832,0.8029763698577881,0.013024389743804932,0.2018892765045166,0.18675541877746582,-0.015133857727050781
COCO_val2014_000000562084,0.8899317383766174,0.9091631770133972,0.019231438636779785,0.8135583996772766,0.8065084218978882,-0.007049977779388428,0.19804267585277557,0.2181655764579773,0.02012290060520172
COCO_val2014_000000562622,0.883309006690979,0.9061073660850525,0.022798359394073486,0.8040291666984558,0.8193432688713074,0.015314102172851562,0.12440015375614166,0.11247275769710541,-0.011927396059036255
COCO_val2014_000000562632,0.9241718053817749,0.9494904279708862,0.025318622589111328,0.8161235451698303,0.8534152507781982,0.03729170560836792,0.10735498368740082,0.069124735891819,-0.03823024779558182
COCO_val2014_000000562803,0.8708744645118713,0.8913354873657227,0.02046102285385132,0.7091996073722839,0.739321768283844,0.03012216091156006,0.28861963748931885,0.26371246576309204,-0.024907171726226807
COCO_val2014_000000562818,0.9069034457206726,0.8909662961959839,-0.01593714952468872,0.7996377348899841,0.7965316772460938,-0.003106057643890381,0.11812496930360794,0.1383102536201477,0.020185284316539764
COCO_val2014_000000563615,0.9081853032112122,0.9160086512565613,0.007823348045349121,0.8105039000511169,0.8130966424942017,0.002592742443084717,0.12212443351745605,0.12255184352397919,0.0004274100065231323
COCO_val2014_000000564129,0.8321218490600586,0.8255085349082947,-0.006613314151763916,0.7289884686470032,0.725620448589325,-0.0033680200576782227,0.26295173168182373,0.2538214325904846,-0.009130299091339111
COCO_val2014_000000564489,0.8855400085449219,0.822572648525238,-0.06296736001968384,0.7483810186386108,0.6774009466171265,-0.07098007202148438,0.28587186336517334,0.37083375453948975,0.0849618911743164
COCO_val2014_000000564572,0.8846415281295776,0.9165039658546448,0.03186243772506714,0.7523285150527954,0.8091514706611633,0.05682295560836792,0.20696115493774414,0.12597504258155823,-0.08098611235618591
COCO_val2014_000000564629,0.6783808469772339,0.7284879684448242,0.05010712146759033,0.7774471044540405,0.8063851594924927,0.02893805503845215,0.1636684536933899,0.13244590163230896,-0.031222552061080933
COCO_val2014_000000564820,0.82265704870224,0.7324312329292297,-0.09022581577301025,0.8248507976531982,0.7643182277679443,-0.060532569885253906,0.09671469777822495,0.16148343682289124,0.06476873904466629
COCO_val2014_000000564830,0.794356107711792,0.8712592124938965,0.07690310478210449,0.778679370880127,0.8081945180892944,0.02951514720916748,0.17464539408683777,0.12351328134536743,-0.05113211274147034
COCO_val2014_000000564934,0.9235334992408752,0.9000008702278137,-0.023532629013061523,0.8264606595039368,0.7779874205589294,-0.048473238945007324,0.11605565249919891,0.16970083117485046,0.05364517867565155
COCO_val2014_000000564936,0.8713688850402832,0.8666989207267761,-0.00466996431350708,0.7238576412200928,0.7267751693725586,0.0029175281524658203,0.29912030696868896,0.3785836100578308,0.07946330308914185
COCO_val2014_000000565085,0.8883202075958252,0.9171284437179565,0.028808236122131348,0.7698177099227905,0.7816343307495117,0.011816620826721191,0.22252656519412994,0.20133012533187866,-0.021196439862251282
COCO_val2014_000000565395,0.9124034643173218,0.8903123736381531,-0.0220910906791687,0.8045445680618286,0.7978342175483704,-0.006710350513458252,0.15694084763526917,0.19075672328472137,0.03381587564945221
COCO_val2014_000000565405,0.8900322914123535,0.8529090285301208,-0.037123262882232666,0.8187691569328308,0.8024389147758484,-0.016330242156982422,0.12470383197069168,0.13941803574562073,0.014714203774929047
COCO_val2014_000000565479,0.8972797989845276,0.8599563241004944,-0.0373234748840332,0.7925175428390503,0.7681141495704651,-0.024403393268585205,0.13804370164871216,0.17403477430343628,0.03599107265472412
COCO_val2014_000000565485,0.8512614369392395,0.8685876131057739,0.017326176166534424,0.7173992395401001,0.717657208442688,0.0002579689025878906,0.2750106155872345,0.2830505967140198,0.008039981126785278
COCO_val2014_000000565563,0.8131037950515747,0.8379959464073181,0.024892151355743408,0.7573440074920654,0.7513601183891296,-0.005983889102935791,0.24961890280246735,0.2696252465248108,0.020006343722343445
COCO_val2014_000000565582,0.7910909652709961,0.8472161889076233,0.0561252236366272,0.6784584522247314,0.7327374219894409,0.05427896976470947,0.30593881011009216,0.22084766626358032,-0.08509114384651184
COCO_val2014_000000565635,0.8695608377456665,0.8644000291824341,-0.005160808563232422,0.7504608035087585,0.7488634586334229,-0.0015973448753356934,0.1947300136089325,0.19861894845962524,0.003888934850692749
COCO_val2014_000000565693,0.8547853231430054,0.8818233013153076,0.027037978172302246,0.7144865989685059,0.7369644045829773,0.022477805614471436,0.2857130765914917,0.24940943717956543,-0.03630363941192627
COCO_val2014_000000566049,0.9226239323616028,0.9662486910820007,0.04362475872039795,0.8038076162338257,0.8631714582443237,0.05936384201049805,0.1067410334944725,0.05146823078393936,-0.05527280271053314
COCO_val2014_000000566651,0.8338590860366821,0.8454689979553223,0.011609911918640137,0.7463276386260986,0.7431002855300903,-0.0032273530960083008,0.21588069200515747,0.22076451778411865,0.004883825778961182
COCO_val2014_000000566941,0.9195904731750488,0.9573209881782532,0.037730515003204346,0.7863569855690002,0.8383654356002808,0.05200845003128052,0.1630174219608307,0.09996343404054642,-0.06305398792028427
COCO_val2014_000000567118,0.676480233669281,0.7597183585166931,0.08323812484741211,0.6697418689727783,0.734417200088501,0.06467533111572266,0.29903411865234375,0.20911335945129395,-0.0899207592010498
COCO_val2014_000000567205,0.8887560367584229,0.855304479598999,-0.03345155715942383,0.7970109581947327,0.7850432991981506,-0.011967658996582031,0.1514645516872406,0.16817331314086914,0.01670876145362854
COCO_val2014_000000567494,0.9122406244277954,0.9306060075759888,0.01836538314819336,0.753943920135498,0.7510115504264832,-0.0029323697090148926,0.25113219022750854,0.34418147802352905,0.09304928779602051
COCO_val2014_000000567535,0.9381870627403259,0.9028840065002441,-0.03530305624008179,0.8287854194641113,0.7583341598510742,-0.07045125961303711,0.12172070145606995,0.2152736783027649,0.09355297684669495
COCO_val2014_000000567708,0.9004784822463989,0.9432680010795593,0.0427895188331604,0.7856608629226685,0.842370867729187,0.056710004806518555,0.15021547675132751,0.09277044236660004,-0.05744503438472748
COCO_val2014_000000567740,0.9284640550613403,0.9128507375717163,-0.015613317489624023,0.7088132500648499,0.6903641223907471,-0.018449127674102783,0.30836355686187744,0.3889160752296448,0.08055251836776733
COCO_val2014_000000567881,0.9380821585655212,0.9126996397972107,-0.025382518768310547,0.8474284410476685,0.8114179372787476,-0.0360105037689209,0.07526999711990356,0.0977751687169075,0.022505171597003937
COCO_val2014_000000568004,0.8601849675178528,0.8346067667007446,-0.025578200817108154,0.8006020188331604,0.7667686939239502,-0.033833324909210205,0.14850354194641113,0.168216735124588,0.01971319317817688
COCO_val2014_000000568041,0.8510125279426575,0.8419378399848938,-0.009074687957763672,0.7644692659378052,0.774362325668335,0.009893059730529785,0.17901557683944702,0.18634504079818726,0.007329463958740234
COCO_val2014_000000568132,0.9571319818496704,0.9426915645599365,-0.014440417289733887,0.8393911123275757,0.8035829067230225,-0.03580820560455322,0.09781327843666077,0.12633158266544342,0.028518304228782654
COCO_val2014_000000568281,0.874889612197876,0.8818293809890747,0.0069397687911987305,0.8035749197006226,0.8104410767555237,0.006866157054901123,0.13460621237754822,0.12637439370155334,-0.008231818675994873
COCO_val2014_000000568398,0.8501868844032288,0.886713445186615,0.03652656078338623,0.7957354187965393,0.8222764730453491,0.026541054248809814,0.16138342022895813,0.12721461057662964,-0.03416880965232849
COCO_val2014_000000569001,0.930339515209198,0.929770827293396,-0.000568687915802002,0.8192495107650757,0.8375847339630127,0.01833522319793701,0.11296258866786957,0.08524690568447113,-0.027715682983398438
COCO_val2014_000000569319,0.6282048225402832,0.769965648651123,0.14176082611083984,0.5036904811859131,0.590322732925415,0.08663225173950195,0.6889271140098572,0.4648274779319763,-0.22409963607788086
COCO_val2014_000000569450,0.9329836964607239,0.9441086649894714,0.011124968528747559,0.8643038868904114,0.8756124973297119,0.011308610439300537,0.052926480770111084,0.052990008145570755,6.352737545967102e-05
COCO_val2014_000000569543,0.7606068253517151,0.7543034553527832,-0.006303369998931885,0.6721508502960205,0.6758095622062683,0.0036587119102478027,0.3842141926288605,0.34198835492134094,-0.04222583770751953
COCO_val2014_000000569722,0.9103244543075562,0.9101067781448364,-0.00021767616271972656,0.8314582705497742,0.8343157172203064,0.0028574466705322266,0.09113514423370361,0.09736525267362595,0.006230108439922333
COCO_val2014_000000569801,0.8103405833244324,0.8259674906730652,0.015626907348632812,0.7788304090499878,0.7764111757278442,-0.0024192333221435547,0.1771472543478012,0.1852266937494278,0.008079439401626587
COCO_val2014_000000569900,0.8745739459991455,0.8508173823356628,-0.023756563663482666,0.8018410801887512,0.7809658050537109,-0.020875275135040283,0.12807108461856842,0.15874144434928894,0.03067035973072052
COCO_val2014_000000570022,0.7975930571556091,0.8472802639007568,0.049687206745147705,0.7526535987854004,0.7932011485099792,0.04054754972457886,0.19274114072322845,0.14503681659698486,-0.04770432412624359
COCO_val2014_000000570515,0.9264840483665466,0.9203274250030518,-0.006156623363494873,0.8043837547302246,0.7898842096328735,-0.014499545097351074,0.1635522097349167,0.16830182075500488,0.004749611020088196
COCO_val2014_000000570548,0.8001996874809265,0.825842559337616,0.025642871856689453,0.6326496601104736,0.6195201277732849,-0.01312953233718872,0.37758463621139526,0.42355138063430786,0.0459667444229126
COCO_val2014_000000570659,0.8950253129005432,0.8720201253890991,-0.023005187511444092,0.8332377672195435,0.8255047798156738,-0.007732987403869629,0.09546375274658203,0.11055564135313034,0.01509188860654831
COCO_val2014_000000570773,0.8084684610366821,0.8490719199180603,0.040603458881378174,0.5929412245750427,0.6142140030860901,0.021272778511047363,0.4791581630706787,0.429293155670166,-0.049865007400512695
COCO_val2014_000000570952,0.9100915193557739,0.9106771945953369,0.0005856752395629883,0.7525495290756226,0.7398782968521118,-0.012671232223510742,0.19793367385864258,0.24151942133903503,0.043585747480392456
COCO_val2014_000000570981,0.7380103468894958,0.7551190257072449,0.017108678817749023,0.7581048011779785,0.7624865770339966,0.004381775856018066,0.2006562054157257,0.1724235713481903,-0.0282326340675354
COCO_val2014_000000571544,0.9175027012825012,0.9144740104675293,-0.003028690814971924,0.7921990156173706,0.816393256187439,0.02419424057006836,0.15712027251720428,0.12013459205627441,-0.03698568046092987
COCO_val2014_000000571598,0.9242786765098572,0.9089755415916443,-0.01530313491821289,0.7728219032287598,0.7058857083320618,-0.066936194896698,0.2174043357372284,0.30924922227859497,0.09184488654136658
COCO_val2014_000000572260,0.7932698726654053,0.8368634581565857,0.04359358549118042,0.7313309907913208,0.7496068477630615,0.018275856971740723,0.26430070400238037,0.21677979826927185,-0.04752090573310852
COCO_val2014_000000572825,0.889518678188324,0.9313166737556458,0.04179799556732178,0.7254390716552734,0.7785234451293945,0.053084373474121094,0.27574649453163147,0.22740459442138672,-0.04834190011024475
COCO_val2014_000000573349,0.8950141668319702,0.9083650708198547,0.013350903987884521,0.8054322004318237,0.8012433648109436,-0.004188835620880127,0.14736104011535645,0.16205230355262756,0.014691263437271118
COCO_val2014_000000573605,0.9147214293479919,0.9120829701423645,-0.0026384592056274414,0.8211948275566101,0.8059448003768921,-0.015250027179718018,0.14112019538879395,0.15280231833457947,0.011682122945785522
COCO_val2014_000000573930,0.8594489693641663,0.8856271505355835,0.026178181171417236,0.8013434410095215,0.8054488301277161,0.00410538911819458,0.1369866132736206,0.13934040069580078,0.0023537874221801758
COCO_val2014_000000574145,0.8912612795829773,0.8694031834602356,-0.0218580961227417,0.8180015087127686,0.8089188933372498,-0.009082615375518799,0.11733177304267883,0.1448153853416443,0.027483612298965454
COCO_val2014_000000574250,0.7344605326652527,0.8264382481575012,0.09197771549224854,0.7206170558929443,0.7852977514266968,0.06468069553375244,0.2608710527420044,0.14626893401145935,-0.11460211873054504
COCO_val2014_000000574315,0.90496426820755,0.9608539342880249,0.055889666080474854,0.6299922466278076,0.7494251728057861,0.11943292617797852,0.3955761194229126,0.2596461772918701,-0.13592994213104248
COCO_val2014_000000574332,0.8054282665252686,0.8723896741867065,0.06696140766143799,0.6979061365127563,0.7619009017944336,0.06399476528167725,0.29828470945358276,0.21014641225337982,-0.08813829720020294
COCO_val2014_000000575367,0.8453879356384277,0.8514013886451721,0.006013453006744385,0.7604769468307495,0.7483130693435669,-0.012163877487182617,0.1778445541858673,0.2118116021156311,0.033967047929763794
COCO_val2014_000000575719,0.9617770314216614,0.9727904796600342,0.011013448238372803,0.8443455696105957,0.8754844069480896,0.031138837337493896,0.10138644278049469,0.05211691930890083,-0.04926952347159386
COCO_val2014_000000575970,0.883158266544342,0.9215737581253052,0.038415491580963135,0.8174751996994019,0.8484918475151062,0.031016647815704346,0.1141258031129837,0.09045067429542542,-0.02367512881755829
COCO_val2014_000000576222,0.9318997263908386,0.9298816919326782,-0.0020180344581604004,0.8133946657180786,0.8112492561340332,-0.00214540958404541,0.15452373027801514,0.1811840683221817,0.026660338044166565
COCO_val2014_000000577128,0.8872857689857483,0.9363766312599182,0.04909086227416992,0.8091239929199219,0.8564471006393433,0.04732310771942139,0.12119486182928085,0.0819426104426384,-0.039252251386642456
COCO_val2014_000000577169,0.819743812084198,0.8467932343482971,0.02704942226409912,0.7743854522705078,0.7619602084159851,-0.012425243854522705,0.1759762465953827,0.19202619791030884,0.016049951314926147
COCO_val2014_000000577614,0.7972874045372009,0.9027411341667175,0.1054537296295166,0.6665925979614258,0.7819637060165405,0.11537110805511475,0.3501688241958618,0.1860058307647705,-0.1641629934310913
COCO_val2014_000000577654,0.811235249042511,0.7939844727516174,-0.017250776290893555,0.7802764177322388,0.7800890207290649,-0.00018739700317382812,0.18251731991767883,0.16407448053359985,-0.01844283938407898
COCO_val2014_000000577858,0.8607671856880188,0.8218120336532593,-0.03895515203475952,0.7723661661148071,0.7446695566177368,-0.027696609497070312,0.16298767924308777,0.1945199817419052,0.031532302498817444
COCO_val2014_000000577924,0.8227782845497131,0.8688439726829529,0.046065688133239746,0.7651609182357788,0.7882986068725586,0.023137688636779785,0.17842119932174683,0.1482740342617035,-0.030147165060043335
COCO_val2014_000000578210,0.9206610321998596,0.9403297901153564,0.019668757915496826,0.7682816982269287,0.8339664936065674,0.06568479537963867,0.18668591976165771,0.1089249700307846,-0.07776094973087311
COCO_val2014_000000578225,0.8598002195358276,0.8241456151008606,-0.03565460443496704,0.7686632871627808,0.7456991076469421,-0.022964179515838623,0.16488979756832123,0.20689034461975098,0.04200054705142975
COCO_val2014_000000578347,0.924231767654419,0.9484889507293701,0.024257183074951172,0.5815330743789673,0.6629501581192017,0.08141708374023438,0.5066515207290649,0.3503938913345337,-0.15625762939453125
COCO_val2014_000000578489,0.9365772008895874,0.9396136999130249,0.0030364990234375,0.8269168734550476,0.8181841373443604,-0.008732736110687256,0.08656317740678787,0.11207826435565948,0.025515086948871613
COCO_val2014_000000578498,0.8688116073608398,0.8704225420951843,0.0016109347343444824,0.788965106010437,0.7881650924682617,-0.000800013542175293,0.18936437368392944,0.210386723279953,0.02102234959602356
COCO_val2014_000000578813,0.9032372236251831,0.9304836988449097,0.027246475219726562,0.6920801997184753,0.7319704294204712,0.03989022970199585,0.3457602262496948,0.285283625125885,-0.060476601123809814
COCO_val2014_000000578974,0.9235647916793823,0.9278222322463989,0.0042574405670166016,0.8155509233474731,0.8135852813720703,-0.001965641975402832,0.12664759159088135,0.14690585434436798,0.020258262753486633
COCO_val2014_000000579158,0.8809449076652527,0.8753874897956848,-0.005557417869567871,0.8322529196739197,0.8188932538032532,-0.013359665870666504,0.09703020751476288,0.10105505585670471,0.0040248483419418335
COCO_val2014_000000579822,0.9439339637756348,0.9764784574508667,0.032544493675231934,0.8229781985282898,0.8688002228736877,0.04582202434539795,0.12389971315860748,0.06250037252902985,-0.06139934062957764
COCO_val2014_000000580607,0.8988161683082581,0.8982750177383423,-0.0005411505699157715,0.806859016418457,0.7662632465362549,-0.04059576988220215,0.15646255016326904,0.1841883659362793,0.027725815773010254
COCO_val2014_000000580704,0.9349647760391235,0.9174110889434814,-0.01755368709564209,0.8415347933769226,0.8084806203842163,-0.0330541729927063,0.11926355957984924,0.13340866565704346,0.014145106077194214
COCO_val2014_000000580953,0.908341646194458,0.912184476852417,0.0038428306579589844,0.8399816751480103,0.8436827659606934,0.0037010908126831055,0.09305896610021591,0.08153584599494934,-0.011523120105266571
COCO_val2014_000000581451,0.8986778259277344,0.8714776635169983,-0.027200162410736084,0.7698068022727966,0.7497478723526001,-0.020058929920196533,0.18397867679595947,0.22682616114616394,0.04284748435020447
COCO_val2014_000000581593,0.8982201218605042,0.9450391530990601,0.04681903123855591,0.7561898231506348,0.8101123571395874,0.05392253398895264,0.1904994547367096,0.13085390627384186,-0.05964554846286774
COCO_val2014_000000581887,0.7837613224983215,0.9400519728660583,0.15629065036773682,0.4206681251525879,0.6137596368789673,0.1930915117263794,0.8926799297332764,0.4400218725204468,-0.4526580572128296
COCO_val2014_000000581899,0.7219929099082947,0.8006763458251953,0.07868343591690063,0.6553031802177429,0.6949137449264526,0.03961056470870972,0.37334996461868286,0.2858484387397766,-0.08750152587890625
