image_id,official_split,split
COCO_train2014_000000000009,train,train
COCO_train2014_000000000089,train,train
COCO_train2014_000000000110,train,train
COCO_train2014_000000000307,train,train
COCO_train2014_000000000321,train,train
COCO_train2014_000000000332,train,train
COCO_train2014_000000000349,train,train
COCO_train2014_000000000382,train,train
COCO_train2014_000000000389,train,train
COCO_train2014_000000000419,train,train
COCO_train2014_000000000443,train,train
COCO_train2014_000000000450,train,train
COCO_train2014_000000000508,train,train
COCO_train2014_000000000510,train,train
COCO_train2014_000000000531,train,train
COCO_train2014_000000000532,train,train
COCO_train2014_000000000605,train,train
COCO_train2014_000000000716,train,train
COCO_train2014_000000000731,train,train
COCO_train2014_000000000853,train,train
COCO_train2014_000000000965,train,train
COCO_train2014_000000001011,train,train
COCO_train2014_000000001014,train,train
COCO_train2014_000000001144,train,train
COCO_train2014_000000001145,train,train
COCO_train2014_000000001261,train,train
COCO_train2014_000000001264,train,train
COCO_train2014_000000001355,train,train
COCO_train2014_000000001386,train,train
COCO_train2014_000000001403,train,train
COCO_train2014_000000001424,train,train
COCO_train2014_000000001510,train,train
COCO_train2014_000000001518,train,train
COCO_train2014_000000001523,train,train
COCO_train2014_000000001536,train,train
COCO_train2014_000000001558,train,train
COCO_train2014_000000001670,train,train
COCO_train2014_000000001756,train,train
COCO_train2014_000000001785,train,train
COCO_train2014_000000001804,train,train
COCO_train2014_000000001822,train,train
COCO_train2014_000000001926,train,train
COCO_train2014_000000001958,train,train
COCO_train2014_000000001966,train,train
COCO_train2014_000000001994,train,train
COCO_train2014_000000002007,train,train
COCO_train2014_000000002217,train,train
COCO_train2014_000000002258,train,train
COCO_train2014_000000002270,train,train
COCO_train2014_000000002281,train,train
COCO_train2014_000000002284,train,train
COCO_train2014_000000002347,train,train
COCO_train2014_000000002429,train,train
COCO_train2014_000000002448,train,train
COCO_train2014_000000002608,train,train
COCO_train2014_000000002664,train,train
COCO_train2014_000000002691,train,train
COCO_train2014_000000002697,train,train
COCO_train2014_000000002742,train,train
COCO_train2014_000000002754,train,train
COCO_train2014_000000002782,train,train
COCO_train2014_000000002842,train,train
COCO_train2014_000000002860,train,train
COCO_train2014_000000003219,train,train
COCO_train2014_000000003320,train,train
COCO_train2014_000000003366,train,train
COCO_train2014_000000003478,train,train
COCO_train2014_000000003535,train,train
COCO_train2014_000000003579,train,train
COCO_train2014_000000003671,train,train
COCO_train2014_000000003713,train,train
COCO_train2014_000000003729,train,train
COCO_train2014_000000003782,train,train
COCO_train2014_000000003860,train,train
COCO_train2014_000000003870,train,train
COCO_train2014_000000003877,train,train
COCO_train2014_000000003911,train,train
COCO_train2014_000000003915,train,train
COCO_train2014_000000003917,train,train
COCO_train2014_000000003992,train,train
COCO_train2014_000000004057,train,train
COCO_train2014_000000004065,train,train
COCO_train2014_000000004140,train,train
COCO_train2014_000000004180,train,train
COCO_train2014_000000004331,train,train
COCO_train2014_000000004385,train,train
COCO_train2014_000000004421,train,train
COCO_train2014_000000004463,train,train
COCO_train2014_000000004488,train,train
COCO_train2014_000000004578,train,train
COCO_train2014_000000004587,train,train
COCO_train2014_000000004595,train,train
COCO_train2014_000000004616,train,train
COCO_train2014_000000004622,train,train
COCO_train2014_000000004662,train,train
COCO_train2014_000000004684,train,train
COCO_train2014_000000004694,train,train
COCO_train2014_000000004714,train,train
COCO_train2014_000000004761,train,train
COCO_train2014_000000004794,train,train
COCO_train2014_000000004820,train,train
COCO_train2014_000000004823,train,train
COCO_train2014_000000004830,train,train
COCO_train2014_000000004968,train,train
COCO_train2014_000000005011,train,train
COCO_train2014_000000005018,train,train
COCO_train2014_000000005028,train,train
COCO_train2014_000000005086,train,train
COCO_train2014_000000005115,train,train
COCO_train2014_000000005156,train,train
COCO_train2014_000000005169,train,train
COCO_train2014_000000005198,train,train
COCO_train2014_000000005288,train,train
COCO_train2014_000000005383,train,train
COCO_train2014_000000005424,train,train
COCO_train2014_000000005472,train,train
COCO_train2014_000000005508,train,train
COCO_train2014_000000005574,train,train
COCO_train2014_000000005589,train,train
COCO_train2014_000000005632,train,train
COCO_train2014_000000005638,train,train
COCO_train2014_000000005643,train,train
COCO_train2014_000000005649,train,train
COCO_train2014_000000005688,train,train
COCO_train2014_000000005862,train,train
COCO_train2014_000000005917,train,train
COCO_train2014_000000006004,train,train
COCO_train2014_000000006233,train,train
COCO_train2014_000000006327,train,train
COCO_train2014_000000006465,train,train
COCO_train2014_000000006572,train,train
COCO_train2014_000000006590,train,train
COCO_train2014_000000006595,train,train
COCO_train2014_000000006709,train,train
COCO_train2014_000000006710,train,train
COCO_train2014_000000006725,train,train
COCO_train2014_000000006730,train,train
COCO_train2014_000000006747,train,train
COCO_train2014_000000006842,train,train
COCO_train2014_000000007090,train,train
COCO_train2014_000000007150,train,train
COCO_train2014_000000007220,train,train
COCO_train2014_000000007221,train,train
COCO_train2014_000000007318,train,train
COCO_train2014_000000007367,train,train
COCO_train2014_000000007539,train,train
COCO_train2014_000000007650,train,train
COCO_train2014_000000007685,train,train
COCO_train2014_000000007713,train,train
COCO_train2014_000000007781,train,train
COCO_train2014_000000007890,train,train
COCO_train2014_000000007946,train,train
COCO_train2014_000000008014,train,train
COCO_train2014_000000008064,train,train
COCO_train2014_000000008321,train,train
COCO_train2014_000000008356,train,train
COCO_train2014_000000008422,train,train
COCO_train2014_000000008553,train,train
COCO_train2014_000000008559,train,train
COCO_train2014_000000008587,train,train
COCO_train2014_000000008733,train,train
COCO_train2014_000000008734,train,train
COCO_train2014_000000008776,train,train
COCO_train2014_000000008848,train,train
COCO_train2014_000000008856,train,train
COCO_train2014_000000008936,train,train
COCO_train2014_000000009012,train,train
COCO_train2014_000000009057,train,train
COCO_train2014_000000009119,train,train
COCO_train2014_000000009148,train,train
COCO_train2014_000000009425,train,train
COCO_train2014_000000009460,train,train
COCO_train2014_000000009462,train,train
COCO_train2014_000000009479,train,train
COCO_train2014_000000009511,train,train
COCO_train2014_000000009615,train,train
COCO_train2014_000000009656,train,train
COCO_train2014_000000009708,train,train
COCO_train2014_000000009712,train,train
COCO_train2014_000000009760,train,train
COCO_train2014_000000009789,train,train
COCO_train2014_000000009843,train,train
COCO_train2014_000000009866,train,train
COCO_train2014_000000009919,train,train
COCO_train2014_000000010046,train,train
COCO_train2014_000000010083,train,train
COCO_train2014_000000010175,train,train
COCO_train2014_000000010176,train,train
COCO_train2014_000000010229,train,train
COCO_train2014_000000010230,train,train
COCO_train2014_000000010346,train,train
COCO_train2014_000000010540,train,train
COCO_train2014_000000010545,train,train
COCO_train2014_000000010701,train,train
COCO_train2014_000000010728,train,train
COCO_train2014_000000010817,train,train
COCO_train2014_000000010877,train,train
COCO_train2014_000000010881,train,train
COCO_train2014_000000011075,train,train
COCO_train2014_000000011147,train,train
COCO_train2014_000000011265,train,train
COCO_train2014_000000011271,train,train
COCO_train2014_000000011282,train,train
COCO_train2014_000000011326,train,train
COCO_train2014_000000011373,train,train
COCO_train2014_000000011403,train,train
COCO_train2014_000000011426,train,train
COCO_train2014_000000011485,train,train
COCO_train2014_000000011487,train,train
COCO_train2014_000000011569,train,train
COCO_train2014_000000011576,train,train
COCO_train2014_000000011635,train,train
COCO_train2014_000000011638,train,train
COCO_train2014_000000011720,train,train
COCO_train2014_000000011754,train,train
COCO_train2014_000000011774,train,train
COCO_train2014_000000011826,train,train
COCO_train2014_000000011849,train,train
COCO_train2014_000000012044,train,train
COCO_train2014_000000012109,train,train
COCO_train2014_000000012145,train,train
COCO_train2014_000000012156,train,train
COCO_train2014_000000012240,train,train
COCO_train2014_000000012307,train,train
COCO_train2014_000000012408,train,train
COCO_train2014_000000012428,train,train
COCO_train2014_000000012556,train,train
COCO_train2014_000000012612,train,train
COCO_train2014_000000012650,train,train
COCO_train2014_000000012698,train,train
COCO_train2014_000000012711,train,train
COCO_train2014_000000012726,train,train
COCO_train2014_000000012784,train,train
COCO_train2014_000000012803,train,train
COCO_train2014_000000012805,train,train
COCO_train2014_000000012825,train,train
COCO_train2014_000000012838,train,train
COCO_train2014_000000012839,train,train
COCO_train2014_000000012891,train,train
COCO_train2014_000000012892,train,train
COCO_train2014_000000012930,train,train
COCO_train2014_000000013045,train,train
COCO_train2014_000000013121,train,train
COCO_train2014_000000013129,train,train
COCO_train2014_000000013140,train,train
COCO_train2014_000000013143,train,train
COCO_train2014_000000013230,train,train
COCO_train2014_000000013325,train,train
COCO_train2014_000000013452,train,train
COCO_train2014_000000013517,train,train
COCO_train2014_000000013576,train,train
COCO_train2014_000000013603,train,train
COCO_train2014_000000013636,train,train
COCO_train2014_000000013719,train,train
COCO_train2014_000000013720,train,train
COCO_train2014_000000013800,train,train
COCO_train2014_000000013934,train,train
COCO_train2014_000000014014,train,train
COCO_train2014_000000014044,train,train
COCO_train2014_000000014049,train,train
COCO_train2014_000000014238,train,train
COCO_train2014_000000014244,train,train
COCO_train2014_000000014253,train,train
COCO_train2014_000000014269,train,train
COCO_train2014_000000014375,train,train
COCO_train2014_000000014468,train,train
COCO_train2014_000000014502,train,train
COCO_train2014_000000014683,train,train
COCO_train2014_000000014757,train,train
COCO_train2014_000000014764,train,train
COCO_train2014_000000014873,train,train
COCO_train2014_000000014886,train,train
COCO_train2014_000000014938,train,train
COCO_train2014_000000014966,train,train
COCO_train2014_000000014986,train,train
COCO_train2014_000000015096,train,train
COCO_train2014_000000015110,train,train
COCO_train2014_000000015165,train,train
COCO_train2014_000000015197,train,train
COCO_train2014_000000015354,train,train
COCO_train2014_000000015394,train,train
COCO_train2014_000000015427,train,train
COCO_train2014_000000015472,train,train
COCO_train2014_000000015485,train,train
COCO_train2014_000000015564,train,train
COCO_train2014_000000015794,train,train
COCO_train2014_000000016089,train,train
COCO_train2014_000000016113,train,train
COCO_train2014_000000016114,train,train
COCO_train2014_000000016273,train,train
COCO_train2014_000000016297,train,train
COCO_train2014_000000016342,train,train
COCO_train2014_000000016364,train,train
COCO_train2014_000000016470,train,train
COCO_train2014_000000016496,train,train
COCO_train2014_000000016525,train,train
COCO_train2014_000000016737,train,train
COCO_train2014_000000016741,train,train
COCO_train2014_000000016957,train,train
COCO_train2014_000000017057,train,train
COCO_train2014_000000017076,train,train
COCO_train2014_000000017312,train,train
COCO_train2014_000000017401,train,train
COCO_train2014_000000017468,train,train
COCO_train2014_000000017675,train,train
COCO_train2014_000000017817,train,train
COCO_train2014_000000017839,train,train
COCO_train2014_000000017962,train,train
COCO_train2014_000000017967,train,train
COCO_train2014_000000017985,train,train
COCO_train2014_000000018041,train,train
COCO_train2014_000000018214,train,train
COCO_train2014_000000018256,train,train
COCO_train2014_000000018316,train,train
COCO_train2014_000000018439,train,train
COCO_train2014_000000018460,train,train
COCO_train2014_000000018473,train,train
COCO_train2014_000000018495,train,train
COCO_train2014_000000018535,train,train
COCO_train2014_000000018627,train,train
COCO_train2014_000000018641,train,train
COCO_train2014_000000018658,train,train
COCO_train2014_000000018780,train,train
COCO_train2014_000000018802,train,train
COCO_train2014_000000018816,train,train
COCO_train2014_000000018942,train,train
COCO_train2014_000000019074,train,train
COCO_train2014_000000019250,train,train
COCO_train2014_000000019450,train,train
COCO_train2014_000000019528,train,train
COCO_train2014_000000019546,train,train
COCO_train2014_000000019635,train,train
COCO_train2014_000000019695,train,train
COCO_train2014_000000019698,train,train
COCO_train2014_000000019707,train,train
COCO_train2014_000000019725,train,train
COCO_train2014_000000019828,train,train
COCO_train2014_000000019926,train,train
COCO_train2014_000000019980,train,train
COCO_train2014_000000019994,train,train
COCO_train2014_000000020133,train,train
COCO_train2014_000000020168,train,train
COCO_train2014_000000020172,train,train
COCO_train2014_000000020182,train,train
COCO_train2014_000000020279,train,train
COCO_train2014_000000020418,train,train
COCO_train2014_000000020421,train,train
COCO_train2014_000000020588,train,train
COCO_train2014_000000020619,train,train
COCO_train2014_000000020768,train,train
COCO_train2014_000000020769,train,train
COCO_train2014_000000020770,train,train
COCO_train2014_000000020888,train,train
COCO_train2014_000000020966,train,train
COCO_train2014_000000021003,train,train
COCO_train2014_000000021095,train,train
COCO_train2014_000000021175,train,train
COCO_train2014_000000021268,train,train
COCO_train2014_000000021320,train,train
COCO_train2014_000000021343,train,train
COCO_train2014_000000021353,train,train
COCO_train2014_000000021451,train,train
COCO_train2014_000000021462,train,train
COCO_train2014_000000021497,train,train
COCO_train2014_000000021534,train,train
COCO_train2014_000000021622,train,train
COCO_train2014_000000021676,train,train
COCO_train2014_000000021740,train,train
COCO_train2014_000000021780,train,train
COCO_train2014_000000021801,train,train
COCO_train2014_000000021868,train,train
COCO_train2014_000000021942,train,train
COCO_train2014_000000021981,train,train
COCO_train2014_000000022012,train,train
COCO_train2014_000000022014,train,train
COCO_train2014_000000022145,train,train
COCO_train2014_000000022226,train,train
COCO_train2014_000000022281,train,train
COCO_train2014_000000022326,train,train
COCO_train2014_000000022374,train,train
COCO_train2014_000000022411,train,train
COCO_train2014_000000022440,train,train
COCO_train2014_000000022484,train,train
COCO_train2014_000000022529,train,train
COCO_train2014_000000022536,train,train
COCO_train2014_000000022564,train,train
COCO_train2014_000000022650,train,train
COCO_train2014_000000022651,train,train
COCO_train2014_000000022658,train,train
COCO_train2014_000000022696,train,train
COCO_train2014_000000022796,train,train
COCO_train2014_000000022871,train,train
COCO_train2014_000000022949,train,train
COCO_train2014_000000023015,train,train
COCO_train2014_000000023025,train,train
COCO_train2014_000000023089,train,train
COCO_train2014_000000023093,train,train
COCO_train2014_000000023098,train,train
COCO_train2014_000000023137,train,train
COCO_train2014_000000023194,train,train
COCO_train2014_000000023258,train,train
COCO_train2014_000000023315,train,train
COCO_train2014_000000023424,train,train
COCO_train2014_000000023434,train,train
COCO_train2014_000000023539,train,train
COCO_train2014_000000023639,train,train
COCO_train2014_000000023760,train,train
COCO_train2014_000000023874,train,train
COCO_train2014_000000023908,train,train
COCO_train2014_000000023914,train,train
COCO_train2014_000000023957,train,train
COCO_train2014_000000024002,train,train
COCO_train2014_000000024030,train,train
COCO_train2014_000000024042,train,train
COCO_train2014_000000024072,train,train
COCO_train2014_000000024081,train,train
COCO_train2014_000000024105,train,train
COCO_train2014_000000024107,train,train
COCO_train2014_000000024132,train,train
COCO_train2014_000000024231,train,train
COCO_train2014_000000024401,train,train
COCO_train2014_000000024411,train,train
COCO_train2014_000000024436,train,train
COCO_train2014_000000024520,train,train
COCO_train2014_000000024571,train,train
COCO_train2014_000000024712,train,train
COCO_train2014_000000024725,train,train
COCO_train2014_000000024730,train,train
COCO_train2014_000000024788,train,train
COCO_train2014_000000024859,train,train
COCO_train2014_000000024912,train,train
COCO_train2014_000000024939,train,train
COCO_train2014_000000024948,train,train
COCO_train2014_000000025058,train,train
COCO_train2014_000000025167,train,train
COCO_train2014_000000025174,train,train
COCO_train2014_000000025192,train,train
COCO_train2014_000000025388,train,train
COCO_train2014_000000025414,train,train
COCO_train2014_000000025485,train,train
COCO_train2014_000000025506,train,train
COCO_train2014_000000025549,train,train
COCO_train2014_000000025628,train,train
COCO_train2014_000000025673,train,train
COCO_train2014_000000025729,train,train
COCO_train2014_000000025746,train,train
COCO_train2014_000000025803,train,train
COCO_train2014_000000025994,train,train
COCO_train2014_000000026052,train,train
COCO_train2014_000000026097,train,train
COCO_train2014_000000026274,train,train
COCO_train2014_000000026294,train,train
COCO_train2014_000000026454,train,train
COCO_train2014_000000026506,train,train
COCO_train2014_000000026577,train,train
COCO_train2014_000000026647,train,train
COCO_train2014_000000026780,train,train
COCO_train2014_000000026783,train,train
COCO_train2014_000000026829,train,train
COCO_train2014_000000026893,train,train
COCO_train2014_000000027046,train,train
COCO_train2014_000000027149,train,train
COCO_train2014_000000027302,train,train
COCO_train2014_000000027424,train,train
COCO_train2014_000000027482,train,train
COCO_train2014_000000027510,train,train
COCO_train2014_000000027556,train,train
COCO_train2014_000000027616,train,train
COCO_train2014_000000027627,train,train
COCO_train2014_000000027701,train,train
COCO_train2014_000000027718,train,train
COCO_train2014_000000027727,train,train
COCO_train2014_000000027742,train,train
COCO_train2014_000000027763,train,train
COCO_train2014_000000027792,train,train
COCO_train2014_000000027888,train,train
COCO_train2014_000000027901,train,train
COCO_train2014_000000027974,train,train
COCO_train2014_000000028038,train,train
COCO_train2014_000000028085,train,train
COCO_train2014_000000028186,train,train
COCO_train2014_000000028231,train,train
COCO_train2014_000000028251,train,train
COCO_train2014_000000028253,train,train
COCO_train2014_000000028263,train,train
COCO_train2014_000000028307,train,train
COCO_train2014_000000028385,train,train
COCO_train2014_000000028392,train,train
COCO_train2014_000000028525,train,train
COCO_train2014_000000028674,train,train
COCO_train2014_000000028759,train,train
COCO_train2014_000000028802,train,train
COCO_train2014_000000028823,train,train
COCO_train2014_000000028855,train,train
COCO_train2014_000000028952,train,train
COCO_train2014_000000029145,train,train
COCO_train2014_000000029154,train,train
COCO_train2014_000000029161,train,train
COCO_train2014_000000029324,train,train
COCO_train2014_000000029473,train,train
COCO_train2014_000000029602,train,train
COCO_train2014_000000029607,train,train
COCO_train2014_000000029642,train,train
COCO_train2014_000000029801,train,train
COCO_train2014_000000029802,train,train
COCO_train2014_000000029891,train,train
COCO_train2014_000000029931,train,train
COCO_train2014_000000030139,train,train
COCO_train2014_000000030288,train,train
COCO_train2014_000000030328,train,train
COCO_train2014_000000030526,train,train
COCO_train2014_000000030565,train,train
COCO_train2014_000000030681,train,train
COCO_train2014_000000030962,train,train
COCO_train2014_000000031084,train,train
COCO_train2014_000000031090,train,train
COCO_train2014_000000031135,train,train
COCO_train2014_000000031157,train,train
COCO_train2014_000000031161,train,train
COCO_train2014_000000031187,train,train
COCO_train2014_000000031230,train,train
COCO_train2014_000000031329,train,train
COCO_train2014_000000031462,train,train
COCO_train2014_000000031536,train,train
COCO_train2014_000000031537,train,train
COCO_train2014_000000031604,train,train
COCO_train2014_000000031729,train,train
COCO_train2014_000000031733,train,train
COCO_train2014_000000031922,train,train
COCO_train2014_000000032068,train,train
COCO_train2014_000000032074,train,train
COCO_train2014_000000032206,train,train
COCO_train2014_000000032231,train,train
COCO_train2014_000000032458,train,train
COCO_train2014_000000032471,train,train
COCO_train2014_000000032586,train,train
COCO_train2014_000000032606,train,train
COCO_train2014_000000032611,train,train
COCO_train2014_000000032627,train,train
COCO_train2014_000000032629,train,train
COCO_train2014_000000032664,train,train
COCO_train2014_000000032699,train,train
COCO_train2014_000000032739,train,train
COCO_train2014_000000032757,train,train
COCO_train2014_000000032816,train,train
COCO_train2014_000000032818,train,train
COCO_train2014_000000032829,train,train
COCO_train2014_000000032843,train,train
COCO_train2014_000000032893,train,train
COCO_train2014_000000032937,train,train
COCO_train2014_000000032949,train,train
COCO_train2014_000000032957,train,train
COCO_train2014_000000033034,train,train
COCO_train2014_000000033057,train,train
COCO_train2014_000000033094,train,train
COCO_train2014_000000033471,train,train
COCO_train2014_000000033481,train,train
COCO_train2014_000000033494,train,train
COCO_train2014_000000033500,train,train
COCO_train2014_000000033505,train,train
COCO_train2014_000000033571,train,train
COCO_train2014_000000033596,train,train
COCO_train2014_000000033633,train,train
COCO_train2014_000000033663,train,train
COCO_train2014_000000033733,train,train
COCO_train2014_000000033841,train,train
COCO_train2014_000000033888,train,train
COCO_train2014_000000033901,train,train
COCO_train2014_000000033943,train,train
COCO_train2014_000000034039,train,train
COCO_train2014_000000034074,train,train
COCO_train2014_000000034086,train,train
COCO_train2014_000000034104,train,train
COCO_train2014_000000034120,train,train
COCO_train2014_000000034304,train,train
COCO_train2014_000000034430,train,train
COCO_train2014_000000034475,train,train
COCO_train2014_000000034480,train,train
COCO_train2014_000000034489,train,train
COCO_train2014_000000034491,train,train
COCO_train2014_000000034523,train,train
COCO_train2014_000000034624,train,train
COCO_train2014_000000034779,train,train
COCO_train2014_000000034828,train,train
COCO_train2014_000000034854,train,train
COCO_train2014_000000035004,train,train
COCO_train2014_000000035045,train,train
COCO_train2014_000000035094,train,train
COCO_train2014_000000035097,train,train
COCO_train2014_000000035102,train,train
COCO_train2014_000000035127,train,train
COCO_train2014_000000035265,train,train
COCO_train2014_000000035358,train,train
COCO_train2014_000000035361,train,train
COCO_train2014_000000035407,train,train
COCO_train2014_000000035424,train,train
COCO_train2014_000000035427,train,train
COCO_train2014_000000035473,train,train
COCO_train2014_000000035508,train,train
COCO_train2014_000000035532,train,train
COCO_train2014_000000035696,train,train
COCO_train2014_000000035712,train,train
COCO_train2014_000000035725,train,train
COCO_train2014_000000035741,train,train
COCO_train2014_000000035771,train,train
COCO_train2014_000000035820,train,train
COCO_train2014_000000035844,train,train
COCO_train2014_000000036017,train,train
COCO_train2014_000000036029,train,train
COCO_train2014_000000036260,train,train
COCO_train2014_000000036273,train,train
COCO_train2014_000000036303,train,train
COCO_train2014_000000036417,train,train
COCO_train2014_000000036439,train,train
COCO_train2014_000000036448,train,train
COCO_train2014_000000036544,train,train
COCO_train2014_000000036567,train,train
COCO_train2014_000000036574,train,train
COCO_train2014_000000036622,train,train
COCO_train2014_000000036658,train,train
COCO_train2014_000000036811,train,train
COCO_train2014_000000036966,train,train
COCO_train2014_000000036968,train,train
COCO_train2014_000000037015,train,train
COCO_train2014_000000037035,train,train
COCO_train2014_000000037039,train,train
COCO_train2014_000000037059,train,train
COCO_train2014_000000037169,train,train
COCO_train2014_000000037174,train,train
COCO_train2014_000000037186,train,train
COCO_train2014_000000037286,train,train
COCO_train2014_000000037291,train,train
COCO_train2014_000000037326,train,train
COCO_train2014_000000037327,train,train
COCO_train2014_000000037394,train,train
COCO_train2014_000000037429,train,train
COCO_train2014_000000037477,train,train
COCO_train2014_000000037502,train,train
COCO_train2014_000000037779,train,train
COCO_train2014_000000037782,train,train
COCO_train2014_000000037790,train,train
COCO_train2014_000000037847,train,train
COCO_train2014_000000037852,train,train
COCO_train2014_000000037862,train,train
COCO_train2014_000000037913,train,train
COCO_train2014_000000037932,train,train
COCO_train2014_000000038274,train,train
COCO_train2014_000000038305,train,train
COCO_train2014_000000038370,train,train
COCO_train2014_000000038432,train,train
COCO_train2014_000000038440,train,train
COCO_train2014_000000038582,train,train
COCO_train2014_000000038584,train,train
COCO_train2014_000000038681,train,train
COCO_train2014_000000038686,train,train
COCO_train2014_000000038722,train,train
COCO_train2014_000000038730,train,train
COCO_train2014_000000038895,train,train
COCO_train2014_000000038934,train,train
COCO_train2014_000000038999,train,train
COCO_train2014_000000039065,train,train
COCO_train2014_000000039138,train,train
COCO_train2014_000000039195,train,train
COCO_train2014_000000039236,train,train
COCO_train2014_000000039301,train,train
COCO_train2014_000000039359,train,train
COCO_train2014_000000039360,train,train
COCO_train2014_000000039438,train,train
COCO_train2014_000000039455,train,train
COCO_train2014_000000039570,train,train
COCO_train2014_000000039597,train,train
COCO_train2014_000000039643,train,train
COCO_train2014_000000039698,train,train
COCO_train2014_000000039716,train,train
COCO_train2014_000000039733,train,train
COCO_train2014_000000039948,train,train
COCO_train2014_000000039971,train,train
COCO_train2014_000000040100,train,train
COCO_train2014_000000040114,train,train
COCO_train2014_000000040130,train,train
COCO_train2014_000000040251,train,train
COCO_train2014_000000040286,train,train
COCO_train2014_000000040304,train,train
COCO_train2014_000000040466,train,train
COCO_train2014_000000040535,train,train
COCO_train2014_000000040643,train,train
COCO_train2014_000000040685,train,train
COCO_train2014_000000040891,train,train
COCO_train2014_000000040938,train,train
COCO_train2014_000000040988,train,train
COCO_train2014_000000040995,train,train
COCO_train2014_000000041022,train,train
COCO_train2014_000000041087,train,train
COCO_train2014_000000041097,train,train
COCO_train2014_000000041138,train,train
COCO_train2014_000000041233,train,train
COCO_train2014_000000041305,train,train
COCO_train2014_000000041311,train,train
COCO_train2014_000000041356,train,train
COCO_train2014_000000041398,train,train
COCO_train2014_000000041404,train,train
COCO_train2014_000000041453,train,train
COCO_train2014_000000041730,train,train
COCO_train2014_000000041739,train,train
COCO_train2014_000000041745,train,train
COCO_train2014_000000041818,train,train
COCO_train2014_000000041887,train,train
COCO_train2014_000000042079,train,train
COCO_train2014_000000042109,train,train
COCO_train2014_000000042156,train,train
COCO_train2014_000000042209,train,train
COCO_train2014_000000042254,train,train
COCO_train2014_000000042320,train,train
COCO_train2014_000000042384,train,train
COCO_train2014_000000042427,train,train
COCO_train2014_000000042481,train,train
COCO_train2014_000000042540,train,train
COCO_train2014_000000042619,train,train
COCO_train2014_000000042707,train,train
COCO_train2014_000000042748,train,train
COCO_train2014_000000042799,train,train
COCO_train2014_000000042820,train,train
COCO_train2014_000000042972,train,train
COCO_train2014_000000043193,train,train
COCO_train2014_000000043227,train,train
COCO_train2014_000000043269,train,train
COCO_train2014_000000043270,train,train
COCO_train2014_000000043279,train,train
COCO_train2014_000000043411,train,train
COCO_train2014_000000043431,train,train
COCO_train2014_000000043513,train,train
COCO_train2014_000000043750,train,train
COCO_train2014_000000043774,train,train
COCO_train2014_000000043893,train,train
COCO_train2014_000000043966,train,train
COCO_train2014_000000044017,train,train
COCO_train2014_000000044138,train,train
COCO_train2014_000000044170,train,train
COCO_train2014_000000044266,train,train
COCO_train2014_000000044286,train,train
COCO_train2014_000000044372,train,train
COCO_train2014_000000044388,train,train
COCO_train2014_000000044404,train,train
COCO_train2014_000000044569,train,train
COCO_train2014_000000044583,train,train
COCO_train2014_000000044751,train,train
COCO_train2014_000000044763,train,train
COCO_train2014_000000044774,train,train
COCO_train2014_000000044782,train,train
COCO_train2014_000000044788,train,train
COCO_train2014_000000044813,train,train
COCO_train2014_000000044815,train,train
COCO_train2014_000000044816,train,train
COCO_train2014_000000044818,train,train
COCO_train2014_000000044830,train,train
COCO_train2014_000000044911,train,train
COCO_train2014_000000045026,train,train
COCO_train2014_000000045049,train,train
COCO_train2014_000000045071,train,train
COCO_train2014_000000045131,train,train
COCO_train2014_000000045183,train,train
COCO_train2014_000000045215,train,train
COCO_train2014_000000045237,train,train
COCO_train2014_000000045292,train,train
COCO_train2014_000000045337,train,train
COCO_train2014_000000045343,train,train
COCO_train2014_000000045396,train,train
COCO_train2014_000000045446,train,train
COCO_train2014_000000045455,train,train
COCO_train2014_000000045475,train,train
COCO_train2014_000000045490,train,train
COCO_train2014_000000045492,train,train
COCO_train2014_000000045524,train,train
COCO_train2014_000000045537,train,train
COCO_train2014_000000045558,train,train
COCO_train2014_000000045593,train,train
COCO_train2014_000000045625,train,train
COCO_train2014_000000045672,train,train
COCO_train2014_000000045678,train,train
COCO_train2014_000000045808,train,train
COCO_train2014_000000045946,train,train
COCO_train2014_000000045999,train,train
COCO_train2014_000000046029,train,train
COCO_train2014_000000046071,train,train
COCO_train2014_000000046106,train,train
COCO_train2014_000000046149,train,train
COCO_train2014_000000046169,train,train
COCO_train2014_000000046170,train,train
COCO_train2014_000000046255,train,train
COCO_train2014_000000046306,train,train
COCO_train2014_000000046320,train,train
COCO_train2014_000000046385,train,train
COCO_train2014_000000046408,train,train
COCO_train2014_000000046519,train,train
COCO_train2014_000000046564,train,train
COCO_train2014_000000046981,train,train
COCO_train2014_000000046990,train,train
COCO_train2014_000000046997,train,train
COCO_train2014_000000047022,train,train
COCO_train2014_000000047074,train,train
COCO_train2014_000000047084,train,train
COCO_train2014_000000047213,train,train
COCO_train2014_000000047294,train,train
COCO_train2014_000000047387,train,train
COCO_train2014_000000047407,train,train
COCO_train2014_000000047481,train,train
COCO_train2014_000000047548,train,train
COCO_train2014_000000047550,train,train
COCO_train2014_000000047631,train,train
COCO_train2014_000000047652,train,train
COCO_train2014_000000047659,train,train
COCO_train2014_000000047667,train,train
COCO_train2014_000000047746,train,train
COCO_train2014_000000047813,train,train
COCO_train2014_000000047867,train,train
COCO_train2014_000000047877,train,train
COCO_train2014_000000047907,train,train
COCO_train2014_000000047909,train,train
COCO_train2014_000000047928,train,train
COCO_train2014_000000047949,train,train
COCO_train2014_000000047952,train,train
COCO_train2014_000000047974,train,train
COCO_train2014_000000048001,train,train
COCO_train2014_000000048047,train,train
COCO_train2014_000000048126,train,train
COCO_train2014_000000048150,train,train
COCO_train2014_000000048220,train,train
COCO_train2014_000000048595,train,train
COCO_train2014_000000048658,train,train
COCO_train2014_000000048710,train,train
COCO_train2014_000000048733,train,train
COCO_train2014_000000048747,train,train
COCO_train2014_000000048759,train,train
COCO_train2014_000000048794,train,train
COCO_train2014_000000048971,train,train
COCO_train2014_000000049017,train,train
COCO_train2014_000000049053,train,train
COCO_train2014_000000049095,train,train
COCO_train2014_000000049143,train,train
COCO_train2014_000000049199,train,train
COCO_train2014_000000049254,train,train
COCO_train2014_000000049301,train,train
COCO_train2014_000000049384,train,train
COCO_train2014_000000049573,train,train
COCO_train2014_000000049592,train,train
COCO_train2014_000000049662,train,train
COCO_train2014_000000049673,train,train
COCO_train2014_000000049719,train,train
COCO_train2014_000000049782,train,train
COCO_train2014_000000049790,train,train
COCO_train2014_000000049801,train,train
COCO_train2014_000000049988,train,train
COCO_train2014_000000050003,train,train
COCO_train2014_000000050134,train,train
COCO_train2014_000000050244,train,train
COCO_train2014_000000050261,train,train
COCO_train2014_000000050389,train,train
COCO_train2014_000000050518,train,train
COCO_train2014_000000050536,train,train
COCO_train2014_000000050556,train,train
COCO_train2014_000000050597,train,train
COCO_train2014_000000050648,train,train
COCO_train2014_000000050757,train,train
COCO_train2014_000000050806,train,train
COCO_train2014_000000050878,train,train
COCO_train2014_000000050885,train,train
COCO_train2014_000000050927,train,train
COCO_train2014_000000050939,train,train
COCO_train2014_000000050961,train,train
COCO_train2014_000000051021,train,train
COCO_train2014_000000051152,train,train
COCO_train2014_000000051168,train,train
COCO_train2014_000000051302,train,train
COCO_train2014_000000051310,train,train
COCO_train2014_000000051453,train,train
COCO_train2014_000000051474,train,train
COCO_train2014_000000051478,train,train
COCO_train2014_000000051504,train,train
COCO_train2014_000000051525,train,train
COCO_train2014_000000051563,train,train
COCO_train2014_000000051618,train,train
COCO_train2014_000000051639,train,train
COCO_train2014_000000051819,train,train
COCO_train2014_000000051899,train,train
COCO_train2014_000000051941,train,train
COCO_train2014_000000051965,train,train
COCO_train2014_000000052030,train,train
COCO_train2014_000000052073,train,train
COCO_train2014_000000052086,train,train
COCO_train2014_000000052123,train,train
COCO_train2014_000000052151,train,train
COCO_train2014_000000052153,train,train
COCO_train2014_000000052270,train,train
COCO_train2014_000000052299,train,train
COCO_train2014_000000052341,train,train
COCO_train2014_000000052382,train,train
COCO_train2014_000000052448,train,train
COCO_train2014_000000052497,train,train
COCO_train2014_000000052502,train,train
COCO_train2014_000000052611,train,train
COCO_train2014_000000052619,train,train
COCO_train2014_000000052819,train,train
COCO_train2014_000000052844,train,train
COCO_train2014_000000052901,train,train
COCO_train2014_000000052929,train,train
COCO_train2014_000000052943,train,train
COCO_train2014_000000053095,train,train
COCO_train2014_000000053136,train,train
COCO_train2014_000000053143,train,train
COCO_train2014_000000053169,train,train
COCO_train2014_000000053170,train,train
COCO_train2014_000000053196,train,train
COCO_train2014_000000053208,train,train
COCO_train2014_000000053351,train,train
COCO_train2014_000000053361,train,train
COCO_train2014_000000053405,train,train
COCO_train2014_000000053451,train,train
COCO_train2014_000000053455,train,train
COCO_train2014_000000053464,train,train
COCO_train2014_000000053479,train,train
COCO_train2014_000000053601,train,train
COCO_train2014_000000053632,train,train
COCO_train2014_000000053643,train,train
COCO_train2014_000000053729,train,train
COCO_train2014_000000053793,train,train
COCO_train2014_000000053939,train,train
COCO_train2014_000000054052,train,train
COCO_train2014_000000054065,train,train
COCO_train2014_000000054121,train,train
COCO_train2014_000000054163,train,train
COCO_train2014_000000054173,train,train
COCO_train2014_000000054194,train,train
COCO_train2014_000000054244,train,train
COCO_train2014_000000054260,train,train
COCO_train2014_000000054286,train,train
COCO_train2014_000000054386,train,train
COCO_train2014_000000054402,train,train
COCO_train2014_000000054492,train,train
COCO_train2014_000000054541,train,train
COCO_train2014_000000054692,train,train
COCO_train2014_000000054738,train,train
COCO_train2014_000000054758,train,train
COCO_train2014_000000054764,train,train
COCO_train2014_000000054803,train,train
COCO_train2014_000000054806,train,train
COCO_train2014_000000054868,train,train
COCO_train2014_000000054869,train,train
COCO_train2014_000000054943,train,train
COCO_train2014_000000054953,train,train
COCO_train2014_000000054957,train,train
COCO_train2014_000000055128,train,train
COCO_train2014_000000055202,train,train
COCO_train2014_000000055226,train,train
COCO_train2014_000000055276,train,train
COCO_train2014_000000055288,train,train
COCO_train2014_000000055294,train,train
COCO_train2014_000000055344,train,train
COCO_train2014_000000055398,train,train
COCO_train2014_000000055413,train,train
COCO_train2014_000000055468,train,train
COCO_train2014_000000055478,train,train
COCO_train2014_000000055517,train,train
COCO_train2014_000000055521,train,train
COCO_train2014_000000055527,train,train
COCO_train2014_000000055618,train,train
COCO_train2014_000000055627,train,train
COCO_train2014_000000055641,train,train
COCO_train2014_000000055695,train,train
COCO_train2014_000000055712,train,train
COCO_train2014_000000055731,train,train
COCO_train2014_000000055733,train,train
COCO_train2014_000000055764,train,train
COCO_train2014_000000055818,train,train
COCO_train2014_000000055873,train,train
COCO_train2014_000000055891,train,train
COCO_train2014_000000055915,train,train
COCO_train2014_000000055942,train,train
COCO_train2014_000000055947,train,train
COCO_train2014_000000055966,train,train
COCO_train2014_000000056005,train,train
COCO_train2014_000000056006,train,train
COCO_train2014_000000056075,train,train
COCO_train2014_000000056109,train,train
COCO_train2014_000000056132,train,train
COCO_train2014_000000056262,train,train
COCO_train2014_000000056287,train,train
COCO_train2014_000000056332,train,train
COCO_train2014_000000056416,train,train
COCO_train2014_000000056432,train,train
COCO_train2014_000000056480,train,train
COCO_train2014_000000056715,train,train
COCO_train2014_000000056733,train,train
COCO_train2014_000000056971,train,train
COCO_train2014_000000057088,train,train
COCO_train2014_000000057199,train,train
COCO_train2014_000000057284,train,train
COCO_train2014_000000057381,train,train
COCO_train2014_000000057461,train,train
COCO_train2014_000000057481,train,train
COCO_train2014_000000057551,train,train
COCO_train2014_000000057641,train,train
COCO_train2014_000000057697,train,train
COCO_train2014_000000057772,train,train
COCO_train2014_000000057870,train,train
COCO_train2014_000000057926,train,train
COCO_train2014_000000057999,train,train
COCO_train2014_000000058021,train,train
COCO_train2014_000000058101,train,train
COCO_train2014_000000058102,train,train
COCO_train2014_000000058105,train,train
COCO_train2014_000000058134,train,train
COCO_train2014_000000058161,train,train
COCO_train2014_000000058268,train,train
COCO_train2014_000000058270,train,train
COCO_train2014_000000058281,train,train
COCO_train2014_000000058307,train,train
COCO_train2014_000000058351,train,train
COCO_train2014_000000058464,train,train
COCO_train2014_000000058465,train,train
COCO_train2014_000000058482,train,train
COCO_train2014_000000058547,train,train
COCO_train2014_000000058580,train,train
COCO_train2014_000000058609,train,train
COCO_train2014_000000058619,train,train
COCO_train2014_000000058633,train,train
COCO_train2014_000000058681,train,train
COCO_train2014_000000058684,train,train
COCO_train2014_000000058753,train,train
COCO_train2014_000000058815,train,train
COCO_train2014_000000058864,train,train
COCO_train2014_000000058873,train,train
COCO_train2014_000000058911,train,train
COCO_train2014_000000058928,train,train
COCO_train2014_000000058979,train,train
COCO_train2014_000000058987,train,train
COCO_train2014_000000059024,train,train
COCO_train2014_000000059034,train,train
COCO_train2014_000000059041,train,train
COCO_train2014_000000059281,train,train
COCO_train2014_000000059388,train,train
COCO_train2014_000000059394,train,train
COCO_train2014_000000059582,train,train
COCO_train2014_000000059611,train,train
COCO_train2014_000000059683,train,train
COCO_train2014_000000059685,train,train
COCO_train2014_000000059776,train,train
COCO_train2014_000000059906,train,train
COCO_train2014_000000059918,train,train
COCO_train2014_000000059971,train,train
COCO_train2014_000000060034,train,train
COCO_train2014_000000060136,train,train
COCO_train2014_000000060180,train,train
COCO_train2014_000000060245,train,train
COCO_train2014_000000060324,train,train
COCO_train2014_000000060360,train,train
COCO_train2014_000000060378,train,train
COCO_train2014_000000060402,train,train
COCO_train2014_000000060457,train,train
COCO_train2014_000000060599,train,train
COCO_train2014_000000060720,train,train
COCO_train2014_000000060814,train,train
COCO_train2014_000000060828,train,train
COCO_train2014_000000060890,train,train
COCO_train2014_000000061206,train,train
COCO_train2014_000000061266,train,train
COCO_train2014_000000061307,train,train
COCO_train2014_000000061459,train,train
COCO_train2014_000000061463,train,train
COCO_train2014_000000061588,train,train
COCO_train2014_000000061635,train,train
COCO_train2014_000000061672,train,train
COCO_train2014_000000061877,train,train
COCO_train2014_000000062038,train,train
COCO_train2014_000000062046,train,train
COCO_train2014_000000062053,train,train
COCO_train2014_000000062075,train,train
COCO_train2014_000000062175,train,train
COCO_train2014_000000062204,train,train
COCO_train2014_000000062313,train,train
COCO_train2014_000000062336,train,train
COCO_train2014_000000062337,train,train
COCO_train2014_000000062446,train,train
COCO_train2014_000000062464,train,train
COCO_train2014_000000062547,train,train
COCO_train2014_000000062552,train,train
COCO_train2014_000000062589,train,train
COCO_train2014_000000062716,train,train
COCO_train2014_000000062743,train,train
COCO_train2014_000000062756,train,train
COCO_train2014_000000062770,train,train
COCO_train2014_000000062815,train,train
COCO_train2014_000000062893,train,train
COCO_train2014_000000062995,train,train
COCO_train2014_000000063043,train,train
COCO_train2014_000000063081,train,train
COCO_train2014_000000063123,train,train
COCO_train2014_000000063143,train,train
COCO_train2014_000000063230,train,train
COCO_train2014_000000063275,train,train
COCO_train2014_000000063347,train,train
COCO_train2014_000000063571,train,train
COCO_train2014_000000063662,train,train
COCO_train2014_000000063681,train,train
COCO_train2014_000000063745,train,train
COCO_train2014_000000063818,train,train
COCO_train2014_000000063835,train,train
COCO_train2014_000000063845,train,train
COCO_train2014_000000063865,train,train
COCO_train2014_000000064139,train,train
COCO_train2014_000000064534,train,train
COCO_train2014_000000064562,train,train
COCO_train2014_000000064704,train,train
COCO_train2014_000000064733,train,train
COCO_train2014_000000064834,train,train
COCO_train2014_000000064893,train,train
COCO_train2014_000000064908,train,train
COCO_train2014_000000065153,train,train
COCO_train2014_000000065163,train,train
COCO_train2014_000000065166,train,train
COCO_train2014_000000065195,train,train
COCO_train2014_000000065329,train,train
COCO_train2014_000000065440,train,train
COCO_train2014_000000065518,train,train
COCO_train2014_000000065588,train,train
COCO_train2014_000000065668,train,train
COCO_train2014_000000065732,train,train
COCO_train2014_000000065835,train,train
COCO_train2014_000000065841,train,train
COCO_train2014_000000065891,train,train
COCO_train2014_000000065971,train,train
COCO_train2014_000000066014,train,train
COCO_train2014_000000066054,train,train
COCO_train2014_000000066124,train,train
COCO_train2014_000000066129,train,train
COCO_train2014_000000066156,train,train
COCO_train2014_000000066164,train,train
COCO_train2014_000000066192,train,train
COCO_train2014_000000066327,train,train
COCO_train2014_000000066376,train,train
COCO_train2014_000000066507,train,train
COCO_train2014_000000066637,train,train
COCO_train2014_000000066822,train,train
COCO_train2014_000000066853,train,train
COCO_train2014_000000066862,train,train
COCO_train2014_000000067052,train,train
COCO_train2014_000000067077,train,train
COCO_train2014_000000067085,train,train
COCO_train2014_000000067090,train,train
COCO_train2014_000000067155,train,train
COCO_train2014_000000067220,train,train
COCO_train2014_000000067248,train,train
COCO_train2014_000000067261,train,train
COCO_train2014_000000067344,train,train
COCO_train2014_000000067396,train,train
COCO_train2014_000000067428,train,train
COCO_train2014_000000067548,train,train
COCO_train2014_000000067560,train,train
COCO_train2014_000000067571,train,train
COCO_train2014_000000067647,train,train
COCO_train2014_000000067657,train,train
COCO_train2014_000000067748,train,train
COCO_train2014_000000067771,train,train
COCO_train2014_000000067798,train,train
COCO_train2014_000000068028,train,train
COCO_train2014_000000068082,train,train
COCO_train2014_000000068094,train,train
COCO_train2014_000000068152,train,train
COCO_train2014_000000068153,train,train
COCO_train2014_000000068163,train,train
COCO_train2014_000000068179,train,train
COCO_train2014_000000068183,train,train
COCO_train2014_000000068235,train,train
COCO_train2014_000000068305,train,train
COCO_train2014_000000068356,train,train
COCO_train2014_000000068442,train,train
COCO_train2014_000000068623,train,train
COCO_train2014_000000068633,train,train
COCO_train2014_000000068668,train,train
COCO_train2014_000000068717,train,train
COCO_train2014_000000068777,train,train
COCO_train2014_000000068788,train,train
COCO_train2014_000000068860,train,train
COCO_train2014_000000068867,train,train
COCO_train2014_000000068895,train,train
COCO_train2014_000000068912,train,train
COCO_train2014_000000068947,train,train
COCO_train2014_000000068953,train,train
COCO_train2014_000000069052,train,train
COCO_train2014_000000069148,train,train
COCO_train2014_000000069197,train,train
COCO_train2014_000000069290,train,train
COCO_train2014_000000069302,train,train
COCO_train2014_000000069308,train,train
COCO_train2014_000000069339,train,train
COCO_train2014_000000069355,train,train
COCO_train2014_000000069486,train,train
COCO_train2014_000000069498,train,train
COCO_train2014_000000069532,train,train
COCO_train2014_000000069675,train,train
COCO_train2014_000000069745,train,train
COCO_train2014_000000069809,train,train
COCO_train2014_000000069816,train,train
COCO_train2014_000000069874,train,train
COCO_train2014_000000070104,train,train
COCO_train2014_000000070159,train,train
COCO_train2014_000000070211,train,train
COCO_train2014_000000070288,train,train
COCO_train2014_000000070295,train,train
COCO_train2014_000000070346,train,train
COCO_train2014_000000070411,train,train
COCO_train2014_000000070562,train,train
COCO_train2014_000000070710,train,train
COCO_train2014_000000070868,train,train
COCO_train2014_000000070927,train,train
COCO_train2014_000000070939,train,train
COCO_train2014_000000071015,train,train
COCO_train2014_000000071122,train,train
COCO_train2014_000000071126,train,train
COCO_train2014_000000071265,train,train
COCO_train2014_000000071271,train,train
COCO_train2014_000000071295,train,train
COCO_train2014_000000071322,train,train
COCO_train2014_000000071339,train,train
COCO_train2014_000000071344,train,train
COCO_train2014_000000071427,train,train
COCO_train2014_000000071485,train,train
COCO_train2014_000000071552,train,train
COCO_train2014_000000071603,train,train
COCO_train2014_000000071608,train,train
COCO_train2014_000000071678,train,train
COCO_train2014_000000071714,train,train
COCO_train2014_000000071726,train,train
COCO_train2014_000000071754,train,train
COCO_train2014_000000071769,train,train
COCO_train2014_000000071838,train,train
COCO_train2014_000000071881,train,train
COCO_train2014_000000071917,train,train
COCO_train2014_000000071984,train,train
COCO_train2014_000000071989,train,train
COCO_train2014_000000072095,train,train
COCO_train2014_000000072111,train,train
COCO_train2014_000000072120,train,train
COCO_train2014_000000072124,train,train
COCO_train2014_000000072133,train,train
COCO_train2014_000000072233,train,train
COCO_train2014_000000072263,train,train
COCO_train2014_000000072396,train,train
COCO_train2014_000000072430,train,train
COCO_train2014_000000072495,train,train
COCO_train2014_000000072551,train,train
COCO_train2014_000000072575,train,train
COCO_train2014_000000072592,train,train
COCO_train2014_000000072605,train,train
COCO_train2014_000000072628,train,train
COCO_train2014_000000072629,train,train
COCO_train2014_000000072701,train,train
COCO_train2014_000000072717,train,train
COCO_train2014_000000072821,train,train
COCO_train2014_000000072883,train,train
COCO_train2014_000000072927,train,train
COCO_train2014_000000072998,train,train
COCO_train2014_000000073000,train,train
COCO_train2014_000000073022,train,train
COCO_train2014_000000073040,train,train
COCO_train2014_000000073094,train,train
COCO_train2014_000000073096,train,train
COCO_train2014_000000073163,train,train
COCO_train2014_000000073235,train,train
COCO_train2014_000000073413,train,train
COCO_train2014_000000073418,train,train
COCO_train2014_000000073434,train,train
COCO_train2014_000000073510,train,train
COCO_train2014_000000073549,train,train
COCO_train2014_000000073568,train,train
COCO_train2014_000000073583,train,train
COCO_train2014_000000073826,train,train
COCO_train2014_000000073885,train,train
COCO_train2014_000000073904,train,train
COCO_train2014_000000074078,train,train
COCO_train2014_000000074080,train,train
COCO_train2014_000000074127,train,train
COCO_train2014_000000074138,train,train
COCO_train2014_000000074201,train,train
COCO_train2014_000000074211,train,train
COCO_train2014_000000074335,train,train
COCO_train2014_000000074407,train,train
COCO_train2014_000000074411,train,train
COCO_train2014_000000074466,train,train
COCO_train2014_000000074502,train,train
COCO_train2014_000000074576,train,train
COCO_train2014_000000074624,train,train
COCO_train2014_000000074924,train,train
COCO_train2014_000000074925,train,train
COCO_train2014_000000074927,train,train
COCO_train2014_000000074964,train,train
COCO_train2014_000000075144,train,train
COCO_train2014_000000075170,train,train
COCO_train2014_000000075266,train,train
COCO_train2014_000000075299,train,train
COCO_train2014_000000075362,train,train
COCO_train2014_000000075369,train,train
COCO_train2014_000000075516,train,train
COCO_train2014_000000075521,train,train
COCO_train2014_000000075621,train,train
COCO_train2014_000000075726,train,train
COCO_train2014_000000075747,train,train
COCO_train2014_000000075754,train,train
COCO_train2014_000000075927,train,train
COCO_train2014_000000076009,train,train
COCO_train2014_000000076268,train,train
COCO_train2014_000000076349,train,train
COCO_train2014_000000076541,train,train
COCO_train2014_000000076607,train,train
COCO_train2014_000000076709,train,train
COCO_train2014_000000076753,train,train
COCO_train2014_000000077067,train,train
COCO_train2014_000000077099,train,train
COCO_train2014_000000077154,train,train
COCO_train2014_000000077185,train,train
COCO_train2014_000000077195,train,train
COCO_train2014_000000077297,train,train
COCO_train2014_000000077332,train,train
COCO_train2014_000000077346,train,train
COCO_train2014_000000077376,train,train
COCO_train2014_000000077467,train,train
COCO_train2014_000000077481,train,train
COCO_train2014_000000077542,train,train
COCO_train2014_000000077553,train,train
COCO_train2014_000000077557,train,train
COCO_train2014_000000077639,train,train
COCO_train2014_000000077750,train,train
COCO_train2014_000000077834,train,train
COCO_train2014_000000077841,train,train
COCO_train2014_000000077899,train,train
COCO_train2014_000000078085,train,train
COCO_train2014_000000078196,train,train
COCO_train2014_000000078253,train,train
COCO_train2014_000000078286,train,train
COCO_train2014_000000078305,train,train
COCO_train2014_000000078394,train,train
COCO_train2014_000000078412,train,train
COCO_train2014_000000078466,train,train
COCO_train2014_000000078477,train,train
COCO_train2014_000000078536,train,train
COCO_train2014_000000078609,train,train
COCO_train2014_000000078610,train,train
COCO_train2014_000000078642,train,train
COCO_train2014_000000078650,train,train
COCO_train2014_000000078762,train,train
COCO_train2014_000000078825,train,train
COCO_train2014_000000078986,train,train
COCO_train2014_000000079076,train,train
COCO_train2014_000000079170,train,train
COCO_train2014_000000079193,train,train
COCO_train2014_000000079262,train,train
COCO_train2014_000000079313,train,train
COCO_train2014_000000079354,train,train
COCO_train2014_000000079459,train,train
COCO_train2014_000000079628,train,train
COCO_train2014_000000079645,train,train
COCO_train2014_000000079783,train,train
COCO_train2014_000000079792,train,train
COCO_train2014_000000079798,train,train
COCO_train2014_000000080011,train,train
COCO_train2014_000000080065,train,train
COCO_train2014_000000080078,train,train
COCO_train2014_000000080168,train,train
COCO_train2014_000000080187,train,train
COCO_train2014_000000080293,train,train
COCO_train2014_000000080311,train,train
COCO_train2014_000000080319,train,train
COCO_train2014_000000080360,train,train
COCO_train2014_000000080391,train,train
COCO_train2014_000000080422,train,train
COCO_train2014_000000080441,train,train
COCO_train2014_000000080475,train,train
COCO_train2014_000000080495,train,train
COCO_train2014_000000080708,train,train
COCO_train2014_000000080720,train,train
COCO_train2014_000000080808,train,train
COCO_train2014_000000080821,train,train
COCO_train2014_000000080857,train,train
COCO_train2014_000000080892,train,train
COCO_train2014_000000080937,train,train
COCO_train2014_000000080950,train,train
COCO_train2014_000000081057,train,train
COCO_train2014_000000081065,train,train
COCO_train2014_000000081084,train,train
COCO_train2014_000000081135,train,train
COCO_train2014_000000081143,train,train
COCO_train2014_000000081239,train,train
COCO_train2014_000000081283,train,train
COCO_train2014_000000081323,train,train
COCO_train2014_000000081363,train,train
COCO_train2014_000000081379,train,train
COCO_train2014_000000081398,train,train
COCO_train2014_000000081447,train,train
COCO_train2014_000000081504,train,train
COCO_train2014_000000081555,train,train
COCO_train2014_000000081576,train,train
COCO_train2014_000000081660,train,train
COCO_train2014_000000081748,train,train
COCO_train2014_000000081810,train,train
COCO_train2014_000000081826,train,train
COCO_train2014_000000081841,train,train
COCO_train2014_000000081842,train,train
COCO_train2014_000000081868,train,train
COCO_train2014_000000081871,train,train
COCO_train2014_000000081971,train,train
COCO_train2014_000000082228,train,train
COCO_train2014_000000082246,train,train
COCO_train2014_000000082301,train,train
COCO_train2014_000000082304,train,train
COCO_train2014_000000082631,train,train
COCO_train2014_000000082705,train,train
COCO_train2014_000000082716,train,train
COCO_train2014_000000082860,train,train
COCO_train2014_000000082879,train,train
COCO_train2014_000000082894,train,train
COCO_train2014_000000083029,train,train
COCO_train2014_000000083085,train,train
COCO_train2014_000000083149,train,train
COCO_train2014_000000083176,train,train
COCO_train2014_000000083386,train,train
COCO_train2014_000000083482,train,train
COCO_train2014_000000083600,train,train
COCO_train2014_000000083601,train,train
COCO_train2014_000000083624,train,train
COCO_train2014_000000083627,train,train
COCO_train2014_000000083696,train,train
COCO_train2014_000000083755,train,train
COCO_train2014_000000083770,train,train
COCO_train2014_000000083862,train,train
COCO_train2014_000000083869,train,train
COCO_train2014_000000083878,train,train
COCO_train2014_000000083931,train,train
COCO_train2014_000000083973,train,train
COCO_train2014_000000084002,train,train
COCO_train2014_000000084046,train,train
COCO_train2014_000000084128,train,train
COCO_train2014_000000084174,train,train
COCO_train2014_000000084214,train,train
COCO_train2014_000000084259,train,train
COCO_train2014_000000084273,train,train
COCO_train2014_000000084276,train,train
COCO_train2014_000000084295,train,train
COCO_train2014_000000084448,train,train
COCO_train2014_000000084489,train,train
COCO_train2014_000000084757,train,train
COCO_train2014_000000084758,train,train
COCO_train2014_000000084786,train,train
COCO_train2014_000000084800,train,train
COCO_train2014_000000084829,train,train
COCO_train2014_000000085053,train,train
COCO_train2014_000000085081,train,train
COCO_train2014_000000085092,train,train
COCO_train2014_000000085176,train,train
COCO_train2014_000000085215,train,train
COCO_train2014_000000085404,train,train
COCO_train2014_000000085564,train,train
COCO_train2014_000000085623,train,train
COCO_train2014_000000085647,train,train
COCO_train2014_000000085706,train,train
COCO_train2014_000000085781,train,train
COCO_train2014_000000085790,train,train
COCO_train2014_000000085855,train,train
COCO_train2014_000000085856,train,train
COCO_train2014_000000085865,train,train
COCO_train2014_000000085948,train,train
COCO_train2014_000000086031,train,train
COCO_train2014_000000086119,train,train
COCO_train2014_000000086169,train,train
COCO_train2014_000000086210,train,train
COCO_train2014_000000086221,train,train
COCO_train2014_000000086226,train,train
COCO_train2014_000000086282,train,train
COCO_train2014_000000086285,train,train
COCO_train2014_000000086378,train,train
COCO_train2014_000000086393,train,train
COCO_train2014_000000086452,train,train
COCO_train2014_000000086476,train,train
COCO_train2014_000000086514,train,train
COCO_train2014_000000086530,train,train
COCO_train2014_000000086555,train,train
COCO_train2014_000000086573,train,train
COCO_train2014_000000086655,train,train
COCO_train2014_000000086676,train,train
COCO_train2014_000000086678,train,train
COCO_train2014_000000086750,train,train
COCO_train2014_000000086777,train,train
COCO_train2014_000000086790,train,train
COCO_train2014_000000086803,train,train
COCO_train2014_000000086842,train,train
COCO_train2014_000000086861,train,train
COCO_train2014_000000086869,train,train
COCO_train2014_000000086901,train,train
COCO_train2014_000000086907,train,train
COCO_train2014_000000086927,train,train
COCO_train2014_000000087000,train,train
COCO_train2014_000000087115,train,train
COCO_train2014_000000087137,train,train
COCO_train2014_000000087207,train,train
COCO_train2014_000000087214,train,train
COCO_train2014_000000087216,train,train
COCO_train2014_000000087225,train,train
COCO_train2014_000000087232,train,train
COCO_train2014_000000087285,train,train
COCO_train2014_000000087334,train,train
COCO_train2014_000000087450,train,train
COCO_train2014_000000087465,train,train
COCO_train2014_000000087554,train,train
COCO_train2014_000000087593,train,train
COCO_train2014_000000087871,train,train
COCO_train2014_000000087980,train,train
COCO_train2014_000000087987,train,train
COCO_train2014_000000088068,train,train
COCO_train2014_000000088117,train,train
COCO_train2014_000000088136,train,train
COCO_train2014_000000088192,train,train
COCO_train2014_000000088315,train,train
COCO_train2014_000000088324,train,train
COCO_train2014_000000088330,train,train
COCO_train2014_000000088339,train,train
COCO_train2014_000000088540,train,train
COCO_train2014_000000088609,train,train
COCO_train2014_000000088635,train,train
COCO_train2014_000000088754,train,train
COCO_train2014_000000088802,train,train
COCO_train2014_000000088866,train,train
COCO_train2014_000000088931,train,train
COCO_train2014_000000088950,train,train
COCO_train2014_000000088956,train,train
COCO_train2014_000000089115,train,train
COCO_train2014_000000089207,train,train
COCO_train2014_000000089236,train,train
COCO_train2014_000000089390,train,train
COCO_train2014_000000089407,train,train
COCO_train2014_000000089515,train,train
COCO_train2014_000000089598,train,train
COCO_train2014_000000089631,train,train
COCO_train2014_000000089696,train,train
COCO_train2014_000000089754,train,train
COCO_train2014_000000089835,train,train
COCO_train2014_000000089838,train,train
COCO_train2014_000000089848,train,train
COCO_train2014_000000089902,train,train
COCO_train2014_000000090196,train,train
COCO_train2014_000000090237,train,train
COCO_train2014_000000090346,train,train
COCO_train2014_000000090393,train,train
COCO_train2014_000000090678,train,train
COCO_train2014_000000090801,train,train
COCO_train2014_000000090830,train,train
COCO_train2014_000000090862,train,train
COCO_train2014_000000090869,train,train
COCO_train2014_000000090961,train,train
COCO_train2014_000000090962,train,train
COCO_train2014_000000091006,train,train
COCO_train2014_000000091055,train,train
COCO_train2014_000000091056,train,train
COCO_train2014_000000091123,train,train
COCO_train2014_000000091440,train,train
COCO_train2014_000000091442,train,train
COCO_train2014_000000091541,train,train
COCO_train2014_000000091581,train,train
COCO_train2014_000000091725,train,train
COCO_train2014_000000091743,train,train
COCO_train2014_000000091804,train,train
COCO_train2014_000000091852,train,train
COCO_train2014_000000091858,train,train
COCO_train2014_000000091891,train,train
COCO_train2014_000000091928,train,train
COCO_train2014_000000091935,train,train
COCO_train2014_000000092006,train,train
COCO_train2014_000000092136,train,train
COCO_train2014_000000092153,train,train
COCO_train2014_000000092165,train,train
COCO_train2014_000000092323,train,train
COCO_train2014_000000092331,train,train
COCO_train2014_000000092344,train,train
COCO_train2014_000000092380,train,train
COCO_train2014_000000092439,train,train
COCO_train2014_000000092631,train,train
COCO_train2014_000000092661,train,train
COCO_train2014_000000092670,train,train
COCO_train2014_000000092835,train,train
COCO_train2014_000000092914,train,train
COCO_train2014_000000092953,train,train
COCO_train2014_000000092957,train,train
COCO_train2014_000000093018,train,train
COCO_train2014_000000093262,train,train
COCO_train2014_000000093288,train,train
COCO_train2014_000000093332,train,train
COCO_train2014_000000093363,train,train
COCO_train2014_000000093424,train,train
COCO_train2014_000000093430,train,train
COCO_train2014_000000093469,train,train
COCO_train2014_000000093519,train,train
COCO_train2014_000000093644,train,train
COCO_train2014_000000093720,train,train
COCO_train2014_000000093756,train,train
COCO_train2014_000000093838,train,train
COCO_train2014_000000093842,train,train
COCO_train2014_000000093883,train,train
COCO_train2014_000000093971,train,train
COCO_train2014_000000094031,train,train
COCO_train2014_000000094087,train,train
COCO_train2014_000000094201,train,train
COCO_train2014_000000094223,train,train
COCO_train2014_000000094300,train,train
COCO_train2014_000000094359,train,train
COCO_train2014_000000094416,train,train
COCO_train2014_000000094420,train,train
COCO_train2014_000000094701,train,train
COCO_train2014_000000094769,train,train
COCO_train2014_000000094770,train,train
COCO_train2014_000000094841,train,train
COCO_train2014_000000094984,train,train
COCO_train2014_000000095258,train,train
COCO_train2014_000000095422,train,train
COCO_train2014_000000095506,train,train
COCO_train2014_000000095526,train,train
COCO_train2014_000000095562,train,train
COCO_train2014_000000095793,train,train
COCO_train2014_000000095828,train,train
COCO_train2014_000000095880,train,train
COCO_train2014_000000096046,train,train
COCO_train2014_000000096082,train,train
COCO_train2014_000000096161,train,train
COCO_train2014_000000096222,train,train
COCO_train2014_000000096339,train,train
COCO_train2014_000000096435,train,train
COCO_train2014_000000096497,train,train
COCO_train2014_000000096568,train,train
COCO_train2014_000000096582,train,train
COCO_train2014_000000096723,train,train
COCO_train2014_000000096745,train,train
COCO_train2014_000000096754,train,train
COCO_train2014_000000096757,train,train
COCO_train2014_000000096790,train,train
COCO_train2014_000000096809,train,train
COCO_train2014_000000097023,train,train
COCO_train2014_000000097218,train,train
COCO_train2014_000000097272,train,train
COCO_train2014_000000097283,train,train
COCO_train2014_000000097391,train,train
COCO_train2014_000000097396,train,train
COCO_train2014_000000097450,train,train
COCO_train2014_000000097492,train,train
COCO_train2014_000000097514,train,train
COCO_train2014_000000097591,train,train
COCO_train2014_000000097614,train,train
COCO_train2014_000000097878,train,train
COCO_train2014_000000097913,train,train
COCO_train2014_000000098038,train,train
COCO_train2014_000000098123,train,train
COCO_train2014_000000098233,train,train
COCO_train2014_000000098276,train,train
COCO_train2014_000000098290,train,train
COCO_train2014_000000098480,train,train
COCO_train2014_000000098494,train,train
COCO_train2014_000000098503,train,train
COCO_train2014_000000098549,train,train
COCO_train2014_000000098554,train,train
COCO_train2014_000000098601,train,train
COCO_train2014_000000098641,train,train
COCO_train2014_000000098642,train,train
COCO_train2014_000000098694,train,train
COCO_train2014_000000098739,train,train
COCO_train2014_000000098867,train,train
COCO_train2014_000000098915,train,train
COCO_train2014_000000099004,train,train
COCO_train2014_000000099008,train,train
COCO_train2014_000000099070,train,train
COCO_train2014_000000099094,train,train
COCO_train2014_000000099108,train,train
COCO_train2014_000000099129,train,train
COCO_train2014_000000099139,train,train
COCO_train2014_000000099159,train,train
COCO_train2014_000000099184,train,train
COCO_train2014_000000099245,train,train
COCO_train2014_000000099349,train,train
COCO_train2014_000000099372,train,train
COCO_train2014_000000099407,train,train
COCO_train2014_000000099417,train,train
COCO_train2014_000000099453,train,train
COCO_train2014_000000099476,train,train
COCO_train2014_000000099536,train,train
COCO_train2014_000000099539,train,train
COCO_train2014_000000099580,train,train
COCO_train2014_000000099598,train,train
COCO_train2014_000000099599,train,train
COCO_train2014_000000099629,train,train
COCO_train2014_000000099676,train,train
COCO_train2014_000000099701,train,train
COCO_train2014_000000099728,train,train
COCO_train2014_000000099753,train,train
COCO_train2014_000000099817,train,train
COCO_train2014_000000099844,train,train
COCO_train2014_000000100273,train,train
COCO_train2014_000000100282,train,train
COCO_train2014_000000100303,train,train
COCO_train2014_000000100311,train,train
COCO_train2014_000000100319,train,train
COCO_train2014_000000100331,train,train
COCO_train2014_000000100396,train,train
COCO_train2014_000000100530,train,train
COCO_train2014_000000100579,train,train
COCO_train2014_000000100717,train,train
COCO_train2014_000000100817,train,train
COCO_train2014_000000100821,train,train
COCO_train2014_000000100901,train,train
COCO_train2014_000000100910,train,train
COCO_train2014_000000100975,train,train
COCO_train2014_000000101014,train,train
COCO_train2014_000000101033,train,train
COCO_train2014_000000101069,train,train
COCO_train2014_000000101094,train,train
COCO_train2014_000000101110,train,train
COCO_train2014_000000101234,train,train
COCO_train2014_000000101310,train,train
COCO_train2014_000000101355,train,train
COCO_train2014_000000101362,train,train
COCO_train2014_000000101426,train,train
COCO_train2014_000000101510,train,train
COCO_train2014_000000101548,train,train
COCO_train2014_000000101569,train,train
COCO_train2014_000000101697,train,train
COCO_train2014_000000101713,train,train
COCO_train2014_000000101719,train,train
COCO_train2014_000000101761,train,train
COCO_train2014_000000101814,train,train
COCO_train2014_000000101874,train,train
COCO_train2014_000000101894,train,train
COCO_train2014_000000101904,train,train
COCO_train2014_000000102090,train,train
COCO_train2014_000000102111,train,train
COCO_train2014_000000102133,train,train
COCO_train2014_000000102171,train,train
COCO_train2014_000000102205,train,train
COCO_train2014_000000102281,train,train
COCO_train2014_000000102307,train,train
COCO_train2014_000000102377,train,train
COCO_train2014_000000102469,train,train
COCO_train2014_000000102529,train,train
COCO_train2014_000000102540,train,train
COCO_train2014_000000102655,train,train
COCO_train2014_000000102704,train,train
COCO_train2014_000000102754,train,train
COCO_train2014_000000102766,train,train
COCO_train2014_000000102787,train,train
COCO_train2014_000000102822,train,train
COCO_train2014_000000102862,train,train
COCO_train2014_000000103018,train,train
COCO_train2014_000000103228,train,train
COCO_train2014_000000103251,train,train
COCO_train2014_000000103332,train,train
COCO_train2014_000000103356,train,train
COCO_train2014_000000103383,train,train
COCO_train2014_000000103575,train,train
COCO_train2014_000000103759,train,train
COCO_train2014_000000103804,train,train
COCO_train2014_000000103890,train,train
COCO_train2014_000000103902,train,train
COCO_train2014_000000103978,train,train
COCO_train2014_000000104177,train,train
COCO_train2014_000000104248,train,train
COCO_train2014_000000104328,train,train
COCO_train2014_000000104343,train,train
COCO_train2014_000000104365,train,train
COCO_train2014_000000104403,train,train
COCO_train2014_000000104454,train,train
COCO_train2014_000000104493,train,train
COCO_train2014_000000104607,train,train
COCO_train2014_000000104621,train,train
COCO_train2014_000000104792,train,train
COCO_train2014_000000104811,train,train
COCO_train2014_000000104817,train,train
COCO_train2014_000000105026,train,train
COCO_train2014_000000105063,train,train
COCO_train2014_000000105115,train,train
COCO_train2014_000000105192,train,train
COCO_train2014_000000105195,train,train
COCO_train2014_000000105310,train,train
COCO_train2014_000000105364,train,train
COCO_train2014_000000105473,train,train
COCO_train2014_000000105520,train,train
COCO_train2014_000000105529,train,train
COCO_train2014_000000105531,train,train
COCO_train2014_000000105532,train,train
COCO_train2014_000000105594,train,train
COCO_train2014_000000105620,train,train
COCO_train2014_000000105643,train,train
COCO_train2014_000000105688,train,train
COCO_train2014_000000105728,train,train
COCO_train2014_000000105756,train,train
COCO_train2014_000000105804,train,train
COCO_train2014_000000105820,train,train
COCO_train2014_000000105830,train,train
COCO_train2014_000000105844,train,train
COCO_train2014_000000105877,train,train
COCO_train2014_000000105904,train,train
COCO_train2014_000000105921,train,train
COCO_train2014_000000105933,train,train
COCO_train2014_000000105976,train,train
COCO_train2014_000000106229,train,train
COCO_train2014_000000106269,train,train
COCO_train2014_000000106296,train,train
COCO_train2014_000000106363,train,train
COCO_train2014_000000106513,train,train
COCO_train2014_000000106525,train,train
COCO_train2014_000000106545,train,train
COCO_train2014_000000106567,train,train
COCO_train2014_000000106616,train,train
COCO_train2014_000000106637,train,train
COCO_train2014_000000106646,train,train
COCO_train2014_000000106652,train,train
COCO_train2014_000000106772,train,train
COCO_train2014_000000106792,train,train
COCO_train2014_000000106799,train,train
COCO_train2014_000000106832,train,train
COCO_train2014_000000106964,train,train
COCO_train2014_000000106978,train,train
COCO_train2014_000000107019,train,train
COCO_train2014_000000107051,train,train
COCO_train2014_000000107097,train,train
COCO_train2014_000000107129,train,train
COCO_train2014_000000107147,train,train
COCO_train2014_000000107157,train,train
COCO_train2014_000000107212,train,train
COCO_train2014_000000107384,train,train
COCO_train2014_000000107454,train,train
COCO_train2014_000000107482,train,train
COCO_train2014_000000107519,train,train
COCO_train2014_000000107586,train,train
COCO_train2014_000000107593,train,train
COCO_train2014_000000107620,train,train
COCO_train2014_000000107625,train,train
COCO_train2014_000000107691,train,train
COCO_train2014_000000107767,train,train
COCO_train2014_000000107884,train,train
COCO_train2014_000000107959,train,train
COCO_train2014_000000107977,train,train
COCO_train2014_000000108091,train,train
COCO_train2014_000000108113,train,train
COCO_train2014_000000108140,train,train
COCO_train2014_000000108259,train,train
COCO_train2014_000000108266,train,train
COCO_train2014_000000108282,train,train
COCO_train2014_000000108287,train,train
COCO_train2014_000000108301,train,train
COCO_train2014_000000108429,train,train
COCO_train2014_000000108501,train,train
COCO_train2014_000000108642,train,train
COCO_train2014_000000108677,train,train
COCO_train2014_000000108701,train,train
COCO_train2014_000000108810,train,train
COCO_train2014_000000108859,train,train
COCO_train2014_000000108862,train,train
COCO_train2014_000000108871,train,train
COCO_train2014_000000108894,train,train
COCO_train2014_000000108944,train,train
COCO_train2014_000000109008,train,train
COCO_train2014_000000109041,train,train
COCO_train2014_000000109208,train,train
COCO_train2014_000000109277,train,train
COCO_train2014_000000109281,train,train
COCO_train2014_000000109338,train,train
COCO_train2014_000000109386,train,train
COCO_train2014_000000109417,train,train
COCO_train2014_000000109450,train,train
COCO_train2014_000000109666,train,train
COCO_train2014_000000109778,train,train
COCO_train2014_000000109816,train,train
COCO_train2014_000000109823,train,train
COCO_train2014_000000109836,train,train
COCO_train2014_000000109863,train,train
COCO_train2014_000000109896,train,train
COCO_train2014_000000109928,train,train
COCO_train2014_000000110001,train,train
COCO_train2014_000000110006,train,train
COCO_train2014_000000110013,train,train
COCO_train2014_000000110034,train,train
COCO_train2014_000000110078,train,train
COCO_train2014_000000110240,train,train
COCO_train2014_000000110404,train,train
COCO_train2014_000000110431,train,train
COCO_train2014_000000110437,train,train
COCO_train2014_000000110488,train,train
COCO_train2014_000000110514,train,train
COCO_train2014_000000110530,train,train
COCO_train2014_000000110697,train,train
COCO_train2014_000000110704,train,train
COCO_train2014_000000110723,train,train
COCO_train2014_000000110724,train,train
COCO_train2014_000000110735,train,train
COCO_train2014_000000110790,train,train
COCO_train2014_000000110984,train,train
COCO_train2014_000000110989,train,train
COCO_train2014_000000111121,train,train
COCO_train2014_000000111124,train,train
COCO_train2014_000000111148,train,train
COCO_train2014_000000111262,train,train
COCO_train2014_000000111330,train,train
COCO_train2014_000000111348,train,train
COCO_train2014_000000111352,train,train
COCO_train2014_000000111422,train,train
COCO_train2014_000000111492,train,train
COCO_train2014_000000111648,train,train
COCO_train2014_000000111661,train,train
COCO_train2014_000000111673,train,train
COCO_train2014_000000111737,train,train
COCO_train2014_000000111807,train,train
COCO_train2014_000000111820,train,train
COCO_train2014_000000111889,train,train
COCO_train2014_000000111922,train,train
COCO_train2014_000000111943,train,train
COCO_train2014_000000112029,train,train
COCO_train2014_000000112228,train,train
COCO_train2014_000000112253,train,train
COCO_train2014_000000112272,train,train
COCO_train2014_000000112358,train,train
COCO_train2014_000000112459,train,train
COCO_train2014_000000112590,train,train
COCO_train2014_000000112673,train,train
COCO_train2014_000000112707,train,train
COCO_train2014_000000112785,train,train
COCO_train2014_000000112805,train,train
COCO_train2014_000000112807,train,train
COCO_train2014_000000112882,train,train
COCO_train2014_000000112899,train,train
COCO_train2014_000000112989,train,train
COCO_train2014_000000112992,train,train
COCO_train2014_000000113112,train,train
COCO_train2014_000000113199,train,train
COCO_train2014_000000113259,train,train
COCO_train2014_000000113293,train,train
COCO_train2014_000000113315,train,train
COCO_train2014_000000113370,train,train
COCO_train2014_000000113391,train,train
COCO_train2014_000000113415,train,train
COCO_train2014_000000113521,train,train
COCO_train2014_000000113561,train,train
COCO_train2014_000000113598,train,train
COCO_train2014_000000113619,train,train
COCO_train2014_000000113700,train,train
COCO_train2014_000000113721,train,train
COCO_train2014_000000113724,train,train
COCO_train2014_000000113725,train,train
COCO_train2014_000000113985,train,train
COCO_train2014_000000114060,train,train
COCO_train2014_000000114087,train,train
COCO_train2014_000000114142,train,train
COCO_train2014_000000114144,train,train
COCO_train2014_000000114153,train,train
COCO_train2014_000000114169,train,train
COCO_train2014_000000114178,train,train
COCO_train2014_000000114240,train,train
COCO_train2014_000000114256,train,train
COCO_train2014_000000114269,train,train
COCO_train2014_000000114326,train,train
COCO_train2014_000000114392,train,train
COCO_train2014_000000114408,train,train
COCO_train2014_000000114421,train,train
COCO_train2014_000000114459,train,train
COCO_train2014_000000114519,train,train
COCO_train2014_000000114541,train,train
COCO_train2014_000000114652,train,train
COCO_train2014_000000114701,train,train
COCO_train2014_000000114788,train,train
COCO_train2014_000000114854,train,train
COCO_train2014_000000114968,train,train
COCO_train2014_000000114978,train,train
COCO_train2014_000000115003,train,train
COCO_train2014_000000115005,train,train
COCO_train2014_000000115055,train,train
COCO_train2014_000000115169,train,train
COCO_train2014_000000115359,train,train
COCO_train2014_000000115374,train,train
COCO_train2014_000000115505,train,train
COCO_train2014_000000115519,train,train
COCO_train2014_000000115544,train,train
COCO_train2014_000000115604,train,train
COCO_train2014_000000115619,train,train
COCO_train2014_000000115718,train,train
COCO_train2014_000000115864,train,train
COCO_train2014_000000115893,train,train
COCO_train2014_000000115902,train,train
COCO_train2014_000000115942,train,train
COCO_train2014_000000115967,train,train
COCO_train2014_000000116004,train,train
COCO_train2014_000000116010,train,train
COCO_train2014_000000116026,train,train
COCO_train2014_000000116049,train,train
COCO_train2014_000000116088,train,train
COCO_train2014_000000116147,train,train
COCO_train2014_000000116155,train,train
COCO_train2014_000000116181,train,train
COCO_train2014_000000116185,train,train
COCO_train2014_000000116196,train,train
COCO_train2014_000000116220,train,train
COCO_train2014_000000116229,train,train
COCO_train2014_000000116356,train,train
COCO_train2014_000000116402,train,train
COCO_train2014_000000116592,train,train
COCO_train2014_000000116783,train,train
COCO_train2014_000000116892,train,train
COCO_train2014_000000116911,train,train
COCO_train2014_000000117060,train,train
COCO_train2014_000000117071,train,train
COCO_train2014_000000117105,train,train
COCO_train2014_000000117283,train,train
COCO_train2014_000000117302,train,train
COCO_train2014_000000117428,train,train
COCO_train2014_000000117515,train,train
COCO_train2014_000000117555,train,train
COCO_train2014_000000117679,train,train
COCO_train2014_000000117691,train,train
COCO_train2014_000000117722,train,train
COCO_train2014_000000117768,train,train
COCO_train2014_000000117781,train,train
COCO_train2014_000000117784,train,train
COCO_train2014_000000117821,train,train
COCO_train2014_000000117838,train,train
COCO_train2014_000000117884,train,train
COCO_train2014_000000117931,train,train
COCO_train2014_000000117998,train,train
COCO_train2014_000000118060,train,train
COCO_train2014_000000118061,train,train
COCO_train2014_000000118199,train,train
COCO_train2014_000000118369,train,train
COCO_train2014_000000118404,train,train
COCO_train2014_000000118459,train,train
COCO_train2014_000000118477,train,train
COCO_train2014_000000118480,train,train
COCO_train2014_000000118543,train,train
COCO_train2014_000000118680,train,train
COCO_train2014_000000118764,train,train
COCO_train2014_000000118837,train,train
COCO_train2014_000000118840,train,train
COCO_train2014_000000118950,train,train
COCO_train2014_000000119002,train,train
COCO_train2014_000000119053,train,train
COCO_train2014_000000119115,train,train
COCO_train2014_000000119195,train,train
COCO_train2014_000000119207,train,train
COCO_train2014_000000119263,train,train
COCO_train2014_000000119297,train,train
COCO_train2014_000000119357,train,train
COCO_train2014_000000119423,train,train
COCO_train2014_000000119492,train,train
COCO_train2014_000000119525,train,train
COCO_train2014_000000119543,train,train
COCO_train2014_000000119555,train,train
COCO_train2014_000000119604,train,train
COCO_train2014_000000119647,train,train
COCO_train2014_000000119755,train,train
COCO_train2014_000000119837,train,train
COCO_train2014_000000119849,train,train
COCO_train2014_000000119882,train,train
COCO_train2014_000000119891,train,train
COCO_train2014_000000119909,train,train
COCO_train2014_000000119916,train,train
COCO_train2014_000000119923,train,train
COCO_train2014_000000120103,train,train
COCO_train2014_000000120181,train,train
COCO_train2014_000000120241,train,train
COCO_train2014_000000120333,train,train
COCO_train2014_000000120400,train,train
COCO_train2014_000000120511,train,train
COCO_train2014_000000120524,train,train
COCO_train2014_000000120613,train,train
COCO_train2014_000000120718,train,train
COCO_train2014_000000120743,train,train
COCO_train2014_000000120940,train,train
COCO_train2014_000000121184,train,train
COCO_train2014_000000121193,train,train
COCO_train2014_000000121219,train,train
COCO_train2014_000000121322,train,train
COCO_train2014_000000121350,train,train
COCO_train2014_000000121358,train,train
COCO_train2014_000000121366,train,train
COCO_train2014_000000121446,train,train
COCO_train2014_000000121453,train,train
COCO_train2014_000000121530,train,train
COCO_train2014_000000121582,train,train
COCO_train2014_000000121612,train,train
COCO_train2014_000000121651,train,train
COCO_train2014_000000121682,train,train
COCO_train2014_000000121683,train,train
COCO_train2014_000000121693,train,train
COCO_train2014_000000121718,train,train
COCO_train2014_000000121769,train,train
COCO_train2014_000000121824,train,train
COCO_train2014_000000121879,train,train
COCO_train2014_000000121884,train,train
COCO_train2014_000000121901,train,train
COCO_train2014_000000121938,train,train
COCO_train2014_000000121943,train,train
COCO_train2014_000000122109,train,train
COCO_train2014_000000122116,train,train
COCO_train2014_000000122147,train,train
COCO_train2014_000000122216,train,train
COCO_train2014_000000122264,train,train
COCO_train2014_000000122352,train,train
COCO_train2014_000000122357,train,train
COCO_train2014_000000122498,train,train
COCO_train2014_000000122537,train,train
COCO_train2014_000000122834,train,train
COCO_train2014_000000122857,train,train
COCO_train2014_000000123067,train,train
COCO_train2014_000000123177,train,train
COCO_train2014_000000123273,train,train
COCO_train2014_000000123389,train,train
COCO_train2014_000000123514,train,train
COCO_train2014_000000123646,train,train
COCO_train2014_000000123749,train,train
COCO_train2014_000000123855,train,train
COCO_train2014_000000123891,train,train
COCO_train2014_000000123909,train,train
COCO_train2014_000000123914,train,train
COCO_train2014_000000123935,train,train
COCO_train2014_000000123995,train,train
COCO_train2014_000000124069,train,train
COCO_train2014_000000124182,train,train
COCO_train2014_000000124188,train,train
COCO_train2014_000000124364,train,train
COCO_train2014_000000124456,train,train
COCO_train2014_000000124567,train,train
COCO_train2014_000000124723,train,train
COCO_train2014_000000124751,train,train
COCO_train2014_000000124804,train,train
COCO_train2014_000000124812,train,train
COCO_train2014_000000124829,train,train
COCO_train2014_000000124834,train,train
COCO_train2014_000000124836,train,train
COCO_train2014_000000124893,train,train
COCO_train2014_000000125091,train,train
COCO_train2014_000000125117,train,train
COCO_train2014_000000125118,train,train
COCO_train2014_000000125120,train,train
COCO_train2014_000000125188,train,train
COCO_train2014_000000125230,train,train
COCO_train2014_000000125244,train,train
COCO_train2014_000000125266,train,train
COCO_train2014_000000125311,train,train
COCO_train2014_000000125351,train,train
COCO_train2014_000000125468,train,train
COCO_train2014_000000125541,train,train
COCO_train2014_000000125555,train,train
COCO_train2014_000000125652,train,train
COCO_train2014_000000125658,train,train
COCO_train2014_000000125667,train,train
COCO_train2014_000000125684,train,train
COCO_train2014_000000125718,train,train
COCO_train2014_000000125761,train,train
COCO_train2014_000000125840,train,train
COCO_train2014_000000125882,train,train
COCO_train2014_000000125908,train,train
COCO_train2014_000000126001,train,train
COCO_train2014_000000126047,train,train
COCO_train2014_000000126070,train,train
COCO_train2014_000000126433,train,train
COCO_train2014_000000126613,train,train
COCO_train2014_000000126687,train,train
COCO_train2014_000000126714,train,train
COCO_train2014_000000126798,train,train
COCO_train2014_000000126808,train,train
COCO_train2014_000000126814,train,train
COCO_train2014_000000126826,train,train
COCO_train2014_000000126950,train,train
COCO_train2014_000000126979,train,train
COCO_train2014_000000127115,train,train
COCO_train2014_000000127122,train,train
COCO_train2014_000000127235,train,train
COCO_train2014_000000127256,train,train
COCO_train2014_000000127301,train,train
COCO_train2014_000000127306,train,train
COCO_train2014_000000127339,train,train
COCO_train2014_000000127342,train,train
COCO_train2014_000000127393,train,train
COCO_train2014_000000127418,train,train
COCO_train2014_000000127441,train,train
COCO_train2014_000000127454,train,train
COCO_train2014_000000127558,train,train
COCO_train2014_000000127581,train,train
COCO_train2014_000000127612,train,train
COCO_train2014_000000127620,train,train
COCO_train2014_000000127712,train,train
COCO_train2014_000000127744,train,train
COCO_train2014_000000127750,train,train
COCO_train2014_000000127786,train,train
COCO_train2014_000000127823,train,train
COCO_train2014_000000128072,train,train
COCO_train2014_000000128076,train,train
COCO_train2014_000000128278,train,train
COCO_train2014_000000128290,train,train
COCO_train2014_000000128429,train,train
COCO_train2014_000000128512,train,train
COCO_train2014_000000128553,train,train
COCO_train2014_000000128607,train,train
COCO_train2014_000000128647,train,train
COCO_train2014_000000128691,train,train
COCO_train2014_000000128715,train,train
COCO_train2014_000000128838,train,train
COCO_train2014_000000128848,train,train
COCO_train2014_000000128885,train,train
COCO_train2014_000000128929,train,train
COCO_train2014_000000129004,train,train
COCO_train2014_000000129068,train,train
COCO_train2014_000000129097,train,train
COCO_train2014_000000129359,train,train
COCO_train2014_000000129415,train,train
COCO_train2014_000000129672,train,train
COCO_train2014_000000129700,train,train
COCO_train2014_000000129766,train,train
COCO_train2014_000000129781,train,train
COCO_train2014_000000129782,train,train
COCO_train2014_000000129871,train,train
COCO_train2014_000000129925,train,train
COCO_train2014_000000129951,train,train
COCO_train2014_000000130116,train,train
COCO_train2014_000000130163,train,train
COCO_train2014_000000130245,train,train
COCO_train2014_000000130286,train,train
COCO_train2014_000000130328,train,train
COCO_train2014_000000130492,train,train
COCO_train2014_000000130506,train,train
COCO_train2014_000000130518,train,train
COCO_train2014_000000130598,train,train
COCO_train2014_000000130624,train,train
COCO_train2014_000000130786,train,train
COCO_train2014_000000130908,train,train
COCO_train2014_000000130949,train,train
COCO_train2014_000000130972,train,train
COCO_train2014_000000130992,train,train
COCO_train2014_000000131044,train,train
COCO_train2014_000000131197,train,train
COCO_train2014_000000131225,train,train
COCO_train2014_000000131277,train,train
COCO_train2014_000000131299,train,train
COCO_train2014_000000131364,train,train
COCO_train2014_000000131465,train,train
COCO_train2014_000000131470,train,train
COCO_train2014_000000131498,train,train
COCO_train2014_000000131674,train,train
COCO_train2014_000000131697,train,train
COCO_train2014_000000131703,train,train
COCO_train2014_000000131763,train,train
COCO_train2014_000000131840,train,train
COCO_train2014_000000132000,train,train
COCO_train2014_000000132099,train,train
COCO_train2014_000000132515,train,train
COCO_train2014_000000132520,train,train
COCO_train2014_000000132523,train,train
COCO_train2014_000000132529,train,train
COCO_train2014_000000132565,train,train
COCO_train2014_000000132617,train,train
COCO_train2014_000000132768,train,train
COCO_train2014_000000132773,train,train
COCO_train2014_000000132838,train,train
COCO_train2014_000000132874,train,train
COCO_train2014_000000132973,train,train
COCO_train2014_000000133004,train,train
COCO_train2014_000000133225,train,train
COCO_train2014_000000133229,train,train
COCO_train2014_000000133384,train,train
COCO_train2014_000000133403,train,train
COCO_train2014_000000133490,train,train
COCO_train2014_000000133573,train,train
COCO_train2014_000000133727,train,train
COCO_train2014_000000133766,train,train
COCO_train2014_000000133831,train,train
COCO_train2014_000000133835,train,train
COCO_train2014_000000133845,train,train
COCO_train2014_000000134033,train,train
COCO_train2014_000000134144,train,train
COCO_train2014_000000134238,train,train
COCO_train2014_000000134302,train,train
COCO_train2014_000000134383,train,train
COCO_train2014_000000134430,train,train
COCO_train2014_000000134599,train,train
COCO_train2014_000000134624,train,train
COCO_train2014_000000134755,train,train
COCO_train2014_000000134770,train,train
COCO_train2014_000000134772,train,train
COCO_train2014_000000134849,train,train
COCO_train2014_000000134893,train,train
COCO_train2014_000000134907,train,train
COCO_train2014_000000134937,train,train
COCO_train2014_000000135149,train,train
COCO_train2014_000000135344,train,train
COCO_train2014_000000135345,train,train
COCO_train2014_000000135392,train,train
COCO_train2014_000000135397,train,train
COCO_train2014_000000135463,train,train
COCO_train2014_000000135467,train,train
COCO_train2014_000000135475,train,train
COCO_train2014_000000135539,train,train
COCO_train2014_000000135638,train,train
COCO_train2014_000000135790,train,train
COCO_train2014_000000135815,train,train
COCO_train2014_000000135966,train,train
COCO_train2014_000000135989,train,train
COCO_train2014_000000136129,train,train
COCO_train2014_000000136142,train,train
COCO_train2014_000000136185,train,train
COCO_train2014_000000136245,train,train
COCO_train2014_000000136289,train,train
COCO_train2014_000000136302,train,train
COCO_train2014_000000136310,train,train
COCO_train2014_000000136316,train,train
COCO_train2014_000000136331,train,train
COCO_train2014_000000136396,train,train
COCO_train2014_000000136575,train,train
COCO_train2014_000000136651,train,train
COCO_train2014_000000136670,train,train
COCO_train2014_000000136700,train,train
COCO_train2014_000000136711,train,train
COCO_train2014_000000136811,train,train
COCO_train2014_000000136900,train,train
COCO_train2014_000000136903,train,train
COCO_train2014_000000136962,train,train
COCO_train2014_000000137100,train,train
COCO_train2014_000000137220,train,train
COCO_train2014_000000137288,train,train
COCO_train2014_000000137339,train,train
COCO_train2014_000000137378,train,train
COCO_train2014_000000137406,train,train
COCO_train2014_000000137690,train,train
COCO_train2014_000000137701,train,train
COCO_train2014_000000137777,train,train
COCO_train2014_000000137806,train,train
COCO_train2014_000000137824,train,train
COCO_train2014_000000137892,train,train
COCO_train2014_000000137918,train,train
COCO_train2014_000000137963,train,train
COCO_train2014_000000138116,train,train
COCO_train2014_000000138166,train,train
COCO_train2014_000000138186,train,train
COCO_train2014_000000138189,train,train
COCO_train2014_000000138310,train,train
COCO_train2014_000000138347,train,train
COCO_train2014_000000138367,train,train
COCO_train2014_000000138501,train,train
COCO_train2014_000000138507,train,train
COCO_train2014_000000138529,train,train
COCO_train2014_000000138579,train,train
COCO_train2014_000000138582,train,train
COCO_train2014_000000138585,train,train
COCO_train2014_000000138595,train,train
COCO_train2014_000000138629,train,train
COCO_train2014_000000138905,train,train
COCO_train2014_000000138910,train,train
COCO_train2014_000000138948,train,train
COCO_train2014_000000139000,train,train
COCO_train2014_000000139008,train,train
COCO_train2014_000000139068,train,train
COCO_train2014_000000139075,train,train
COCO_train2014_000000139157,train,train
COCO_train2014_000000139165,train,train
COCO_train2014_000000139230,train,train
COCO_train2014_000000139240,train,train
COCO_train2014_000000139327,train,train
COCO_train2014_000000139386,train,train
COCO_train2014_000000139389,train,train
COCO_train2014_000000139429,train,train
COCO_train2014_000000139469,train,train
COCO_train2014_000000139494,train,train
COCO_train2014_000000139500,train,train
COCO_train2014_000000139526,train,train
COCO_train2014_000000139538,train,train
COCO_train2014_000000139595,train,train
COCO_train2014_000000139612,train,train
COCO_train2014_000000139625,train,train
COCO_train2014_000000139639,train,train
COCO_train2014_000000139748,train,train
COCO_train2014_000000139758,train,train
COCO_train2014_000000139865,train,train
COCO_train2014_000000139887,train,train
COCO_train2014_000000139915,train,train
COCO_train2014_000000139930,train,train
COCO_train2014_000000139944,train,train
COCO_train2014_000000139952,train,train
COCO_train2014_000000139982,train,train
COCO_train2014_000000139983,train,train
COCO_train2014_000000140088,train,train
COCO_train2014_000000140114,train,train
COCO_train2014_000000140236,train,train
COCO_train2014_000000140247,train,train
COCO_train2014_000000140284,train,train
COCO_train2014_000000140291,train,train
COCO_train2014_000000140328,train,train
COCO_train2014_000000140585,train,train
COCO_train2014_000000140690,train,train
COCO_train2014_000000140693,train,train
COCO_train2014_000000140717,train,train
COCO_train2014_000000140738,train,train
COCO_train2014_000000140821,train,train
COCO_train2014_000000140831,train,train
COCO_train2014_000000140865,train,train
COCO_train2014_000000140866,train,train
COCO_train2014_000000140954,train,train
COCO_train2014_000000141101,train,train
COCO_train2014_000000141160,train,train
COCO_train2014_000000141302,train,train
COCO_train2014_000000141336,train,train
COCO_train2014_000000141376,train,train
COCO_train2014_000000141543,train,train
COCO_train2014_000000141581,train,train
COCO_train2014_000000141860,train,train
COCO_train2014_000000141920,train,train
COCO_train2014_000000141922,train,train
COCO_train2014_000000141927,train,train
COCO_train2014_000000141996,train,train
COCO_train2014_000000142002,train,train
COCO_train2014_000000142014,train,train
COCO_train2014_000000142051,train,train
COCO_train2014_000000142123,train,train
COCO_train2014_000000142191,train,train
COCO_train2014_000000142263,train,train
COCO_train2014_000000142321,train,train
COCO_train2014_000000142352,train,train
COCO_train2014_000000142393,train,train
COCO_train2014_000000142400,train,train
COCO_train2014_000000142420,train,train
COCO_train2014_000000142470,train,train
COCO_train2014_000000142557,train,train
COCO_train2014_000000142569,train,train
COCO_train2014_000000142599,train,train
COCO_train2014_000000142629,train,train
COCO_train2014_000000142660,train,train
COCO_train2014_000000142674,train,train
COCO_train2014_000000142680,train,train
COCO_train2014_000000142684,train,train
COCO_train2014_000000142767,train,train
COCO_train2014_000000142824,train,train
COCO_train2014_000000142847,train,train
COCO_train2014_000000142953,train,train
COCO_train2014_000000142970,train,train
COCO_train2014_000000142977,train,train
COCO_train2014_000000142985,train,train
COCO_train2014_000000143017,train,train
COCO_train2014_000000143095,train,train
COCO_train2014_000000143140,train,train
COCO_train2014_000000143151,train,train
COCO_train2014_000000143158,train,train
COCO_train2014_000000143168,train,train
COCO_train2014_000000143306,train,train
COCO_train2014_000000143348,train,train
COCO_train2014_000000143482,train,train
COCO_train2014_000000143499,train,train
COCO_train2014_000000143501,train,train
COCO_train2014_000000143636,train,train
COCO_train2014_000000143870,train,train
COCO_train2014_000000143933,train,train
COCO_train2014_000000143952,train,train
COCO_train2014_000000143958,train,train
COCO_train2014_000000143965,train,train
COCO_train2014_000000144091,train,train
COCO_train2014_000000144093,train,train
COCO_train2014_000000144272,train,train
COCO_train2014_000000144372,train,train
COCO_train2014_000000144388,train,train
COCO_train2014_000000144453,train,train
COCO_train2014_000000144467,train,train
COCO_train2014_000000144597,train,train
COCO_train2014_000000144646,train,train
COCO_train2014_000000144683,train,train
COCO_train2014_000000144717,train,train
COCO_train2014_000000144734,train,train
COCO_train2014_000000144746,train,train
COCO_train2014_000000144832,train,train
COCO_train2014_000000144965,train,train
COCO_train2014_000000144994,train,train
COCO_train2014_000000145113,train,train
COCO_train2014_000000145161,train,train
COCO_train2014_000000145179,train,train
COCO_train2014_000000145188,train,train
COCO_train2014_000000145211,train,train
COCO_train2014_000000145262,train,train
COCO_train2014_000000145264,train,train
COCO_train2014_000000145337,train,train
COCO_train2014_000000145409,train,train
COCO_train2014_000000145452,train,train
COCO_train2014_000000145460,train,train
COCO_train2014_000000145538,train,train
COCO_train2014_000000145638,train,train
COCO_train2014_000000145690,train,train
COCO_train2014_000000145722,train,train
COCO_train2014_000000145915,train,train
COCO_train2014_000000145978,train,train
COCO_train2014_000000145989,train,train
COCO_train2014_000000146049,train,train
COCO_train2014_000000146171,train,train
COCO_train2014_000000146186,train,train
COCO_train2014_000000146208,train,train
COCO_train2014_000000146274,train,train
COCO_train2014_000000146324,train,train
COCO_train2014_000000146481,train,train
COCO_train2014_000000146492,train,train
COCO_train2014_000000146501,train,train
COCO_train2014_000000146510,train,train
COCO_train2014_000000146513,train,train
COCO_train2014_000000146611,train,train
COCO_train2014_000000146620,train,train
COCO_train2014_000000146623,train,train
COCO_train2014_000000146626,train,train
COCO_train2014_000000146645,train,train
COCO_train2014_000000146826,train,train
COCO_train2014_000000146907,train,train
COCO_train2014_000000146926,train,train
COCO_train2014_000000146972,train,train
COCO_train2014_000000146988,train,train
COCO_train2014_000000147012,train,train
COCO_train2014_000000147049,train,train
COCO_train2014_000000147122,train,train
COCO_train2014_000000147134,train,train
COCO_train2014_000000147187,train,train
COCO_train2014_000000147192,train,train
COCO_train2014_000000147392,train,train
COCO_train2014_000000147568,train,train
COCO_train2014_000000147597,train,train
COCO_train2014_000000147646,train,train
COCO_train2014_000000147753,train,train
COCO_train2014_000000147829,train,train
COCO_train2014_000000147873,train,train
COCO_train2014_000000147894,train,train
COCO_train2014_000000147941,train,train
COCO_train2014_000000147983,train,train
COCO_train2014_000000148101,train,train
COCO_train2014_000000148102,train,train
COCO_train2014_000000148144,train,train
COCO_train2014_000000148165,train,train
COCO_train2014_000000148208,train,train
COCO_train2014_000000148230,train,train
COCO_train2014_000000148267,train,train
COCO_train2014_000000148301,train,train
COCO_train2014_000000148373,train,train
COCO_train2014_000000148375,train,train
COCO_train2014_000000148480,train,train
COCO_train2014_000000148502,train,train
COCO_train2014_000000148583,train,train
COCO_train2014_000000148584,train,train
COCO_train2014_000000148629,train,train
COCO_train2014_000000148677,train,train
COCO_train2014_000000148705,train,train
COCO_train2014_000000148727,train,train
COCO_train2014_000000148802,train,train
COCO_train2014_000000148811,train,train
COCO_train2014_000000148827,train,train
COCO_train2014_000000148908,train,train
COCO_train2014_000000148924,train,train
COCO_train2014_000000149030,train,train
COCO_train2014_000000149086,train,train
COCO_train2014_000000149202,train,train
COCO_train2014_000000149212,train,train
COCO_train2014_000000149305,train,train
COCO_train2014_000000149498,train,train
COCO_train2014_000000149551,train,train
COCO_train2014_000000149679,train,train
COCO_train2014_000000149738,train,train
COCO_train2014_000000149763,train,train
COCO_train2014_000000149833,train,train
COCO_train2014_000000149849,train,train
COCO_train2014_000000149881,train,train
COCO_train2014_000000149921,train,train
COCO_train2014_000000149961,train,train
COCO_train2014_000000150044,train,train
COCO_train2014_000000150053,train,train
COCO_train2014_000000150082,train,train
COCO_train2014_000000150192,train,train
COCO_train2014_000000150196,train,train
COCO_train2014_000000150197,train,train
COCO_train2014_000000150286,train,train
COCO_train2014_000000150367,train,train
COCO_train2014_000000150442,train,train
COCO_train2014_000000150552,train,train
COCO_train2014_000000150594,train,train
COCO_train2014_000000150671,train,train
COCO_train2014_000000150746,train,train
COCO_train2014_000000150867,train,train
COCO_train2014_000000150969,train,train
COCO_train2014_000000150981,train,train
COCO_train2014_000000151017,train,train
COCO_train2014_000000151096,train,train
COCO_train2014_000000151214,train,train
COCO_train2014_000000151254,train,train
COCO_train2014_000000151328,train,train
COCO_train2014_000000151406,train,train
COCO_train2014_000000151466,train,train
COCO_train2014_000000151486,train,train
COCO_train2014_000000151564,train,train
COCO_train2014_000000151577,train,train
COCO_train2014_000000151583,train,train
COCO_train2014_000000151671,train,train
COCO_train2014_000000151732,train,train
COCO_train2014_000000151764,train,train
COCO_train2014_000000151777,train,train
COCO_train2014_000000151801,train,train
COCO_train2014_000000151854,train,train
COCO_train2014_000000151869,train,train
COCO_train2014_000000152269,train,train
COCO_train2014_000000152273,train,train
COCO_train2014_000000152293,train,train
COCO_train2014_000000152299,train,train
COCO_train2014_000000152320,train,train
COCO_train2014_000000152328,train,train
COCO_train2014_000000152403,train,train
COCO_train2014_000000152431,train,train
COCO_train2014_000000152501,train,train
COCO_train2014_000000152529,train,train
COCO_train2014_000000152556,train,train
COCO_train2014_000000152578,train,train
COCO_train2014_000000152657,train,train
COCO_train2014_000000152664,train,train
COCO_train2014_000000152693,train,train
COCO_train2014_000000152819,train,train
COCO_train2014_000000152871,train,train
COCO_train2014_000000152914,train,train
COCO_train2014_000000152954,train,train
COCO_train2014_000000152965,train,train
COCO_train2014_000000152976,train,train
COCO_train2014_000000153204,train,train
COCO_train2014_000000153380,train,train
COCO_train2014_000000153542,train,train
COCO_train2014_000000153677,train,train
COCO_train2014_000000153856,train,train
COCO_train2014_000000153892,train,train
COCO_train2014_000000153907,train,train
COCO_train2014_000000153909,train,train
COCO_train2014_000000153920,train,train
COCO_train2014_000000154107,train,train
COCO_train2014_000000154111,train,train
COCO_train2014_000000154189,train,train
COCO_train2014_000000154244,train,train
COCO_train2014_000000154305,train,train
COCO_train2014_000000154414,train,train
COCO_train2014_000000154613,train,train
COCO_train2014_000000154680,train,train
COCO_train2014_000000154754,train,train
COCO_train2014_000000154801,train,train
COCO_train2014_000000154868,train,train
COCO_train2014_000000154869,train,train
COCO_train2014_000000154911,train,train
COCO_train2014_000000155219,train,train
COCO_train2014_000000155262,train,train
COCO_train2014_000000155379,train,train
COCO_train2014_000000155448,train,train
COCO_train2014_000000155496,train,train
COCO_train2014_000000155652,train,train
COCO_train2014_000000155754,train,train
COCO_train2014_000000155806,train,train
COCO_train2014_000000155869,train,train
COCO_train2014_000000155937,train,train
COCO_train2014_000000155941,train,train
COCO_train2014_000000155993,train,train
COCO_train2014_000000156060,train,train
COCO_train2014_000000156066,train,train
COCO_train2014_000000156073,train,train
COCO_train2014_000000156151,train,train
COCO_train2014_000000156156,train,train
COCO_train2014_000000156197,train,train
COCO_train2014_000000156221,train,train
COCO_train2014_000000156296,train,train
COCO_train2014_000000156367,train,train
COCO_train2014_000000156630,train,train
COCO_train2014_000000156710,train,train
COCO_train2014_000000156776,train,train
COCO_train2014_000000156784,train,train
COCO_train2014_000000156812,train,train
COCO_train2014_000000156824,train,train
COCO_train2014_000000156910,train,train
COCO_train2014_000000156939,train,train
COCO_train2014_000000156963,train,train
COCO_train2014_000000157020,train,train
COCO_train2014_000000157108,train,train
COCO_train2014_000000157199,train,train
COCO_train2014_000000157288,train,train
COCO_train2014_000000157350,train,train
COCO_train2014_000000157393,train,train
COCO_train2014_000000157480,train,train
COCO_train2014_000000157486,train,train
COCO_train2014_000000157491,train,train
COCO_train2014_000000157512,train,train
COCO_train2014_000000157639,train,train
COCO_train2014_000000157656,train,train
COCO_train2014_000000157675,train,train
COCO_train2014_000000157693,train,train
COCO_train2014_000000157707,train,train
COCO_train2014_000000157714,train,train
COCO_train2014_000000157744,train,train
COCO_train2014_000000157981,train,train
COCO_train2014_000000157989,train,train
COCO_train2014_000000158036,train,train
COCO_train2014_000000158038,train,train
COCO_train2014_000000158044,train,train
COCO_train2014_000000158055,train,train
COCO_train2014_000000158378,train,train
COCO_train2014_000000158514,train,train
COCO_train2014_000000158676,train,train
COCO_train2014_000000158747,train,train
COCO_train2014_000000158759,train,train
COCO_train2014_000000158786,train,train
COCO_train2014_000000158787,train,train
COCO_train2014_000000158861,train,train
COCO_train2014_000000159109,train,train
COCO_train2014_000000159118,train,train
COCO_train2014_000000159135,train,train
COCO_train2014_000000159280,train,train
COCO_train2014_000000159376,train,train
COCO_train2014_000000159409,train,train
COCO_train2014_000000159558,train,train
COCO_train2014_000000159582,train,train
COCO_train2014_000000159601,train,train
COCO_train2014_000000159753,train,train
COCO_train2014_000000159768,train,train
COCO_train2014_000000159820,train,train
COCO_train2014_000000159823,train,train
COCO_train2014_000000159924,train,train
COCO_train2014_000000159926,train,train
COCO_train2014_000000159963,train,train
COCO_train2014_000000159972,train,train
COCO_train2014_000000159987,train,train
COCO_train2014_000000160013,train,train
COCO_train2014_000000160106,train,train
COCO_train2014_000000160142,train,train
COCO_train2014_000000160255,train,train
COCO_train2014_000000160380,train,train
COCO_train2014_000000160407,train,train
COCO_train2014_000000160428,train,train
COCO_train2014_000000160443,train,train
COCO_train2014_000000160459,train,train
COCO_train2014_000000160542,train,train
COCO_train2014_000000160610,train,train
COCO_train2014_000000160614,train,train
COCO_train2014_000000160615,train,train
COCO_train2014_000000160890,train,train
COCO_train2014_000000160900,train,train
COCO_train2014_000000160931,train,train
COCO_train2014_000000160967,train,train
COCO_train2014_000000161051,train,train
COCO_train2014_000000161093,train,train
COCO_train2014_000000161287,train,train
COCO_train2014_000000161337,train,train
COCO_train2014_000000161367,train,train
COCO_train2014_000000161386,train,train
COCO_train2014_000000161599,train,train
COCO_train2014_000000161611,train,train
COCO_train2014_000000161673,train,train
COCO_train2014_000000161719,train,train
COCO_train2014_000000161812,train,train
COCO_train2014_000000161814,train,train
COCO_train2014_000000161823,train,train
COCO_train2014_000000161929,train,train
COCO_train2014_000000162046,train,train
COCO_train2014_000000162083,train,train
COCO_train2014_000000162285,train,train
COCO_train2014_000000162322,train,train
COCO_train2014_000000162355,train,train
COCO_train2014_000000162375,train,train
COCO_train2014_000000162475,train,train
COCO_train2014_000000162861,train,train
COCO_train2014_000000163047,train,train
COCO_train2014_000000163068,train,train
COCO_train2014_000000163101,train,train
COCO_train2014_000000163175,train,train
COCO_train2014_000000163559,train,train
COCO_train2014_000000163571,train,train
COCO_train2014_000000163598,train,train
COCO_train2014_000000164044,train,train
COCO_train2014_000000164178,train,train
COCO_train2014_000000164290,train,train
COCO_train2014_000000164381,train,train
COCO_train2014_000000164423,train,train
COCO_train2014_000000164461,train,train
COCO_train2014_000000164491,train,train
COCO_train2014_000000164572,train,train
COCO_train2014_000000164587,train,train
COCO_train2014_000000164598,train,train
COCO_train2014_000000164634,train,train
COCO_train2014_000000164657,train,train
COCO_train2014_000000164698,train,train
COCO_train2014_000000164725,train,train
COCO_train2014_000000164772,train,train
COCO_train2014_000000165200,train,train
COCO_train2014_000000165203,train,train
COCO_train2014_000000165248,train,train
COCO_train2014_000000165334,train,train
COCO_train2014_000000165347,train,train
COCO_train2014_000000165376,train,train
COCO_train2014_000000165433,train,train
COCO_train2014_000000165438,train,train
COCO_train2014_000000165552,train,train
COCO_train2014_000000165555,train,train
COCO_train2014_000000165609,train,train
COCO_train2014_000000165684,train,train
COCO_train2014_000000165753,train,train
COCO_train2014_000000165773,train,train
COCO_train2014_000000165852,train,train
COCO_train2014_000000165883,train,train
COCO_train2014_000000166018,train,train
COCO_train2014_000000166067,train,train
COCO_train2014_000000166225,train,train
COCO_train2014_000000166254,train,train
COCO_train2014_000000166261,train,train
COCO_train2014_000000166291,train,train
COCO_train2014_000000166481,train,train
COCO_train2014_000000166503,train,train
COCO_train2014_000000166693,train,train
COCO_train2014_000000166723,train,train
COCO_train2014_000000166750,train,train
COCO_train2014_000000166853,train,train
COCO_train2014_000000166864,train,train
COCO_train2014_000000166920,train,train
COCO_train2014_000000166926,train,train
COCO_train2014_000000166959,train,train
COCO_train2014_000000166998,train,train
COCO_train2014_000000167028,train,train
COCO_train2014_000000167033,train,train
COCO_train2014_000000167057,train,train
COCO_train2014_000000167171,train,train
COCO_train2014_000000167180,train,train
COCO_train2014_000000167184,train,train
COCO_train2014_000000167206,train,train
COCO_train2014_000000167229,train,train
COCO_train2014_000000167300,train,train
COCO_train2014_000000167303,train,train
COCO_train2014_000000167426,train,train
COCO_train2014_000000167450,train,train
COCO_train2014_000000167480,train,train
COCO_train2014_000000167490,train,train
COCO_train2014_000000167574,train,train
COCO_train2014_000000167642,train,train
COCO_train2014_000000167645,train,train
COCO_train2014_000000167683,train,train
COCO_train2014_000000167795,train,train
COCO_train2014_000000167892,train,train
COCO_train2014_000000167995,train,train
COCO_train2014_000000167996,train,train
COCO_train2014_000000168097,train,train
COCO_train2014_000000168121,train,train
COCO_train2014_000000168259,train,train
COCO_train2014_000000168291,train,train
COCO_train2014_000000168349,train,train
COCO_train2014_000000168387,train,train
COCO_train2014_000000168453,train,train
COCO_train2014_000000168622,train,train
COCO_train2014_000000168690,train,train
COCO_train2014_000000168725,train,train
COCO_train2014_000000168774,train,train
COCO_train2014_000000168865,train,train
COCO_train2014_000000169032,train,train
COCO_train2014_000000169040,train,train
COCO_train2014_000000169086,train,train
COCO_train2014_000000169197,train,train
COCO_train2014_000000169204,train,train
COCO_train2014_000000169322,train,train
COCO_train2014_000000169330,train,train
COCO_train2014_000000169365,train,train
COCO_train2014_000000169495,train,train
COCO_train2014_000000169633,train,train
COCO_train2014_000000169634,train,train
COCO_train2014_000000169732,train,train
COCO_train2014_000000169803,train,train
COCO_train2014_000000169907,train,train
COCO_train2014_000000169962,train,train
COCO_train2014_000000170107,train,train
COCO_train2014_000000170295,train,train
COCO_train2014_000000170388,train,train
COCO_train2014_000000170516,train,train
COCO_train2014_000000170540,train,train
COCO_train2014_000000170562,train,train
COCO_train2014_000000170584,train,train
COCO_train2014_000000170689,train,train
COCO_train2014_000000170754,train,train
COCO_train2014_000000170850,train,train
COCO_train2014_000000170857,train,train
COCO_train2014_000000170865,train,train
COCO_train2014_000000170917,train,train
COCO_train2014_000000170953,train,train
COCO_train2014_000000170982,train,train
COCO_train2014_000000171017,train,train
COCO_train2014_000000171139,train,train
COCO_train2014_000000171155,train,train
COCO_train2014_000000171284,train,train
COCO_train2014_000000171376,train,train
COCO_train2014_000000171422,train,train
COCO_train2014_000000171429,train,train
COCO_train2014_000000171435,train,train
COCO_train2014_000000171453,train,train
COCO_train2014_000000171472,train,train
COCO_train2014_000000171742,train,train
COCO_train2014_000000171768,train,train
COCO_train2014_000000171806,train,train
COCO_train2014_000000171940,train,train
COCO_train2014_000000172000,train,train
COCO_train2014_000000172010,train,train
COCO_train2014_000000172051,train,train
COCO_train2014_000000172056,train,train
COCO_train2014_000000172121,train,train
COCO_train2014_000000172197,train,train
COCO_train2014_000000172246,train,train
COCO_train2014_000000172310,train,train
COCO_train2014_000000172392,train,train
COCO_train2014_000000172420,train,train
COCO_train2014_000000172501,train,train
COCO_train2014_000000172507,train,train
COCO_train2014_000000172597,train,train
COCO_train2014_000000172681,train,train
COCO_train2014_000000172743,train,train
COCO_train2014_000000172778,train,train
COCO_train2014_000000172800,train,train
COCO_train2014_000000172874,train,train
COCO_train2014_000000172901,train,train
COCO_train2014_000000172987,train,train
COCO_train2014_000000173032,train,train
COCO_train2014_000000173153,train,train
COCO_train2014_000000173198,train,train
COCO_train2014_000000173231,train,train
COCO_train2014_000000173258,train,train
COCO_train2014_000000173284,train,train
COCO_train2014_000000173289,train,train
COCO_train2014_000000173324,train,train
COCO_train2014_000000173430,train,train
COCO_train2014_000000173595,train,train
COCO_train2014_000000173722,train,train
COCO_train2014_000000173777,train,train
COCO_train2014_000000173843,train,train
COCO_train2014_000000173864,train,train
COCO_train2014_000000173893,train,train
COCO_train2014_000000174012,train,train
COCO_train2014_000000174026,train,train
COCO_train2014_000000174098,train,train
COCO_train2014_000000174137,train,train
COCO_train2014_000000174157,train,train
COCO_train2014_000000174303,train,train
COCO_train2014_000000174527,train,train
COCO_train2014_000000174573,train,train
COCO_train2014_000000174701,train,train
COCO_train2014_000000174738,train,train
COCO_train2014_000000174751,train,train
COCO_train2014_000000174773,train,train
COCO_train2014_000000174794,train,train
COCO_train2014_000000174876,train,train
COCO_train2014_000000174896,train,train
COCO_train2014_000000175020,train,train
COCO_train2014_000000175112,train,train
COCO_train2014_000000175162,train,train
COCO_train2014_000000175195,train,train
COCO_train2014_000000175238,train,train
COCO_train2014_000000175288,train,train
COCO_train2014_000000175359,train,train
COCO_train2014_000000175383,train,train
COCO_train2014_000000175421,train,train
COCO_train2014_000000175451,train,train
COCO_train2014_000000175459,train,train
COCO_train2014_000000175477,train,train
COCO_train2014_000000175500,train,train
COCO_train2014_000000175523,train,train
COCO_train2014_000000175536,train,train
COCO_train2014_000000175606,train,train
COCO_train2014_000000175693,train,train
COCO_train2014_000000175703,train,train
COCO_train2014_000000175889,train,train
COCO_train2014_000000175912,train,train
COCO_train2014_000000175952,train,train
COCO_train2014_000000176029,train,train
COCO_train2014_000000176085,train,train
COCO_train2014_000000176087,train,train
COCO_train2014_000000176090,train,train
COCO_train2014_000000176148,train,train
COCO_train2014_000000176194,train,train
COCO_train2014_000000176265,train,train
COCO_train2014_000000176285,train,train
COCO_train2014_000000176536,train,train
COCO_train2014_000000176587,train,train
COCO_train2014_000000176726,train,train
COCO_train2014_000000176765,train,train
COCO_train2014_000000176923,train,train
COCO_train2014_000000176945,train,train
COCO_train2014_000000177060,train,train
COCO_train2014_000000177193,train,train
COCO_train2014_000000177253,train,train
COCO_train2014_000000177277,train,train
COCO_train2014_000000177289,train,train
COCO_train2014_000000177349,train,train
COCO_train2014_000000177355,train,train
COCO_train2014_000000177381,train,train
COCO_train2014_000000177404,train,train
COCO_train2014_000000177413,train,train
COCO_train2014_000000177571,train,train
COCO_train2014_000000177625,train,train
COCO_train2014_000000177658,train,train
COCO_train2014_000000177748,train,train
COCO_train2014_000000177775,train,train
COCO_train2014_000000177818,train,train
COCO_train2014_000000177829,train,train
COCO_train2014_000000177832,train,train
COCO_train2014_000000177922,train,train
COCO_train2014_000000177974,train,train
COCO_train2014_000000177998,train,train
COCO_train2014_000000178081,train,train
COCO_train2014_000000178152,train,train
COCO_train2014_000000178178,train,train
COCO_train2014_000000178192,train,train
COCO_train2014_000000178242,train,train
COCO_train2014_000000178285,train,train
COCO_train2014_000000178376,train,train
COCO_train2014_000000178418,train,train
COCO_train2014_000000178484,train,train
COCO_train2014_000000178526,train,train
COCO_train2014_000000178647,train,train
COCO_train2014_000000178751,train,train
COCO_train2014_000000178754,train,train
COCO_train2014_000000178771,train,train
COCO_train2014_000000178785,train,train
COCO_train2014_000000178793,train,train
COCO_train2014_000000178798,train,train
COCO_train2014_000000178871,train,train
COCO_train2014_000000178962,train,train
COCO_train2014_000000179039,train,train
COCO_train2014_000000179088,train,train
COCO_train2014_000000179122,train,train
COCO_train2014_000000179153,train,train
COCO_train2014_000000179164,train,train
COCO_train2014_000000179201,train,train
COCO_train2014_000000179242,train,train
COCO_train2014_000000179408,train,train
COCO_train2014_000000179545,train,train
COCO_train2014_000000179551,train,train
COCO_train2014_000000179603,train,train
COCO_train2014_000000179672,train,train
COCO_train2014_000000179770,train,train
COCO_train2014_000000179805,train,train
COCO_train2014_000000179906,train,train
COCO_train2014_000000179932,train,train
COCO_train2014_000000180047,train,train
COCO_train2014_000000180067,train,train
COCO_train2014_000000180085,train,train
COCO_train2014_000000180099,train,train
COCO_train2014_000000180123,train,train
COCO_train2014_000000180169,train,train
COCO_train2014_000000180285,train,train
COCO_train2014_000000180315,train,train
COCO_train2014_000000180327,train,train
COCO_train2014_000000180341,train,train
COCO_train2014_000000180350,train,train
COCO_train2014_000000180386,train,train
COCO_train2014_000000180494,train,train
COCO_train2014_000000180549,train,train
COCO_train2014_000000180569,train,train
COCO_train2014_000000180578,train,train
COCO_train2014_000000180670,train,train
COCO_train2014_000000180720,train,train
COCO_train2014_000000180765,train,train
COCO_train2014_000000180799,train,train
COCO_train2014_000000181009,train,train
COCO_train2014_000000181053,train,train
COCO_train2014_000000181061,train,train
COCO_train2014_000000181064,train,train
COCO_train2014_000000181122,train,train
COCO_train2014_000000181155,train,train
COCO_train2014_000000181176,train,train
COCO_train2014_000000181208,train,train
COCO_train2014_000000181216,train,train
COCO_train2014_000000181223,train,train
COCO_train2014_000000181348,train,train
COCO_train2014_000000181351,train,train
COCO_train2014_000000181367,train,train
COCO_train2014_000000181436,train,train
COCO_train2014_000000181453,train,train
COCO_train2014_000000181631,train,train
COCO_train2014_000000181649,train,train
COCO_train2014_000000181850,train,train
COCO_train2014_000000181885,train,train
COCO_train2014_000000181906,train,train
COCO_train2014_000000181909,train,train
COCO_train2014_000000181949,train,train
COCO_train2014_000000182020,train,train
COCO_train2014_000000182064,train,train
COCO_train2014_000000182096,train,train
COCO_train2014_000000182112,train,train
COCO_train2014_000000182258,train,train
COCO_train2014_000000182373,train,train
COCO_train2014_000000182379,train,train
COCO_train2014_000000182384,train,train
COCO_train2014_000000182406,train,train
COCO_train2014_000000182496,train,train
COCO_train2014_000000182502,train,train
COCO_train2014_000000182505,train,train
COCO_train2014_000000182593,train,train
COCO_train2014_000000182634,train,train
COCO_train2014_000000182673,train,train
COCO_train2014_000000182710,train,train
COCO_train2014_000000182758,train,train
COCO_train2014_000000182902,train,train
COCO_train2014_000000182960,train,train
COCO_train2014_000000182967,train,train
COCO_train2014_000000183202,train,train
COCO_train2014_000000183212,train,train
COCO_train2014_000000183219,train,train
COCO_train2014_000000183233,train,train
COCO_train2014_000000183240,train,train
COCO_train2014_000000183247,train,train
COCO_train2014_000000183260,train,train
COCO_train2014_000000183327,train,train
COCO_train2014_000000183372,train,train
COCO_train2014_000000183412,train,train
COCO_train2014_000000183517,train,train
COCO_train2014_000000183539,train,train
COCO_train2014_000000183554,train,train
COCO_train2014_000000183597,train,train
COCO_train2014_000000183805,train,train
COCO_train2014_000000183957,train,train
COCO_train2014_000000183964,train,train
COCO_train2014_000000183972,train,train
COCO_train2014_000000183982,train,train
COCO_train2014_000000184101,train,train
COCO_train2014_000000184106,train,train
COCO_train2014_000000184116,train,train
COCO_train2014_000000184123,train,train
COCO_train2014_000000184209,train,train
COCO_train2014_000000184389,train,train
COCO_train2014_000000184397,train,train
COCO_train2014_000000184477,train,train
COCO_train2014_000000184490,train,train
COCO_train2014_000000184523,train,train
COCO_train2014_000000184610,train,train
COCO_train2014_000000184684,train,train
COCO_train2014_000000184705,train,train
COCO_train2014_000000184800,train,train
COCO_train2014_000000184828,train,train
COCO_train2014_000000184835,train,train
COCO_train2014_000000184877,train,train
COCO_train2014_000000184879,train,train
COCO_train2014_000000184930,train,train
COCO_train2014_000000184999,train,train
COCO_train2014_000000185004,train,train
COCO_train2014_000000185051,train,train
COCO_train2014_000000185097,train,train
COCO_train2014_000000185108,train,train
COCO_train2014_000000185158,train,train
COCO_train2014_000000185247,train,train
COCO_train2014_000000185258,train,train
COCO_train2014_000000185265,train,train
COCO_train2014_000000185281,train,train
COCO_train2014_000000185368,train,train
COCO_train2014_000000185394,train,train
COCO_train2014_000000185514,train,train
COCO_train2014_000000185577,train,train
COCO_train2014_000000185591,train,train
COCO_train2014_000000185760,train,train
COCO_train2014_000000185818,train,train
COCO_train2014_000000185830,train,train
COCO_train2014_000000185844,train,train
COCO_train2014_000000185906,train,train
COCO_train2014_000000185991,train,train
COCO_train2014_000000186035,train,train
COCO_train2014_000000186056,train,train
COCO_train2014_000000186099,train,train
COCO_train2014_000000186181,train,train
COCO_train2014_000000186196,train,train
COCO_train2014_000000186317,train,train
COCO_train2014_000000186438,train,train
COCO_train2014_000000186451,train,train
COCO_train2014_000000186493,train,train
COCO_train2014_000000186563,train,train
COCO_train2014_000000186635,train,train
COCO_train2014_000000186646,train,train
COCO_train2014_000000186671,train,train
COCO_train2014_000000186685,train,train
COCO_train2014_000000186699,train,train
COCO_train2014_000000186717,train,train
COCO_train2014_000000186729,train,train
COCO_train2014_000000186791,train,train
COCO_train2014_000000186906,train,train
COCO_train2014_000000187103,train,train
COCO_train2014_000000187119,train,train
COCO_train2014_000000187153,train,train
COCO_train2014_000000187181,train,train
COCO_train2014_000000187282,train,train
COCO_train2014_000000187283,train,train
COCO_train2014_000000187442,train,train
COCO_train2014_000000187473,train,train
COCO_train2014_000000187511,train,train
COCO_train2014_000000187582,train,train
COCO_train2014_000000187644,train,train
COCO_train2014_000000187709,train,train
COCO_train2014_000000187724,train,train
COCO_train2014_000000187752,train,train
COCO_train2014_000000187792,train,train
COCO_train2014_000000187803,train,train
COCO_train2014_000000187823,train,train
COCO_train2014_000000187855,train,train
COCO_train2014_000000187878,train,train
COCO_train2014_000000187952,train,train
COCO_train2014_000000187986,train,train
COCO_train2014_000000188120,train,train
COCO_train2014_000000188139,train,train
COCO_train2014_000000188189,train,train
COCO_train2014_000000188239,train,train
COCO_train2014_000000188352,train,train
COCO_train2014_000000188372,train,train
COCO_train2014_000000188380,train,train
COCO_train2014_000000188388,train,train
COCO_train2014_000000188556,train,train
COCO_train2014_000000188585,train,train
COCO_train2014_000000188688,train,train
COCO_train2014_000000188712,train,train
COCO_train2014_000000188757,train,train
COCO_train2014_000000188762,train,train
COCO_train2014_000000188826,train,train
COCO_train2014_000000188956,train,train
COCO_train2014_000000189148,train,train
COCO_train2014_000000189156,train,train
COCO_train2014_000000189223,train,train
COCO_train2014_000000189278,train,train
COCO_train2014_000000189361,train,train
COCO_train2014_000000189472,train,train
COCO_train2014_000000189646,train,train
COCO_train2014_000000189656,train,train
COCO_train2014_000000189735,train,train
COCO_train2014_000000189789,train,train
COCO_train2014_000000189805,train,train
COCO_train2014_000000189814,train,train
COCO_train2014_000000189951,train,train
COCO_train2014_000000189957,train,train
COCO_train2014_000000189996,train,train
COCO_train2014_000000189998,train,train
COCO_train2014_000000190016,train,train
COCO_train2014_000000190026,train,train
COCO_train2014_000000190064,train,train
COCO_train2014_000000190117,train,train
COCO_train2014_000000190136,train,train
COCO_train2014_000000190334,train,train
COCO_train2014_000000190387,train,train
COCO_train2014_000000190547,train,train
COCO_train2014_000000190573,train,train
COCO_train2014_000000190670,train,train
COCO_train2014_000000190905,train,train
COCO_train2014_000000190994,train,train
COCO_train2014_000000191031,train,train
COCO_train2014_000000191072,train,train
COCO_train2014_000000191101,train,train
COCO_train2014_000000191102,train,train
COCO_train2014_000000191190,train,train
COCO_train2014_000000191230,train,train
COCO_train2014_000000191321,train,train
COCO_train2014_000000191325,train,train
COCO_train2014_000000191327,train,train
COCO_train2014_000000191376,train,train
COCO_train2014_000000191417,train,train
COCO_train2014_000000191439,train,train
COCO_train2014_000000191457,train,train
COCO_train2014_000000191561,train,train
COCO_train2014_000000191651,train,train
COCO_train2014_000000191667,train,train
COCO_train2014_000000191690,train,train
COCO_train2014_000000191729,train,train
COCO_train2014_000000191805,train,train
COCO_train2014_000000191945,train,train
COCO_train2014_000000191962,train,train
COCO_train2014_000000191994,train,train
COCO_train2014_000000192104,train,train
COCO_train2014_000000192114,train,train
COCO_train2014_000000192196,train,train
COCO_train2014_000000192234,train,train
COCO_train2014_000000192464,train,train
COCO_train2014_000000192524,train,train
COCO_train2014_000000192576,train,train
COCO_train2014_000000192585,train,train
COCO_train2014_000000192710,train,train
COCO_train2014_000000192723,train,train
COCO_train2014_000000192745,train,train
COCO_train2014_000000192759,train,train
COCO_train2014_000000192768,train,train
COCO_train2014_000000192799,train,train
COCO_train2014_000000192835,train,train
COCO_train2014_000000192852,train,train
COCO_train2014_000000192878,train,train
COCO_train2014_000000192928,train,train
COCO_train2014_000000192931,train,train
COCO_train2014_000000192994,train,train
COCO_train2014_000000193193,train,train
COCO_train2014_000000193222,train,train
COCO_train2014_000000193246,train,train
COCO_train2014_000000193452,train,train
COCO_train2014_000000193471,train,train
COCO_train2014_000000193479,train,train
COCO_train2014_000000193488,train,train
COCO_train2014_000000193506,train,train
COCO_train2014_000000193579,train,train
COCO_train2014_000000193594,train,train
COCO_train2014_000000194154,train,train
COCO_train2014_000000194235,train,train
COCO_train2014_000000194247,train,train
COCO_train2014_000000194336,train,train
COCO_train2014_000000194346,train,train
COCO_train2014_000000194459,train,train
COCO_train2014_000000194528,train,train
COCO_train2014_000000194540,train,train
COCO_train2014_000000194698,train,train
COCO_train2014_000000194700,train,train
COCO_train2014_000000194774,train,train
COCO_train2014_000000194820,train,train
COCO_train2014_000000194907,train,train
COCO_train2014_000000194943,train,train
COCO_train2014_000000195163,train,train
COCO_train2014_000000195316,train,train
COCO_train2014_000000195352,train,train
COCO_train2014_000000195449,train,train
COCO_train2014_000000195484,train,train
COCO_train2014_000000195696,train,train
COCO_train2014_000000195797,train,train
COCO_train2014_000000195806,train,train
COCO_train2014_000000195927,train,train
COCO_train2014_000000195949,train,train
COCO_train2014_000000195998,train,train
COCO_train2014_000000196156,train,train
COCO_train2014_000000196170,train,train
COCO_train2014_000000196205,train,train
COCO_train2014_000000196226,train,train
COCO_train2014_000000196608,train,train
COCO_train2014_000000196623,train,train
COCO_train2014_000000196686,train,train
COCO_train2014_000000196721,train,train
COCO_train2014_000000196748,train,train
COCO_train2014_000000196785,train,train
COCO_train2014_000000196851,train,train
COCO_train2014_000000196888,train,train
COCO_train2014_000000196899,train,train
COCO_train2014_000000196971,train,train
COCO_train2014_000000196981,train,train
COCO_train2014_000000197005,train,train
COCO_train2014_000000197029,train,train
COCO_train2014_000000197071,train,train
COCO_train2014_000000197155,train,train
COCO_train2014_000000197273,train,train
COCO_train2014_000000197305,train,train
COCO_train2014_000000197307,train,train
COCO_train2014_000000197427,train,train
COCO_train2014_000000197503,train,train
COCO_train2014_000000197551,train,train
COCO_train2014_000000197568,train,train
COCO_train2014_000000197705,train,train
COCO_train2014_000000197807,train,train
COCO_train2014_000000197851,train,train
COCO_train2014_000000197863,train,train
COCO_train2014_000000197886,train,train
COCO_train2014_000000197888,train,train
COCO_train2014_000000197934,train,train
COCO_train2014_000000197980,train,train
COCO_train2014_000000198030,train,train
COCO_train2014_000000198057,train,train
COCO_train2014_000000198319,train,train
COCO_train2014_000000198327,train,train
COCO_train2014_000000198396,train,train
COCO_train2014_000000198558,train,train
COCO_train2014_000000198561,train,train
COCO_train2014_000000198596,train,train
COCO_train2014_000000198607,train,train
COCO_train2014_000000198611,train,train
COCO_train2014_000000198620,train,train
COCO_train2014_000000198622,train,train
COCO_train2014_000000198654,train,train
COCO_train2014_000000198704,train,train
COCO_train2014_000000198735,train,train
COCO_train2014_000000198762,train,train
COCO_train2014_000000198786,train,train
COCO_train2014_000000198856,train,train
COCO_train2014_000000198993,train,train
COCO_train2014_000000199021,train,train
COCO_train2014_000000199063,train,train
COCO_train2014_000000199119,train,train
COCO_train2014_000000199151,train,train
COCO_train2014_000000199363,train,train
COCO_train2014_000000199460,train,train
COCO_train2014_000000199487,train,train
COCO_train2014_000000199527,train,train
COCO_train2014_000000199554,train,train
COCO_train2014_000000199577,train,train
COCO_train2014_000000199715,train,train
COCO_train2014_000000199721,train,train
COCO_train2014_000000199841,train,train
COCO_train2014_000000199913,train,train
COCO_train2014_000000200031,train,train
COCO_train2014_000000200133,train,train
COCO_train2014_000000200138,train,train
COCO_train2014_000000200289,train,train
COCO_train2014_000000200351,train,train
COCO_train2014_000000200404,train,train
COCO_train2014_000000200464,train,train
COCO_train2014_000000200483,train,train
COCO_train2014_000000200678,train,train
COCO_train2014_000000200680,train,train
COCO_train2014_000000200735,train,train
COCO_train2014_000000200778,train,train
COCO_train2014_000000200782,train,train
COCO_train2014_000000200867,train,train
COCO_train2014_000000200879,train,train
COCO_train2014_000000201003,train,train
COCO_train2014_000000201018,train,train
COCO_train2014_000000201062,train,train
COCO_train2014_000000201123,train,train
COCO_train2014_000000201145,train,train
COCO_train2014_000000201184,train,train
COCO_train2014_000000201406,train,train
COCO_train2014_000000201476,train,train
COCO_train2014_000000201519,train,train
COCO_train2014_000000201607,train,train
COCO_train2014_000000201702,train,train
COCO_train2014_000000201724,train,train
COCO_train2014_000000201738,train,train
COCO_train2014_000000201897,train,train
COCO_train2014_000000201940,train,train
COCO_train2014_000000201969,train,train
COCO_train2014_000000202066,train,train
COCO_train2014_000000202070,train,train
COCO_train2014_000000202099,train,train
COCO_train2014_000000202112,train,train
COCO_train2014_000000202131,train,train
COCO_train2014_000000202168,train,train
COCO_train2014_000000202226,train,train
COCO_train2014_000000202372,train,train
COCO_train2014_000000202414,train,train
COCO_train2014_000000202767,train,train
COCO_train2014_000000202855,train,train
COCO_train2014_000000202888,train,train
COCO_train2014_000000203021,train,train
COCO_train2014_000000203034,train,train
COCO_train2014_000000203160,train,train
COCO_train2014_000000203236,train,train
COCO_train2014_000000203304,train,train
COCO_train2014_000000203388,train,train
COCO_train2014_000000203458,train,train
COCO_train2014_000000203511,train,train
COCO_train2014_000000203601,train,train
COCO_train2014_000000203730,train,train
COCO_train2014_000000203765,train,train
COCO_train2014_000000203778,train,train
COCO_train2014_000000203867,train,train
COCO_train2014_000000204021,train,train
COCO_train2014_000000204217,train,train
COCO_train2014_000000204225,train,train
COCO_train2014_000000204272,train,train
COCO_train2014_000000204273,train,train
COCO_train2014_000000204351,train,train
COCO_train2014_000000204386,train,train
COCO_train2014_000000204422,train,train
COCO_train2014_000000204505,train,train
COCO_train2014_000000204526,train,train
COCO_train2014_000000204529,train,train
COCO_train2014_000000204537,train,train
COCO_train2014_000000204657,train,train
COCO_train2014_000000204690,train,train
COCO_train2014_000000204700,train,train
COCO_train2014_000000204735,train,train
COCO_train2014_000000204759,train,train
COCO_train2014_000000204777,train,train
COCO_train2014_000000204837,train,train
COCO_train2014_000000204863,train,train
COCO_train2014_000000204981,train,train
COCO_train2014_000000204987,train,train
COCO_train2014_000000205055,train,train
COCO_train2014_000000205125,train,train
COCO_train2014_000000205221,train,train
COCO_train2014_000000205274,train,train
COCO_train2014_000000205313,train,train
COCO_train2014_000000205334,train,train
COCO_train2014_000000205460,train,train
COCO_train2014_000000205560,train,train
COCO_train2014_000000205564,train,train
COCO_train2014_000000205650,train,train
COCO_train2014_000000205656,train,train
COCO_train2014_000000205703,train,train
COCO_train2014_000000205757,train,train
COCO_train2014_000000205769,train,train
COCO_train2014_000000205790,train,train
COCO_train2014_000000205794,train,train
COCO_train2014_000000205902,train,train
COCO_train2014_000000205904,train,train
COCO_train2014_000000205947,train,train
COCO_train2014_000000205955,train,train
COCO_train2014_000000206415,train,train
COCO_train2014_000000206427,train,train
COCO_train2014_000000206463,train,train
COCO_train2014_000000206465,train,train
COCO_train2014_000000206584,train,train
COCO_train2014_000000206685,train,train
COCO_train2014_000000206704,train,train
COCO_train2014_000000206735,train,train
COCO_train2014_000000206841,train,train
COCO_train2014_000000206857,train,train
COCO_train2014_000000207048,train,train
COCO_train2014_000000207077,train,train
COCO_train2014_000000207083,train,train
COCO_train2014_000000207090,train,train
COCO_train2014_000000207142,train,train
COCO_train2014_000000207215,train,train
COCO_train2014_000000207276,train,train
COCO_train2014_000000207282,train,train
COCO_train2014_000000207424,train,train
COCO_train2014_000000207481,train,train
COCO_train2014_000000207503,train,train
COCO_train2014_000000207513,train,train
COCO_train2014_000000207542,train,train
COCO_train2014_000000207543,train,train
COCO_train2014_000000207556,train,train
COCO_train2014_000000207629,train,train
COCO_train2014_000000207654,train,train
COCO_train2014_000000207734,train,train
COCO_train2014_000000207739,train,train
COCO_train2014_000000207833,train,train
COCO_train2014_000000207880,train,train
COCO_train2014_000000207978,train,train
COCO_train2014_000000208008,train,train
COCO_train2014_000000208022,train,train
COCO_train2014_000000208024,train,train
COCO_train2014_000000208082,train,train
COCO_train2014_000000208121,train,train
COCO_train2014_000000208151,train,train
COCO_train2014_000000208250,train,train
COCO_train2014_000000208256,train,train
COCO_train2014_000000208295,train,train
COCO_train2014_000000208348,train,train
COCO_train2014_000000208350,train,train
COCO_train2014_000000208379,train,train
COCO_train2014_000000208386,train,train
COCO_train2014_000000208509,train,train
COCO_train2014_000000208612,train,train
COCO_train2014_000000208714,train,train
COCO_train2014_000000208754,train,train
COCO_train2014_000000208779,train,train
COCO_train2014_000000208820,train,train
COCO_train2014_000000208880,train,train
COCO_train2014_000000208882,train,train
COCO_train2014_000000209012,train,train
COCO_train2014_000000209016,train,train
COCO_train2014_000000209040,train,train
COCO_train2014_000000209126,train,train
COCO_train2014_000000209128,train,train
COCO_train2014_000000209200,train,train
COCO_train2014_000000209229,train,train
COCO_train2014_000000209253,train,train
COCO_train2014_000000209356,train,train
COCO_train2014_000000209418,train,train
COCO_train2014_000000209467,train,train
COCO_train2014_000000209531,train,train
COCO_train2014_000000209537,train,train
COCO_train2014_000000209563,train,train
COCO_train2014_000000209643,train,train
COCO_train2014_000000209791,train,train
COCO_train2014_000000209918,train,train
COCO_train2014_000000209922,train,train
COCO_train2014_000000209923,train,train
COCO_train2014_000000210010,train,train
COCO_train2014_000000210015,train,train
COCO_train2014_000000210057,train,train
COCO_train2014_000000210077,train,train
COCO_train2014_000000210090,train,train
COCO_train2014_000000210296,train,train
COCO_train2014_000000210344,train,train
COCO_train2014_000000210371,train,train
COCO_train2014_000000210416,train,train
COCO_train2014_000000210437,train,train
COCO_train2014_000000210471,train,train
COCO_train2014_000000210568,train,train
COCO_train2014_000000210672,train,train
COCO_train2014_000000210684,train,train
COCO_train2014_000000210710,train,train
COCO_train2014_000000210729,train,train
COCO_train2014_000000210731,train,train
COCO_train2014_000000210769,train,train
COCO_train2014_000000210861,train,train
COCO_train2014_000000210956,train,train
COCO_train2014_000000211164,train,train
COCO_train2014_000000211178,train,train
COCO_train2014_000000211336,train,train
COCO_train2014_000000211458,train,train
COCO_train2014_000000211526,train,train
COCO_train2014_000000211622,train,train
COCO_train2014_000000211644,train,train
COCO_train2014_000000211683,train,train
COCO_train2014_000000211760,train,train
COCO_train2014_000000211807,train,train
COCO_train2014_000000211830,train,train
COCO_train2014_000000211844,train,train
COCO_train2014_000000211850,train,train
COCO_train2014_000000211968,train,train
COCO_train2014_000000212011,train,train
COCO_train2014_000000212025,train,train
COCO_train2014_000000212118,train,train
COCO_train2014_000000212229,train,train
COCO_train2014_000000212303,train,train
COCO_train2014_000000212311,train,train
COCO_train2014_000000212532,train,train
COCO_train2014_000000212575,train,train
COCO_train2014_000000212610,train,train
COCO_train2014_000000212635,train,train
COCO_train2014_000000212641,train,train
COCO_train2014_000000212679,train,train
COCO_train2014_000000212685,train,train
COCO_train2014_000000212741,train,train
COCO_train2014_000000212787,train,train
COCO_train2014_000000212856,train,train
COCO_train2014_000000212859,train,train
COCO_train2014_000000212873,train,train
COCO_train2014_000000212887,train,train
COCO_train2014_000000212893,train,train
COCO_train2014_000000212920,train,train
COCO_train2014_000000212969,train,train
COCO_train2014_000000213020,train,train
COCO_train2014_000000213039,train,train
COCO_train2014_000000213048,train,train
COCO_train2014_000000213070,train,train
COCO_train2014_000000213095,train,train
COCO_train2014_000000213117,train,train
COCO_train2014_000000213124,train,train
COCO_train2014_000000213135,train,train
COCO_train2014_000000213207,train,train
COCO_train2014_000000213214,train,train
COCO_train2014_000000213241,train,train
COCO_train2014_000000213282,train,train
COCO_train2014_000000213312,train,train
COCO_train2014_000000213314,train,train
COCO_train2014_000000213389,train,train
COCO_train2014_000000213557,train,train
COCO_train2014_000000213577,train,train
COCO_train2014_000000213725,train,train
COCO_train2014_000000213936,train,train
COCO_train2014_000000214024,train,train
COCO_train2014_000000214055,train,train
COCO_train2014_000000214133,train,train
COCO_train2014_000000214266,train,train
COCO_train2014_000000214290,train,train
COCO_train2014_000000214395,train,train
COCO_train2014_000000214453,train,train
COCO_train2014_000000214563,train,train
COCO_train2014_000000214569,train,train
COCO_train2014_000000214623,train,train
COCO_train2014_000000214725,train,train
COCO_train2014_000000214729,train,train
COCO_train2014_000000214924,train,train
COCO_train2014_000000214972,train,train
COCO_train2014_000000214990,train,train
COCO_train2014_000000214997,train,train
COCO_train2014_000000214998,train,train
COCO_train2014_000000215134,train,train
COCO_train2014_000000215167,train,train
COCO_train2014_000000215249,train,train
COCO_train2014_000000215273,train,train
COCO_train2014_000000215469,train,train
COCO_train2014_000000215493,train,train
COCO_train2014_000000215523,train,train
COCO_train2014_000000215534,train,train
COCO_train2014_000000215555,train,train
COCO_train2014_000000215558,train,train
COCO_train2014_000000215569,train,train
COCO_train2014_000000215587,train,train
COCO_train2014_000000215625,train,train
COCO_train2014_000000215657,train,train
COCO_train2014_000000215746,train,train
COCO_train2014_000000215776,train,train
COCO_train2014_000000215844,train,train
COCO_train2014_000000215863,train,train
COCO_train2014_000000215878,train,train
COCO_train2014_000000215889,train,train
COCO_train2014_000000215907,train,train
COCO_train2014_000000215994,train,train
COCO_train2014_000000216059,train,train
COCO_train2014_000000216072,train,train
COCO_train2014_000000216091,train,train
COCO_train2014_000000216223,train,train
COCO_train2014_000000216244,train,train
COCO_train2014_000000216265,train,train
COCO_train2014_000000216319,train,train
COCO_train2014_000000216351,train,train
COCO_train2014_000000216393,train,train
COCO_train2014_000000216455,train,train
COCO_train2014_000000216462,train,train
COCO_train2014_000000216480,train,train
COCO_train2014_000000216524,train,train
COCO_train2014_000000216682,train,train
COCO_train2014_000000216685,train,train
COCO_train2014_000000216694,train,train
COCO_train2014_000000216715,train,train
COCO_train2014_000000216716,train,train
COCO_train2014_000000216742,train,train
COCO_train2014_000000216771,train,train
COCO_train2014_000000216840,train,train
COCO_train2014_000000216932,train,train
COCO_train2014_000000216980,train,train
COCO_train2014_000000217068,train,train
COCO_train2014_000000217080,train,train
COCO_train2014_000000217113,train,train
COCO_train2014_000000217135,train,train
COCO_train2014_000000217143,train,train
COCO_train2014_000000217165,train,train
COCO_train2014_000000217238,train,train
COCO_train2014_000000217268,train,train
COCO_train2014_000000217302,train,train
COCO_train2014_000000217429,train,train
COCO_train2014_000000217433,train,train
COCO_train2014_000000217460,train,train
COCO_train2014_000000217707,train,train
COCO_train2014_000000217720,train,train
COCO_train2014_000000217725,train,train
COCO_train2014_000000217766,train,train
COCO_train2014_000000217893,train,train
COCO_train2014_000000218057,train,train
COCO_train2014_000000218106,train,train
COCO_train2014_000000218114,train,train
COCO_train2014_000000218116,train,train
COCO_train2014_000000218142,train,train
COCO_train2014_000000218237,train,train
COCO_train2014_000000218379,train,train
COCO_train2014_000000218674,train,train
COCO_train2014_000000218711,train,train
COCO_train2014_000000218717,train,train
COCO_train2014_000000218775,train,train
COCO_train2014_000000218776,train,train
COCO_train2014_000000218931,train,train
COCO_train2014_000000218990,train,train
COCO_train2014_000000219025,train,train
COCO_train2014_000000219535,train,train
COCO_train2014_000000219590,train,train
COCO_train2014_000000219680,train,train
COCO_train2014_000000219735,train,train
COCO_train2014_000000219750,train,train
COCO_train2014_000000219784,train,train
COCO_train2014_000000219796,train,train
COCO_train2014_000000219810,train,train
COCO_train2014_000000219817,train,train
COCO_train2014_000000219905,train,train
COCO_train2014_000000219935,train,train
COCO_train2014_000000219943,train,train
COCO_train2014_000000220031,train,train
COCO_train2014_000000220037,train,train
COCO_train2014_000000220076,train,train
COCO_train2014_000000220077,train,train
COCO_train2014_000000220096,train,train
COCO_train2014_000000220115,train,train
COCO_train2014_000000220152,train,train
COCO_train2014_000000220226,train,train
COCO_train2014_000000220234,train,train
COCO_train2014_000000220239,train,train
COCO_train2014_000000220289,train,train
COCO_train2014_000000220366,train,train
COCO_train2014_000000220449,train,train
COCO_train2014_000000220464,train,train
COCO_train2014_000000220548,train,train
COCO_train2014_000000220568,train,train
COCO_train2014_000000220571,train,train
COCO_train2014_000000220686,train,train
COCO_train2014_000000220688,train,train
COCO_train2014_000000220823,train,train
COCO_train2014_000000220842,train,train
COCO_train2014_000000220843,train,train
COCO_train2014_000000220860,train,train
COCO_train2014_000000220922,train,train
COCO_train2014_000000221004,train,train
COCO_train2014_000000221053,train,train
COCO_train2014_000000221223,train,train
COCO_train2014_000000221241,train,train
COCO_train2014_000000221378,train,train
COCO_train2014_000000221420,train,train
COCO_train2014_000000221470,train,train
COCO_train2014_000000221505,train,train
COCO_train2014_000000221515,train,train
COCO_train2014_000000221540,train,train
COCO_train2014_000000221614,train,train
COCO_train2014_000000221696,train,train
COCO_train2014_000000221743,train,train
COCO_train2014_000000221763,train,train
COCO_train2014_000000221865,train,train
COCO_train2014_000000221888,train,train
COCO_train2014_000000221903,train,train
COCO_train2014_000000222006,train,train
COCO_train2014_000000222027,train,train
COCO_train2014_000000222036,train,train
COCO_train2014_000000222244,train,train
COCO_train2014_000000222395,train,train
COCO_train2014_000000222408,train,train
COCO_train2014_000000222427,train,train
COCO_train2014_000000222439,train,train
COCO_train2014_000000222463,train,train
COCO_train2014_000000222472,train,train
COCO_train2014_000000222489,train,train
COCO_train2014_000000222588,train,train
COCO_train2014_000000222783,train,train
COCO_train2014_000000222961,train,train
COCO_train2014_000000222964,train,train
COCO_train2014_000000223114,train,train
COCO_train2014_000000223129,train,train
COCO_train2014_000000223146,train,train
COCO_train2014_000000223194,train,train
COCO_train2014_000000223216,train,train
COCO_train2014_000000223270,train,train
COCO_train2014_000000223404,train,train
COCO_train2014_000000223461,train,train
COCO_train2014_000000223474,train,train
COCO_train2014_000000223526,train,train
COCO_train2014_000000223660,train,train
COCO_train2014_000000223682,train,train
COCO_train2014_000000223741,train,train
COCO_train2014_000000223754,train,train
COCO_train2014_000000223942,train,train
COCO_train2014_000000224034,train,train
COCO_train2014_000000224052,train,train
COCO_train2014_000000224056,train,train
COCO_train2014_000000224060,train,train
COCO_train2014_000000224079,train,train
COCO_train2014_000000224112,train,train
COCO_train2014_000000224140,train,train
COCO_train2014_000000224164,train,train
COCO_train2014_000000224197,train,train
COCO_train2014_000000224285,train,train
COCO_train2014_000000224292,train,train
COCO_train2014_000000224303,train,train
COCO_train2014_000000224306,train,train
COCO_train2014_000000224349,train,train
COCO_train2014_000000224407,train,train
COCO_train2014_000000224414,train,train
COCO_train2014_000000224419,train,train
COCO_train2014_000000224462,train,train
COCO_train2014_000000224505,train,train
COCO_train2014_000000224537,train,train
COCO_train2014_000000224601,train,train
COCO_train2014_000000224677,train,train
COCO_train2014_000000224692,train,train
COCO_train2014_000000224776,train,train
COCO_train2014_000000224869,train,train
COCO_train2014_000000224929,train,train
COCO_train2014_000000224958,train,train
COCO_train2014_000000224959,train,train
COCO_train2014_000000225041,train,train
COCO_train2014_000000225060,train,train
COCO_train2014_000000225113,train,train
COCO_train2014_000000225160,train,train
COCO_train2014_000000225241,train,train
COCO_train2014_000000225271,train,train
COCO_train2014_000000225337,train,train
COCO_train2014_000000225345,train,train
COCO_train2014_000000225363,train,train
COCO_train2014_000000225372,train,train
COCO_train2014_000000225383,train,train
COCO_train2014_000000225473,train,train
COCO_train2014_000000225490,train,train
COCO_train2014_000000225566,train,train
COCO_train2014_000000225579,train,train
COCO_train2014_000000225608,train,train
COCO_train2014_000000225713,train,train
COCO_train2014_000000225835,train,train
COCO_train2014_000000225848,train,train
COCO_train2014_000000225923,train,train
COCO_train2014_000000226046,train,train
COCO_train2014_000000226151,train,train
COCO_train2014_000000226348,train,train
COCO_train2014_000000226442,train,train
COCO_train2014_000000226505,train,train
COCO_train2014_000000226517,train,train
COCO_train2014_000000226528,train,train
COCO_train2014_000000226559,train,train
COCO_train2014_000000226595,train,train
COCO_train2014_000000226936,train,train
COCO_train2014_000000227010,train,train
COCO_train2014_000000227040,train,train
COCO_train2014_000000227061,train,train
COCO_train2014_000000227178,train,train
COCO_train2014_000000227205,train,train
COCO_train2014_000000227502,train,train
COCO_train2014_000000227554,train,train
COCO_train2014_000000227675,train,train
COCO_train2014_000000227723,train,train
COCO_train2014_000000227743,train,train
COCO_train2014_000000227825,train,train
COCO_train2014_000000227843,train,train
COCO_train2014_000000227939,train,train
COCO_train2014_000000227946,train,train
COCO_train2014_000000227978,train,train
COCO_train2014_000000228098,train,train
COCO_train2014_000000228246,train,train
COCO_train2014_000000228398,train,train
COCO_train2014_000000228434,train,train
COCO_train2014_000000228456,train,train
COCO_train2014_000000228783,train,train
COCO_train2014_000000228799,train,train
COCO_train2014_000000228920,train,train
COCO_train2014_000000228953,train,train
COCO_train2014_000000229058,train,train
COCO_train2014_000000229078,train,train
COCO_train2014_000000229233,train,train
COCO_train2014_000000229302,train,train
COCO_train2014_000000229472,train,train
COCO_train2014_000000229511,train,train
COCO_train2014_000000229825,train,train
COCO_train2014_000000229827,train,train
COCO_train2014_000000229833,train,train
COCO_train2014_000000229875,train,train
COCO_train2014_000000229949,train,train
COCO_train2014_000000229969,train,train
COCO_train2014_000000230046,train,train
COCO_train2014_000000230061,train,train
COCO_train2014_000000230127,train,train
COCO_train2014_000000230133,train,train
COCO_train2014_000000230141,train,train
COCO_train2014_000000230152,train,train
COCO_train2014_000000230164,train,train
COCO_train2014_000000230178,train,train
COCO_train2014_000000230291,train,train
COCO_train2014_000000230334,train,train
COCO_train2014_000000230340,train,train
COCO_train2014_000000230522,train,train
COCO_train2014_000000230554,train,train
COCO_train2014_000000230578,train,train
COCO_train2014_000000230707,train,train
COCO_train2014_000000230727,train,train
COCO_train2014_000000230741,train,train
COCO_train2014_000000230752,train,train
COCO_train2014_000000230844,train,train
COCO_train2014_000000230851,train,train
COCO_train2014_000000230864,train,train
COCO_train2014_000000230889,train,train
COCO_train2014_000000230991,train,train
COCO_train2014_000000231056,train,train
COCO_train2014_000000231062,train,train
COCO_train2014_000000231104,train,train
COCO_train2014_000000231142,train,train
COCO_train2014_000000231368,train,train
COCO_train2014_000000231373,train,train
COCO_train2014_000000231378,train,train
COCO_train2014_000000231395,train,train
COCO_train2014_000000231401,train,train
COCO_train2014_000000231677,train,train
COCO_train2014_000000231714,train,train
COCO_train2014_000000231801,train,train
COCO_train2014_000000231845,train,train
COCO_train2014_000000231905,train,train
COCO_train2014_000000231932,train,train
COCO_train2014_000000231963,train,train
COCO_train2014_000000232011,train,train
COCO_train2014_000000232167,train,train
COCO_train2014_000000232263,train,train
COCO_train2014_000000232339,train,train
COCO_train2014_000000232420,train,train
COCO_train2014_000000232484,train,train
COCO_train2014_000000232656,train,train
COCO_train2014_000000232689,train,train
COCO_train2014_000000232717,train,train
COCO_train2014_000000232723,train,train
COCO_train2014_000000232781,train,train
COCO_train2014_000000232875,train,train
COCO_train2014_000000233040,train,train
COCO_train2014_000000233064,train,train
COCO_train2014_000000233093,train,train
COCO_train2014_000000233319,train,train
COCO_train2014_000000233395,train,train
COCO_train2014_000000233428,train,train
COCO_train2014_000000233453,train,train
COCO_train2014_000000233642,train,train
COCO_train2014_000000233697,train,train
COCO_train2014_000000233706,train,train
COCO_train2014_000000234217,train,train
COCO_train2014_000000234236,train,train
COCO_train2014_000000234244,train,train
COCO_train2014_000000234352,train,train
COCO_train2014_000000234475,train,train
COCO_train2014_000000234612,train,train
COCO_train2014_000000234781,train,train
COCO_train2014_000000234819,train,train
COCO_train2014_000000234948,train,train
COCO_train2014_000000234949,train,train
COCO_train2014_000000235031,train,train
COCO_train2014_000000235061,train,train
COCO_train2014_000000235176,train,train
COCO_train2014_000000235268,train,train
COCO_train2014_000000235269,train,train
COCO_train2014_000000235328,train,train
COCO_train2014_000000235390,train,train
COCO_train2014_000000235537,train,train
COCO_train2014_000000235609,train,train
COCO_train2014_000000235624,train,train
COCO_train2014_000000235651,train,train
COCO_train2014_000000235687,train,train
COCO_train2014_000000235945,train,train
COCO_train2014_000000236057,train,train
COCO_train2014_000000236075,train,train
COCO_train2014_000000236111,train,train
COCO_train2014_000000236155,train,train
COCO_train2014_000000236222,train,train
COCO_train2014_000000236316,train,train
COCO_train2014_000000236336,train,train
COCO_train2014_000000236424,train,train
COCO_train2014_000000236515,train,train
COCO_train2014_000000236572,train,train
COCO_train2014_000000236593,train,train
COCO_train2014_000000236629,train,train
COCO_train2014_000000236673,train,train
COCO_train2014_000000236712,train,train
COCO_train2014_000000236760,train,train
COCO_train2014_000000236990,train,train
COCO_train2014_000000237003,train,train
COCO_train2014_000000237091,train,train
COCO_train2014_000000237110,train,train
COCO_train2014_000000237179,train,train
COCO_train2014_000000237188,train,train
COCO_train2014_000000237281,train,train
COCO_train2014_000000237309,train,train
COCO_train2014_000000237333,train,train
COCO_train2014_000000237337,train,train
COCO_train2014_000000237340,train,train
COCO_train2014_000000237367,train,train
COCO_train2014_000000237383,train,train
COCO_train2014_000000237385,train,train
COCO_train2014_000000237423,train,train
COCO_train2014_000000237445,train,train
COCO_train2014_000000237677,train,train
COCO_train2014_000000237701,train,train
COCO_train2014_000000237825,train,train
COCO_train2014_000000237872,train,train
COCO_train2014_000000237897,train,train
COCO_train2014_000000237941,train,train
COCO_train2014_000000238018,train,train
COCO_train2014_000000238095,train,train
COCO_train2014_000000238193,train,train
COCO_train2014_000000238200,train,train
COCO_train2014_000000238217,train,train
COCO_train2014_000000238231,train,train
COCO_train2014_000000238286,train,train
COCO_train2014_000000238316,train,train
COCO_train2014_000000238453,train,train
COCO_train2014_000000238535,train,train
COCO_train2014_000000238630,train,train
COCO_train2014_000000238712,train,train
COCO_train2014_000000238717,train,train
COCO_train2014_000000238795,train,train
COCO_train2014_000000238828,train,train
COCO_train2014_000000238860,train,train
COCO_train2014_000000238928,train,train
COCO_train2014_000000239047,train,train
COCO_train2014_000000239101,train,train
COCO_train2014_000000239427,train,train
COCO_train2014_000000239483,train,train
COCO_train2014_000000239676,train,train
COCO_train2014_000000239736,train,train
COCO_train2014_000000239757,train,train
COCO_train2014_000000239805,train,train
COCO_train2014_000000239811,train,train
COCO_train2014_000000239870,train,train
COCO_train2014_000000240046,train,train
COCO_train2014_000000240093,train,train
COCO_train2014_000000240112,train,train
COCO_train2014_000000240155,train,train
COCO_train2014_000000240247,train,train
COCO_train2014_000000240267,train,train
COCO_train2014_000000240298,train,train
COCO_train2014_000000240545,train,train
COCO_train2014_000000240586,train,train
COCO_train2014_000000240625,train,train
COCO_train2014_000000240691,train,train
COCO_train2014_000000240755,train,train
COCO_train2014_000000240952,train,train
COCO_train2014_000000241046,train,train
COCO_train2014_000000241058,train,train
COCO_train2014_000000241076,train,train
COCO_train2014_000000241082,train,train
COCO_train2014_000000241148,train,train
COCO_train2014_000000241161,train,train
COCO_train2014_000000241188,train,train
COCO_train2014_000000241208,train,train
COCO_train2014_000000241271,train,train
COCO_train2014_000000241329,train,train
COCO_train2014_000000241408,train,train
COCO_train2014_000000241527,train,train
COCO_train2014_000000241623,train,train
COCO_train2014_000000241761,train,train
COCO_train2014_000000241809,train,train
COCO_train2014_000000241945,train,train
COCO_train2014_000000242008,train,train
COCO_train2014_000000242036,train,train
COCO_train2014_000000242116,train,train
COCO_train2014_000000242145,train,train
COCO_train2014_000000242167,train,train
COCO_train2014_000000242187,train,train
COCO_train2014_000000242296,train,train
COCO_train2014_000000242431,train,train
COCO_train2014_000000242467,train,train
COCO_train2014_000000242520,train,train
COCO_train2014_000000242526,train,train
COCO_train2014_000000242677,train,train
COCO_train2014_000000242709,train,train
COCO_train2014_000000242739,train,train
COCO_train2014_000000242827,train,train
COCO_train2014_000000242998,train,train
COCO_train2014_000000243017,train,train
COCO_train2014_000000243136,train,train
COCO_train2014_000000243173,train,train
COCO_train2014_000000243207,train,train
COCO_train2014_000000243211,train,train
COCO_train2014_000000243268,train,train
COCO_train2014_000000243307,train,train
COCO_train2014_000000243333,train,train
COCO_train2014_000000243361,train,train
COCO_train2014_000000243370,train,train
COCO_train2014_000000243416,train,train
COCO_train2014_000000243509,train,train
COCO_train2014_000000243792,train,train
COCO_train2014_000000243824,train,train
COCO_train2014_000000243947,train,train
COCO_train2014_000000243962,train,train
COCO_train2014_000000243986,train,train
COCO_train2014_000000244014,train,train
COCO_train2014_000000244132,train,train
COCO_train2014_000000244164,train,train
COCO_train2014_000000244284,train,train
COCO_train2014_000000244291,train,train
COCO_train2014_000000244367,train,train
COCO_train2014_000000244451,train,train
COCO_train2014_000000244465,train,train
COCO_train2014_000000244528,train,train
COCO_train2014_000000244530,train,train
COCO_train2014_000000244540,train,train
COCO_train2014_000000244589,train,train
COCO_train2014_000000244597,train,train
COCO_train2014_000000244683,train,train
COCO_train2014_000000244712,train,train
COCO_train2014_000000244762,train,train
COCO_train2014_000000244782,train,train
COCO_train2014_000000244836,train,train
COCO_train2014_000000244844,train,train
COCO_train2014_000000244870,train,train
COCO_train2014_000000244983,train,train
COCO_train2014_000000244992,train,train
COCO_train2014_000000244994,train,train
COCO_train2014_000000245002,train,train
COCO_train2014_000000245075,train,train
COCO_train2014_000000245089,train,train
COCO_train2014_000000245116,train,train
COCO_train2014_000000245243,train,train
COCO_train2014_000000245451,train,train
COCO_train2014_000000245530,train,train
COCO_train2014_000000245654,train,train
COCO_train2014_000000245757,train,train
COCO_train2014_000000245825,train,train
COCO_train2014_000000245857,train,train
COCO_train2014_000000246007,train,train
COCO_train2014_000000246009,train,train
COCO_train2014_000000246029,train,train
COCO_train2014_000000246085,train,train
COCO_train2014_000000246089,train,train
COCO_train2014_000000246245,train,train
COCO_train2014_000000246323,train,train
COCO_train2014_000000246342,train,train
COCO_train2014_000000246417,train,train
COCO_train2014_000000246423,train,train
COCO_train2014_000000246491,train,train
COCO_train2014_000000246496,train,train
COCO_train2014_000000246539,train,train
COCO_train2014_000000246706,train,train
COCO_train2014_000000246719,train,train
COCO_train2014_000000246723,train,train
COCO_train2014_000000246728,train,train
COCO_train2014_000000246831,train,train
COCO_train2014_000000246841,train,train
COCO_train2014_000000246852,train,train
COCO_train2014_000000246869,train,train
COCO_train2014_000000246879,train,train
COCO_train2014_000000247052,train,train
COCO_train2014_000000247071,train,train
COCO_train2014_000000247082,train,train
COCO_train2014_000000247121,train,train
COCO_train2014_000000247126,train,train
COCO_train2014_000000247157,train,train
COCO_train2014_000000247247,train,train
COCO_train2014_000000247319,train,train
COCO_train2014_000000247346,train,train
COCO_train2014_000000247351,train,train
COCO_train2014_000000247475,train,train
COCO_train2014_000000247487,train,train
COCO_train2014_000000247529,train,train
COCO_train2014_000000247545,train,train
COCO_train2014_000000247604,train,train
COCO_train2014_000000247680,train,train
COCO_train2014_000000247726,train,train
COCO_train2014_000000247826,train,train
COCO_train2014_000000247858,train,train
COCO_train2014_000000247919,train,train
COCO_train2014_000000247921,train,train
COCO_train2014_000000247929,train,train
COCO_train2014_000000247976,train,train
COCO_train2014_000000248023,train,train
COCO_train2014_000000248052,train,train
COCO_train2014_000000248132,train,train
COCO_train2014_000000248150,train,train
COCO_train2014_000000248221,train,train
COCO_train2014_000000248391,train,train
COCO_train2014_000000248461,train,train
COCO_train2014_000000248565,train,train
COCO_train2014_000000248640,train,train
COCO_train2014_000000248830,train,train
COCO_train2014_000000248831,train,train
COCO_train2014_000000249176,train,train
COCO_train2014_000000249291,train,train
COCO_train2014_000000249348,train,train
COCO_train2014_000000249362,train,train
COCO_train2014_000000249435,train,train
COCO_train2014_000000249445,train,train
COCO_train2014_000000249489,train,train
COCO_train2014_000000249529,train,train
COCO_train2014_000000249616,train,train
COCO_train2014_000000249664,train,train
COCO_train2014_000000249727,train,train
COCO_train2014_000000249839,train,train
COCO_train2014_000000249856,train,train
COCO_train2014_000000249861,train,train
COCO_train2014_000000249875,train,train
COCO_train2014_000000249983,train,train
COCO_train2014_000000249993,train,train
COCO_train2014_000000250026,train,train
COCO_train2014_000000250043,train,train
COCO_train2014_000000250069,train,train
COCO_train2014_000000250103,train,train
COCO_train2014_000000250124,train,train
COCO_train2014_000000250200,train,train
COCO_train2014_000000250232,train,train
COCO_train2014_000000250292,train,train
COCO_train2014_000000250293,train,train
COCO_train2014_000000250400,train,train
COCO_train2014_000000250417,train,train
COCO_train2014_000000250533,train,train
COCO_train2014_000000250569,train,train
COCO_train2014_000000250848,train,train
COCO_train2014_000000250941,train,train
COCO_train2014_000000250952,train,train
COCO_train2014_000000251049,train,train
COCO_train2014_000000251113,train,train
COCO_train2014_000000251121,train,train
COCO_train2014_000000251219,train,train
COCO_train2014_000000251365,train,train
COCO_train2014_000000251418,train,train
COCO_train2014_000000251448,train,train
COCO_train2014_000000251466,train,train
COCO_train2014_000000251503,train,train
COCO_train2014_000000251600,train,train
COCO_train2014_000000251660,train,train
COCO_train2014_000000251696,train,train
COCO_train2014_000000251723,train,train
COCO_train2014_000000251790,train,train
COCO_train2014_000000251804,train,train
COCO_train2014_000000251835,train,train
COCO_train2014_000000251897,train,train
COCO_train2014_000000251974,train,train
COCO_train2014_000000252069,train,train
COCO_train2014_000000252105,train,train
COCO_train2014_000000252136,train,train
COCO_train2014_000000252178,train,train
COCO_train2014_000000252193,train,train
COCO_train2014_000000252198,train,train
COCO_train2014_000000252212,train,train
COCO_train2014_000000252373,train,train
COCO_train2014_000000252420,train,train
COCO_train2014_000000252451,train,train
COCO_train2014_000000252611,train,train
COCO_train2014_000000252664,train,train
COCO_train2014_000000252751,train,train
COCO_train2014_000000252801,train,train
COCO_train2014_000000252807,train,train
COCO_train2014_000000252846,train,train
COCO_train2014_000000252850,train,train
COCO_train2014_000000252937,train,train
COCO_train2014_000000252943,train,train
COCO_train2014_000000253031,train,train
COCO_train2014_000000253054,train,train
COCO_train2014_000000253065,train,train
COCO_train2014_000000253094,train,train
COCO_train2014_000000253123,train,train
COCO_train2014_000000253143,train,train
COCO_train2014_000000253159,train,train
COCO_train2014_000000253229,train,train
COCO_train2014_000000253290,train,train
COCO_train2014_000000253447,train,train
COCO_train2014_000000253467,train,train
COCO_train2014_000000253498,train,train
COCO_train2014_000000253777,train,train
COCO_train2014_000000253863,train,train
COCO_train2014_000000253883,train,train
COCO_train2014_000000253890,train,train
COCO_train2014_000000253915,train,train
COCO_train2014_000000253962,train,train
COCO_train2014_000000253971,train,train
COCO_train2014_000000253992,train,train
COCO_train2014_000000254025,train,train
COCO_train2014_000000254032,train,train
COCO_train2014_000000254060,train,train
COCO_train2014_000000254131,train,train
COCO_train2014_000000254218,train,train
COCO_train2014_000000254242,train,train
COCO_train2014_000000254356,train,train
COCO_train2014_000000254357,train,train
COCO_train2014_000000254376,train,train
COCO_train2014_000000254387,train,train
COCO_train2014_000000254396,train,train
COCO_train2014_000000254520,train,train
COCO_train2014_000000254585,train,train
COCO_train2014_000000254600,train,train
COCO_train2014_000000254658,train,train
COCO_train2014_000000254775,train,train
COCO_train2014_000000254797,train,train
COCO_train2014_000000254821,train,train
COCO_train2014_000000254984,train,train
COCO_train2014_000000255006,train,train
COCO_train2014_000000255016,train,train
COCO_train2014_000000255018,train,train
COCO_train2014_000000255045,train,train
COCO_train2014_000000255124,train,train
COCO_train2014_000000255226,train,train
COCO_train2014_000000255271,train,train
COCO_train2014_000000255399,train,train
COCO_train2014_000000255402,train,train
COCO_train2014_000000255425,train,train
COCO_train2014_000000255443,train,train
COCO_train2014_000000255500,train,train
COCO_train2014_000000255623,train,train
COCO_train2014_000000255849,train,train
COCO_train2014_000000255898,train,train
COCO_train2014_000000255969,train,train
COCO_train2014_000000256151,train,train
COCO_train2014_000000256190,train,train
COCO_train2014_000000256236,train,train
COCO_train2014_000000256322,train,train
COCO_train2014_000000256384,train,train
COCO_train2014_000000256419,train,train
COCO_train2014_000000256465,train,train
COCO_train2014_000000256539,train,train
COCO_train2014_000000256549,train,train
COCO_train2014_000000256607,train,train
COCO_train2014_000000256617,train,train
COCO_train2014_000000256664,train,train
COCO_train2014_000000256720,train,train
COCO_train2014_000000256731,train,train
COCO_train2014_000000256734,train,train
COCO_train2014_000000256741,train,train
COCO_train2014_000000256755,train,train
COCO_train2014_000000256766,train,train
COCO_train2014_000000256781,train,train
COCO_train2014_000000256806,train,train
COCO_train2014_000000256981,train,train
COCO_train2014_000000257044,train,train
COCO_train2014_000000257063,train,train
COCO_train2014_000000257071,train,train
COCO_train2014_000000257073,train,train
COCO_train2014_000000257090,train,train
COCO_train2014_000000257231,train,train
COCO_train2014_000000257301,train,train
COCO_train2014_000000257341,train,train
COCO_train2014_000000257387,train,train
COCO_train2014_000000257450,train,train
COCO_train2014_000000257461,train,train
COCO_train2014_000000257615,train,train
COCO_train2014_000000257674,train,train
COCO_train2014_000000257723,train,train
COCO_train2014_000000257774,train,train
COCO_train2014_000000257782,train,train
COCO_train2014_000000257807,train,train
COCO_train2014_000000257909,train,train
COCO_train2014_000000258020,train,train
COCO_train2014_000000258035,train,train
COCO_train2014_000000258099,train,train
COCO_train2014_000000258264,train,train
COCO_train2014_000000258327,train,train
COCO_train2014_000000258344,train,train
COCO_train2014_000000258364,train,train
COCO_train2014_000000258397,train,train
COCO_train2014_000000258528,train,train
COCO_train2014_000000258538,train,train
COCO_train2014_000000258635,train,train
COCO_train2014_000000258642,train,train
COCO_train2014_000000258794,train,train
COCO_train2014_000000258832,train,train
COCO_train2014_000000258931,train,train
COCO_train2014_000000258975,train,train
COCO_train2014_000000259067,train,train
COCO_train2014_000000259088,train,train
COCO_train2014_000000259115,train,train
COCO_train2014_000000259137,train,train
COCO_train2014_000000259228,train,train
COCO_train2014_000000259249,train,train
COCO_train2014_000000259265,train,train
COCO_train2014_000000259419,train,train
COCO_train2014_000000259458,train,train
COCO_train2014_000000259535,train,train
COCO_train2014_000000259553,train,train
COCO_train2014_000000259572,train,train
COCO_train2014_000000259595,train,train
COCO_train2014_000000259666,train,train
COCO_train2014_000000259677,train,train
COCO_train2014_000000259719,train,train
COCO_train2014_000000259745,train,train
COCO_train2014_000000259884,train,train
COCO_train2014_000000259951,train,train
COCO_train2014_000000260029,train,train
COCO_train2014_000000260050,train,train
COCO_train2014_000000260111,train,train
COCO_train2014_000000260139,train,train
COCO_train2014_000000260311,train,train
COCO_train2014_000000260347,train,train
COCO_train2014_000000260354,train,train
COCO_train2014_000000260373,train,train
COCO_train2014_000000260395,train,train
COCO_train2014_000000260445,train,train
COCO_train2014_000000260491,train,train
COCO_train2014_000000260604,train,train
COCO_train2014_000000260651,train,train
COCO_train2014_000000260679,train,train
COCO_train2014_000000260748,train,train
COCO_train2014_000000261003,train,train
COCO_train2014_000000261305,train,train
COCO_train2014_000000261315,train,train
COCO_train2014_000000261765,train,train
COCO_train2014_000000261893,train,train
COCO_train2014_000000262116,train,train
COCO_train2014_000000262172,train,train
COCO_train2014_000000262207,train,train
COCO_train2014_000000262261,train,train
COCO_train2014_000000262359,train,train
COCO_train2014_000000262389,train,train
COCO_train2014_000000262418,train,train
COCO_train2014_000000262508,train,train
COCO_train2014_000000262521,train,train
COCO_train2014_000000262561,train,train
COCO_train2014_000000262588,train,train
COCO_train2014_000000262603,train,train
COCO_train2014_000000262688,train,train
COCO_train2014_000000262747,train,train
COCO_train2014_000000262848,train,train
COCO_train2014_000000262884,train,train
COCO_train2014_000000262935,train,train
COCO_train2014_000000262937,train,train
COCO_train2014_000000262967,train,train
COCO_train2014_000000263041,train,train
COCO_train2014_000000263047,train,train
COCO_train2014_000000263276,train,train
COCO_train2014_000000263294,train,train
COCO_train2014_000000263381,train,train
COCO_train2014_000000263405,train,train
COCO_train2014_000000263434,train,train
COCO_train2014_000000263450,train,train
COCO_train2014_000000263623,train,train
COCO_train2014_000000263677,train,train
COCO_train2014_000000263703,train,train
COCO_train2014_000000263764,train,train
COCO_train2014_000000263770,train,train
COCO_train2014_000000263878,train,train
COCO_train2014_000000263970,train,train
COCO_train2014_000000263974,train,train
COCO_train2014_000000264079,train,train
COCO_train2014_000000264098,train,train
COCO_train2014_000000264256,train,train
COCO_train2014_000000264320,train,train
COCO_train2014_000000264362,train,train
COCO_train2014_000000264396,train,train
COCO_train2014_000000264434,train,train
COCO_train2014_000000264499,train,train
COCO_train2014_000000264511,train,train
COCO_train2014_000000264551,train,train
COCO_train2014_000000264636,train,train
COCO_train2014_000000264647,train,train
COCO_train2014_000000264708,train,train
COCO_train2014_000000264712,train,train
COCO_train2014_000000264884,train,train
COCO_train2014_000000264888,train,train
COCO_train2014_000000264959,train,train
COCO_train2014_000000265023,train,train
COCO_train2014_000000265052,train,train
COCO_train2014_000000265135,train,train
COCO_train2014_000000265187,train,train
COCO_train2014_000000265225,train,train
COCO_train2014_000000265236,train,train
COCO_train2014_000000265244,train,train
COCO_train2014_000000265292,train,train
COCO_train2014_000000265412,train,train
COCO_train2014_000000265449,train,train
COCO_train2014_000000265536,train,train
COCO_train2014_000000265566,train,train
COCO_train2014_000000265586,train,train
COCO_train2014_000000265594,train,train
COCO_train2014_000000265622,train,train
COCO_train2014_000000265625,train,train
COCO_train2014_000000265745,train,train
COCO_train2014_000000265967,train,train
COCO_train2014_000000265980,train,train
COCO_train2014_000000266038,train,train
COCO_train2014_000000266069,train,train
COCO_train2014_000000266108,train,train
COCO_train2014_000000266353,train,train
COCO_train2014_000000266422,train,train
COCO_train2014_000000266515,train,train
COCO_train2014_000000266533,train,train
COCO_train2014_000000266600,train,train
COCO_train2014_000000266618,train,train
COCO_train2014_000000266659,train,train
COCO_train2014_000000266697,train,train
COCO_train2014_000000266809,train,train
COCO_train2014_000000266859,train,train
COCO_train2014_000000266880,train,train
COCO_train2014_000000266908,train,train
COCO_train2014_000000267000,train,train
COCO_train2014_000000267008,train,train
COCO_train2014_000000267048,train,train
COCO_train2014_000000267059,train,train
COCO_train2014_000000267067,train,train
COCO_train2014_000000267105,train,train
COCO_train2014_000000267111,train,train
COCO_train2014_000000267136,train,train
COCO_train2014_000000267260,train,train
COCO_train2014_000000267324,train,train
COCO_train2014_000000267388,train,train
COCO_train2014_000000267402,train,train
COCO_train2014_000000267435,train,train
COCO_train2014_000000267497,train,train
COCO_train2014_000000267540,train,train
COCO_train2014_000000267560,train,train
COCO_train2014_000000267734,train,train
COCO_train2014_000000267779,train,train
COCO_train2014_000000267794,train,train
COCO_train2014_000000267798,train,train
COCO_train2014_000000267834,train,train
COCO_train2014_000000267871,train,train
COCO_train2014_000000267925,train,train
COCO_train2014_000000267969,train,train
COCO_train2014_000000267985,train,train
COCO_train2014_000000268014,train,train
COCO_train2014_000000268141,train,train
COCO_train2014_000000268150,train,train
COCO_train2014_000000268213,train,train
COCO_train2014_000000268227,train,train
COCO_train2014_000000268260,train,train
COCO_train2014_000000268274,train,train
COCO_train2014_000000268313,train,train
COCO_train2014_000000268370,train,train
COCO_train2014_000000268385,train,train
COCO_train2014_000000268397,train,train
COCO_train2014_000000268406,train,train
COCO_train2014_000000268510,train,train
COCO_train2014_000000268569,train,train
COCO_train2014_000000268570,train,train
COCO_train2014_000000268668,train,train
COCO_train2014_000000268718,train,train
COCO_train2014_000000268804,train,train
COCO_train2014_000000268876,train,train
COCO_train2014_000000269054,train,train
COCO_train2014_000000269091,train,train
COCO_train2014_000000269103,train,train
COCO_train2014_000000269213,train,train
COCO_train2014_000000269228,train,train
COCO_train2014_000000269333,train,train
COCO_train2014_000000269431,train,train
COCO_train2014_000000269434,train,train
COCO_train2014_000000269462,train,train
COCO_train2014_000000269477,train,train
COCO_train2014_000000269550,train,train
COCO_train2014_000000269566,train,train
COCO_train2014_000000269580,train,train
COCO_train2014_000000269888,train,train
COCO_train2014_000000269913,train,train
COCO_train2014_000000269915,train,train
COCO_train2014_000000269927,train,train
COCO_train2014_000000270109,train,train
COCO_train2014_000000270111,train,train
COCO_train2014_000000270135,train,train
COCO_train2014_000000270179,train,train
COCO_train2014_000000270186,train,train
COCO_train2014_000000270198,train,train
COCO_train2014_000000270234,train,train
COCO_train2014_000000270369,train,train
COCO_train2014_000000270388,train,train
COCO_train2014_000000270406,train,train
COCO_train2014_000000270512,train,train
COCO_train2014_000000270579,train,train
COCO_train2014_000000270596,train,train
COCO_train2014_000000270688,train,train
COCO_train2014_000000270789,train,train
COCO_train2014_000000270836,train,train
COCO_train2014_000000270865,train,train
COCO_train2014_000000270912,train,train
COCO_train2014_000000270922,train,train
COCO_train2014_000000270956,train,train
COCO_train2014_000000271034,train,train
COCO_train2014_000000271058,train,train
COCO_train2014_000000271118,train,train
COCO_train2014_000000271157,train,train
COCO_train2014_000000271171,train,train
COCO_train2014_000000271231,train,train
COCO_train2014_000000271360,train,train
COCO_train2014_000000271464,train,train
COCO_train2014_000000271473,train,train
COCO_train2014_000000271488,train,train
COCO_train2014_000000271574,train,train
COCO_train2014_000000271580,train,train
COCO_train2014_000000271875,train,train
COCO_train2014_000000271930,train,train
COCO_train2014_000000271987,train,train
COCO_train2014_000000272026,train,train
COCO_train2014_000000272171,train,train
COCO_train2014_000000272217,train,train
COCO_train2014_000000272218,train,train
COCO_train2014_000000272223,train,train
COCO_train2014_000000272269,train,train
COCO_train2014_000000272297,train,train
COCO_train2014_000000272405,train,train
COCO_train2014_000000272459,train,train
COCO_train2014_000000272490,train,train
COCO_train2014_000000272538,train,train
COCO_train2014_000000272670,train,train
COCO_train2014_000000272729,train,train
COCO_train2014_000000272743,train,train
COCO_train2014_000000272785,train,train
COCO_train2014_000000272800,train,train
COCO_train2014_000000272803,train,train
COCO_train2014_000000272866,train,train
COCO_train2014_000000273001,train,train
COCO_train2014_000000273049,train,train
COCO_train2014_000000273089,train,train
COCO_train2014_000000273103,train,train
COCO_train2014_000000273158,train,train
COCO_train2014_000000273200,train,train
COCO_train2014_000000273336,train,train
COCO_train2014_000000273378,train,train
COCO_train2014_000000273516,train,train
COCO_train2014_000000273537,train,train
COCO_train2014_000000273606,train,train
COCO_train2014_000000273607,train,train
COCO_train2014_000000273633,train,train
COCO_train2014_000000273658,train,train
COCO_train2014_000000273677,train,train
COCO_train2014_000000273716,train,train
COCO_train2014_000000273736,train,train
COCO_train2014_000000273783,train,train
COCO_train2014_000000273879,train,train
COCO_train2014_000000273886,train,train
COCO_train2014_000000274022,train,train
COCO_train2014_000000274079,train,train
COCO_train2014_000000274108,train,train
COCO_train2014_000000274130,train,train
COCO_train2014_000000274170,train,train
COCO_train2014_000000274267,train,train
COCO_train2014_000000274304,train,train
COCO_train2014_000000274341,train,train
COCO_train2014_000000274409,train,train
COCO_train2014_000000274499,train,train
COCO_train2014_000000274537,train,train
COCO_train2014_000000274556,train,train
COCO_train2014_000000274585,train,train
COCO_train2014_000000274586,train,train
COCO_train2014_000000274633,train,train
COCO_train2014_000000274640,train,train
COCO_train2014_000000274665,train,train
COCO_train2014_000000274690,train,train
COCO_train2014_000000274860,train,train
COCO_train2014_000000274916,train,train
COCO_train2014_000000275014,train,train
COCO_train2014_000000275028,train,train
COCO_train2014_000000275211,train,train
COCO_train2014_000000275339,train,train
COCO_train2014_000000275443,train,train
COCO_train2014_000000275565,train,train
COCO_train2014_000000275630,train,train
COCO_train2014_000000275631,train,train
COCO_train2014_000000275643,train,train
COCO_train2014_000000275672,train,train
COCO_train2014_000000275718,train,train
COCO_train2014_000000275760,train,train
COCO_train2014_000000275793,train,train
COCO_train2014_000000275795,train,train
COCO_train2014_000000275835,train,train
COCO_train2014_000000275919,train,train
COCO_train2014_000000275980,train,train
COCO_train2014_000000275997,train,train
COCO_train2014_000000276017,train,train
COCO_train2014_000000276233,train,train
COCO_train2014_000000276244,train,train
COCO_train2014_000000276418,train,train
COCO_train2014_000000276506,train,train
COCO_train2014_000000276507,train,train
COCO_train2014_000000276516,train,train
COCO_train2014_000000276539,train,train
COCO_train2014_000000276542,train,train
COCO_train2014_000000276565,train,train
COCO_train2014_000000276582,train,train
COCO_train2014_000000276584,train,train
COCO_train2014_000000276590,train,train
COCO_train2014_000000276711,train,train
COCO_train2014_000000276749,train,train
COCO_train2014_000000276829,train,train
COCO_train2014_000000276913,train,train
COCO_train2014_000000277072,train,train
COCO_train2014_000000277156,train,train
COCO_train2014_000000277263,train,train
COCO_train2014_000000277319,train,train
COCO_train2014_000000277401,train,train
COCO_train2014_000000277448,train,train
COCO_train2014_000000277472,train,train
COCO_train2014_000000277481,train,train
COCO_train2014_000000277503,train,train
COCO_train2014_000000277530,train,train
COCO_train2014_000000277575,train,train
COCO_train2014_000000277576,train,train
COCO_train2014_000000277718,train,train
COCO_train2014_000000277746,train,train
COCO_train2014_000000277775,train,train
COCO_train2014_000000277848,train,train
COCO_train2014_000000277885,train,train
COCO_train2014_000000277916,train,train
COCO_train2014_000000277956,train,train
COCO_train2014_000000277998,train,train
COCO_train2014_000000278001,train,train
COCO_train2014_000000278055,train,train
COCO_train2014_000000278219,train,train
COCO_train2014_000000278243,train,train
COCO_train2014_000000278309,train,train
COCO_train2014_000000278450,train,train
COCO_train2014_000000278452,train,train
COCO_train2014_000000278467,train,train
COCO_train2014_000000278496,train,train
COCO_train2014_000000278548,train,train
COCO_train2014_000000278628,train,train
COCO_train2014_000000278646,train,train
COCO_train2014_000000278675,train,train
COCO_train2014_000000278731,train,train
COCO_train2014_000000278796,train,train
COCO_train2014_000000278799,train,train
COCO_train2014_000000278936,train,train
COCO_train2014_000000279065,train,train
COCO_train2014_000000279122,train,train
COCO_train2014_000000279129,train,train
COCO_train2014_000000279199,train,train
COCO_train2014_000000279288,train,train
COCO_train2014_000000279308,train,train
COCO_train2014_000000279322,train,train
COCO_train2014_000000279415,train,train
COCO_train2014_000000279430,train,train
COCO_train2014_000000279588,train,train
COCO_train2014_000000279603,train,train
COCO_train2014_000000279608,train,train
COCO_train2014_000000279632,train,train
COCO_train2014_000000279647,train,train
COCO_train2014_000000279708,train,train
COCO_train2014_000000279777,train,train
COCO_train2014_000000279803,train,train
COCO_train2014_000000279844,train,train
COCO_train2014_000000279849,train,train
COCO_train2014_000000279871,train,train
COCO_train2014_000000279941,train,train
COCO_train2014_000000279957,train,train
COCO_train2014_000000279961,train,train
COCO_train2014_000000280018,train,train
COCO_train2014_000000280020,train,train
COCO_train2014_000000280023,train,train
COCO_train2014_000000280084,train,train
COCO_train2014_000000280122,train,train
COCO_train2014_000000280331,train,train
COCO_train2014_000000280423,train,train
COCO_train2014_000000280437,train,train
COCO_train2014_000000280442,train,train
COCO_train2014_000000280484,train,train
COCO_train2014_000000280596,train,train
COCO_train2014_000000280641,train,train
COCO_train2014_000000280721,train,train
COCO_train2014_000000280765,train,train
COCO_train2014_000000280829,train,train
COCO_train2014_000000280873,train,train
COCO_train2014_000000280995,train,train
COCO_train2014_000000281014,train,train
COCO_train2014_000000281105,train,train
COCO_train2014_000000281127,train,train
COCO_train2014_000000281160,train,train
COCO_train2014_000000281168,train,train
COCO_train2014_000000281224,train,train
COCO_train2014_000000281227,train,train
COCO_train2014_000000281237,train,train
COCO_train2014_000000281285,train,train
COCO_train2014_000000281339,train,train
COCO_train2014_000000281351,train,train
COCO_train2014_000000281358,train,train
COCO_train2014_000000281382,train,train
COCO_train2014_000000281464,train,train
COCO_train2014_000000281498,train,train
COCO_train2014_000000281557,train,train
COCO_train2014_000000281578,train,train
COCO_train2014_000000281586,train,train
COCO_train2014_000000281650,train,train
COCO_train2014_000000281652,train,train
COCO_train2014_000000281663,train,train
COCO_train2014_000000281764,train,train
COCO_train2014_000000281888,train,train
COCO_train2014_000000281920,train,train
COCO_train2014_000000281970,train,train
COCO_train2014_000000281996,train,train
COCO_train2014_000000282067,train,train
COCO_train2014_000000282070,train,train
COCO_train2014_000000282131,train,train
COCO_train2014_000000282158,train,train
COCO_train2014_000000282198,train,train
COCO_train2014_000000282252,train,train
COCO_train2014_000000282425,train,train
COCO_train2014_000000282431,train,train
COCO_train2014_000000282450,train,train
COCO_train2014_000000282579,train,train
COCO_train2014_000000282661,train,train
COCO_train2014_000000282667,train,train
COCO_train2014_000000282671,train,train
COCO_train2014_000000282691,train,train
COCO_train2014_000000282720,train,train
COCO_train2014_000000282733,train,train
COCO_train2014_000000282766,train,train
COCO_train2014_000000282773,train,train
COCO_train2014_000000282776,train,train
COCO_train2014_000000282949,train,train
COCO_train2014_000000283004,train,train
COCO_train2014_000000283018,train,train
COCO_train2014_000000283059,train,train
COCO_train2014_000000283111,train,train
COCO_train2014_000000283188,train,train
COCO_train2014_000000283278,train,train
COCO_train2014_000000283333,train,train
COCO_train2014_000000283408,train,train
COCO_train2014_000000283445,train,train
COCO_train2014_000000283479,train,train
COCO_train2014_000000283524,train,train
COCO_train2014_000000283617,train,train
COCO_train2014_000000283620,train,train
COCO_train2014_000000283638,train,train
COCO_train2014_000000283648,train,train
COCO_train2014_000000283658,train,train
COCO_train2014_000000283679,train,train
COCO_train2014_000000283863,train,train
COCO_train2014_000000283868,train,train
COCO_train2014_000000283913,train,train
COCO_train2014_000000284014,train,train
COCO_train2014_000000284150,train,train
COCO_train2014_000000284233,train,train
COCO_train2014_000000284259,train,train
COCO_train2014_000000284290,train,train
COCO_train2014_000000284448,train,train
COCO_train2014_000000284507,train,train
COCO_train2014_000000284529,train,train
COCO_train2014_000000284582,train,train
COCO_train2014_000000284644,train,train
COCO_train2014_000000284652,train,train
COCO_train2014_000000284756,train,train
COCO_train2014_000000284765,train,train
COCO_train2014_000000284910,train,train
COCO_train2014_000000285041,train,train
COCO_train2014_000000285045,train,train
COCO_train2014_000000285059,train,train
COCO_train2014_000000285180,train,train
COCO_train2014_000000285249,train,train
COCO_train2014_000000285254,train,train
COCO_train2014_000000285257,train,train
COCO_train2014_000000285342,train,train
COCO_train2014_000000285358,train,train
COCO_train2014_000000285417,train,train
COCO_train2014_000000285457,train,train
COCO_train2014_000000285470,train,train
COCO_train2014_000000285486,train,train
COCO_train2014_000000285628,train,train
COCO_train2014_000000285634,train,train
COCO_train2014_000000285883,train,train
COCO_train2014_000000285913,train,train
COCO_train2014_000000285914,train,train
COCO_train2014_000000286009,train,train
COCO_train2014_000000286101,train,train
COCO_train2014_000000286159,train,train
COCO_train2014_000000286190,train,train
COCO_train2014_000000286234,train,train
COCO_train2014_000000286254,train,train
COCO_train2014_000000286302,train,train
COCO_train2014_000000286328,train,train
COCO_train2014_000000286359,train,train
COCO_train2014_000000286382,train,train
COCO_train2014_000000286411,train,train
COCO_train2014_000000286425,train,train
COCO_train2014_000000286471,train,train
COCO_train2014_000000286530,train,train
COCO_train2014_000000286639,train,train
COCO_train2014_000000286645,train,train
COCO_train2014_000000286688,train,train
COCO_train2014_000000286787,train,train
COCO_train2014_000000286870,train,train
COCO_train2014_000000286930,train,train
COCO_train2014_000000287119,train,train
COCO_train2014_000000287213,train,train
COCO_train2014_000000287221,train,train
COCO_train2014_000000287249,train,train
COCO_train2014_000000287299,train,train
COCO_train2014_000000287337,train,train
COCO_train2014_000000287361,train,train
COCO_train2014_000000287369,train,train
COCO_train2014_000000287386,train,train
COCO_train2014_000000287388,train,train
COCO_train2014_000000287400,train,train
COCO_train2014_000000287422,train,train
COCO_train2014_000000287488,train,train
COCO_train2014_000000287716,train,train
COCO_train2014_000000287760,train,train
COCO_train2014_000000287782,train,train
COCO_train2014_000000287839,train,train
COCO_train2014_000000287854,train,train
COCO_train2014_000000287881,train,train
COCO_train2014_000000287953,train,train
COCO_train2014_000000287958,train,train
COCO_train2014_000000287988,train,train
COCO_train2014_000000288021,train,train
COCO_train2014_000000288099,train,train
COCO_train2014_000000288164,train,train
COCO_train2014_000000288171,train,train
COCO_train2014_000000288204,train,train
COCO_train2014_000000288263,train,train
COCO_train2014_000000288310,train,train
COCO_train2014_000000288358,train,train
COCO_train2014_000000288416,train,train
COCO_train2014_000000288506,train,train
COCO_train2014_000000288556,train,train
COCO_train2014_000000288610,train,train
COCO_train2014_000000288721,train,train
COCO_train2014_000000288723,train,train
COCO_train2014_000000288733,train,train
COCO_train2014_000000288841,train,train
COCO_train2014_000000288853,train,train
COCO_train2014_000000288921,train,train
COCO_train2014_000000289058,train,train
COCO_train2014_000000289147,train,train
COCO_train2014_000000289199,train,train
COCO_train2014_000000289212,train,train
COCO_train2014_000000289248,train,train
COCO_train2014_000000289276,train,train
COCO_train2014_000000289282,train,train
COCO_train2014_000000289326,train,train
COCO_train2014_000000289329,train,train
COCO_train2014_000000289333,train,train
COCO_train2014_000000289341,train,train
COCO_train2014_000000289621,train,train
COCO_train2014_000000289662,train,train
COCO_train2014_000000289684,train,train
COCO_train2014_000000289696,train,train
COCO_train2014_000000289698,train,train
COCO_train2014_000000289791,train,train
COCO_train2014_000000289795,train,train
COCO_train2014_000000289833,train,train
COCO_train2014_000000289864,train,train
COCO_train2014_000000289866,train,train
COCO_train2014_000000289912,train,train
COCO_train2014_000000289915,train,train
COCO_train2014_000000289972,train,train
COCO_train2014_000000290153,train,train
COCO_train2014_000000290318,train,train
COCO_train2014_000000290331,train,train
COCO_train2014_000000290398,train,train
COCO_train2014_000000290549,train,train
COCO_train2014_000000290566,train,train
COCO_train2014_000000290584,train,train
COCO_train2014_000000290656,train,train
COCO_train2014_000000290705,train,train
COCO_train2014_000000290720,train,train
COCO_train2014_000000290761,train,train
COCO_train2014_000000290812,train,train
COCO_train2014_000000290846,train,train
COCO_train2014_000000290849,train,train
COCO_train2014_000000290866,train,train
COCO_train2014_000000290962,train,train
COCO_train2014_000000290974,train,train
COCO_train2014_000000291004,train,train
COCO_train2014_000000291019,train,train
COCO_train2014_000000291207,train,train
COCO_train2014_000000291269,train,train
COCO_train2014_000000291475,train,train
COCO_train2014_000000291478,train,train
COCO_train2014_000000291484,train,train
COCO_train2014_000000291493,train,train
COCO_train2014_000000291503,train,train
COCO_train2014_000000291526,train,train
COCO_train2014_000000291725,train,train
COCO_train2014_000000291839,train,train
COCO_train2014_000000291841,train,train
COCO_train2014_000000291873,train,train
COCO_train2014_000000292101,train,train
COCO_train2014_000000292102,train,train
COCO_train2014_000000292125,train,train
COCO_train2014_000000292127,train,train
COCO_train2014_000000292133,train,train
COCO_train2014_000000292213,train,train
COCO_train2014_000000292271,train,train
COCO_train2014_000000292283,train,train
COCO_train2014_000000292315,train,train
COCO_train2014_000000292351,train,train
COCO_train2014_000000292358,train,train
COCO_train2014_000000292444,train,train
COCO_train2014_000000292537,train,train
COCO_train2014_000000292538,train,train
COCO_train2014_000000292597,train,train
COCO_train2014_000000292661,train,train
COCO_train2014_000000292763,train,train
COCO_train2014_000000292823,train,train
COCO_train2014_000000292827,train,train
COCO_train2014_000000292833,train,train
COCO_train2014_000000292844,train,train
COCO_train2014_000000292927,train,train
COCO_train2014_000000293254,train,train
COCO_train2014_000000293362,train,train
COCO_train2014_000000293453,train,train
COCO_train2014_000000293524,train,train
COCO_train2014_000000293679,train,train
COCO_train2014_000000293716,train,train
COCO_train2014_000000293756,train,train
COCO_train2014_000000293899,train,train
COCO_train2014_000000294102,train,train
COCO_train2014_000000294159,train,train
COCO_train2014_000000294186,train,train
COCO_train2014_000000294283,train,train
COCO_train2014_000000294330,train,train
COCO_train2014_000000294346,train,train
COCO_train2014_000000294409,train,train
COCO_train2014_000000294679,train,train
COCO_train2014_000000294688,train,train
COCO_train2014_000000294716,train,train
COCO_train2014_000000294813,train,train
COCO_train2014_000000294837,train,train
COCO_train2014_000000294892,train,train
COCO_train2014_000000294933,train,train
COCO_train2014_000000294942,train,train
COCO_train2014_000000294957,train,train
COCO_train2014_000000294968,train,train
COCO_train2014_000000295015,train,train
COCO_train2014_000000295103,train,train
COCO_train2014_000000295106,train,train
COCO_train2014_000000295159,train,train
COCO_train2014_000000295257,train,train
COCO_train2014_000000295282,train,train
COCO_train2014_000000295317,train,train
COCO_train2014_000000295329,train,train
COCO_train2014_000000295358,train,train
COCO_train2014_000000295428,train,train
COCO_train2014_000000295443,train,train
COCO_train2014_000000295461,train,train
COCO_train2014_000000295537,train,train
COCO_train2014_000000295578,train,train
COCO_train2014_000000295647,train,train
COCO_train2014_000000295659,train,train
COCO_train2014_000000295686,train,train
COCO_train2014_000000295745,train,train
COCO_train2014_000000295753,train,train
COCO_train2014_000000295889,train,train
COCO_train2014_000000295924,train,train
COCO_train2014_000000296046,train,train
COCO_train2014_000000296067,train,train
COCO_train2014_000000296108,train,train
COCO_train2014_000000296244,train,train
COCO_train2014_000000296257,train,train
COCO_train2014_000000296374,train,train
COCO_train2014_000000296432,train,train
COCO_train2014_000000296474,train,train
COCO_train2014_000000296477,train,train
COCO_train2014_000000296560,train,train
COCO_train2014_000000296613,train,train
COCO_train2014_000000296629,train,train
COCO_train2014_000000296635,train,train
COCO_train2014_000000296696,train,train
COCO_train2014_000000296790,train,train
COCO_train2014_000000296793,train,train
COCO_train2014_000000296882,train,train
COCO_train2014_000000296913,train,train
COCO_train2014_000000297019,train,train
COCO_train2014_000000297104,train,train
COCO_train2014_000000297181,train,train
COCO_train2014_000000297204,train,train
COCO_train2014_000000297251,train,train
COCO_train2014_000000297363,train,train
COCO_train2014_000000297387,train,train
COCO_train2014_000000297502,train,train
COCO_train2014_000000297512,train,train
COCO_train2014_000000297517,train,train
COCO_train2014_000000297585,train,train
COCO_train2014_000000297631,train,train
COCO_train2014_000000297645,train,train
COCO_train2014_000000297665,train,train
COCO_train2014_000000297699,train,train
COCO_train2014_000000297730,train,train
COCO_train2014_000000297859,train,train
COCO_train2014_000000297876,train,train
COCO_train2014_000000297877,train,train
COCO_train2014_000000297921,train,train
COCO_train2014_000000298014,train,train
COCO_train2014_000000298031,train,train
COCO_train2014_000000298034,train,train
COCO_train2014_000000298077,train,train
COCO_train2014_000000298147,train,train
COCO_train2014_000000298242,train,train
COCO_train2014_000000298297,train,train
COCO_train2014_000000298299,train,train
COCO_train2014_000000298458,train,train
COCO_train2014_000000298483,train,train
COCO_train2014_000000298564,train,train
COCO_train2014_000000298596,train,train
COCO_train2014_000000298657,train,train
COCO_train2014_000000298658,train,train
COCO_train2014_000000298799,train,train
COCO_train2014_000000298848,train,train
COCO_train2014_000000298853,train,train
COCO_train2014_000000299004,train,train
COCO_train2014_000000299029,train,train
COCO_train2014_000000299122,train,train
COCO_train2014_000000299273,train,train
COCO_train2014_000000299309,train,train
COCO_train2014_000000299351,train,train
COCO_train2014_000000299563,train,train
COCO_train2014_000000299647,train,train
COCO_train2014_000000299662,train,train
COCO_train2014_000000299765,train,train
COCO_train2014_000000299773,train,train
COCO_train2014_000000299779,train,train
COCO_train2014_000000299794,train,train
COCO_train2014_000000299836,train,train
COCO_train2014_000000299871,train,train
COCO_train2014_000000299968,train,train
COCO_train2014_000000299974,train,train
COCO_train2014_000000300011,train,train
COCO_train2014_000000300024,train,train
COCO_train2014_000000300040,train,train
COCO_train2014_000000300052,train,train
COCO_train2014_000000300067,train,train
COCO_train2014_000000300070,train,train
COCO_train2014_000000300103,train,train
COCO_train2014_000000300197,train,train
COCO_train2014_000000300198,train,train
COCO_train2014_000000300232,train,train
COCO_train2014_000000300279,train,train
COCO_train2014_000000300284,train,train
COCO_train2014_000000300333,train,train
COCO_train2014_000000300396,train,train
COCO_train2014_000000300399,train,train
COCO_train2014_000000300414,train,train
COCO_train2014_000000300441,train,train
COCO_train2014_000000300470,train,train
COCO_train2014_000000300568,train,train
COCO_train2014_000000300629,train,train
COCO_train2014_000000300745,train,train
COCO_train2014_000000300782,train,train
COCO_train2014_000000300887,train,train
COCO_train2014_000000300928,train,train
COCO_train2014_000000300950,train,train
COCO_train2014_000000301114,train,train
COCO_train2014_000000301146,train,train
COCO_train2014_000000301158,train,train
COCO_train2014_000000301261,train,train
COCO_train2014_000000301281,train,train
COCO_train2014_000000301334,train,train
COCO_train2014_000000301373,train,train
COCO_train2014_000000301484,train,train
COCO_train2014_000000301514,train,train
COCO_train2014_000000301537,train,train
COCO_train2014_000000301554,train,train
COCO_train2014_000000301558,train,train
COCO_train2014_000000301591,train,train
COCO_train2014_000000301605,train,train
COCO_train2014_000000301671,train,train
COCO_train2014_000000301764,train,train
COCO_train2014_000000301870,train,train
COCO_train2014_000000301885,train,train
COCO_train2014_000000301890,train,train
COCO_train2014_000000301895,train,train
COCO_train2014_000000301927,train,train
COCO_train2014_000000302076,train,train
COCO_train2014_000000302141,train,train
COCO_train2014_000000302147,train,train
COCO_train2014_000000302213,train,train
COCO_train2014_000000302230,train,train
COCO_train2014_000000302240,train,train
COCO_train2014_000000302250,train,train
COCO_train2014_000000302397,train,train
COCO_train2014_000000302424,train,train
COCO_train2014_000000302595,train,train
COCO_train2014_000000302661,train,train
COCO_train2014_000000302928,train,train
COCO_train2014_000000303020,train,train
COCO_train2014_000000303126,train,train
COCO_train2014_000000303213,train,train
COCO_train2014_000000303236,train,train
COCO_train2014_000000303311,train,train
COCO_train2014_000000303453,train,train
COCO_train2014_000000303508,train,train
COCO_train2014_000000303651,train,train
COCO_train2014_000000303658,train,train
COCO_train2014_000000303703,train,train
COCO_train2014_000000303708,train,train
COCO_train2014_000000303723,train,train
COCO_train2014_000000303743,train,train
COCO_train2014_000000303763,train,train
COCO_train2014_000000303923,train,train
COCO_train2014_000000303946,train,train
COCO_train2014_000000303959,train,train
COCO_train2014_000000303992,train,train
COCO_train2014_000000304047,train,train
COCO_train2014_000000304150,train,train
COCO_train2014_000000304158,train,train
COCO_train2014_000000304248,train,train
COCO_train2014_000000304295,train,train
COCO_train2014_000000304332,train,train
COCO_train2014_000000304466,train,train
COCO_train2014_000000304483,train,train
COCO_train2014_000000304523,train,train
COCO_train2014_000000304570,train,train
COCO_train2014_000000304590,train,train
COCO_train2014_000000304625,train,train
COCO_train2014_000000304693,train,train
COCO_train2014_000000304765,train,train
COCO_train2014_000000304919,train,train
COCO_train2014_000000304949,train,train
COCO_train2014_000000304950,train,train
COCO_train2014_000000305170,train,train
COCO_train2014_000000305215,train,train
COCO_train2014_000000305224,train,train
COCO_train2014_000000305235,train,train
COCO_train2014_000000305256,train,train
COCO_train2014_000000305267,train,train
COCO_train2014_000000305363,train,train
COCO_train2014_000000305366,train,train
COCO_train2014_000000305380,train,train
COCO_train2014_000000305451,train,train
COCO_train2014_000000305462,train,train
COCO_train2014_000000305501,train,train
COCO_train2014_000000305564,train,train
COCO_train2014_000000305635,train,train
COCO_train2014_000000305638,train,train
COCO_train2014_000000305772,train,train
COCO_train2014_000000305853,train,train
COCO_train2014_000000305888,train,train
COCO_train2014_000000305985,train,train
COCO_train2014_000000306030,train,train
COCO_train2014_000000306113,train,train
COCO_train2014_000000306160,train,train
COCO_train2014_000000306161,train,train
COCO_train2014_000000306258,train,train
COCO_train2014_000000306267,train,train
COCO_train2014_000000306288,train,train
COCO_train2014_000000306373,train,train
COCO_train2014_000000306431,train,train
COCO_train2014_000000306485,train,train
COCO_train2014_000000306535,train,train
COCO_train2014_000000306554,train,train
COCO_train2014_000000306584,train,train
COCO_train2014_000000306705,train,train
COCO_train2014_000000306782,train,train
COCO_train2014_000000306822,train,train
COCO_train2014_000000306824,train,train
COCO_train2014_000000306902,train,train
COCO_train2014_000000307061,train,train
COCO_train2014_000000307190,train,train
COCO_train2014_000000307278,train,train
COCO_train2014_000000307322,train,train
COCO_train2014_000000307426,train,train
COCO_train2014_000000307432,train,train
COCO_train2014_000000307552,train,train
COCO_train2014_000000307567,train,train
COCO_train2014_000000307603,train,train
COCO_train2014_000000307670,train,train
COCO_train2014_000000307686,train,train
COCO_train2014_000000307757,train,train
COCO_train2014_000000307758,train,train
COCO_train2014_000000307803,train,train
COCO_train2014_000000307835,train,train
COCO_train2014_000000307966,train,train
COCO_train2014_000000307968,train,train
COCO_train2014_000000308040,train,train
COCO_train2014_000000308047,train,train
COCO_train2014_000000308100,train,train
COCO_train2014_000000308121,train,train
COCO_train2014_000000308145,train,train
COCO_train2014_000000308172,train,train
COCO_train2014_000000308175,train,train
COCO_train2014_000000308197,train,train
COCO_train2014_000000308208,train,train
COCO_train2014_000000308253,train,train
COCO_train2014_000000308297,train,train
COCO_train2014_000000308349,train,train
COCO_train2014_000000308444,train,train
COCO_train2014_000000308470,train,train
COCO_train2014_000000308548,train,train
COCO_train2014_000000308549,train,train
COCO_train2014_000000308575,train,train
COCO_train2014_000000308621,train,train
COCO_train2014_000000308687,train,train
COCO_train2014_000000308825,train,train
COCO_train2014_000000308847,train,train
COCO_train2014_000000308963,train,train
COCO_train2014_000000309031,train,train
COCO_train2014_000000309144,train,train
COCO_train2014_000000309260,train,train
COCO_train2014_000000309285,train,train
COCO_train2014_000000309311,train,train
COCO_train2014_000000309322,train,train
COCO_train2014_000000309364,train,train
COCO_train2014_000000309368,train,train
COCO_train2014_000000309400,train,train
COCO_train2014_000000309404,train,train
COCO_train2014_000000309406,train,train
COCO_train2014_000000309568,train,train
COCO_train2014_000000309580,train,train
COCO_train2014_000000309615,train,train
COCO_train2014_000000309706,train,train
COCO_train2014_000000309710,train,train
COCO_train2014_000000309771,train,train
COCO_train2014_000000309795,train,train
COCO_train2014_000000309797,train,train
COCO_train2014_000000309873,train,train
COCO_train2014_000000309956,train,train
COCO_train2014_000000309983,train,train
COCO_train2014_000000310021,train,train
COCO_train2014_000000310070,train,train
COCO_train2014_000000310150,train,train
COCO_train2014_000000310158,train,train
COCO_train2014_000000310193,train,train
COCO_train2014_000000310203,train,train
COCO_train2014_000000310289,train,train
COCO_train2014_000000310331,train,train
COCO_train2014_000000310450,train,train
COCO_train2014_000000310518,train,train
COCO_train2014_000000310606,train,train
COCO_train2014_000000310633,train,train
COCO_train2014_000000310645,train,train
COCO_train2014_000000310665,train,train
COCO_train2014_000000310695,train,train
COCO_train2014_000000310751,train,train
COCO_train2014_000000310851,train,train
COCO_train2014_000000310926,train,train
COCO_train2014_000000310958,train,train
COCO_train2014_000000311011,train,train
COCO_train2014_000000311173,train,train
COCO_train2014_000000311229,train,train
COCO_train2014_000000311254,train,train
COCO_train2014_000000311358,train,train
COCO_train2014_000000311428,train,train
COCO_train2014_000000311448,train,train
COCO_train2014_000000311522,train,train
COCO_train2014_000000311691,train,train
COCO_train2014_000000311715,train,train
COCO_train2014_000000311726,train,train
COCO_train2014_000000311808,train,train
COCO_train2014_000000311926,train,train
COCO_train2014_000000311933,train,train
COCO_train2014_000000311965,train,train
COCO_train2014_000000312032,train,train
COCO_train2014_000000312038,train,train
COCO_train2014_000000312041,train,train
COCO_train2014_000000312050,train,train
COCO_train2014_000000312126,train,train
COCO_train2014_000000312182,train,train
COCO_train2014_000000312199,train,train
COCO_train2014_000000312247,train,train
COCO_train2014_000000312252,train,train
COCO_train2014_000000312299,train,train
COCO_train2014_000000312344,train,train
COCO_train2014_000000312346,train,train
COCO_train2014_000000312368,train,train
COCO_train2014_000000312379,train,train
COCO_train2014_000000312390,train,train
COCO_train2014_000000312506,train,train
COCO_train2014_000000312596,train,train
COCO_train2014_000000312785,train,train
COCO_train2014_000000312825,train,train
COCO_train2014_000000312828,train,train
COCO_train2014_000000312867,train,train
COCO_train2014_000000312926,train,train
COCO_train2014_000000313002,train,train
COCO_train2014_000000313071,train,train
COCO_train2014_000000313164,train,train
COCO_train2014_000000313285,train,train
COCO_train2014_000000313465,train,train
COCO_train2014_000000313532,train,train
COCO_train2014_000000313569,train,train
COCO_train2014_000000313579,train,train
COCO_train2014_000000313617,train,train
COCO_train2014_000000313705,train,train
COCO_train2014_000000313709,train,train
COCO_train2014_000000313786,train,train
COCO_train2014_000000313803,train,train
COCO_train2014_000000313812,train,train
COCO_train2014_000000313914,train,train
COCO_train2014_000000313923,train,train
COCO_train2014_000000313932,train,train
COCO_train2014_000000313946,train,train
COCO_train2014_000000313956,train,train
COCO_train2014_000000313971,train,train
COCO_train2014_000000313993,train,train
COCO_train2014_000000314048,train,train
COCO_train2014_000000314050,train,train
COCO_train2014_000000314279,train,train
COCO_train2014_000000314371,train,train
COCO_train2014_000000314420,train,train
COCO_train2014_000000314526,train,train
COCO_train2014_000000314602,train,train
COCO_train2014_000000314626,train,train
COCO_train2014_000000314627,train,train
COCO_train2014_000000314692,train,train
COCO_train2014_000000314714,train,train
COCO_train2014_000000314724,train,train
COCO_train2014_000000314778,train,train
COCO_train2014_000000314822,train,train
COCO_train2014_000000314849,train,train
COCO_train2014_000000314929,train,train
COCO_train2014_000000314979,train,train
COCO_train2014_000000315005,train,train
COCO_train2014_000000315030,train,train
COCO_train2014_000000315294,train,train
COCO_train2014_000000315322,train,train
COCO_train2014_000000315339,train,train
COCO_train2014_000000315425,train,train
COCO_train2014_000000315428,train,train
COCO_train2014_000000315508,train,train
COCO_train2014_000000315637,train,train
COCO_train2014_000000315728,train,train
COCO_train2014_000000315734,train,train
COCO_train2014_000000315860,train,train
COCO_train2014_000000315944,train,train
COCO_train2014_000000315961,train,train
COCO_train2014_000000315972,train,train
COCO_train2014_000000316085,train,train
COCO_train2014_000000316106,train,train
COCO_train2014_000000316132,train,train
COCO_train2014_000000316140,train,train
COCO_train2014_000000316152,train,train
COCO_train2014_000000316155,train,train
COCO_train2014_000000316218,train,train
COCO_train2014_000000316275,train,train
COCO_train2014_000000316353,train,train
COCO_train2014_000000316575,train,train
COCO_train2014_000000316669,train,train
COCO_train2014_000000316759,train,train
COCO_train2014_000000316777,train,train
COCO_train2014_000000316826,train,train
COCO_train2014_000000317090,train,train
COCO_train2014_000000317208,train,train
COCO_train2014_000000317237,train,train
COCO_train2014_000000317331,train,train
COCO_train2014_000000317428,train,train
COCO_train2014_000000317460,train,train
COCO_train2014_000000317537,train,train
COCO_train2014_000000317573,train,train
COCO_train2014_000000317659,train,train
COCO_train2014_000000317687,train,train
COCO_train2014_000000317688,train,train
COCO_train2014_000000317728,train,train
COCO_train2014_000000317764,train,train
COCO_train2014_000000317765,train,train
COCO_train2014_000000317816,train,train
COCO_train2014_000000317905,train,train
COCO_train2014_000000317981,train,train
COCO_train2014_000000318088,train,train
COCO_train2014_000000318162,train,train
COCO_train2014_000000318185,train,train
COCO_train2014_000000318203,train,train
COCO_train2014_000000318223,train,train
COCO_train2014_000000318234,train,train
COCO_train2014_000000318241,train,train
COCO_train2014_000000318306,train,train
COCO_train2014_000000318355,train,train
COCO_train2014_000000318462,train,train
COCO_train2014_000000318476,train,train
COCO_train2014_000000318506,train,train
COCO_train2014_000000318677,train,train
COCO_train2014_000000318780,train,train
COCO_train2014_000000318815,train,train
COCO_train2014_000000318857,train,train
COCO_train2014_000000318906,train,train
COCO_train2014_000000318929,train,train
COCO_train2014_000000319005,train,train
COCO_train2014_000000319043,train,train
COCO_train2014_000000319057,train,train
COCO_train2014_000000319122,train,train
COCO_train2014_000000319260,train,train
COCO_train2014_000000319266,train,train
COCO_train2014_000000319293,train,train
COCO_train2014_000000319346,train,train
COCO_train2014_000000319354,train,train
COCO_train2014_000000319359,train,train
COCO_train2014_000000319406,train,train
COCO_train2014_000000319543,train,train
COCO_train2014_000000319581,train,train
COCO_train2014_000000319591,train,train
COCO_train2014_000000319644,train,train
COCO_train2014_000000319685,train,train
COCO_train2014_000000319714,train,train
COCO_train2014_000000319738,train,train
COCO_train2014_000000319818,train,train
COCO_train2014_000000319822,train,train
COCO_train2014_000000319841,train,train
COCO_train2014_000000319868,train,train
COCO_train2014_000000319899,train,train
COCO_train2014_000000319990,train,train
COCO_train2014_000000320085,train,train
COCO_train2014_000000320125,train,train
COCO_train2014_000000320200,train,train
COCO_train2014_000000320271,train,train
COCO_train2014_000000320273,train,train
COCO_train2014_000000320292,train,train
COCO_train2014_000000320349,train,train
COCO_train2014_000000320432,train,train
COCO_train2014_000000320471,train,train
COCO_train2014_000000320478,train,train
COCO_train2014_000000320563,train,train
COCO_train2014_000000320840,train,train
COCO_train2014_000000320911,train,train
COCO_train2014_000000320926,train,train
COCO_train2014_000000321006,train,train
COCO_train2014_000000321173,train,train
COCO_train2014_000000321181,train,train
COCO_train2014_000000321215,train,train
COCO_train2014_000000321344,train,train
COCO_train2014_000000321346,train,train
COCO_train2014_000000321506,train,train
COCO_train2014_000000321642,train,train
COCO_train2014_000000321702,train,train
COCO_train2014_000000321709,train,train
COCO_train2014_000000321711,train,train
COCO_train2014_000000321942,train,train
COCO_train2014_000000321969,train,train
COCO_train2014_000000322101,train,train
COCO_train2014_000000322239,train,train
COCO_train2014_000000322297,train,train
COCO_train2014_000000322302,train,train
COCO_train2014_000000322321,train,train
COCO_train2014_000000322327,train,train
COCO_train2014_000000322362,train,train
COCO_train2014_000000322402,train,train
COCO_train2014_000000322405,train,train
COCO_train2014_000000322407,train,train
COCO_train2014_000000322592,train,train
COCO_train2014_000000322634,train,train
COCO_train2014_000000322659,train,train
COCO_train2014_000000322710,train,train
COCO_train2014_000000322768,train,train
COCO_train2014_000000322771,train,train
COCO_train2014_000000322870,train,train
COCO_train2014_000000323030,train,train
COCO_train2014_000000323133,train,train
COCO_train2014_000000323226,train,train
COCO_train2014_000000323240,train,train
COCO_train2014_000000323243,train,train
COCO_train2014_000000323264,train,train
COCO_train2014_000000323278,train,train
COCO_train2014_000000323311,train,train
COCO_train2014_000000323322,train,train
COCO_train2014_000000323536,train,train
COCO_train2014_000000323581,train,train
COCO_train2014_000000323717,train,train
COCO_train2014_000000323722,train,train
COCO_train2014_000000323728,train,train
COCO_train2014_000000323737,train,train
COCO_train2014_000000323862,train,train
COCO_train2014_000000323950,train,train
COCO_train2014_000000324012,train,train
COCO_train2014_000000324032,train,train
COCO_train2014_000000324156,train,train
COCO_train2014_000000324200,train,train
COCO_train2014_000000324261,train,train
COCO_train2014_000000324366,train,train
COCO_train2014_000000324415,train,train
COCO_train2014_000000324488,train,train
COCO_train2014_000000324521,train,train
COCO_train2014_000000324603,train,train
COCO_train2014_000000324611,train,train
COCO_train2014_000000324713,train,train
COCO_train2014_000000324831,train,train
COCO_train2014_000000324904,train,train
COCO_train2014_000000324940,train,train
COCO_train2014_000000324952,train,train
COCO_train2014_000000325015,train,train
COCO_train2014_000000325089,train,train
COCO_train2014_000000325287,train,train
COCO_train2014_000000325298,train,train
COCO_train2014_000000325332,train,train
COCO_train2014_000000325390,train,train
COCO_train2014_000000325487,train,train
COCO_train2014_000000325488,train,train
COCO_train2014_000000325494,train,train
COCO_train2014_000000325555,train,train
COCO_train2014_000000325654,train,train
COCO_train2014_000000325710,train,train
COCO_train2014_000000325891,train,train
COCO_train2014_000000325955,train,train
COCO_train2014_000000325986,train,train
COCO_train2014_000000325989,train,train
COCO_train2014_000000326056,train,train
COCO_train2014_000000326071,train,train
COCO_train2014_000000326083,train,train
COCO_train2014_000000326143,train,train
COCO_train2014_000000326203,train,train
COCO_train2014_000000326210,train,train
COCO_train2014_000000326247,train,train
COCO_train2014_000000326313,train,train
COCO_train2014_000000326465,train,train
COCO_train2014_000000326480,train,train
COCO_train2014_000000326570,train,train
COCO_train2014_000000326583,train,train
COCO_train2014_000000326594,train,train
COCO_train2014_000000326700,train,train
COCO_train2014_000000326716,train,train
COCO_train2014_000000326719,train,train
COCO_train2014_000000326891,train,train
COCO_train2014_000000326892,train,train
COCO_train2014_000000326903,train,train
COCO_train2014_000000326947,train,train
COCO_train2014_000000327000,train,train
COCO_train2014_000000327029,train,train
COCO_train2014_000000327032,train,train
COCO_train2014_000000327055,train,train
COCO_train2014_000000327088,train,train
COCO_train2014_000000327157,train,train
COCO_train2014_000000327205,train,train
COCO_train2014_000000327271,train,train
COCO_train2014_000000327369,train,train
COCO_train2014_000000327625,train,train
COCO_train2014_000000327660,train,train
COCO_train2014_000000327694,train,train
COCO_train2014_000000327695,train,train
COCO_train2014_000000327702,train,train
COCO_train2014_000000327805,train,train
COCO_train2014_000000327813,train,train
COCO_train2014_000000327841,train,train
COCO_train2014_000000327876,train,train
COCO_train2014_000000327998,train,train
COCO_train2014_000000328023,train,train
COCO_train2014_000000328064,train,train
COCO_train2014_000000328066,train,train
COCO_train2014_000000328217,train,train
COCO_train2014_000000328223,train,train
COCO_train2014_000000328242,train,train
COCO_train2014_000000328275,train,train
COCO_train2014_000000328327,train,train
COCO_train2014_000000328361,train,train
COCO_train2014_000000328391,train,train
COCO_train2014_000000328407,train,train
COCO_train2014_000000328427,train,train
COCO_train2014_000000328487,train,train
COCO_train2014_000000328571,train,train
COCO_train2014_000000328599,train,train
COCO_train2014_000000328662,train,train
COCO_train2014_000000328727,train,train
COCO_train2014_000000328906,train,train
COCO_train2014_000000328917,train,train
COCO_train2014_000000328995,train,train
COCO_train2014_000000329018,train,train
COCO_train2014_000000329055,train,train
COCO_train2014_000000329141,train,train
COCO_train2014_000000329148,train,train
COCO_train2014_000000329151,train,train
COCO_train2014_000000329339,train,train
COCO_train2014_000000329380,train,train
COCO_train2014_000000329386,train,train
COCO_train2014_000000329411,train,train
COCO_train2014_000000329502,train,train
COCO_train2014_000000329508,train,train
COCO_train2014_000000329602,train,train
COCO_train2014_000000329616,train,train
COCO_train2014_000000329634,train,train
COCO_train2014_000000329661,train,train
COCO_train2014_000000329667,train,train
COCO_train2014_000000329703,train,train
COCO_train2014_000000329715,train,train
COCO_train2014_000000329752,train,train
COCO_train2014_000000329753,train,train
COCO_train2014_000000329755,train,train
COCO_train2014_000000329762,train,train
COCO_train2014_000000329793,train,train
COCO_train2014_000000329869,train,train
COCO_train2014_000000330112,train,train
COCO_train2014_000000330164,train,train
COCO_train2014_000000330177,train,train
COCO_train2014_000000330181,train,train
COCO_train2014_000000330223,train,train
COCO_train2014_000000330327,train,train
COCO_train2014_000000330341,train,train
COCO_train2014_000000330451,train,train
COCO_train2014_000000330513,train,train
COCO_train2014_000000330516,train,train
COCO_train2014_000000330562,train,train
COCO_train2014_000000330677,train,train
COCO_train2014_000000330694,train,train
COCO_train2014_000000330726,train,train
COCO_train2014_000000330806,train,train
COCO_train2014_000000330824,train,train
COCO_train2014_000000330881,train,train
COCO_train2014_000000330909,train,train
COCO_train2014_000000330919,train,train
COCO_train2014_000000330922,train,train
COCO_train2014_000000331057,train,train
COCO_train2014_000000331093,train,train
COCO_train2014_000000331134,train,train
COCO_train2014_000000331191,train,train
COCO_train2014_000000331222,train,train
COCO_train2014_000000331225,train,train
COCO_train2014_000000331264,train,train
COCO_train2014_000000331266,train,train
COCO_train2014_000000331298,train,train
COCO_train2014_000000331331,train,train
COCO_train2014_000000331353,train,train
COCO_train2014_000000331370,train,train
COCO_train2014_000000331463,train,train
COCO_train2014_000000331541,train,train
COCO_train2014_000000331588,train,train
COCO_train2014_000000331690,train,train
COCO_train2014_000000331793,train,train
COCO_train2014_000000331832,train,train
COCO_train2014_000000331885,train,train
COCO_train2014_000000331904,train,train
COCO_train2014_000000331992,train,train
COCO_train2014_000000332078,train,train
COCO_train2014_000000332135,train,train
COCO_train2014_000000332162,train,train
COCO_train2014_000000332316,train,train
COCO_train2014_000000332420,train,train
COCO_train2014_000000332574,train,train
COCO_train2014_000000332578,train,train
COCO_train2014_000000332722,train,train
COCO_train2014_000000332733,train,train
COCO_train2014_000000332748,train,train
COCO_train2014_000000332836,train,train
COCO_train2014_000000332875,train,train
COCO_train2014_000000332915,train,train
COCO_train2014_000000332965,train,train
COCO_train2014_000000333040,train,train
COCO_train2014_000000333088,train,train
COCO_train2014_000000333247,train,train
COCO_train2014_000000333323,train,train
COCO_train2014_000000333335,train,train
COCO_train2014_000000333337,train,train
COCO_train2014_000000333368,train,train
COCO_train2014_000000333407,train,train
COCO_train2014_000000333580,train,train
COCO_train2014_000000333654,train,train
COCO_train2014_000000333775,train,train
COCO_train2014_000000333831,train,train
COCO_train2014_000000333951,train,train
COCO_train2014_000000333978,train,train
COCO_train2014_000000334056,train,train
COCO_train2014_000000334135,train,train
COCO_train2014_000000334187,train,train
COCO_train2014_000000334208,train,train
COCO_train2014_000000334215,train,train
COCO_train2014_000000334463,train,train
COCO_train2014_000000334470,train,train
COCO_train2014_000000334681,train,train
COCO_train2014_000000334714,train,train
COCO_train2014_000000334751,train,train
COCO_train2014_000000334752,train,train
COCO_train2014_000000334755,train,train
COCO_train2014_000000334788,train,train
COCO_train2014_000000334789,train,train
COCO_train2014_000000334852,train,train
COCO_train2014_000000334858,train,train
COCO_train2014_000000334916,train,train
COCO_train2014_000000334940,train,train
COCO_train2014_000000334953,train,train
COCO_train2014_000000335076,train,train
COCO_train2014_000000335101,train,train
COCO_train2014_000000335111,train,train
COCO_train2014_000000335200,train,train
COCO_train2014_000000335212,train,train
COCO_train2014_000000335217,train,train
COCO_train2014_000000335244,train,train
COCO_train2014_000000335301,train,train
COCO_train2014_000000335336,train,train
COCO_train2014_000000335339,train,train
COCO_train2014_000000335362,train,train
COCO_train2014_000000335363,train,train
COCO_train2014_000000335415,train,train
COCO_train2014_000000335441,train,train
COCO_train2014_000000335500,train,train
COCO_train2014_000000335525,train,train
COCO_train2014_000000335565,train,train
COCO_train2014_000000335581,train,train
COCO_train2014_000000335692,train,train
COCO_train2014_000000335722,train,train
COCO_train2014_000000335758,train,train
COCO_train2014_000000335767,train,train
COCO_train2014_000000335824,train,train
COCO_train2014_000000335913,train,train
COCO_train2014_000000336077,train,train
COCO_train2014_000000336078,train,train
COCO_train2014_000000336129,train,train
COCO_train2014_000000336221,train,train
COCO_train2014_000000336314,train,train
COCO_train2014_000000336452,train,train
COCO_train2014_000000336503,train,train
COCO_train2014_000000336541,train,train
COCO_train2014_000000336580,train,train
COCO_train2014_000000336593,train,train
COCO_train2014_000000336637,train,train
COCO_train2014_000000336749,train,train
COCO_train2014_000000336752,train,train
COCO_train2014_000000336783,train,train
COCO_train2014_000000336980,train,train
COCO_train2014_000000336991,train,train
COCO_train2014_000000337161,train,train
COCO_train2014_000000337255,train,train
COCO_train2014_000000337265,train,train
COCO_train2014_000000337390,train,train
COCO_train2014_000000337585,train,train
COCO_train2014_000000337594,train,train
COCO_train2014_000000337689,train,train
COCO_train2014_000000337808,train,train
COCO_train2014_000000337882,train,train
COCO_train2014_000000337886,train,train
COCO_train2014_000000337895,train,train
COCO_train2014_000000337902,train,train
COCO_train2014_000000337975,train,train
COCO_train2014_000000337985,train,train
COCO_train2014_000000337991,train,train
COCO_train2014_000000338012,train,train
COCO_train2014_000000338025,train,train
COCO_train2014_000000338030,train,train
COCO_train2014_000000338061,train,train
COCO_train2014_000000338086,train,train
COCO_train2014_000000338132,train,train
COCO_train2014_000000338164,train,train
COCO_train2014_000000338228,train,train
COCO_train2014_000000338522,train,train
COCO_train2014_000000338558,train,train
COCO_train2014_000000338597,train,train
COCO_train2014_000000338766,train,train
COCO_train2014_000000338864,train,train
COCO_train2014_000000339159,train,train
COCO_train2014_000000339248,train,train
COCO_train2014_000000339250,train,train
COCO_train2014_000000339290,train,train
COCO_train2014_000000339352,train,train
COCO_train2014_000000339382,train,train
COCO_train2014_000000339499,train,train
COCO_train2014_000000339547,train,train
COCO_train2014_000000339597,train,train
COCO_train2014_000000339611,train,train
COCO_train2014_000000339633,train,train
COCO_train2014_000000339634,train,train
COCO_train2014_000000339643,train,train
COCO_train2014_000000339670,train,train
COCO_train2014_000000339677,train,train
COCO_train2014_000000339684,train,train
COCO_train2014_000000339711,train,train
COCO_train2014_000000339715,train,train
COCO_train2014_000000339849,train,train
COCO_train2014_000000339987,train,train
COCO_train2014_000000340065,train,train
COCO_train2014_000000340136,train,train
COCO_train2014_000000340145,train,train
COCO_train2014_000000340217,train,train
COCO_train2014_000000340292,train,train
COCO_train2014_000000340406,train,train
COCO_train2014_000000340441,train,train
COCO_train2014_000000340539,train,train
COCO_train2014_000000340622,train,train
COCO_train2014_000000340623,train,train
COCO_train2014_000000340633,train,train
COCO_train2014_000000340673,train,train
COCO_train2014_000000340734,train,train
COCO_train2014_000000340763,train,train
COCO_train2014_000000340876,train,train
COCO_train2014_000000340897,train,train
COCO_train2014_000000340903,train,train
COCO_train2014_000000340923,train,train
COCO_train2014_000000340971,train,train
COCO_train2014_000000340976,train,train
COCO_train2014_000000340983,train,train
COCO_train2014_000000341054,train,train
COCO_train2014_000000341062,train,train
COCO_train2014_000000341087,train,train
COCO_train2014_000000341133,train,train
COCO_train2014_000000341139,train,train
COCO_train2014_000000341257,train,train
COCO_train2014_000000341350,train,train
COCO_train2014_000000341546,train,train
COCO_train2014_000000341639,train,train
COCO_train2014_000000341663,train,train
COCO_train2014_000000341736,train,train
COCO_train2014_000000341756,train,train
COCO_train2014_000000341768,train,train
COCO_train2014_000000341865,train,train
COCO_train2014_000000341894,train,train
COCO_train2014_000000341902,train,train
COCO_train2014_000000341941,train,train
COCO_train2014_000000341947,train,train
COCO_train2014_000000341981,train,train
COCO_train2014_000000342010,train,train
COCO_train2014_000000342017,train,train
COCO_train2014_000000342255,train,train
COCO_train2014_000000342325,train,train
COCO_train2014_000000342347,train,train
COCO_train2014_000000342363,train,train
COCO_train2014_000000342532,train,train
COCO_train2014_000000342639,train,train
COCO_train2014_000000342666,train,train
COCO_train2014_000000342683,train,train
COCO_train2014_000000342696,train,train
COCO_train2014_000000342702,train,train
COCO_train2014_000000342703,train,train
COCO_train2014_000000342807,train,train
COCO_train2014_000000342851,train,train
COCO_train2014_000000343012,train,train
COCO_train2014_000000343057,train,train
COCO_train2014_000000343104,train,train
COCO_train2014_000000343156,train,train
COCO_train2014_000000343165,train,train
COCO_train2014_000000343204,train,train
COCO_train2014_000000343225,train,train
COCO_train2014_000000343282,train,train
COCO_train2014_000000343307,train,train
COCO_train2014_000000343349,train,train
COCO_train2014_000000343383,train,train
COCO_train2014_000000343418,train,train
COCO_train2014_000000343526,train,train
COCO_train2014_000000343639,train,train
COCO_train2014_000000343792,train,train
COCO_train2014_000000343799,train,train
COCO_train2014_000000343860,train,train
COCO_train2014_000000343881,train,train
COCO_train2014_000000343948,train,train
COCO_train2014_000000344040,train,train
COCO_train2014_000000344043,train,train
COCO_train2014_000000344073,train,train
COCO_train2014_000000344080,train,train
COCO_train2014_000000344126,train,train
COCO_train2014_000000344138,train,train
COCO_train2014_000000344146,train,train
COCO_train2014_000000344157,train,train
COCO_train2014_000000344174,train,train
COCO_train2014_000000344181,train,train
COCO_train2014_000000344187,train,train
COCO_train2014_000000344361,train,train
COCO_train2014_000000344399,train,train
COCO_train2014_000000344460,train,train
COCO_train2014_000000344477,train,train
COCO_train2014_000000344579,train,train
COCO_train2014_000000344597,train,train
COCO_train2014_000000344661,train,train
COCO_train2014_000000344793,train,train
COCO_train2014_000000344805,train,train
COCO_train2014_000000344857,train,train
COCO_train2014_000000344935,train,train
COCO_train2014_000000344989,train,train
COCO_train2014_000000344998,train,train
COCO_train2014_000000345104,train,train
COCO_train2014_000000345142,train,train
COCO_train2014_000000345149,train,train
COCO_train2014_000000345188,train,train
COCO_train2014_000000345238,train,train
COCO_train2014_000000345265,train,train
COCO_train2014_000000345302,train,train
COCO_train2014_000000345429,train,train
COCO_train2014_000000345578,train,train
COCO_train2014_000000345617,train,train
COCO_train2014_000000345667,train,train
COCO_train2014_000000345701,train,train
COCO_train2014_000000345786,train,train
COCO_train2014_000000345833,train,train
COCO_train2014_000000345861,train,train
COCO_train2014_000000345864,train,train
COCO_train2014_000000345867,train,train
COCO_train2014_000000345899,train,train
COCO_train2014_000000345952,train,train
COCO_train2014_000000345973,train,train
COCO_train2014_000000345989,train,train
COCO_train2014_000000346021,train,train
COCO_train2014_000000346095,train,train
COCO_train2014_000000346360,train,train
COCO_train2014_000000346433,train,train
COCO_train2014_000000346445,train,train
COCO_train2014_000000346472,train,train
COCO_train2014_000000346492,train,train
COCO_train2014_000000346497,train,train
COCO_train2014_000000346817,train,train
COCO_train2014_000000346823,train,train
COCO_train2014_000000346898,train,train
COCO_train2014_000000346930,train,train
COCO_train2014_000000347042,train,train
COCO_train2014_000000347101,train,train
COCO_train2014_000000347115,train,train
COCO_train2014_000000347121,train,train
COCO_train2014_000000347135,train,train
COCO_train2014_000000347263,train,train
COCO_train2014_000000347340,train,train
COCO_train2014_000000347362,train,train
COCO_train2014_000000347380,train,train
COCO_train2014_000000347438,train,train
COCO_train2014_000000347570,train,train
COCO_train2014_000000347610,train,train
COCO_train2014_000000347948,train,train
COCO_train2014_000000348203,train,train
COCO_train2014_000000348274,train,train
COCO_train2014_000000348302,train,train
COCO_train2014_000000348370,train,train
COCO_train2014_000000348577,train,train
COCO_train2014_000000348609,train,train
COCO_train2014_000000348621,train,train
COCO_train2014_000000348751,train,train
COCO_train2014_000000348843,train,train
COCO_train2014_000000348865,train,train
COCO_train2014_000000348871,train,train
COCO_train2014_000000348904,train,train
COCO_train2014_000000348924,train,train
COCO_train2014_000000348948,train,train
COCO_train2014_000000348968,train,train
COCO_train2014_000000349047,train,train
COCO_train2014_000000349059,train,train
COCO_train2014_000000349074,train,train
COCO_train2014_000000349201,train,train
COCO_train2014_000000349268,train,train
COCO_train2014_000000349278,train,train
COCO_train2014_000000349282,train,train
COCO_train2014_000000349337,train,train
COCO_train2014_000000349338,train,train
COCO_train2014_000000349354,train,train
COCO_train2014_000000349358,train,train
COCO_train2014_000000349363,train,train
COCO_train2014_000000349390,train,train
COCO_train2014_000000349403,train,train
COCO_train2014_000000349511,train,train
COCO_train2014_000000349527,train,train
COCO_train2014_000000349530,train,train
COCO_train2014_000000349658,train,train
COCO_train2014_000000349686,train,train
COCO_train2014_000000349719,train,train
COCO_train2014_000000349750,train,train
COCO_train2014_000000349784,train,train
COCO_train2014_000000349827,train,train
COCO_train2014_000000349931,train,train
COCO_train2014_000000349932,train,train
COCO_train2014_000000349974,train,train
COCO_train2014_000000350009,train,train
COCO_train2014_000000350028,train,train
COCO_train2014_000000350067,train,train
COCO_train2014_000000350077,train,train
COCO_train2014_000000350138,train,train
COCO_train2014_000000350165,train,train
COCO_train2014_000000350253,train,train
COCO_train2014_000000350268,train,train
COCO_train2014_000000350303,train,train
COCO_train2014_000000350481,train,train
COCO_train2014_000000350534,train,train
COCO_train2014_000000350617,train,train
COCO_train2014_000000350701,train,train
COCO_train2014_000000350706,train,train
COCO_train2014_000000350755,train,train
COCO_train2014_000000350765,train,train
COCO_train2014_000000350810,train,train
COCO_train2014_000000350953,train,train
COCO_train2014_000000351159,train,train
COCO_train2014_000000351193,train,train
COCO_train2014_000000351380,train,train
COCO_train2014_000000351419,train,train
COCO_train2014_000000351473,train,train
COCO_train2014_000000351479,train,train
COCO_train2014_000000351514,train,train
COCO_train2014_000000351539,train,train
COCO_train2014_000000351686,train,train
COCO_train2014_000000351710,train,train
COCO_train2014_000000351760,train,train
COCO_train2014_000000351796,train,train
COCO_train2014_000000351890,train,train
COCO_train2014_000000351914,train,train
COCO_train2014_000000351972,train,train
COCO_train2014_000000352019,train,train
COCO_train2014_000000352125,train,train
COCO_train2014_000000352142,train,train
COCO_train2014_000000352176,train,train
COCO_train2014_000000352185,train,train
COCO_train2014_000000352241,train,train
COCO_train2014_000000352247,train,train
COCO_train2014_000000352316,train,train
COCO_train2014_000000352398,train,train
COCO_train2014_000000352421,train,train
COCO_train2014_000000352426,train,train
COCO_train2014_000000352440,train,train
COCO_train2014_000000352558,train,train
COCO_train2014_000000352565,train,train
COCO_train2014_000000352651,train,train
COCO_train2014_000000352814,train,train
COCO_train2014_000000352821,train,train
COCO_train2014_000000352835,train,train
COCO_train2014_000000352938,train,train
COCO_train2014_000000353006,train,train
COCO_train2014_000000353091,train,train
COCO_train2014_000000353138,train,train
COCO_train2014_000000353200,train,train
COCO_train2014_000000353206,train,train
COCO_train2014_000000353260,train,train
COCO_train2014_000000353370,train,train
COCO_train2014_000000353372,train,train
COCO_train2014_000000353427,train,train
COCO_train2014_000000353473,train,train
COCO_train2014_000000353494,train,train
COCO_train2014_000000353495,train,train
COCO_train2014_000000353511,train,train
COCO_train2014_000000353653,train,train
COCO_train2014_000000353694,train,train
COCO_train2014_000000353881,train,train
COCO_train2014_000000353919,train,train
COCO_train2014_000000354012,train,train
COCO_train2014_000000354059,train,train
COCO_train2014_000000354115,train,train
COCO_train2014_000000354131,train,train
COCO_train2014_000000354167,train,train
COCO_train2014_000000354185,train,train
COCO_train2014_000000354205,train,train
COCO_train2014_000000354248,train,train
COCO_train2014_000000354298,train,train
COCO_train2014_000000354716,train,train
COCO_train2014_000000354718,train,train
COCO_train2014_000000354726,train,train
COCO_train2014_000000354734,train,train
COCO_train2014_000000354746,train,train
COCO_train2014_000000354770,train,train
COCO_train2014_000000354930,train,train
COCO_train2014_000000354993,train,train
COCO_train2014_000000355022,train,train
COCO_train2014_000000355050,train,train
COCO_train2014_000000355072,train,train
COCO_train2014_000000355175,train,train
COCO_train2014_000000355180,train,train
COCO_train2014_000000355186,train,train
COCO_train2014_000000355210,train,train
COCO_train2014_000000355385,train,train
COCO_train2014_000000355398,train,train
COCO_train2014_000000355415,train,train
COCO_train2014_000000355426,train,train
COCO_train2014_000000355440,train,train
COCO_train2014_000000355481,train,train
COCO_train2014_000000355620,train,train
COCO_train2014_000000355647,train,train
COCO_train2014_000000355674,train,train
COCO_train2014_000000355727,train,train
COCO_train2014_000000355737,train,train
COCO_train2014_000000355748,train,train
COCO_train2014_000000355778,train,train
COCO_train2014_000000355918,train,train
COCO_train2014_000000356011,train,train
COCO_train2014_000000356060,train,train
COCO_train2014_000000356066,train,train
COCO_train2014_000000356079,train,train
COCO_train2014_000000356174,train,train
COCO_train2014_000000356184,train,train
COCO_train2014_000000356290,train,train
COCO_train2014_000000356330,train,train
COCO_train2014_000000356362,train,train
COCO_train2014_000000356374,train,train
COCO_train2014_000000356382,train,train
COCO_train2014_000000356569,train,train
COCO_train2014_000000356645,train,train
COCO_train2014_000000356654,train,train
COCO_train2014_000000356665,train,train
COCO_train2014_000000356746,train,train
COCO_train2014_000000356856,train,train
COCO_train2014_000000356916,train,train
COCO_train2014_000000356921,train,train
COCO_train2014_000000356941,train,train
COCO_train2014_000000357289,train,train
COCO_train2014_000000357294,train,train
COCO_train2014_000000357428,train,train
COCO_train2014_000000357429,train,train
COCO_train2014_000000357461,train,train
COCO_train2014_000000357561,train,train
COCO_train2014_000000357584,train,train
COCO_train2014_000000357668,train,train
COCO_train2014_000000357790,train,train
COCO_train2014_000000357799,train,train
COCO_train2014_000000357831,train,train
COCO_train2014_000000357881,train,train
COCO_train2014_000000358085,train,train
COCO_train2014_000000358216,train,train
COCO_train2014_000000358297,train,train
COCO_train2014_000000358523,train,train
COCO_train2014_000000358558,train,train
COCO_train2014_000000358580,train,train
COCO_train2014_000000358599,train,train
COCO_train2014_000000358616,train,train
COCO_train2014_000000358667,train,train
COCO_train2014_000000358730,train,train
COCO_train2014_000000358825,train,train
COCO_train2014_000000358836,train,train
COCO_train2014_000000358841,train,train
COCO_train2014_000000359005,train,train
COCO_train2014_000000359048,train,train
COCO_train2014_000000359070,train,train
COCO_train2014_000000359098,train,train
COCO_train2014_000000359249,train,train
COCO_train2014_000000359337,train,train
COCO_train2014_000000359357,train,train
COCO_train2014_000000359364,train,train
COCO_train2014_000000359365,train,train
COCO_train2014_000000359595,train,train
COCO_train2014_000000359656,train,train
COCO_train2014_000000359686,train,train
COCO_train2014_000000359695,train,train
COCO_train2014_000000359704,train,train
COCO_train2014_000000359853,train,train
COCO_train2014_000000360092,train,train
COCO_train2014_000000360273,train,train
COCO_train2014_000000360277,train,train
COCO_train2014_000000360374,train,train
COCO_train2014_000000360500,train,train
COCO_train2014_000000360536,train,train
COCO_train2014_000000360548,train,train
COCO_train2014_000000360604,train,train
COCO_train2014_000000360736,train,train
COCO_train2014_000000360771,train,train
COCO_train2014_000000360870,train,train
COCO_train2014_000000361108,train,train
COCO_train2014_000000361197,train,train
COCO_train2014_000000361233,train,train
COCO_train2014_000000361248,train,train
COCO_train2014_000000361334,train,train
COCO_train2014_000000361356,train,train
COCO_train2014_000000361359,train,train
COCO_train2014_000000361394,train,train
COCO_train2014_000000361464,train,train
COCO_train2014_000000361672,train,train
COCO_train2014_000000361738,train,train
COCO_train2014_000000361909,train,train
COCO_train2014_000000362007,train,train
COCO_train2014_000000362046,train,train
COCO_train2014_000000362067,train,train
COCO_train2014_000000362072,train,train
COCO_train2014_000000362118,train,train
COCO_train2014_000000362120,train,train
COCO_train2014_000000362151,train,train
COCO_train2014_000000362282,train,train
COCO_train2014_000000362314,train,train
COCO_train2014_000000362340,train,train
COCO_train2014_000000362371,train,train
COCO_train2014_000000362499,train,train
COCO_train2014_000000362505,train,train
COCO_train2014_000000362744,train,train
COCO_train2014_000000362879,train,train
COCO_train2014_000000362944,train,train
COCO_train2014_000000362966,train,train
COCO_train2014_000000363023,train,train
COCO_train2014_000000363038,train,train
COCO_train2014_000000363078,train,train
COCO_train2014_000000363084,train,train
COCO_train2014_000000363160,train,train
COCO_train2014_000000363217,train,train
COCO_train2014_000000363504,train,train
COCO_train2014_000000363514,train,train
COCO_train2014_000000363549,train,train
COCO_train2014_000000363602,train,train
COCO_train2014_000000363621,train,train
COCO_train2014_000000363639,train,train
COCO_train2014_000000363656,train,train
COCO_train2014_000000363826,train,train
COCO_train2014_000000363885,train,train
COCO_train2014_000000363917,train,train
COCO_train2014_000000363933,train,train
COCO_train2014_000000364067,train,train
COCO_train2014_000000364244,train,train
COCO_train2014_000000364364,train,train
COCO_train2014_000000364372,train,train
COCO_train2014_000000364420,train,train
COCO_train2014_000000364485,train,train
COCO_train2014_000000364487,train,train
COCO_train2014_000000364491,train,train
COCO_train2014_000000364618,train,train
COCO_train2014_000000364797,train,train
COCO_train2014_000000364833,train,train
COCO_train2014_000000364850,train,train
COCO_train2014_000000364939,train,train
COCO_train2014_000000364941,train,train
COCO_train2014_000000365013,train,train
COCO_train2014_000000365175,train,train
COCO_train2014_000000365202,train,train
COCO_train2014_000000365206,train,train
COCO_train2014_000000365258,train,train
COCO_train2014_000000365259,train,train
COCO_train2014_000000365264,train,train
COCO_train2014_000000365267,train,train
COCO_train2014_000000365282,train,train
COCO_train2014_000000365293,train,train
COCO_train2014_000000365314,train,train
COCO_train2014_000000365345,train,train
COCO_train2014_000000365351,train,train
COCO_train2014_000000365434,train,train
COCO_train2014_000000365452,train,train
COCO_train2014_000000365507,train,train
COCO_train2014_000000365530,train,train
COCO_train2014_000000365596,train,train
COCO_train2014_000000365659,train,train
COCO_train2014_000000365755,train,train
COCO_train2014_000000365772,train,train
COCO_train2014_000000365817,train,train
COCO_train2014_000000365819,train,train
COCO_train2014_000000365927,train,train
COCO_train2014_000000365947,train,train
COCO_train2014_000000365948,train,train
COCO_train2014_000000366094,train,train
COCO_train2014_000000366116,train,train
COCO_train2014_000000366150,train,train
COCO_train2014_000000366174,train,train
COCO_train2014_000000366204,train,train
COCO_train2014_000000366385,train,train
COCO_train2014_000000366414,train,train
COCO_train2014_000000366430,train,train
COCO_train2014_000000366706,train,train
COCO_train2014_000000366717,train,train
COCO_train2014_000000366740,train,train
COCO_train2014_000000366795,train,train
COCO_train2014_000000366829,train,train
COCO_train2014_000000366839,train,train
COCO_train2014_000000366907,train,train
COCO_train2014_000000366972,train,train
COCO_train2014_000000366975,train,train
COCO_train2014_000000367071,train,train
COCO_train2014_000000367171,train,train
COCO_train2014_000000367201,train,train
COCO_train2014_000000367259,train,train
COCO_train2014_000000367260,train,train
COCO_train2014_000000367332,train,train
COCO_train2014_000000367389,train,train
COCO_train2014_000000367538,train,train
COCO_train2014_000000367615,train,train
COCO_train2014_000000367725,train,train
COCO_train2014_000000367763,train,train
COCO_train2014_000000367784,train,train
COCO_train2014_000000367795,train,train
COCO_train2014_000000367869,train,train
COCO_train2014_000000367977,train,train
COCO_train2014_000000368055,train,train
COCO_train2014_000000368081,train,train
COCO_train2014_000000368084,train,train
COCO_train2014_000000368087,train,train
COCO_train2014_000000368311,train,train
COCO_train2014_000000368409,train,train
COCO_train2014_000000368439,train,train
COCO_train2014_000000368490,train,train
COCO_train2014_000000368521,train,train
COCO_train2014_000000368547,train,train
COCO_train2014_000000368588,train,train
COCO_train2014_000000368629,train,train
COCO_train2014_000000368656,train,train
COCO_train2014_000000368729,train,train
COCO_train2014_000000368731,train,train
COCO_train2014_000000368818,train,train
COCO_train2014_000000368840,train,train
COCO_train2014_000000368874,train,train
COCO_train2014_000000368876,train,train
COCO_train2014_000000369036,train,train
COCO_train2014_000000369095,train,train
COCO_train2014_000000369201,train,train
COCO_train2014_000000369202,train,train
COCO_train2014_000000369204,train,train
COCO_train2014_000000369212,train,train
COCO_train2014_000000369267,train,train
COCO_train2014_000000369304,train,train
COCO_train2014_000000369357,train,train
COCO_train2014_000000369358,train,train
COCO_train2014_000000369443,train,train
COCO_train2014_000000369499,train,train
COCO_train2014_000000369521,train,train
COCO_train2014_000000369546,train,train
COCO_train2014_000000369596,train,train
COCO_train2014_000000369644,train,train
COCO_train2014_000000369778,train,train
COCO_train2014_000000369838,train,train
COCO_train2014_000000369848,train,train
COCO_train2014_000000369931,train,train
COCO_train2014_000000370120,train,train
COCO_train2014_000000370124,train,train
COCO_train2014_000000370145,train,train
COCO_train2014_000000370234,train,train
COCO_train2014_000000370261,train,train
COCO_train2014_000000370378,train,train
COCO_train2014_000000370380,train,train
COCO_train2014_000000370426,train,train
COCO_train2014_000000370511,train,train
COCO_train2014_000000370522,train,train
COCO_train2014_000000370613,train,train
COCO_train2014_000000370763,train,train
COCO_train2014_000000370805,train,train
COCO_train2014_000000370831,train,train
COCO_train2014_000000370868,train,train
COCO_train2014_000000370928,train,train
COCO_train2014_000000370945,train,train
COCO_train2014_000000371090,train,train
COCO_train2014_000000371114,train,train
COCO_train2014_000000371132,train,train
COCO_train2014_000000371198,train,train
COCO_train2014_000000371201,train,train
COCO_train2014_000000371222,train,train
COCO_train2014_000000371254,train,train
COCO_train2014_000000371258,train,train
COCO_train2014_000000371260,train,train
COCO_train2014_000000371295,train,train
COCO_train2014_000000371315,train,train
COCO_train2014_000000371608,train,train
COCO_train2014_000000371703,train,train
COCO_train2014_000000371739,train,train
COCO_train2014_000000371807,train,train
COCO_train2014_000000371950,train,train
COCO_train2014_000000371955,train,train
COCO_train2014_000000372003,train,train
COCO_train2014_000000372058,train,train
COCO_train2014_000000372156,train,train
COCO_train2014_000000372308,train,train
COCO_train2014_000000372319,train,train
COCO_train2014_000000372479,train,train
COCO_train2014_000000372482,train,train
COCO_train2014_000000372555,train,train
COCO_train2014_000000372669,train,train
COCO_train2014_000000372673,train,train
COCO_train2014_000000372702,train,train
COCO_train2014_000000372801,train,train
COCO_train2014_000000372862,train,train
COCO_train2014_000000373053,train,train
COCO_train2014_000000373073,train,train
COCO_train2014_000000373076,train,train
COCO_train2014_000000373294,train,train
COCO_train2014_000000373346,train,train
COCO_train2014_000000373348,train,train
COCO_train2014_000000373444,train,train
COCO_train2014_000000373465,train,train
COCO_train2014_000000373482,train,train
COCO_train2014_000000373522,train,train
COCO_train2014_000000373568,train,train
COCO_train2014_000000373648,train,train
COCO_train2014_000000373683,train,train
COCO_train2014_000000373697,train,train
COCO_train2014_000000373730,train,train
COCO_train2014_000000373898,train,train
COCO_train2014_000000373923,train,train
COCO_train2014_000000374174,train,train
COCO_train2014_000000374208,train,train
COCO_train2014_000000374239,train,train
COCO_train2014_000000374248,train,train
COCO_train2014_000000374308,train,train
COCO_train2014_000000374357,train,train
COCO_train2014_000000374391,train,train
COCO_train2014_000000374454,train,train
COCO_train2014_000000374463,train,train
COCO_train2014_000000374538,train,train
COCO_train2014_000000374661,train,train
COCO_train2014_000000374800,train,train
COCO_train2014_000000374845,train,train
COCO_train2014_000000374873,train,train
COCO_train2014_000000374904,train,train
COCO_train2014_000000374924,train,train
COCO_train2014_000000374977,train,train
COCO_train2014_000000374994,train,train
COCO_train2014_000000375282,train,train
COCO_train2014_000000375294,train,train
COCO_train2014_000000375331,train,train
COCO_train2014_000000375347,train,train
COCO_train2014_000000375425,train,train
COCO_train2014_000000375464,train,train
COCO_train2014_000000375504,train,train
COCO_train2014_000000375528,train,train
COCO_train2014_000000375531,train,train
COCO_train2014_000000375680,train,train
COCO_train2014_000000375714,train,train
COCO_train2014_000000375728,train,train
COCO_train2014_000000375838,train,train
COCO_train2014_000000375947,train,train
COCO_train2014_000000375960,train,train
COCO_train2014_000000376084,train,train
COCO_train2014_000000376087,train,train
COCO_train2014_000000376131,train,train
COCO_train2014_000000376283,train,train
COCO_train2014_000000376320,train,train
COCO_train2014_000000376377,train,train
COCO_train2014_000000376381,train,train
COCO_train2014_000000376479,train,train
COCO_train2014_000000376502,train,train
COCO_train2014_000000376505,train,train
COCO_train2014_000000376557,train,train
COCO_train2014_000000376573,train,train
COCO_train2014_000000376819,train,train
COCO_train2014_000000376831,train,train
COCO_train2014_000000376839,train,train
COCO_train2014_000000376934,train,train
COCO_train2014_000000376946,train,train
COCO_train2014_000000376972,train,train
COCO_train2014_000000377008,train,train
COCO_train2014_000000377059,train,train
COCO_train2014_000000377213,train,train
COCO_train2014_000000377241,train,train
COCO_train2014_000000377251,train,train
COCO_train2014_000000377278,train,train
COCO_train2014_000000377322,train,train
COCO_train2014_000000377412,train,train
COCO_train2014_000000377416,train,train
COCO_train2014_000000377423,train,train
COCO_train2014_000000377473,train,train
COCO_train2014_000000377496,train,train
COCO_train2014_000000377513,train,train
COCO_train2014_000000377545,train,train
COCO_train2014_000000377570,train,train
COCO_train2014_000000377578,train,train
COCO_train2014_000000377583,train,train
COCO_train2014_000000377632,train,train
COCO_train2014_000000377701,train,train
COCO_train2014_000000377756,train,train
COCO_train2014_000000377778,train,train
COCO_train2014_000000377893,train,train
COCO_train2014_000000377914,train,train
COCO_train2014_000000377983,train,train
COCO_train2014_000000378087,train,train
COCO_train2014_000000378203,train,train
COCO_train2014_000000378305,train,train
COCO_train2014_000000378415,train,train
COCO_train2014_000000378416,train,train
COCO_train2014_000000378611,train,train
COCO_train2014_000000378613,train,train
COCO_train2014_000000378637,train,train
COCO_train2014_000000378659,train,train
COCO_train2014_000000378710,train,train
COCO_train2014_000000378827,train,train
COCO_train2014_000000378864,train,train
COCO_train2014_000000378907,train,train
COCO_train2014_000000378950,train,train
COCO_train2014_000000379004,train,train
COCO_train2014_000000379067,train,train
COCO_train2014_000000379129,train,train
COCO_train2014_000000379172,train,train
COCO_train2014_000000379193,train,train
COCO_train2014_000000379261,train,train
COCO_train2014_000000379285,train,train
COCO_train2014_000000379315,train,train
COCO_train2014_000000379349,train,train
COCO_train2014_000000379564,train,train
COCO_train2014_000000379607,train,train
COCO_train2014_000000379630,train,train
COCO_train2014_000000379672,train,train
COCO_train2014_000000379777,train,train
COCO_train2014_000000379781,train,train
COCO_train2014_000000379911,train,train
COCO_train2014_000000379941,train,train
COCO_train2014_000000379965,train,train
COCO_train2014_000000380084,train,train
COCO_train2014_000000380108,train,train
COCO_train2014_000000380171,train,train
COCO_train2014_000000380279,train,train
COCO_train2014_000000380280,train,train
COCO_train2014_000000380305,train,train
COCO_train2014_000000380306,train,train
COCO_train2014_000000380338,train,train
COCO_train2014_000000380351,train,train
COCO_train2014_000000380477,train,train
COCO_train2014_000000380586,train,train
COCO_train2014_000000380665,train,train
COCO_train2014_000000380732,train,train
COCO_train2014_000000380797,train,train
COCO_train2014_000000380798,train,train
COCO_train2014_000000380820,train,train
COCO_train2014_000000380821,train,train
COCO_train2014_000000380918,train,train
COCO_train2014_000000380928,train,train
COCO_train2014_000000381036,train,train
COCO_train2014_000000381107,train,train
COCO_train2014_000000381163,train,train
COCO_train2014_000000381261,train,train
COCO_train2014_000000381314,train,train
COCO_train2014_000000381333,train,train
COCO_train2014_000000381458,train,train
COCO_train2014_000000381470,train,train
COCO_train2014_000000381476,train,train
COCO_train2014_000000381533,train,train
COCO_train2014_000000381626,train,train
COCO_train2014_000000381642,train,train
COCO_train2014_000000381661,train,train
COCO_train2014_000000381758,train,train
COCO_train2014_000000381789,train,train
COCO_train2014_000000381957,train,train
COCO_train2014_000000381967,train,train
COCO_train2014_000000382058,train,train
COCO_train2014_000000382081,train,train
COCO_train2014_000000382188,train,train
COCO_train2014_000000382320,train,train
COCO_train2014_000000382356,train,train
COCO_train2014_000000382423,train,train
COCO_train2014_000000382472,train,train
COCO_train2014_000000382503,train,train
COCO_train2014_000000382514,train,train
COCO_train2014_000000382589,train,train
COCO_train2014_000000382636,train,train
COCO_train2014_000000382643,train,train
COCO_train2014_000000382653,train,train
COCO_train2014_000000382662,train,train
COCO_train2014_000000382736,train,train
COCO_train2014_000000382881,train,train
COCO_train2014_000000382924,train,train
COCO_train2014_000000382947,train,train
COCO_train2014_000000382979,train,train
COCO_train2014_000000383141,train,train
COCO_train2014_000000383154,train,train
COCO_train2014_000000383244,train,train
COCO_train2014_000000383250,train,train
COCO_train2014_000000383390,train,train
COCO_train2014_000000383407,train,train
COCO_train2014_000000383453,train,train
COCO_train2014_000000383512,train,train
COCO_train2014_000000383556,train,train
COCO_train2014_000000383637,train,train
COCO_train2014_000000383639,train,train
COCO_train2014_000000383658,train,train
COCO_train2014_000000383873,train,train
COCO_train2014_000000383885,train,train
COCO_train2014_000000383888,train,train
COCO_train2014_000000383905,train,train
COCO_train2014_000000384027,train,train
COCO_train2014_000000384099,train,train
COCO_train2014_000000384164,train,train
COCO_train2014_000000384231,train,train
COCO_train2014_000000384326,train,train
COCO_train2014_000000384391,train,train
COCO_train2014_000000384499,train,train
COCO_train2014_000000384520,train,train
COCO_train2014_000000384592,train,train
COCO_train2014_000000384641,train,train
COCO_train2014_000000384673,train,train
COCO_train2014_000000384675,train,train
COCO_train2014_000000384700,train,train
COCO_train2014_000000384740,train,train
COCO_train2014_000000384750,train,train
COCO_train2014_000000384793,train,train
COCO_train2014_000000384826,train,train
COCO_train2014_000000384883,train,train
COCO_train2014_000000384967,train,train
COCO_train2014_000000385070,train,train
COCO_train2014_000000385145,train,train
COCO_train2014_000000385150,train,train
COCO_train2014_000000385276,train,train
COCO_train2014_000000385307,train,train
COCO_train2014_000000385313,train,train
COCO_train2014_000000385342,train,train
COCO_train2014_000000385390,train,train
COCO_train2014_000000385441,train,train
COCO_train2014_000000385492,train,train
COCO_train2014_000000385517,train,train
COCO_train2014_000000385604,train,train
COCO_train2014_000000385627,train,train
COCO_train2014_000000385661,train,train
COCO_train2014_000000385674,train,train
COCO_train2014_000000385682,train,train
COCO_train2014_000000385701,train,train
COCO_train2014_000000385743,train,train
COCO_train2014_000000385805,train,train
COCO_train2014_000000385858,train,train
COCO_train2014_000000385913,train,train
COCO_train2014_000000385934,train,train
COCO_train2014_000000385980,train,train
COCO_train2014_000000386079,train,train
COCO_train2014_000000386250,train,train
COCO_train2014_000000386414,train,train
COCO_train2014_000000386467,train,train
COCO_train2014_000000386603,train,train
COCO_train2014_000000386715,train,train
COCO_train2014_000000386752,train,train
COCO_train2014_000000386778,train,train
COCO_train2014_000000386784,train,train
COCO_train2014_000000386796,train,train
COCO_train2014_000000386847,train,train
COCO_train2014_000000386854,train,train
COCO_train2014_000000386876,train,train
COCO_train2014_000000386880,train,train
COCO_train2014_000000386896,train,train
COCO_train2014_000000386936,train,train
COCO_train2014_000000386984,train,train
COCO_train2014_000000387045,train,train
COCO_train2014_000000387075,train,train
COCO_train2014_000000387087,train,train
COCO_train2014_000000387243,train,train
COCO_train2014_000000387264,train,train
COCO_train2014_000000387368,train,train
COCO_train2014_000000387372,train,train
COCO_train2014_000000387392,train,train
COCO_train2014_000000387529,train,train
COCO_train2014_000000387543,train,train
COCO_train2014_000000387595,train,train
COCO_train2014_000000387601,train,train
COCO_train2014_000000387666,train,train
COCO_train2014_000000387712,train,train
COCO_train2014_000000387731,train,train
COCO_train2014_000000387796,train,train
COCO_train2014_000000387887,train,train
COCO_train2014_000000387948,train,train
COCO_train2014_000000388074,train,train
COCO_train2014_000000388117,train,train
COCO_train2014_000000388149,train,train
COCO_train2014_000000388214,train,train
COCO_train2014_000000388228,train,train
COCO_train2014_000000388281,train,train
COCO_train2014_000000388297,train,train
COCO_train2014_000000388312,train,train
COCO_train2014_000000388348,train,train
COCO_train2014_000000388412,train,train
COCO_train2014_000000388498,train,train
COCO_train2014_000000388510,train,train
COCO_train2014_000000388566,train,train
COCO_train2014_000000388714,train,train
COCO_train2014_000000388779,train,train
COCO_train2014_000000388805,train,train
COCO_train2014_000000388853,train,train
COCO_train2014_000000388865,train,train
COCO_train2014_000000388905,train,train
COCO_train2014_000000388922,train,train
COCO_train2014_000000388961,train,train
COCO_train2014_000000389011,train,train
COCO_train2014_000000389021,train,train
COCO_train2014_000000389037,train,train
COCO_train2014_000000389048,train,train
COCO_train2014_000000389152,train,train
COCO_train2014_000000389280,train,train
COCO_train2014_000000389336,train,train
COCO_train2014_000000389345,train,train
COCO_train2014_000000389351,train,train
COCO_train2014_000000389418,train,train
COCO_train2014_000000389491,train,train
COCO_train2014_000000389634,train,train
COCO_train2014_000000389654,train,train
COCO_train2014_000000389743,train,train
COCO_train2014_000000389772,train,train
COCO_train2014_000000389932,train,train
COCO_train2014_000000389935,train,train
COCO_train2014_000000389965,train,train
COCO_train2014_000000390000,train,train
COCO_train2014_000000390001,train,train
COCO_train2014_000000390061,train,train
COCO_train2014_000000390125,train,train
COCO_train2014_000000390288,train,train
COCO_train2014_000000390513,train,train
COCO_train2014_000000390757,train,train
COCO_train2014_000000390956,train,train
COCO_train2014_000000391117,train,train
COCO_train2014_000000391251,train,train
COCO_train2014_000000391304,train,train
COCO_train2014_000000391332,train,train
COCO_train2014_000000391439,train,train
COCO_train2014_000000391480,train,train
COCO_train2014_000000391481,train,train
COCO_train2014_000000391525,train,train
COCO_train2014_000000391543,train,train
COCO_train2014_000000391568,train,train
COCO_train2014_000000391703,train,train
COCO_train2014_000000391786,train,train
COCO_train2014_000000391966,train,train
COCO_train2014_000000391976,train,train
COCO_train2014_000000392028,train,train
COCO_train2014_000000392098,train,train
COCO_train2014_000000392142,train,train
COCO_train2014_000000392154,train,train
COCO_train2014_000000392201,train,train
COCO_train2014_000000392219,train,train
COCO_train2014_000000392224,train,train
COCO_train2014_000000392302,train,train
COCO_train2014_000000392480,train,train
COCO_train2014_000000392584,train,train
COCO_train2014_000000392627,train,train
COCO_train2014_000000392703,train,train
COCO_train2014_000000392715,train,train
COCO_train2014_000000392725,train,train
COCO_train2014_000000392726,train,train
COCO_train2014_000000392839,train,train
COCO_train2014_000000392924,train,train
COCO_train2014_000000392943,train,train
COCO_train2014_000000393091,train,train
COCO_train2014_000000393268,train,train
COCO_train2014_000000393418,train,train
COCO_train2014_000000393438,train,train
COCO_train2014_000000393445,train,train
COCO_train2014_000000393508,train,train
COCO_train2014_000000393611,train,train
COCO_train2014_000000393867,train,train
COCO_train2014_000000393909,train,train
COCO_train2014_000000394021,train,train
COCO_train2014_000000394036,train,train
COCO_train2014_000000394058,train,train
COCO_train2014_000000394115,train,train
COCO_train2014_000000394211,train,train
COCO_train2014_000000394245,train,train
COCO_train2014_000000394271,train,train
COCO_train2014_000000394276,train,train
COCO_train2014_000000394283,train,train
COCO_train2014_000000394404,train,train
COCO_train2014_000000394436,train,train
COCO_train2014_000000394546,train,train
COCO_train2014_000000394554,train,train
COCO_train2014_000000394598,train,train
COCO_train2014_000000394729,train,train
COCO_train2014_000000394756,train,train
COCO_train2014_000000394766,train,train
COCO_train2014_000000394794,train,train
COCO_train2014_000000394806,train,train
COCO_train2014_000000394880,train,train
COCO_train2014_000000394889,train,train
COCO_train2014_000000394891,train,train
COCO_train2014_000000394975,train,train
COCO_train2014_000000395030,train,train
COCO_train2014_000000395170,train,train
COCO_train2014_000000395259,train,train
COCO_train2014_000000395271,train,train
COCO_train2014_000000395284,train,train
COCO_train2014_000000395292,train,train
COCO_train2014_000000395314,train,train
COCO_train2014_000000395321,train,train
COCO_train2014_000000395340,train,train
COCO_train2014_000000395426,train,train
COCO_train2014_000000395445,train,train
COCO_train2014_000000395491,train,train
COCO_train2014_000000395500,train,train
COCO_train2014_000000395527,train,train
COCO_train2014_000000395673,train,train
COCO_train2014_000000395744,train,train
COCO_train2014_000000395761,train,train
COCO_train2014_000000395768,train,train
COCO_train2014_000000395863,train,train
COCO_train2014_000000395958,train,train
COCO_train2014_000000395965,train,train
COCO_train2014_000000396010,train,train
COCO_train2014_000000396029,train,train
COCO_train2014_000000396030,train,train
COCO_train2014_000000396106,train,train
COCO_train2014_000000396143,train,train
COCO_train2014_000000396172,train,train
COCO_train2014_000000396212,train,train
COCO_train2014_000000396221,train,train
COCO_train2014_000000396260,train,train
COCO_train2014_000000396287,train,train
COCO_train2014_000000396330,train,train
COCO_train2014_000000396380,train,train
COCO_train2014_000000396421,train,train
COCO_train2014_000000396578,train,train
COCO_train2014_000000396596,train,train
COCO_train2014_000000396611,train,train
COCO_train2014_000000396623,train,train
COCO_train2014_000000396638,train,train
COCO_train2014_000000396685,train,train
COCO_train2014_000000396703,train,train
COCO_train2014_000000396765,train,train
COCO_train2014_000000396871,train,train
COCO_train2014_000000396927,train,train
COCO_train2014_000000397064,train,train
COCO_train2014_000000397148,train,train
COCO_train2014_000000397173,train,train
COCO_train2014_000000397219,train,train
COCO_train2014_000000397511,train,train
COCO_train2014_000000397593,train,train
COCO_train2014_000000397687,train,train
COCO_train2014_000000397735,train,train
COCO_train2014_000000397893,train,train
COCO_train2014_000000397899,train,train
COCO_train2014_000000397938,train,train
COCO_train2014_000000397997,train,train
COCO_train2014_000000398004,train,train
COCO_train2014_000000398037,train,train
COCO_train2014_000000398051,train,train
COCO_train2014_000000398093,train,train
COCO_train2014_000000398098,train,train
COCO_train2014_000000398124,train,train
COCO_train2014_000000398142,train,train
COCO_train2014_000000398214,train,train
COCO_train2014_000000398271,train,train
COCO_train2014_000000398285,train,train
COCO_train2014_000000398419,train,train
COCO_train2014_000000398435,train,train
COCO_train2014_000000398514,train,train
COCO_train2014_000000398535,train,train
COCO_train2014_000000398575,train,train
COCO_train2014_000000398623,train,train
COCO_train2014_000000398665,train,train
COCO_train2014_000000398696,train,train
COCO_train2014_000000398767,train,train
COCO_train2014_000000398772,train,train
COCO_train2014_000000398924,train,train
COCO_train2014_000000398957,train,train
COCO_train2014_000000398962,train,train
COCO_train2014_000000399006,train,train
COCO_train2014_000000399147,train,train
COCO_train2014_000000399152,train,train
COCO_train2014_000000399165,train,train
COCO_train2014_000000399191,train,train
COCO_train2014_000000399200,train,train
COCO_train2014_000000399208,train,train
COCO_train2014_000000399227,train,train
COCO_train2014_000000399232,train,train
COCO_train2014_000000399236,train,train
COCO_train2014_000000399294,train,train
COCO_train2014_000000399461,train,train
COCO_train2014_000000399472,train,train
COCO_train2014_000000399488,train,train
COCO_train2014_000000399489,train,train
COCO_train2014_000000399500,train,train
COCO_train2014_000000399540,train,train
COCO_train2014_000000399650,train,train
COCO_train2014_000000399675,train,train
COCO_train2014_000000399875,train,train
COCO_train2014_000000400045,train,train
COCO_train2014_000000400080,train,train
COCO_train2014_000000400094,train,train
COCO_train2014_000000400253,train,train
COCO_train2014_000000400298,train,train
COCO_train2014_000000400371,train,train
COCO_train2014_000000400440,train,train
COCO_train2014_000000400534,train,train
COCO_train2014_000000400555,train,train
COCO_train2014_000000400592,train,train
COCO_train2014_000000400603,train,train
COCO_train2014_000000400619,train,train
COCO_train2014_000000400752,train,train
COCO_train2014_000000400822,train,train
COCO_train2014_000000400828,train,train
COCO_train2014_000000400838,train,train
COCO_train2014_000000400848,train,train
COCO_train2014_000000400919,train,train
COCO_train2014_000000400966,train,train
COCO_train2014_000000401167,train,train
COCO_train2014_000000401171,train,train
COCO_train2014_000000401229,train,train
COCO_train2014_000000401232,train,train
COCO_train2014_000000401269,train,train
COCO_train2014_000000401287,train,train
COCO_train2014_000000401313,train,train
COCO_train2014_000000401369,train,train
COCO_train2014_000000401400,train,train
COCO_train2014_000000401402,train,train
COCO_train2014_000000401416,train,train
COCO_train2014_000000401433,train,train
COCO_train2014_000000401455,train,train
COCO_train2014_000000401509,train,train
COCO_train2014_000000401569,train,train
COCO_train2014_000000401608,train,train
COCO_train2014_000000401707,train,train
COCO_train2014_000000401735,train,train
COCO_train2014_000000401836,train,train
COCO_train2014_000000402051,train,train
COCO_train2014_000000402326,train,train
COCO_train2014_000000402364,train,train
COCO_train2014_000000402384,train,train
COCO_train2014_000000402447,train,train
COCO_train2014_000000402470,train,train
COCO_train2014_000000402507,train,train
COCO_train2014_000000402621,train,train
COCO_train2014_000000402689,train,train
COCO_train2014_000000402699,train,train
COCO_train2014_000000402710,train,train
COCO_train2014_000000402806,train,train
COCO_train2014_000000402818,train,train
COCO_train2014_000000402820,train,train
COCO_train2014_000000402833,train,train
COCO_train2014_000000402880,train,train
COCO_train2014_000000402941,train,train
COCO_train2014_000000402980,train,train
COCO_train2014_000000403132,train,train
COCO_train2014_000000403133,train,train
COCO_train2014_000000403135,train,train
COCO_train2014_000000403162,train,train
COCO_train2014_000000403249,train,train
COCO_train2014_000000403307,train,train
COCO_train2014_000000403325,train,train
COCO_train2014_000000403523,train,train
COCO_train2014_000000403547,train,train
COCO_train2014_000000403577,train,train
COCO_train2014_000000403754,train,train
COCO_train2014_000000403798,train,train
COCO_train2014_000000403841,train,train
COCO_train2014_000000403913,train,train
COCO_train2014_000000403916,train,train
COCO_train2014_000000403999,train,train
COCO_train2014_000000404163,train,train
COCO_train2014_000000404242,train,train
COCO_train2014_000000404285,train,train
COCO_train2014_000000404350,train,train
COCO_train2014_000000404450,train,train
COCO_train2014_000000404545,train,train
COCO_train2014_000000404579,train,train
COCO_train2014_000000404621,train,train
COCO_train2014_000000404673,train,train
COCO_train2014_000000404739,train,train
COCO_train2014_000000404826,train,train
COCO_train2014_000000404865,train,train
COCO_train2014_000000404948,train,train
COCO_train2014_000000405013,train,train
COCO_train2014_000000405131,train,train
COCO_train2014_000000405133,train,train
COCO_train2014_000000405145,train,train
COCO_train2014_000000405210,train,train
COCO_train2014_000000405225,train,train
COCO_train2014_000000405278,train,train
COCO_train2014_000000405418,train,train
COCO_train2014_000000405469,train,train
COCO_train2014_000000405563,train,train
COCO_train2014_000000405606,train,train
COCO_train2014_000000405677,train,train
COCO_train2014_000000405800,train,train
COCO_train2014_000000405840,train,train
COCO_train2014_000000405849,train,train
COCO_train2014_000000405906,train,train
COCO_train2014_000000405920,train,train
COCO_train2014_000000405980,train,train
COCO_train2014_000000406004,train,train
COCO_train2014_000000406013,train,train
COCO_train2014_000000406024,train,train
COCO_train2014_000000406139,train,train
COCO_train2014_000000406168,train,train
COCO_train2014_000000406199,train,train
COCO_train2014_000000406250,train,train
COCO_train2014_000000406292,train,train
COCO_train2014_000000406303,train,train
COCO_train2014_000000406422,train,train
COCO_train2014_000000406424,train,train
COCO_train2014_000000406490,train,train
COCO_train2014_000000406677,train,train
COCO_train2014_000000406710,train,train
COCO_train2014_000000406725,train,train
COCO_train2014_000000406798,train,train
COCO_train2014_000000406807,train,train
COCO_train2014_000000406839,train,train
COCO_train2014_000000406920,train,train
COCO_train2014_000000406938,train,train
COCO_train2014_000000406957,train,train
COCO_train2014_000000407196,train,train
COCO_train2014_000000407216,train,train
COCO_train2014_000000407238,train,train
COCO_train2014_000000407301,train,train
COCO_train2014_000000407349,train,train
COCO_train2014_000000407434,train,train
COCO_train2014_000000407460,train,train
COCO_train2014_000000407470,train,train
COCO_train2014_000000407575,train,train
COCO_train2014_000000407589,train,train
COCO_train2014_000000407607,train,train
COCO_train2014_000000407634,train,train
COCO_train2014_000000407651,train,train
COCO_train2014_000000407687,train,train
COCO_train2014_000000407699,train,train
COCO_train2014_000000407806,train,train
COCO_train2014_000000407808,train,train
COCO_train2014_000000407820,train,train
COCO_train2014_000000407930,train,train
COCO_train2014_000000407963,train,train
COCO_train2014_000000408040,train,train
COCO_train2014_000000408041,train,train
COCO_train2014_000000408146,train,train
COCO_train2014_000000408185,train,train
COCO_train2014_000000408187,train,train
COCO_train2014_000000408390,train,train
COCO_train2014_000000408405,train,train
COCO_train2014_000000408431,train,train
COCO_train2014_000000408526,train,train
COCO_train2014_000000408660,train,train
COCO_train2014_000000408672,train,train
COCO_train2014_000000408681,train,train
COCO_train2014_000000408755,train,train
COCO_train2014_000000408795,train,train
COCO_train2014_000000408833,train,train
COCO_train2014_000000408838,train,train
COCO_train2014_000000408846,train,train
COCO_train2014_000000408917,train,train
COCO_train2014_000000408923,train,train
COCO_train2014_000000408954,train,train
COCO_train2014_000000409182,train,train
COCO_train2014_000000409184,train,train
COCO_train2014_000000409199,train,train
COCO_train2014_000000409220,train,train
COCO_train2014_000000409327,train,train
COCO_train2014_000000409338,train,train
COCO_train2014_000000409374,train,train
COCO_train2014_000000409455,train,train
COCO_train2014_000000409468,train,train
COCO_train2014_000000409488,train,train
COCO_train2014_000000409546,train,train
COCO_train2014_000000409616,train,train
COCO_train2014_000000409658,train,train
COCO_train2014_000000409668,train,train
COCO_train2014_000000409706,train,train
COCO_train2014_000000409707,train,train
COCO_train2014_000000409740,train,train
COCO_train2014_000000409771,train,train
COCO_train2014_000000410033,train,train
COCO_train2014_000000410165,train,train
COCO_train2014_000000410173,train,train
COCO_train2014_000000410190,train,train
COCO_train2014_000000410256,train,train
COCO_train2014_000000410312,train,train
COCO_train2014_000000410345,train,train
COCO_train2014_000000410409,train,train
COCO_train2014_000000410441,train,train
COCO_train2014_000000410581,train,train
COCO_train2014_000000410655,train,train
COCO_train2014_000000410707,train,train
COCO_train2014_000000410708,train,train
COCO_train2014_000000410805,train,train
COCO_train2014_000000410887,train,train
COCO_train2014_000000410946,train,train
COCO_train2014_000000410963,train,train
COCO_train2014_000000410966,train,train
COCO_train2014_000000410980,train,train
COCO_train2014_000000411015,train,train
COCO_train2014_000000411208,train,train
COCO_train2014_000000411238,train,train
COCO_train2014_000000411274,train,train
COCO_train2014_000000411362,train,train
COCO_train2014_000000411379,train,train
COCO_train2014_000000411441,train,train
COCO_train2014_000000411478,train,train
COCO_train2014_000000411624,train,train
COCO_train2014_000000411645,train,train
COCO_train2014_000000411703,train,train
COCO_train2014_000000411740,train,train
COCO_train2014_000000411745,train,train
COCO_train2014_000000411857,train,train
COCO_train2014_000000411912,train,train
COCO_train2014_000000412034,train,train
COCO_train2014_000000412040,train,train
COCO_train2014_000000412134,train,train
COCO_train2014_000000412190,train,train
COCO_train2014_000000412194,train,train
COCO_train2014_000000412220,train,train
COCO_train2014_000000412281,train,train
COCO_train2014_000000412442,train,train
COCO_train2014_000000412491,train,train
COCO_train2014_000000412508,train,train
COCO_train2014_000000412566,train,train
COCO_train2014_000000412661,train,train
COCO_train2014_000000412681,train,train
COCO_train2014_000000412687,train,train
COCO_train2014_000000412781,train,train
COCO_train2014_000000412824,train,train
COCO_train2014_000000412830,train,train
COCO_train2014_000000412908,train,train
COCO_train2014_000000413046,train,train
COCO_train2014_000000413128,train,train
COCO_train2014_000000413164,train,train
COCO_train2014_000000413198,train,train
COCO_train2014_000000413242,train,train
COCO_train2014_000000413289,train,train
COCO_train2014_000000413346,train,train
COCO_train2014_000000413421,train,train
COCO_train2014_000000413489,train,train
COCO_train2014_000000413723,train,train
COCO_train2014_000000413792,train,train
COCO_train2014_000000413868,train,train
COCO_train2014_000000413896,train,train
COCO_train2014_000000413918,train,train
COCO_train2014_000000413942,train,train
COCO_train2014_000000413989,train,train
COCO_train2014_000000414010,train,train
COCO_train2014_000000414088,train,train
COCO_train2014_000000414115,train,train
COCO_train2014_000000414189,train,train
COCO_train2014_000000414202,train,train
COCO_train2014_000000414258,train,train
COCO_train2014_000000414284,train,train
COCO_train2014_000000414421,train,train
COCO_train2014_000000414577,train,train
COCO_train2014_000000414683,train,train
COCO_train2014_000000414684,train,train
COCO_train2014_000000414706,train,train
COCO_train2014_000000414888,train,train
COCO_train2014_000000415089,train,train
COCO_train2014_000000415174,train,train
COCO_train2014_000000415209,train,train
COCO_train2014_000000415232,train,train
COCO_train2014_000000415283,train,train
COCO_train2014_000000415376,train,train
COCO_train2014_000000415499,train,train
COCO_train2014_000000415533,train,train
COCO_train2014_000000415571,train,train
COCO_train2014_000000415602,train,train
COCO_train2014_000000415604,train,train
COCO_train2014_000000415634,train,train
COCO_train2014_000000415918,train,train
COCO_train2014_000000416047,train,train
COCO_train2014_000000416119,train,train
COCO_train2014_000000416248,train,train
COCO_train2014_000000416258,train,train
COCO_train2014_000000416303,train,train
COCO_train2014_000000416315,train,train
COCO_train2014_000000416356,train,train
COCO_train2014_000000416570,train,train
COCO_train2014_000000416585,train,train
COCO_train2014_000000416610,train,train
COCO_train2014_000000416644,train,train
COCO_train2014_000000416655,train,train
COCO_train2014_000000416767,train,train
COCO_train2014_000000416810,train,train
COCO_train2014_000000417141,train,train
COCO_train2014_000000417160,train,train
COCO_train2014_000000417220,train,train
COCO_train2014_000000417264,train,train
COCO_train2014_000000417295,train,train
COCO_train2014_000000417303,train,train
COCO_train2014_000000417469,train,train
COCO_train2014_000000417476,train,train
COCO_train2014_000000417542,train,train
COCO_train2014_000000417549,train,train
COCO_train2014_000000417556,train,train
COCO_train2014_000000417602,train,train
COCO_train2014_000000417751,train,train
COCO_train2014_000000417802,train,train
COCO_train2014_000000417834,train,train
COCO_train2014_000000418034,train,train
COCO_train2014_000000418085,train,train
COCO_train2014_000000418087,train,train
COCO_train2014_000000418141,train,train
COCO_train2014_000000418198,train,train
COCO_train2014_000000418315,train,train
COCO_train2014_000000418409,train,train
COCO_train2014_000000418575,train,train
COCO_train2014_000000418595,train,train
COCO_train2014_000000418596,train,train
COCO_train2014_000000418620,train,train
COCO_train2014_000000418726,train,train
COCO_train2014_000000418811,train,train
COCO_train2014_000000418812,train,train
COCO_train2014_000000418894,train,train
COCO_train2014_000000418964,train,train
COCO_train2014_000000418968,train,train
COCO_train2014_000000418984,train,train
COCO_train2014_000000418988,train,train
COCO_train2014_000000419026,train,train
COCO_train2014_000000419052,train,train
COCO_train2014_000000419056,train,train
COCO_train2014_000000419276,train,train
COCO_train2014_000000419324,train,train
COCO_train2014_000000419333,train,train
COCO_train2014_000000419483,train,train
COCO_train2014_000000419501,train,train
COCO_train2014_000000419575,train,train
COCO_train2014_000000419610,train,train
COCO_train2014_000000419644,train,train
COCO_train2014_000000419700,train,train
COCO_train2014_000000419712,train,train
COCO_train2014_000000419798,train,train
COCO_train2014_000000419908,train,train
COCO_train2014_000000419979,train,train
COCO_train2014_000000420065,train,train
COCO_train2014_000000420085,train,train
COCO_train2014_000000420146,train,train
COCO_train2014_000000420210,train,train
COCO_train2014_000000420349,train,train
COCO_train2014_000000420396,train,train
COCO_train2014_000000420398,train,train
COCO_train2014_000000420400,train,train
COCO_train2014_000000420412,train,train
COCO_train2014_000000420442,train,train
COCO_train2014_000000420465,train,train
COCO_train2014_000000420523,train,train
COCO_train2014_000000420612,train,train
COCO_train2014_000000420823,train,train
COCO_train2014_000000420939,train,train
COCO_train2014_000000421024,train,train
COCO_train2014_000000421086,train,train
COCO_train2014_000000421102,train,train
COCO_train2014_000000421136,train,train
COCO_train2014_000000421193,train,train
COCO_train2014_000000421241,train,train
COCO_train2014_000000421380,train,train
COCO_train2014_000000421447,train,train
COCO_train2014_000000421491,train,train
COCO_train2014_000000421599,train,train
COCO_train2014_000000421602,train,train
COCO_train2014_000000421735,train,train
COCO_train2014_000000421771,train,train
COCO_train2014_000000421791,train,train
COCO_train2014_000000421876,train,train
COCO_train2014_000000422008,train,train
COCO_train2014_000000422050,train,train
COCO_train2014_000000422105,train,train
COCO_train2014_000000422127,train,train
COCO_train2014_000000422161,train,train
COCO_train2014_000000422206,train,train
COCO_train2014_000000422255,train,train
COCO_train2014_000000422261,train,train
COCO_train2014_000000422336,train,train
COCO_train2014_000000422405,train,train
COCO_train2014_000000422661,train,train
COCO_train2014_000000422804,train,train
COCO_train2014_000000422866,train,train
COCO_train2014_000000422899,train,train
COCO_train2014_000000422910,train,train
COCO_train2014_000000422939,train,train
COCO_train2014_000000423083,train,train
COCO_train2014_000000423355,train,train
COCO_train2014_000000423356,train,train
COCO_train2014_000000423454,train,train
COCO_train2014_000000423488,train,train
COCO_train2014_000000423562,train,train
COCO_train2014_000000423643,train,train
COCO_train2014_000000423778,train,train
COCO_train2014_000000423796,train,train
COCO_train2014_000000423860,train,train
COCO_train2014_000000423872,train,train
COCO_train2014_000000423875,train,train
COCO_train2014_000000423938,train,train
COCO_train2014_000000424088,train,train
COCO_train2014_000000424108,train,train
COCO_train2014_000000424139,train,train
COCO_train2014_000000424160,train,train
COCO_train2014_000000424161,train,train
COCO_train2014_000000424193,train,train
COCO_train2014_000000424327,train,train
COCO_train2014_000000424337,train,train
COCO_train2014_000000424342,train,train
COCO_train2014_000000424404,train,train
COCO_train2014_000000424434,train,train
COCO_train2014_000000424439,train,train
COCO_train2014_000000424485,train,train
COCO_train2014_000000424539,train,train
COCO_train2014_000000424542,train,train
COCO_train2014_000000424637,train,train
COCO_train2014_000000424669,train,train
COCO_train2014_000000424907,train,train
COCO_train2014_000000424915,train,train
COCO_train2014_000000424982,train,train
COCO_train2014_000000425123,train,train
COCO_train2014_000000425187,train,train
COCO_train2014_000000425325,train,train
COCO_train2014_000000425400,train,train
COCO_train2014_000000425418,train,train
COCO_train2014_000000425669,train,train
COCO_train2014_000000425685,train,train
COCO_train2014_000000425712,train,train
COCO_train2014_000000425758,train,train
COCO_train2014_000000425837,train,train
COCO_train2014_000000425839,train,train
COCO_train2014_000000425944,train,train
COCO_train2014_000000426052,train,train
COCO_train2014_000000426076,train,train
COCO_train2014_000000426118,train,train
COCO_train2014_000000426269,train,train
COCO_train2014_000000426350,train,train
COCO_train2014_000000426355,train,train
COCO_train2014_000000426383,train,train
COCO_train2014_000000426421,train,train
COCO_train2014_000000426548,train,train
COCO_train2014_000000426591,train,train
COCO_train2014_000000426598,train,train
COCO_train2014_000000426663,train,train
COCO_train2014_000000426690,train,train
COCO_train2014_000000426776,train,train
COCO_train2014_000000426791,train,train
COCO_train2014_000000426869,train,train
COCO_train2014_000000426911,train,train
COCO_train2014_000000426920,train,train
COCO_train2014_000000427005,train,train
COCO_train2014_000000427069,train,train
COCO_train2014_000000427166,train,train
COCO_train2014_000000427251,train,train
COCO_train2014_000000427335,train,train
COCO_train2014_000000427344,train,train
COCO_train2014_000000427362,train,train
COCO_train2014_000000427382,train,train
COCO_train2014_000000427384,train,train
COCO_train2014_000000427435,train,train
COCO_train2014_000000427467,train,train
COCO_train2014_000000427547,train,train
COCO_train2014_000000427555,train,train
COCO_train2014_000000427628,train,train
COCO_train2014_000000427726,train,train
COCO_train2014_000000427835,train,train
COCO_train2014_000000427852,train,train
COCO_train2014_000000427958,train,train
COCO_train2014_000000428006,train,train
COCO_train2014_000000428029,train,train
COCO_train2014_000000428035,train,train
COCO_train2014_000000428046,train,train
COCO_train2014_000000428117,train,train
COCO_train2014_000000428126,train,train
COCO_train2014_000000428142,train,train
COCO_train2014_000000428152,train,train
COCO_train2014_000000428214,train,train
COCO_train2014_000000428299,train,train
COCO_train2014_000000428345,train,train
COCO_train2014_000000428381,train,train
COCO_train2014_000000428391,train,train
COCO_train2014_000000428407,train,train
COCO_train2014_000000428412,train,train
COCO_train2014_000000428420,train,train
COCO_train2014_000000428486,train,train
COCO_train2014_000000428587,train,train
COCO_train2014_000000428629,train,train
COCO_train2014_000000428736,train,train
COCO_train2014_000000428785,train,train
COCO_train2014_000000428788,train,train
COCO_train2014_000000428816,train,train
COCO_train2014_000000429015,train,train
COCO_train2014_000000429038,train,train
COCO_train2014_000000429111,train,train
COCO_train2014_000000429207,train,train
COCO_train2014_000000429289,train,train
COCO_train2014_000000429312,train,train
COCO_train2014_000000429357,train,train
COCO_train2014_000000429514,train,train
COCO_train2014_000000429606,train,train
COCO_train2014_000000429614,train,train
COCO_train2014_000000429658,train,train
COCO_train2014_000000429672,train,train
COCO_train2014_000000429705,train,train
COCO_train2014_000000429741,train,train
COCO_train2014_000000429776,train,train
COCO_train2014_000000429995,train,train
COCO_train2014_000000430035,train,train
COCO_train2014_000000430065,train,train
COCO_train2014_000000430148,train,train
COCO_train2014_000000430166,train,train
COCO_train2014_000000430215,train,train
COCO_train2014_000000430244,train,train
COCO_train2014_000000430261,train,train
COCO_train2014_000000430428,train,train
COCO_train2014_000000430581,train,train
COCO_train2014_000000430731,train,train
COCO_train2014_000000430739,train,train
COCO_train2014_000000430889,train,train
COCO_train2014_000000431024,train,train
COCO_train2014_000000431133,train,train
COCO_train2014_000000431178,train,train
COCO_train2014_000000431184,train,train
COCO_train2014_000000431207,train,train
COCO_train2014_000000431376,train,train
COCO_train2014_000000431494,train,train
COCO_train2014_000000431553,train,train
COCO_train2014_000000431704,train,train
COCO_train2014_000000431921,train,train
COCO_train2014_000000431997,train,train
COCO_train2014_000000432037,train,train
COCO_train2014_000000432053,train,train
COCO_train2014_000000432153,train,train
COCO_train2014_000000432286,train,train
COCO_train2014_000000432448,train,train
COCO_train2014_000000432522,train,train
COCO_train2014_000000432526,train,train
COCO_train2014_000000432593,train,train
COCO_train2014_000000432598,train,train
COCO_train2014_000000432637,train,train
COCO_train2014_000000432683,train,train
COCO_train2014_000000432873,train,train
COCO_train2014_000000432891,train,train
COCO_train2014_000000432956,train,train
COCO_train2014_000000432998,train,train
COCO_train2014_000000433055,train,train
COCO_train2014_000000433110,train,train
COCO_train2014_000000433217,train,train
COCO_train2014_000000433236,train,train
COCO_train2014_000000433259,train,train
COCO_train2014_000000433262,train,train
COCO_train2014_000000433286,train,train
COCO_train2014_000000433296,train,train
COCO_train2014_000000433301,train,train
COCO_train2014_000000433392,train,train
COCO_train2014_000000433398,train,train
COCO_train2014_000000433413,train,train
COCO_train2014_000000433428,train,train
COCO_train2014_000000433435,train,train
COCO_train2014_000000433446,train,train
COCO_train2014_000000433618,train,train
COCO_train2014_000000433704,train,train
COCO_train2014_000000433770,train,train
COCO_train2014_000000433786,train,train
COCO_train2014_000000433825,train,train
COCO_train2014_000000433826,train,train
COCO_train2014_000000433900,train,train
COCO_train2014_000000433910,train,train
COCO_train2014_000000433941,train,train
COCO_train2014_000000433975,train,train
COCO_train2014_000000434084,train,train
COCO_train2014_000000434118,train,train
COCO_train2014_000000434127,train,train
COCO_train2014_000000434141,train,train
COCO_train2014_000000434221,train,train
COCO_train2014_000000434262,train,train
COCO_train2014_000000434270,train,train
COCO_train2014_000000434319,train,train
COCO_train2014_000000434357,train,train
COCO_train2014_000000434484,train,train
COCO_train2014_000000434496,train,train
COCO_train2014_000000434767,train,train
COCO_train2014_000000434773,train,train
COCO_train2014_000000434940,train,train
COCO_train2014_000000435152,train,train
COCO_train2014_000000435210,train,train
COCO_train2014_000000435303,train,train
COCO_train2014_000000435327,train,train
COCO_train2014_000000435445,train,train
COCO_train2014_000000435548,train,train
COCO_train2014_000000435620,train,train
COCO_train2014_000000435743,train,train
COCO_train2014_000000435811,train,train
COCO_train2014_000000435832,train,train
COCO_train2014_000000435833,train,train
COCO_train2014_000000435882,train,train
COCO_train2014_000000435963,train,train
COCO_train2014_000000436014,train,train
COCO_train2014_000000436025,train,train
COCO_train2014_000000436038,train,train
COCO_train2014_000000436105,train,train
COCO_train2014_000000436108,train,train
COCO_train2014_000000436161,train,train
COCO_train2014_000000436182,train,train
COCO_train2014_000000436333,train,train
COCO_train2014_000000436354,train,train
COCO_train2014_000000436585,train,train
COCO_train2014_000000436719,train,train
COCO_train2014_000000436837,train,train
COCO_train2014_000000436882,train,train
COCO_train2014_000000436932,train,train
COCO_train2014_000000436990,train,train
COCO_train2014_000000437102,train,train
COCO_train2014_000000437184,train,train
COCO_train2014_000000437199,train,train
COCO_train2014_000000437277,train,train
COCO_train2014_000000437317,train,train
COCO_train2014_000000437353,train,train
COCO_train2014_000000437464,train,train
COCO_train2014_000000437522,train,train
COCO_train2014_000000437611,train,train
COCO_train2014_000000437620,train,train
COCO_train2014_000000437701,train,train
COCO_train2014_000000437783,train,train
COCO_train2014_000000437816,train,train
COCO_train2014_000000437817,train,train
COCO_train2014_000000437849,train,train
COCO_train2014_000000437857,train,train
COCO_train2014_000000437892,train,train
COCO_train2014_000000437904,train,train
COCO_train2014_000000437911,train,train
COCO_train2014_000000437981,train,train
COCO_train2014_000000437996,train,train
COCO_train2014_000000438029,train,train
COCO_train2014_000000438063,train,train
COCO_train2014_000000438073,train,train
COCO_train2014_000000438095,train,train
COCO_train2014_000000438102,train,train
COCO_train2014_000000438111,train,train
COCO_train2014_000000438292,train,train
COCO_train2014_000000438315,train,train
COCO_train2014_000000438375,train,train
COCO_train2014_000000438453,train,train
COCO_train2014_000000438619,train,train
COCO_train2014_000000438671,train,train
COCO_train2014_000000438701,train,train
COCO_train2014_000000438904,train,train
COCO_train2014_000000439057,train,train
COCO_train2014_000000439072,train,train
COCO_train2014_000000439089,train,train
COCO_train2014_000000439175,train,train
COCO_train2014_000000439325,train,train
COCO_train2014_000000439518,train,train
COCO_train2014_000000439614,train,train
COCO_train2014_000000439633,train,train
COCO_train2014_000000439756,train,train
COCO_train2014_000000439784,train,train
COCO_train2014_000000439855,train,train
COCO_train2014_000000439865,train,train
COCO_train2014_000000440032,train,train
COCO_train2014_000000440057,train,train
COCO_train2014_000000440154,train,train
COCO_train2014_000000440243,train,train
COCO_train2014_000000440291,train,train
COCO_train2014_000000440298,train,train
COCO_train2014_000000440311,train,train
COCO_train2014_000000440372,train,train
COCO_train2014_000000440390,train,train
COCO_train2014_000000440444,train,train
COCO_train2014_000000440511,train,train
COCO_train2014_000000440527,train,train
COCO_train2014_000000440614,train,train
COCO_train2014_000000440663,train,train
COCO_train2014_000000440707,train,train
COCO_train2014_000000440735,train,train
COCO_train2014_000000440752,train,train
COCO_train2014_000000440778,train,train
COCO_train2014_000000440938,train,train
COCO_train2014_000000441062,train,train
COCO_train2014_000000441108,train,train
COCO_train2014_000000441182,train,train
COCO_train2014_000000441258,train,train
COCO_train2014_000000441296,train,train
COCO_train2014_000000441419,train,train
COCO_train2014_000000441433,train,train
COCO_train2014_000000441480,train,train
COCO_train2014_000000441488,train,train
COCO_train2014_000000441544,train,train
COCO_train2014_000000441619,train,train
COCO_train2014_000000441753,train,train
COCO_train2014_000000441952,train,train
COCO_train2014_000000442089,train,train
COCO_train2014_000000442099,train,train
COCO_train2014_000000442132,train,train
COCO_train2014_000000442277,train,train
COCO_train2014_000000442443,train,train
COCO_train2014_000000442506,train,train
COCO_train2014_000000442509,train,train
COCO_train2014_000000442593,train,train
COCO_train2014_000000442638,train,train
COCO_train2014_000000442645,train,train
COCO_train2014_000000442790,train,train
COCO_train2014_000000442874,train,train
COCO_train2014_000000442879,train,train
COCO_train2014_000000442982,train,train
COCO_train2014_000000443057,train,train
COCO_train2014_000000443136,train,train
COCO_train2014_000000443165,train,train
COCO_train2014_000000443254,train,train
COCO_train2014_000000443268,train,train
COCO_train2014_000000443410,train,train
COCO_train2014_000000443496,train,train
COCO_train2014_000000443513,train,train
COCO_train2014_000000443519,train,train
COCO_train2014_000000443575,train,train
COCO_train2014_000000443579,train,train
COCO_train2014_000000443916,train,train
COCO_train2014_000000443937,train,train
COCO_train2014_000000443940,train,train
COCO_train2014_000000443987,train,train
COCO_train2014_000000444010,train,train
COCO_train2014_000000444024,train,train
COCO_train2014_000000444036,train,train
COCO_train2014_000000444181,train,train
COCO_train2014_000000444269,train,train
COCO_train2014_000000444272,train,train
COCO_train2014_000000444285,train,train
COCO_train2014_000000444404,train,train
COCO_train2014_000000444409,train,train
COCO_train2014_000000444432,train,train
COCO_train2014_000000444448,train,train
COCO_train2014_000000444627,train,train
COCO_train2014_000000444664,train,train
COCO_train2014_000000444735,train,train
COCO_train2014_000000444997,train,train
COCO_train2014_000000445004,train,train
COCO_train2014_000000445007,train,train
COCO_train2014_000000445075,train,train
COCO_train2014_000000445111,train,train
COCO_train2014_000000445127,train,train
COCO_train2014_000000445175,train,train
COCO_train2014_000000445220,train,train
COCO_train2014_000000445263,train,train
COCO_train2014_000000445327,train,train
COCO_train2014_000000445388,train,train
COCO_train2014_000000445397,train,train
COCO_train2014_000000445404,train,train
COCO_train2014_000000445462,train,train
COCO_train2014_000000445500,train,train
COCO_train2014_000000445556,train,train
COCO_train2014_000000445592,train,train
COCO_train2014_000000445777,train,train
COCO_train2014_000000445784,train,train
COCO_train2014_000000445810,train,train
COCO_train2014_000000445829,train,train
COCO_train2014_000000445892,train,train
COCO_train2014_000000446006,train,train
COCO_train2014_000000446075,train,train
COCO_train2014_000000446088,train,train
COCO_train2014_000000446269,train,train
COCO_train2014_000000446303,train,train
COCO_train2014_000000446351,train,train
COCO_train2014_000000446521,train,train
COCO_train2014_000000446628,train,train
COCO_train2014_000000446677,train,train
COCO_train2014_000000446884,train,train
COCO_train2014_000000446937,train,train
COCO_train2014_000000446956,train,train
COCO_train2014_000000447016,train,train
COCO_train2014_000000447041,train,train
COCO_train2014_000000447074,train,train
COCO_train2014_000000447197,train,train
COCO_train2014_000000447235,train,train
COCO_train2014_000000447243,train,train
COCO_train2014_000000447253,train,train
COCO_train2014_000000447302,train,train
COCO_train2014_000000447374,train,train
COCO_train2014_000000447471,train,train
COCO_train2014_000000447574,train,train
COCO_train2014_000000447773,train,train
COCO_train2014_000000447823,train,train
COCO_train2014_000000447885,train,train
COCO_train2014_000000447976,train,train
COCO_train2014_000000448099,train,train
COCO_train2014_000000448220,train,train
COCO_train2014_000000448280,train,train
COCO_train2014_000000448368,train,train
COCO_train2014_000000448503,train,train
COCO_train2014_000000448507,train,train
COCO_train2014_000000448521,train,train
COCO_train2014_000000448558,train,train
COCO_train2014_000000448580,train,train
COCO_train2014_000000448648,train,train
COCO_train2014_000000448653,train,train
COCO_train2014_000000448671,train,train
COCO_train2014_000000448689,train,train
COCO_train2014_000000448723,train,train
COCO_train2014_000000448761,train,train
COCO_train2014_000000448826,train,train
COCO_train2014_000000448863,train,train
COCO_train2014_000000448944,train,train
COCO_train2014_000000448976,train,train
COCO_train2014_000000449071,train,train
COCO_train2014_000000449088,train,train
COCO_train2014_000000449119,train,train
COCO_train2014_000000449158,train,train
COCO_train2014_000000449220,train,train
COCO_train2014_000000449291,train,train
COCO_train2014_000000449310,train,train
COCO_train2014_000000449384,train,train
COCO_train2014_000000449394,train,train
COCO_train2014_000000449537,train,train
COCO_train2014_000000449657,train,train
COCO_train2014_000000449686,train,train
COCO_train2014_000000449760,train,train
COCO_train2014_000000449847,train,train
COCO_train2014_000000449896,train,train
COCO_train2014_000000449902,train,train
COCO_train2014_000000449904,train,train
COCO_train2014_000000449914,train,train
COCO_train2014_000000450111,train,train
COCO_train2014_000000450160,train,train
COCO_train2014_000000450173,train,train
COCO_train2014_000000450175,train,train
COCO_train2014_000000450193,train,train
COCO_train2014_000000450314,train,train
COCO_train2014_000000450317,train,train
COCO_train2014_000000450362,train,train
COCO_train2014_000000450434,train,train
COCO_train2014_000000450455,train,train
COCO_train2014_000000450471,train,train
COCO_train2014_000000450477,train,train
COCO_train2014_000000450526,train,train
COCO_train2014_000000450597,train,train
COCO_train2014_000000450598,train,train
COCO_train2014_000000450741,train,train
COCO_train2014_000000450864,train,train
COCO_train2014_000000450910,train,train
COCO_train2014_000000450914,train,train
COCO_train2014_000000450918,train,train
COCO_train2014_000000450952,train,train
COCO_train2014_000000451016,train,train
COCO_train2014_000000451024,train,train
COCO_train2014_000000451033,train,train
COCO_train2014_000000451165,train,train
COCO_train2014_000000451206,train,train
COCO_train2014_000000451283,train,train
COCO_train2014_000000451352,train,train
COCO_train2014_000000451409,train,train
COCO_train2014_000000451489,train,train
COCO_train2014_000000451513,train,train
COCO_train2014_000000451519,train,train
COCO_train2014_000000451594,train,train
COCO_train2014_000000451597,train,train
COCO_train2014_000000451698,train,train
COCO_train2014_000000451720,train,train
COCO_train2014_000000451800,train,train
COCO_train2014_000000451836,train,train
COCO_train2014_000000451969,train,train
COCO_train2014_000000452004,train,train
COCO_train2014_000000452031,train,train
COCO_train2014_000000452115,train,train
COCO_train2014_000000452170,train,train
COCO_train2014_000000452236,train,train
COCO_train2014_000000452250,train,train
COCO_train2014_000000452269,train,train
COCO_train2014_000000452342,train,train
COCO_train2014_000000452371,train,train
COCO_train2014_000000452398,train,train
COCO_train2014_000000452500,train,train
COCO_train2014_000000452502,train,train
COCO_train2014_000000452532,train,train
COCO_train2014_000000452535,train,train
COCO_train2014_000000452619,train,train
COCO_train2014_000000452621,train,train
COCO_train2014_000000452685,train,train
COCO_train2014_000000452782,train,train
COCO_train2014_000000452807,train,train
COCO_train2014_000000452852,train,train
COCO_train2014_000000452892,train,train
COCO_train2014_000000452908,train,train
COCO_train2014_000000452982,train,train
COCO_train2014_000000453106,train,train
COCO_train2014_000000453191,train,train
COCO_train2014_000000453348,train,train
COCO_train2014_000000453397,train,train
COCO_train2014_000000453409,train,train
COCO_train2014_000000453529,train,train
COCO_train2014_000000453541,train,train
COCO_train2014_000000453548,train,train
COCO_train2014_000000453562,train,train
COCO_train2014_000000453625,train,train
COCO_train2014_000000453706,train,train
COCO_train2014_000000453801,train,train
COCO_train2014_000000453866,train,train
COCO_train2014_000000453972,train,train
COCO_train2014_000000454172,train,train
COCO_train2014_000000454217,train,train
COCO_train2014_000000454477,train,train
COCO_train2014_000000454565,train,train
COCO_train2014_000000454712,train,train
COCO_train2014_000000454730,train,train
COCO_train2014_000000454796,train,train
COCO_train2014_000000454857,train,train
COCO_train2014_000000454886,train,train
COCO_train2014_000000454894,train,train
COCO_train2014_000000454917,train,train
COCO_train2014_000000454928,train,train
COCO_train2014_000000455020,train,train
COCO_train2014_000000455037,train,train
COCO_train2014_000000455322,train,train
COCO_train2014_000000455333,train,train
COCO_train2014_000000455334,train,train
COCO_train2014_000000455370,train,train
COCO_train2014_000000455400,train,train
COCO_train2014_000000455406,train,train
COCO_train2014_000000455523,train,train
COCO_train2014_000000455565,train,train
COCO_train2014_000000455651,train,train
COCO_train2014_000000455665,train,train
COCO_train2014_000000455677,train,train
COCO_train2014_000000455691,train,train
COCO_train2014_000000455856,train,train
COCO_train2014_000000455902,train,train
COCO_train2014_000000456035,train,train
COCO_train2014_000000456109,train,train
COCO_train2014_000000456113,train,train
COCO_train2014_000000456251,train,train
COCO_train2014_000000456286,train,train
COCO_train2014_000000456344,train,train
COCO_train2014_000000456392,train,train
COCO_train2014_000000456443,train,train
COCO_train2014_000000456499,train,train
COCO_train2014_000000456606,train,train
COCO_train2014_000000456608,train,train
COCO_train2014_000000456639,train,train
COCO_train2014_000000456658,train,train
COCO_train2014_000000456790,train,train
COCO_train2014_000000456949,train,train
COCO_train2014_000000456988,train,train
COCO_train2014_000000457035,train,train
COCO_train2014_000000457087,train,train
COCO_train2014_000000457235,train,train
COCO_train2014_000000457263,train,train
COCO_train2014_000000457383,train,train
COCO_train2014_000000457448,train,train
COCO_train2014_000000457672,train,train
COCO_train2014_000000457705,train,train
COCO_train2014_000000457737,train,train
COCO_train2014_000000457796,train,train
COCO_train2014_000000457827,train,train
COCO_train2014_000000458160,train,train
COCO_train2014_000000458172,train,train
COCO_train2014_000000458230,train,train
COCO_train2014_000000458249,train,train
COCO_train2014_000000458282,train,train
COCO_train2014_000000458543,train,train
COCO_train2014_000000458604,train,train
COCO_train2014_000000458611,train,train
COCO_train2014_000000458621,train,train
COCO_train2014_000000458752,train,train
COCO_train2014_000000458756,train,train
COCO_train2014_000000458802,train,train
COCO_train2014_000000458970,train,train
COCO_train2014_000000459189,train,train
COCO_train2014_000000459310,train,train
COCO_train2014_000000459319,train,train
COCO_train2014_000000459328,train,train
COCO_train2014_000000459557,train,train
COCO_train2014_000000459569,train,train
COCO_train2014_000000459694,train,train
COCO_train2014_000000459767,train,train
COCO_train2014_000000459799,train,train
COCO_train2014_000000459800,train,train
COCO_train2014_000000460031,train,train
COCO_train2014_000000460042,train,train
COCO_train2014_000000460097,train,train
COCO_train2014_000000460143,train,train
COCO_train2014_000000460198,train,train
COCO_train2014_000000460231,train,train
COCO_train2014_000000460234,train,train
COCO_train2014_000000460342,train,train
COCO_train2014_000000460343,train,train
COCO_train2014_000000460408,train,train
COCO_train2014_000000460441,train,train
COCO_train2014_000000460482,train,train
COCO_train2014_000000460484,train,train
COCO_train2014_000000460495,train,train
COCO_train2014_000000460496,train,train
COCO_train2014_000000460694,train,train
COCO_train2014_000000460702,train,train
COCO_train2014_000000460715,train,train
COCO_train2014_000000460728,train,train
COCO_train2014_000000460809,train,train
COCO_train2014_000000460862,train,train
COCO_train2014_000000460915,train,train
COCO_train2014_000000460916,train,train
COCO_train2014_000000460950,train,train
COCO_train2014_000000461221,train,train
COCO_train2014_000000461365,train,train
COCO_train2014_000000461389,train,train
COCO_train2014_000000461464,train,train
COCO_train2014_000000461494,train,train
COCO_train2014_000000461519,train,train
COCO_train2014_000000461521,train,train
COCO_train2014_000000461567,train,train
COCO_train2014_000000461593,train,train
COCO_train2014_000000461600,train,train
COCO_train2014_000000461657,train,train
COCO_train2014_000000461705,train,train
COCO_train2014_000000461847,train,train
COCO_train2014_000000461870,train,train
COCO_train2014_000000461876,train,train
COCO_train2014_000000461917,train,train
COCO_train2014_000000462071,train,train
COCO_train2014_000000462075,train,train
COCO_train2014_000000462404,train,train
COCO_train2014_000000462477,train,train
COCO_train2014_000000462501,train,train
COCO_train2014_000000462504,train,train
COCO_train2014_000000462509,train,train
COCO_train2014_000000462517,train,train
COCO_train2014_000000462536,train,train
COCO_train2014_000000462549,train,train
COCO_train2014_000000462599,train,train
COCO_train2014_000000462662,train,train
COCO_train2014_000000462709,train,train
COCO_train2014_000000462712,train,train
COCO_train2014_000000462791,train,train
COCO_train2014_000000462803,train,train
COCO_train2014_000000462811,train,train
COCO_train2014_000000462833,train,train
COCO_train2014_000000462860,train,train
COCO_train2014_000000462911,train,train
COCO_train2014_000000462998,train,train
COCO_train2014_000000463004,train,train
COCO_train2014_000000463110,train,train
COCO_train2014_000000463175,train,train
COCO_train2014_000000463189,train,train
COCO_train2014_000000463201,train,train
COCO_train2014_000000463284,train,train
COCO_train2014_000000463349,train,train
COCO_train2014_000000463546,train,train
COCO_train2014_000000463564,train,train
COCO_train2014_000000463567,train,train
COCO_train2014_000000463591,train,train
COCO_train2014_000000463613,train,train
COCO_train2014_000000463619,train,train
COCO_train2014_000000463695,train,train
COCO_train2014_000000463851,train,train
COCO_train2014_000000463875,train,train
COCO_train2014_000000463953,train,train
COCO_train2014_000000463989,train,train
COCO_train2014_000000464056,train,train
COCO_train2014_000000464079,train,train
COCO_train2014_000000464150,train,train
COCO_train2014_000000464305,train,train
COCO_train2014_000000464494,train,train
COCO_train2014_000000464537,train,train
COCO_train2014_000000464585,train,train
COCO_train2014_000000464650,train,train
COCO_train2014_000000464675,train,train
COCO_train2014_000000464715,train,train
COCO_train2014_000000464845,train,train
COCO_train2014_000000464854,train,train
COCO_train2014_000000464859,train,train
COCO_train2014_000000464871,train,train
COCO_train2014_000000464895,train,train
COCO_train2014_000000464965,train,train
COCO_train2014_000000465204,train,train
COCO_train2014_000000465213,train,train
COCO_train2014_000000465229,train,train
COCO_train2014_000000465369,train,train
COCO_train2014_000000465374,train,train
COCO_train2014_000000465457,train,train
COCO_train2014_000000465465,train,train
COCO_train2014_000000465670,train,train
COCO_train2014_000000465695,train,train
COCO_train2014_000000465702,train,train
COCO_train2014_000000465740,train,train
COCO_train2014_000000465779,train,train
COCO_train2014_000000465814,train,train
COCO_train2014_000000465829,train,train
COCO_train2014_000000465838,train,train
COCO_train2014_000000465854,train,train
COCO_train2014_000000465922,train,train
COCO_train2014_000000466083,train,train
COCO_train2014_000000466132,train,train
COCO_train2014_000000466145,train,train
COCO_train2014_000000466179,train,train
COCO_train2014_000000466242,train,train
COCO_train2014_000000466277,train,train
COCO_train2014_000000466373,train,train
COCO_train2014_000000466378,train,train
COCO_train2014_000000466406,train,train
COCO_train2014_000000466447,train,train
COCO_train2014_000000466451,train,train
COCO_train2014_000000466491,train,train
COCO_train2014_000000466536,train,train
COCO_train2014_000000466544,train,train
COCO_train2014_000000466547,train,train
COCO_train2014_000000466656,train,train
COCO_train2014_000000466730,train,train
COCO_train2014_000000466807,train,train
COCO_train2014_000000466885,train,train
COCO_train2014_000000466890,train,train
COCO_train2014_000000466910,train,train
COCO_train2014_000000466942,train,train
COCO_train2014_000000466964,train,train
COCO_train2014_000000466985,train,train
COCO_train2014_000000467037,train,train
COCO_train2014_000000467063,train,train
COCO_train2014_000000467089,train,train
COCO_train2014_000000467177,train,train
COCO_train2014_000000467262,train,train
COCO_train2014_000000467432,train,train
COCO_train2014_000000467589,train,train
COCO_train2014_000000467674,train,train
COCO_train2014_000000467686,train,train
COCO_train2014_000000467723,train,train
COCO_train2014_000000467753,train,train
COCO_train2014_000000467769,train,train
COCO_train2014_000000467774,train,train
COCO_train2014_000000467779,train,train
COCO_train2014_000000467790,train,train
COCO_train2014_000000467878,train,train
COCO_train2014_000000468117,train,train
COCO_train2014_000000468243,train,train
COCO_train2014_000000468276,train,train
COCO_train2014_000000468341,train,train
COCO_train2014_000000468503,train,train
COCO_train2014_000000468538,train,train
COCO_train2014_000000468542,train,train
COCO_train2014_000000468670,train,train
COCO_train2014_000000468818,train,train
COCO_train2014_000000468826,train,train
COCO_train2014_000000468830,train,train
COCO_train2014_000000468834,train,train
COCO_train2014_000000468841,train,train
COCO_train2014_000000468852,train,train
COCO_train2014_000000468876,train,train
COCO_train2014_000000469014,train,train
COCO_train2014_000000469195,train,train
COCO_train2014_000000469293,train,train
COCO_train2014_000000469315,train,train
COCO_train2014_000000469389,train,train
COCO_train2014_000000469427,train,train
COCO_train2014_000000469515,train,train
COCO_train2014_000000469587,train,train
COCO_train2014_000000469614,train,train
COCO_train2014_000000469619,train,train
COCO_train2014_000000469661,train,train
COCO_train2014_000000469728,train,train
COCO_train2014_000000469762,train,train
COCO_train2014_000000469768,train,train
COCO_train2014_000000469770,train,train
COCO_train2014_000000469779,train,train
COCO_train2014_000000469781,train,train
COCO_train2014_000000469825,train,train
COCO_train2014_000000469832,train,train
COCO_train2014_000000469851,train,train
COCO_train2014_000000469880,train,train
COCO_train2014_000000469914,train,train
COCO_train2014_000000470046,train,train
COCO_train2014_000000470068,train,train
COCO_train2014_000000470073,train,train
COCO_train2014_000000470112,train,train
COCO_train2014_000000470189,train,train
COCO_train2014_000000470267,train,train
COCO_train2014_000000470300,train,train
COCO_train2014_000000470321,train,train
COCO_train2014_000000470354,train,train
COCO_train2014_000000470454,train,train
COCO_train2014_000000470472,train,train
COCO_train2014_000000470525,train,train
COCO_train2014_000000470532,train,train
COCO_train2014_000000470547,train,train
COCO_train2014_000000470551,train,train
COCO_train2014_000000470720,train,train
COCO_train2014_000000470722,train,train
COCO_train2014_000000470774,train,train
COCO_train2014_000000470811,train,train
COCO_train2014_000000470862,train,train
COCO_train2014_000000470937,train,train
COCO_train2014_000000471188,train,train
COCO_train2014_000000471222,train,train
COCO_train2014_000000471345,train,train
COCO_train2014_000000471348,train,train
COCO_train2014_000000471351,train,train
COCO_train2014_000000471382,train,train
COCO_train2014_000000471407,train,train
COCO_train2014_000000471409,train,train
COCO_train2014_000000471470,train,train
COCO_train2014_000000471529,train,train
COCO_train2014_000000471647,train,train
COCO_train2014_000000471686,train,train
COCO_train2014_000000471708,train,train
COCO_train2014_000000471755,train,train
COCO_train2014_000000471790,train,train
COCO_train2014_000000471863,train,train
COCO_train2014_000000471905,train,train
COCO_train2014_000000471935,train,train
COCO_train2014_000000471946,train,train
COCO_train2014_000000471952,train,train
COCO_train2014_000000471966,train,train
COCO_train2014_000000472024,train,train
COCO_train2014_000000472041,train,train
COCO_train2014_000000472079,train,train
COCO_train2014_000000472097,train,train
COCO_train2014_000000472258,train,train
COCO_train2014_000000472296,train,train
COCO_train2014_000000472314,train,train
COCO_train2014_000000472348,train,train
COCO_train2014_000000472392,train,train
COCO_train2014_000000472452,train,train
COCO_train2014_000000472485,train,train
COCO_train2014_000000472521,train,train
COCO_train2014_000000472553,train,train
COCO_train2014_000000472609,train,train
COCO_train2014_000000472639,train,train
COCO_train2014_000000472737,train,train
COCO_train2014_000000472861,train,train
COCO_train2014_000000472893,train,train
COCO_train2014_000000472900,train,train
COCO_train2014_000000472925,train,train
COCO_train2014_000000473029,train,train
COCO_train2014_000000473052,train,train
COCO_train2014_000000473072,train,train
COCO_train2014_000000473082,train,train
COCO_train2014_000000473102,train,train
COCO_train2014_000000473125,train,train
COCO_train2014_000000473131,train,train
COCO_train2014_000000473137,train,train
COCO_train2014_000000473156,train,train
COCO_train2014_000000473261,train,train
COCO_train2014_000000473500,train,train
COCO_train2014_000000473508,train,train
COCO_train2014_000000473549,train,train
COCO_train2014_000000473575,train,train
COCO_train2014_000000473616,train,train
COCO_train2014_000000473665,train,train
COCO_train2014_000000473726,train,train
COCO_train2014_000000473771,train,train
COCO_train2014_000000473842,train,train
COCO_train2014_000000473866,train,train
COCO_train2014_000000473928,train,train
COCO_train2014_000000473952,train,train
COCO_train2014_000000473985,train,train
COCO_train2014_000000474004,train,train
COCO_train2014_000000474031,train,train
COCO_train2014_000000474105,train,train
COCO_train2014_000000474383,train,train
COCO_train2014_000000474446,train,train
COCO_train2014_000000474472,train,train
COCO_train2014_000000474562,train,train
COCO_train2014_000000474607,train,train
COCO_train2014_000000474709,train,train
COCO_train2014_000000474941,train,train
COCO_train2014_000000474955,train,train
COCO_train2014_000000474984,train,train
COCO_train2014_000000475001,train,train
COCO_train2014_000000475019,train,train
COCO_train2014_000000475177,train,train
COCO_train2014_000000475306,train,train
COCO_train2014_000000475316,train,train
COCO_train2014_000000475318,train,train
COCO_train2014_000000475336,train,train
COCO_train2014_000000475380,train,train
COCO_train2014_000000475425,train,train
COCO_train2014_000000475551,train,train
COCO_train2014_000000475580,train,train
COCO_train2014_000000475588,train,train
COCO_train2014_000000475692,train,train
COCO_train2014_000000475731,train,train
COCO_train2014_000000475744,train,train
COCO_train2014_000000475815,train,train
COCO_train2014_000000475857,train,train
COCO_train2014_000000475939,train,train
COCO_train2014_000000475957,train,train
COCO_train2014_000000475999,train,train
COCO_train2014_000000476106,train,train
COCO_train2014_000000476188,train,train
COCO_train2014_000000476220,train,train
COCO_train2014_000000476481,train,train
COCO_train2014_000000476500,train,train
COCO_train2014_000000476517,train,train
COCO_train2014_000000476761,train,train
COCO_train2014_000000476826,train,train
COCO_train2014_000000476893,train,train
COCO_train2014_000000476904,train,train
COCO_train2014_000000476965,train,train
COCO_train2014_000000477005,train,train
COCO_train2014_000000477015,train,train
COCO_train2014_000000477179,train,train
COCO_train2014_000000477226,train,train
COCO_train2014_000000477233,train,train
COCO_train2014_000000477259,train,train
COCO_train2014_000000477298,train,train
COCO_train2014_000000477440,train,train
COCO_train2014_000000477442,train,train
COCO_train2014_000000477468,train,train
COCO_train2014_000000477471,train,train
COCO_train2014_000000477491,train,train
COCO_train2014_000000477563,train,train
COCO_train2014_000000477622,train,train
COCO_train2014_000000477643,train,train
COCO_train2014_000000477797,train,train
COCO_train2014_000000477892,train,train
COCO_train2014_000000478145,train,train
COCO_train2014_000000478198,train,train
COCO_train2014_000000478227,train,train
COCO_train2014_000000478306,train,train
COCO_train2014_000000478537,train,train
COCO_train2014_000000478609,train,train
COCO_train2014_000000478648,train,train
COCO_train2014_000000478652,train,train
COCO_train2014_000000478712,train,train
COCO_train2014_000000478726,train,train
COCO_train2014_000000478741,train,train
COCO_train2014_000000478833,train,train
COCO_train2014_000000478835,train,train
COCO_train2014_000000478845,train,train
COCO_train2014_000000479035,train,train
COCO_train2014_000000479360,train,train
COCO_train2014_000000479390,train,train
COCO_train2014_000000479501,train,train
COCO_train2014_000000479595,train,train
COCO_train2014_000000479608,train,train
COCO_train2014_000000479729,train,train
COCO_train2014_000000479867,train,train
COCO_train2014_000000479935,train,train
COCO_train2014_000000480082,train,train
COCO_train2014_000000480121,train,train
COCO_train2014_000000480153,train,train
COCO_train2014_000000480161,train,train
COCO_train2014_000000480196,train,train
COCO_train2014_000000480241,train,train
COCO_train2014_000000480295,train,train
COCO_train2014_000000480487,train,train
COCO_train2014_000000480566,train,train
COCO_train2014_000000480661,train,train
COCO_train2014_000000480723,train,train
COCO_train2014_000000480728,train,train
COCO_train2014_000000480741,train,train
COCO_train2014_000000480779,train,train
COCO_train2014_000000480792,train,train
COCO_train2014_000000480797,train,train
COCO_train2014_000000480820,train,train
COCO_train2014_000000480843,train,train
COCO_train2014_000000480890,train,train
COCO_train2014_000000480950,train,train
COCO_train2014_000000480991,train,train
COCO_train2014_000000481002,train,train
COCO_train2014_000000481039,train,train
COCO_train2014_000000481091,train,train
COCO_train2014_000000481099,train,train
COCO_train2014_000000481101,train,train
COCO_train2014_000000481292,train,train
COCO_train2014_000000481298,train,train
COCO_train2014_000000481357,train,train
COCO_train2014_000000481407,train,train
COCO_train2014_000000481441,train,train
COCO_train2014_000000481506,train,train
COCO_train2014_000000481524,train,train
COCO_train2014_000000481553,train,train
COCO_train2014_000000481689,train,train
COCO_train2014_000000481732,train,train
COCO_train2014_000000481796,train,train
COCO_train2014_000000481810,train,train
COCO_train2014_000000481841,train,train
COCO_train2014_000000481879,train,train
COCO_train2014_000000481971,train,train
COCO_train2014_000000482049,train,train
COCO_train2014_000000482084,train,train
COCO_train2014_000000482127,train,train
COCO_train2014_000000482148,train,train
COCO_train2014_000000482191,train,train
COCO_train2014_000000482196,train,train
COCO_train2014_000000482197,train,train
COCO_train2014_000000482234,train,train
COCO_train2014_000000482296,train,train
COCO_train2014_000000482371,train,train
COCO_train2014_000000482439,train,train
COCO_train2014_000000482472,train,train
COCO_train2014_000000482545,train,train
COCO_train2014_000000482728,train,train
COCO_train2014_000000482841,train,train
COCO_train2014_000000483070,train,train
COCO_train2014_000000483083,train,train
COCO_train2014_000000483187,train,train
COCO_train2014_000000483205,train,train
COCO_train2014_000000483261,train,train
COCO_train2014_000000483377,train,train
COCO_train2014_000000483378,train,train
COCO_train2014_000000483425,train,train
COCO_train2014_000000483458,train,train
COCO_train2014_000000483489,train,train
COCO_train2014_000000483611,train,train
COCO_train2014_000000483646,train,train
COCO_train2014_000000483677,train,train
COCO_train2014_000000483752,train,train
COCO_train2014_000000483757,train,train
COCO_train2014_000000483794,train,train
COCO_train2014_000000483795,train,train
COCO_train2014_000000483996,train,train
COCO_train2014_000000484019,train,train
COCO_train2014_000000484136,train,train
COCO_train2014_000000484171,train,train
COCO_train2014_000000484201,train,train
COCO_train2014_000000484281,train,train
COCO_train2014_000000484282,train,train
COCO_train2014_000000484302,train,train
COCO_train2014_000000484336,train,train
COCO_train2014_000000484341,train,train
COCO_train2014_000000484344,train,train
COCO_train2014_000000484386,train,train
COCO_train2014_000000484476,train,train
COCO_train2014_000000484506,train,train
COCO_train2014_000000484650,train,train
COCO_train2014_000000484690,train,train
COCO_train2014_000000484739,train,train
COCO_train2014_000000484835,train,train
COCO_train2014_000000484843,train,train
COCO_train2014_000000484847,train,train
COCO_train2014_000000485014,train,train
COCO_train2014_000000485025,train,train
COCO_train2014_000000485059,train,train
COCO_train2014_000000485247,train,train
COCO_train2014_000000485317,train,train
COCO_train2014_000000485342,train,train
COCO_train2014_000000485387,train,train
COCO_train2014_000000485481,train,train
COCO_train2014_000000485484,train,train
COCO_train2014_000000485526,train,train
COCO_train2014_000000485595,train,train
COCO_train2014_000000485605,train,train
COCO_train2014_000000485755,train,train
COCO_train2014_000000485788,train,train
COCO_train2014_000000485856,train,train
COCO_train2014_000000485926,train,train
COCO_train2014_000000485954,train,train
COCO_train2014_000000486045,train,train
COCO_train2014_000000486066,train,train
COCO_train2014_000000486123,train,train
COCO_train2014_000000486159,train,train
COCO_train2014_000000486257,train,train
COCO_train2014_000000486262,train,train
COCO_train2014_000000486298,train,train
COCO_train2014_000000486376,train,train
COCO_train2014_000000486449,train,train
COCO_train2014_000000486545,train,train
COCO_train2014_000000486555,train,train
COCO_train2014_000000486567,train,train
COCO_train2014_000000486609,train,train
COCO_train2014_000000486650,train,train
COCO_train2014_000000486732,train,train
COCO_train2014_000000486789,train,train
COCO_train2014_000000487011,train,train
COCO_train2014_000000487033,train,train
COCO_train2014_000000487036,train,train
COCO_train2014_000000487061,train,train
COCO_train2014_000000487139,train,train
COCO_train2014_000000487167,train,train
COCO_train2014_000000487288,train,train
COCO_train2014_000000487378,train,train
COCO_train2014_000000487392,train,train
COCO_train2014_000000487462,train,train
COCO_train2014_000000487476,train,train
COCO_train2014_000000487486,train,train
COCO_train2014_000000487496,train,train
COCO_train2014_000000487555,train,train
COCO_train2014_000000487559,train,train
COCO_train2014_000000487632,train,train
COCO_train2014_000000487766,train,train
COCO_train2014_000000487810,train,train
COCO_train2014_000000487825,train,train
COCO_train2014_000000487840,train,train
COCO_train2014_000000487851,train,train
COCO_train2014_000000488002,train,train
COCO_train2014_000000488014,train,train
COCO_train2014_000000488132,train,train
COCO_train2014_000000488303,train,train
COCO_train2014_000000488363,train,train
COCO_train2014_000000488390,train,train
COCO_train2014_000000488403,train,train
COCO_train2014_000000488726,train,train
COCO_train2014_000000488747,train,train
COCO_train2014_000000488862,train,train
COCO_train2014_000000488880,train,train
COCO_train2014_000000488918,train,train
COCO_train2014_000000488980,train,train
COCO_train2014_000000488990,train,train
COCO_train2014_000000489140,train,train
COCO_train2014_000000489276,train,train
COCO_train2014_000000489279,train,train
COCO_train2014_000000489288,train,train
COCO_train2014_000000489372,train,train
COCO_train2014_000000489374,train,train
COCO_train2014_000000489400,train,train
COCO_train2014_000000489463,train,train
COCO_train2014_000000489476,train,train
COCO_train2014_000000489695,train,train
COCO_train2014_000000489734,train,train
COCO_train2014_000000489735,train,train
COCO_train2014_000000489785,train,train
COCO_train2014_000000489827,train,train
COCO_train2014_000000489849,train,train
COCO_train2014_000000489906,train,train
COCO_train2014_000000489958,train,train
COCO_train2014_000000489986,train,train
COCO_train2014_000000489998,train,train
COCO_train2014_000000490102,train,train
COCO_train2014_000000490112,train,train
COCO_train2014_000000490261,train,train
COCO_train2014_000000490264,train,train
COCO_train2014_000000490312,train,train
COCO_train2014_000000490328,train,train
COCO_train2014_000000490385,train,train
COCO_train2014_000000490461,train,train
COCO_train2014_000000490496,train,train
COCO_train2014_000000490532,train,train
COCO_train2014_000000490570,train,train
COCO_train2014_000000490723,train,train
COCO_train2014_000000490993,train,train
COCO_train2014_000000491241,train,train
COCO_train2014_000000491250,train,train
COCO_train2014_000000491272,train,train
COCO_train2014_000000491279,train,train
COCO_train2014_000000491319,train,train
COCO_train2014_000000491330,train,train
COCO_train2014_000000491492,train,train
COCO_train2014_000000491525,train,train
COCO_train2014_000000491526,train,train
COCO_train2014_000000491597,train,train
COCO_train2014_000000491628,train,train
COCO_train2014_000000491636,train,train
COCO_train2014_000000491664,train,train
COCO_train2014_000000491801,train,train
COCO_train2014_000000491830,train,train
COCO_train2014_000000491845,train,train
COCO_train2014_000000491936,train,train
COCO_train2014_000000491981,train,train
COCO_train2014_000000492040,train,train
COCO_train2014_000000492078,train,train
COCO_train2014_000000492114,train,train
COCO_train2014_000000492131,train,train
COCO_train2014_000000492137,train,train
COCO_train2014_000000492138,train,train
COCO_train2014_000000492156,train,train
COCO_train2014_000000492178,train,train
COCO_train2014_000000492261,train,train
COCO_train2014_000000492268,train,train
COCO_train2014_000000492386,train,train
COCO_train2014_000000492466,train,train
COCO_train2014_000000492478,train,train
COCO_train2014_000000492550,train,train
COCO_train2014_000000492627,train,train
COCO_train2014_000000492642,train,train
COCO_train2014_000000492674,train,train
COCO_train2014_000000492684,train,train
COCO_train2014_000000492851,train,train
COCO_train2014_000000492954,train,train
COCO_train2014_000000493066,train,train
COCO_train2014_000000493197,train,train
COCO_train2014_000000493252,train,train
COCO_train2014_000000493428,train,train
COCO_train2014_000000493483,train,train
COCO_train2014_000000493547,train,train
COCO_train2014_000000493576,train,train
COCO_train2014_000000493732,train,train
COCO_train2014_000000493741,train,train
COCO_train2014_000000493769,train,train
COCO_train2014_000000493791,train,train
COCO_train2014_000000493822,train,train
COCO_train2014_000000493859,train,train
COCO_train2014_000000493911,train,train
COCO_train2014_000000493947,train,train
COCO_train2014_000000494007,train,train
COCO_train2014_000000494066,train,train
COCO_train2014_000000494155,train,train
COCO_train2014_000000494190,train,train
COCO_train2014_000000494195,train,train
COCO_train2014_000000494217,train,train
COCO_train2014_000000494236,train,train
COCO_train2014_000000494282,train,train
COCO_train2014_000000494297,train,train
COCO_train2014_000000494341,train,train
COCO_train2014_000000494415,train,train
COCO_train2014_000000494471,train,train
COCO_train2014_000000494552,train,train
COCO_train2014_000000494568,train,train
COCO_train2014_000000494599,train,train
COCO_train2014_000000494642,train,train
COCO_train2014_000000494690,train,train
COCO_train2014_000000494711,train,train
COCO_train2014_000000494771,train,train
COCO_train2014_000000494894,train,train
COCO_train2014_000000494900,train,train
COCO_train2014_000000494936,train,train
COCO_train2014_000000494941,train,train
COCO_train2014_000000494959,train,train
COCO_train2014_000000495051,train,train
COCO_train2014_000000495122,train,train
COCO_train2014_000000495169,train,train
COCO_train2014_000000495243,train,train
COCO_train2014_000000495374,train,train
COCO_train2014_000000495445,train,train
COCO_train2014_000000495528,train,train
COCO_train2014_000000495592,train,train
COCO_train2014_000000495641,train,train
COCO_train2014_000000495695,train,train
COCO_train2014_000000495722,train,train
COCO_train2014_000000495789,train,train
COCO_train2014_000000495814,train,train
COCO_train2014_000000495875,train,train
COCO_train2014_000000495956,train,train
COCO_train2014_000000495969,train,train
COCO_train2014_000000495997,train,train
COCO_train2014_000000496045,train,train
COCO_train2014_000000496053,train,train
COCO_train2014_000000496128,train,train
COCO_train2014_000000496160,train,train
COCO_train2014_000000496196,train,train
COCO_train2014_000000496215,train,train
COCO_train2014_000000496290,train,train
COCO_train2014_000000496404,train,train
COCO_train2014_000000496424,train,train
COCO_train2014_000000496429,train,train
COCO_train2014_000000496434,train,train
COCO_train2014_000000496499,train,train
COCO_train2014_000000496517,train,train
COCO_train2014_000000496678,train,train
COCO_train2014_000000496732,train,train
COCO_train2014_000000496747,train,train
COCO_train2014_000000496793,train,train
COCO_train2014_000000496826,train,train
COCO_train2014_000000496832,train,train
COCO_train2014_000000496902,train,train
COCO_train2014_000000496942,train,train
COCO_train2014_000000496943,train,train
COCO_train2014_000000497010,train,train
COCO_train2014_000000497140,train,train
COCO_train2014_000000497211,train,train
COCO_train2014_000000497216,train,train
COCO_train2014_000000497227,train,train
COCO_train2014_000000497245,train,train
COCO_train2014_000000497261,train,train
COCO_train2014_000000497273,train,train
COCO_train2014_000000497274,train,train
COCO_train2014_000000497494,train,train
COCO_train2014_000000497519,train,train
COCO_train2014_000000497558,train,train
COCO_train2014_000000497562,train,train
COCO_train2014_000000497617,train,train
COCO_train2014_000000497733,train,train
COCO_train2014_000000497788,train,train
COCO_train2014_000000498114,train,train
COCO_train2014_000000498156,train,train
COCO_train2014_000000498160,train,train
COCO_train2014_000000498427,train,train
COCO_train2014_000000498492,train,train
COCO_train2014_000000498644,train,train
COCO_train2014_000000498669,train,train
COCO_train2014_000000498729,train,train
COCO_train2014_000000498768,train,train
COCO_train2014_000000498796,train,train
COCO_train2014_000000498967,train,train
COCO_train2014_000000498988,train,train
COCO_train2014_000000499026,train,train
COCO_train2014_000000499135,train,train
COCO_train2014_000000499204,train,train
COCO_train2014_000000499225,train,train
COCO_train2014_000000499230,train,train
COCO_train2014_000000499300,train,train
COCO_train2014_000000499336,train,train
COCO_train2014_000000499376,train,train
COCO_train2014_000000499419,train,train
COCO_train2014_000000499451,train,train
COCO_train2014_000000499512,train,train
COCO_train2014_000000499749,train,train
COCO_train2014_000000499784,train,train
COCO_train2014_000000499913,train,train
COCO_train2014_000000499930,train,train
COCO_train2014_000000499932,train,train
COCO_train2014_000000499952,train,train
COCO_train2014_000000499966,train,train
COCO_train2014_000000500027,train,train
COCO_train2014_000000500057,train,train
COCO_train2014_000000500077,train,train
COCO_train2014_000000500099,train,train
COCO_train2014_000000500136,train,train
COCO_train2014_000000500147,train,train
COCO_train2014_000000500152,train,train
COCO_train2014_000000500165,train,train
COCO_train2014_000000500271,train,train
COCO_train2014_000000500440,train,train
COCO_train2014_000000500457,train,train
COCO_train2014_000000500515,train,train
COCO_train2014_000000500531,train,train
COCO_train2014_000000500646,train,train
COCO_train2014_000000500679,train,train
COCO_train2014_000000500694,train,train
COCO_train2014_000000500764,train,train
COCO_train2014_000000500792,train,train
COCO_train2014_000000500877,train,train
COCO_train2014_000000500921,train,train
COCO_train2014_000000500946,train,train
COCO_train2014_000000500973,train,train
COCO_train2014_000000500981,train,train
COCO_train2014_000000500984,train,train
COCO_train2014_000000501175,train,train
COCO_train2014_000000501210,train,train
COCO_train2014_000000501269,train,train
COCO_train2014_000000501293,train,train
COCO_train2014_000000501441,train,train
COCO_train2014_000000501549,train,train
COCO_train2014_000000501625,train,train
COCO_train2014_000000501646,train,train
COCO_train2014_000000501718,train,train
COCO_train2014_000000501739,train,train
COCO_train2014_000000501758,train,train
COCO_train2014_000000501785,train,train
COCO_train2014_000000501867,train,train
COCO_train2014_000000501902,train,train
COCO_train2014_000000501909,train,train
COCO_train2014_000000501959,train,train
COCO_train2014_000000501967,train,train
COCO_train2014_000000501995,train,train
COCO_train2014_000000502091,train,train
COCO_train2014_000000502112,train,train
COCO_train2014_000000502116,train,train
COCO_train2014_000000502179,train,train
COCO_train2014_000000502232,train,train
COCO_train2014_000000502248,train,train
COCO_train2014_000000502300,train,train
COCO_train2014_000000502324,train,train
COCO_train2014_000000502338,train,train
COCO_train2014_000000502379,train,train
COCO_train2014_000000502395,train,train
COCO_train2014_000000502407,train,train
COCO_train2014_000000502508,train,train
COCO_train2014_000000502529,train,train
COCO_train2014_000000502581,train,train
COCO_train2014_000000502593,train,train
COCO_train2014_000000502726,train,train
COCO_train2014_000000502772,train,train
COCO_train2014_000000502838,train,train
COCO_train2014_000000502894,train,train
COCO_train2014_000000502914,train,train
COCO_train2014_000000503014,train,train
COCO_train2014_000000503015,train,train
COCO_train2014_000000503150,train,train
COCO_train2014_000000503249,train,train
COCO_train2014_000000503478,train,train
COCO_train2014_000000503479,train,train
COCO_train2014_000000503535,train,train
COCO_train2014_000000503557,train,train
COCO_train2014_000000503674,train,train
COCO_train2014_000000503871,train,train
COCO_train2014_000000503996,train,train
COCO_train2014_000000504030,train,train
COCO_train2014_000000504054,train,train
COCO_train2014_000000504058,train,train
COCO_train2014_000000504069,train,train
COCO_train2014_000000504108,train,train
COCO_train2014_000000504130,train,train
COCO_train2014_000000504140,train,train
COCO_train2014_000000504141,train,train
COCO_train2014_000000504159,train,train
COCO_train2014_000000504160,train,train
COCO_train2014_000000504211,train,train
COCO_train2014_000000504306,train,train
COCO_train2014_000000504396,train,train
COCO_train2014_000000504493,train,train
COCO_train2014_000000504598,train,train
COCO_train2014_000000504664,train,train
COCO_train2014_000000504774,train,train
COCO_train2014_000000504800,train,train
COCO_train2014_000000504862,train,train
COCO_train2014_000000504878,train,train
COCO_train2014_000000504974,train,train
COCO_train2014_000000505104,train,train
COCO_train2014_000000505288,train,train
COCO_train2014_000000505309,train,train
COCO_train2014_000000505384,train,train
COCO_train2014_000000505418,train,train
COCO_train2014_000000505421,train,train
COCO_train2014_000000505501,train,train
COCO_train2014_000000505552,train,train
COCO_train2014_000000505579,train,train
COCO_train2014_000000505625,train,train
COCO_train2014_000000505645,train,train
COCO_train2014_000000505649,train,train
COCO_train2014_000000505666,train,train
COCO_train2014_000000505700,train,train
COCO_train2014_000000505705,train,train
COCO_train2014_000000505713,train,train
COCO_train2014_000000505768,train,train
COCO_train2014_000000505791,train,train
COCO_train2014_000000505827,train,train
COCO_train2014_000000505895,train,train
COCO_train2014_000000506026,train,train
COCO_train2014_000000506030,train,train
COCO_train2014_000000506037,train,train
COCO_train2014_000000506039,train,train
COCO_train2014_000000506073,train,train
COCO_train2014_000000506162,train,train
COCO_train2014_000000506283,train,train
COCO_train2014_000000506316,train,train
COCO_train2014_000000506372,train,train
COCO_train2014_000000506470,train,train
COCO_train2014_000000506576,train,train
COCO_train2014_000000506589,train,train
COCO_train2014_000000506641,train,train
COCO_train2014_000000506735,train,train
COCO_train2014_000000506750,train,train
COCO_train2014_000000506927,train,train
COCO_train2014_000000506964,train,train
COCO_train2014_000000506988,train,train
COCO_train2014_000000507196,train,train
COCO_train2014_000000507243,train,train
COCO_train2014_000000507570,train,train
COCO_train2014_000000507603,train,train
COCO_train2014_000000507680,train,train
COCO_train2014_000000507769,train,train
COCO_train2014_000000507776,train,train
COCO_train2014_000000507876,train,train
COCO_train2014_000000507882,train,train
COCO_train2014_000000508202,train,train
COCO_train2014_000000508207,train,train
COCO_train2014_000000508252,train,train
COCO_train2014_000000508278,train,train
COCO_train2014_000000508382,train,train
COCO_train2014_000000508555,train,train
COCO_train2014_000000508592,train,train
COCO_train2014_000000508663,train,train
COCO_train2014_000000508723,train,train
COCO_train2014_000000508821,train,train
COCO_train2014_000000508938,train,train
COCO_train2014_000000508954,train,train
COCO_train2014_000000509084,train,train
COCO_train2014_000000509217,train,train
COCO_train2014_000000509235,train,train
COCO_train2014_000000509244,train,train
COCO_train2014_000000509339,train,train
COCO_train2014_000000509390,train,train
COCO_train2014_000000509394,train,train
COCO_train2014_000000509406,train,train
COCO_train2014_000000509419,train,train
COCO_train2014_000000509483,train,train
COCO_train2014_000000509528,train,train
COCO_train2014_000000509555,train,train
COCO_train2014_000000509584,train,train
COCO_train2014_000000509652,train,train
COCO_train2014_000000509706,train,train
COCO_train2014_000000509733,train,train
COCO_train2014_000000509823,train,train
COCO_train2014_000000509864,train,train
COCO_train2014_000000509883,train,train
COCO_train2014_000000509915,train,train
COCO_train2014_000000509933,train,train
COCO_train2014_000000509948,train,train
COCO_train2014_000000510012,train,train
COCO_train2014_000000510027,train,train
COCO_train2014_000000510290,train,train
COCO_train2014_000000510328,train,train
COCO_train2014_000000510371,train,train
COCO_train2014_000000510391,train,train
COCO_train2014_000000510549,train,train
COCO_train2014_000000510552,train,train
COCO_train2014_000000510570,train,train
COCO_train2014_000000510665,train,train
COCO_train2014_000000510729,train,train
COCO_train2014_000000510730,train,train
COCO_train2014_000000510799,train,train
COCO_train2014_000000510813,train,train
COCO_train2014_000000510985,train,train
COCO_train2014_000000510998,train,train
COCO_train2014_000000511053,train,train
COCO_train2014_000000511165,train,train
COCO_train2014_000000511179,train,train
COCO_train2014_000000511188,train,train
COCO_train2014_000000511221,train,train
COCO_train2014_000000511276,train,train
COCO_train2014_000000511301,train,train
COCO_train2014_000000511328,train,train
COCO_train2014_000000511343,train,train
COCO_train2014_000000511373,train,train
COCO_train2014_000000511425,train,train
COCO_train2014_000000511781,train,train
COCO_train2014_000000511789,train,train
COCO_train2014_000000511848,train,train
COCO_train2014_000000511869,train,train
COCO_train2014_000000512007,train,train
COCO_train2014_000000512156,train,train
COCO_train2014_000000512554,train,train
COCO_train2014_000000512582,train,train
COCO_train2014_000000512731,train,train
COCO_train2014_000000512787,train,train
COCO_train2014_000000512854,train,train
COCO_train2014_000000512864,train,train
COCO_train2014_000000512872,train,train
COCO_train2014_000000512940,train,train
COCO_train2014_000000512950,train,train
COCO_train2014_000000512961,train,train
COCO_train2014_000000512968,train,train
COCO_train2014_000000513015,train,train
COCO_train2014_000000513241,train,train
COCO_train2014_000000513274,train,train
COCO_train2014_000000513298,train,train
COCO_train2014_000000513324,train,train
COCO_train2014_000000513430,train,train
COCO_train2014_000000513449,train,train
COCO_train2014_000000513532,train,train
COCO_train2014_000000513683,train,train
COCO_train2014_000000513708,train,train
COCO_train2014_000000513729,train,train
COCO_train2014_000000513758,train,train
COCO_train2014_000000513795,train,train
COCO_train2014_000000513895,train,train
COCO_train2014_000000513978,train,train
COCO_train2014_000000514006,train,train
COCO_train2014_000000514191,train,train
COCO_train2014_000000514209,train,train
COCO_train2014_000000514245,train,train
COCO_train2014_000000514283,train,train
COCO_train2014_000000514295,train,train
COCO_train2014_000000514318,train,train
COCO_train2014_000000514346,train,train
COCO_train2014_000000514384,train,train
COCO_train2014_000000514451,train,train
COCO_train2014_000000514563,train,train
COCO_train2014_000000514619,train,train
COCO_train2014_000000514622,train,train
COCO_train2014_000000514749,train,train
COCO_train2014_000000514781,train,train
COCO_train2014_000000514801,train,train
COCO_train2014_000000514890,train,train
COCO_train2014_000000514902,train,train
COCO_train2014_000000514988,train,train
COCO_train2014_000000515006,train,train
COCO_train2014_000000515019,train,train
COCO_train2014_000000515020,train,train
COCO_train2014_000000515058,train,train
COCO_train2014_000000515066,train,train
COCO_train2014_000000515260,train,train
COCO_train2014_000000515274,train,train
COCO_train2014_000000515377,train,train
COCO_train2014_000000515401,train,train
COCO_train2014_000000515423,train,train
COCO_train2014_000000515431,train,train
COCO_train2014_000000515505,train,train
COCO_train2014_000000515508,train,train
COCO_train2014_000000515590,train,train
COCO_train2014_000000515662,train,train
COCO_train2014_000000515878,train,train
COCO_train2014_000000515916,train,train
COCO_train2014_000000516106,train,train
COCO_train2014_000000516168,train,train
COCO_train2014_000000516175,train,train
COCO_train2014_000000516176,train,train
COCO_train2014_000000516261,train,train
COCO_train2014_000000516417,train,train
COCO_train2014_000000516488,train,train
COCO_train2014_000000516490,train,train
COCO_train2014_000000516535,train,train
COCO_train2014_000000516590,train,train
COCO_train2014_000000516624,train,train
COCO_train2014_000000516636,train,train
COCO_train2014_000000516738,train,train
COCO_train2014_000000516793,train,train
COCO_train2014_000000516911,train,train
COCO_train2014_000000517068,train,train
COCO_train2014_000000517115,train,train
COCO_train2014_000000517161,train,train
COCO_train2014_000000517226,train,train
COCO_train2014_000000517261,train,train
COCO_train2014_000000517305,train,train
COCO_train2014_000000517370,train,train
COCO_train2014_000000517403,train,train
COCO_train2014_000000517438,train,train
COCO_train2014_000000517460,train,train
COCO_train2014_000000517652,train,train
COCO_train2014_000000517670,train,train
COCO_train2014_000000517760,train,train
COCO_train2014_000000517916,train,train
COCO_train2014_000000517921,train,train
COCO_train2014_000000517931,train,train
COCO_train2014_000000517947,train,train
COCO_train2014_000000517985,train,train
COCO_train2014_000000518158,train,train
COCO_train2014_000000518198,train,train
COCO_train2014_000000518266,train,train
COCO_train2014_000000518392,train,train
COCO_train2014_000000518495,train,train
COCO_train2014_000000518509,train,train
COCO_train2014_000000518510,train,train
COCO_train2014_000000518517,train,train
COCO_train2014_000000518613,train,train
COCO_train2014_000000518647,train,train
COCO_train2014_000000518667,train,train
COCO_train2014_000000518685,train,train
COCO_train2014_000000518774,train,train
COCO_train2014_000000518819,train,train
COCO_train2014_000000518843,train,train
COCO_train2014_000000518853,train,train
COCO_train2014_000000518858,train,train
COCO_train2014_000000518918,train,train
COCO_train2014_000000518954,train,train
COCO_train2014_000000519075,train,train
COCO_train2014_000000519145,train,train
COCO_train2014_000000519234,train,train
COCO_train2014_000000519347,train,train
COCO_train2014_000000519404,train,train
COCO_train2014_000000519432,train,train
COCO_train2014_000000519554,train,train
COCO_train2014_000000519616,train,train
COCO_train2014_000000519707,train,train
COCO_train2014_000000519723,train,train
COCO_train2014_000000519774,train,train
COCO_train2014_000000519840,train,train
COCO_train2014_000000519974,train,train
COCO_train2014_000000519993,train,train
COCO_train2014_000000520039,train,train
COCO_train2014_000000520114,train,train
COCO_train2014_000000520208,train,train
COCO_train2014_000000520310,train,train
COCO_train2014_000000520477,train,train
COCO_train2014_000000520679,train,train
COCO_train2014_000000520978,train,train
COCO_train2014_000000521004,train,train
COCO_train2014_000000521025,train,train
COCO_train2014_000000521059,train,train
COCO_train2014_000000521132,train,train
COCO_train2014_000000521182,train,train
COCO_train2014_000000521238,train,train
COCO_train2014_000000521361,train,train
COCO_train2014_000000521416,train,train
COCO_train2014_000000521428,train,train
COCO_train2014_000000521514,train,train
COCO_train2014_000000521570,train,train
COCO_train2014_000000521632,train,train
COCO_train2014_000000521663,train,train
COCO_train2014_000000521709,train,train
COCO_train2014_000000521808,train,train
COCO_train2014_000000521998,train,train
COCO_train2014_000000522129,train,train
COCO_train2014_000000522173,train,train
COCO_train2014_000000522229,train,train
COCO_train2014_000000522249,train,train
COCO_train2014_000000522270,train,train
COCO_train2014_000000522338,train,train
COCO_train2014_000000522360,train,train
COCO_train2014_000000522391,train,train
COCO_train2014_000000522405,train,train
COCO_train2014_000000522481,train,train
COCO_train2014_000000522491,train,train
COCO_train2014_000000522661,train,train
COCO_train2014_000000522704,train,train
COCO_train2014_000000522741,train,train
COCO_train2014_000000522819,train,train
COCO_train2014_000000522856,train,train
COCO_train2014_000000522862,train,train
COCO_train2014_000000522897,train,train
COCO_train2014_000000522938,train,train
COCO_train2014_000000522968,train,train
COCO_train2014_000000523114,train,train
COCO_train2014_000000523201,train,train
COCO_train2014_000000523220,train,train
COCO_train2014_000000523225,train,train
COCO_train2014_000000523314,train,train
COCO_train2014_000000523349,train,train
COCO_train2014_000000523412,train,train
COCO_train2014_000000523639,train,train
COCO_train2014_000000523792,train,train
COCO_train2014_000000523894,train,train
COCO_train2014_000000523907,train,train
COCO_train2014_000000523919,train,train
COCO_train2014_000000524019,train,train
COCO_train2014_000000524059,train,train
COCO_train2014_000000524118,train,train
COCO_train2014_000000524130,train,train
COCO_train2014_000000524227,train,train
COCO_train2014_000000524311,train,train
COCO_train2014_000000524338,train,train
COCO_train2014_000000524377,train,train
COCO_train2014_000000524386,train,train
COCO_train2014_000000524389,train,train
COCO_train2014_000000524476,train,train
COCO_train2014_000000524522,train,train
COCO_train2014_000000524645,train,train
COCO_train2014_000000524651,train,train
COCO_train2014_000000524662,train,train
COCO_train2014_000000524786,train,train
COCO_train2014_000000524881,train,train
COCO_train2014_000000525104,train,train
COCO_train2014_000000525124,train,train
COCO_train2014_000000525163,train,train
COCO_train2014_000000525176,train,train
COCO_train2014_000000525179,train,train
COCO_train2014_000000525248,train,train
COCO_train2014_000000525300,train,train
COCO_train2014_000000525340,train,train
COCO_train2014_000000525409,train,train
COCO_train2014_000000525539,train,train
COCO_train2014_000000525589,train,train
COCO_train2014_000000525591,train,train
COCO_train2014_000000525678,train,train
COCO_train2014_000000525714,train,train
COCO_train2014_000000525813,train,train
COCO_train2014_000000525865,train,train
COCO_train2014_000000526008,train,train
COCO_train2014_000000526057,train,train
COCO_train2014_000000526098,train,train
COCO_train2014_000000526196,train,train
COCO_train2014_000000526433,train,train
COCO_train2014_000000526467,train,train
COCO_train2014_000000526514,train,train
COCO_train2014_000000526597,train,train
COCO_train2014_000000526598,train,train
COCO_train2014_000000526701,train,train
COCO_train2014_000000526734,train,train
COCO_train2014_000000526840,train,train
COCO_train2014_000000526881,train,train
COCO_train2014_000000526957,train,train
COCO_train2014_000000527059,train,train
COCO_train2014_000000527096,train,train
COCO_train2014_000000527112,train,train
COCO_train2014_000000527118,train,train
COCO_train2014_000000527216,train,train
COCO_train2014_000000527338,train,train
COCO_train2014_000000527344,train,train
COCO_train2014_000000527446,train,train
COCO_train2014_000000527554,train,train
COCO_train2014_000000527649,train,train
COCO_train2014_000000527752,train,train
COCO_train2014_000000527863,train,train
COCO_train2014_000000527891,train,train
COCO_train2014_000000527899,train,train
COCO_train2014_000000528020,train,train
COCO_train2014_000000528080,train,train
COCO_train2014_000000528198,train,train
COCO_train2014_000000528230,train,train
COCO_train2014_000000528243,train,train
COCO_train2014_000000528299,train,train
COCO_train2014_000000528563,train,train
COCO_train2014_000000528687,train,train
COCO_train2014_000000528707,train,train
COCO_train2014_000000528782,train,train
COCO_train2014_000000528851,train,train
COCO_train2014_000000528892,train,train
COCO_train2014_000000528912,train,train
COCO_train2014_000000528915,train,train
COCO_train2014_000000528929,train,train
COCO_train2014_000000528970,train,train
COCO_train2014_000000528971,train,train
COCO_train2014_000000528992,train,train
COCO_train2014_000000529019,train,train
COCO_train2014_000000529087,train,train
COCO_train2014_000000529107,train,train
COCO_train2014_000000529133,train,train
COCO_train2014_000000529136,train,train
COCO_train2014_000000529188,train,train
COCO_train2014_000000529277,train,train
COCO_train2014_000000529308,train,train
COCO_train2014_000000529310,train,train
COCO_train2014_000000529347,train,train
COCO_train2014_000000529409,train,train
COCO_train2014_000000529477,train,train
COCO_train2014_000000529580,train,train
COCO_train2014_000000529630,train,train
COCO_train2014_000000529661,train,train
COCO_train2014_000000529667,train,train
COCO_train2014_000000529772,train,train
COCO_train2014_000000529864,train,train
COCO_train2014_000000529879,train,train
COCO_train2014_000000530002,train,train
COCO_train2014_000000530019,train,train
COCO_train2014_000000530038,train,train
COCO_train2014_000000530047,train,train
COCO_train2014_000000530132,train,train
COCO_train2014_000000530282,train,train
COCO_train2014_000000530364,train,train
COCO_train2014_000000530408,train,train
COCO_train2014_000000530433,train,train
COCO_train2014_000000530486,train,train
COCO_train2014_000000530497,train,train
COCO_train2014_000000530658,train,train
COCO_train2014_000000530729,train,train
COCO_train2014_000000530869,train,train
COCO_train2014_000000530876,train,train
COCO_train2014_000000530906,train,train
COCO_train2014_000000530950,train,train
COCO_train2014_000000531045,train,train
COCO_train2014_000000531076,train,train
COCO_train2014_000000531096,train,train
COCO_train2014_000000531146,train,train
COCO_train2014_000000531190,train,train
COCO_train2014_000000531224,train,train
COCO_train2014_000000531329,train,train
COCO_train2014_000000531374,train,train
COCO_train2014_000000531481,train,train
COCO_train2014_000000531778,train,train
COCO_train2014_000000531844,train,train
COCO_train2014_000000531860,train,train
COCO_train2014_000000531861,train,train
COCO_train2014_000000531956,train,train
COCO_train2014_000000531958,train,train
COCO_train2014_000000531987,train,train
COCO_train2014_000000532062,train,train
COCO_train2014_000000532106,train,train
COCO_train2014_000000532107,train,train
COCO_train2014_000000532128,train,train
COCO_train2014_000000532132,train,train
COCO_train2014_000000532175,train,train
COCO_train2014_000000532245,train,train
COCO_train2014_000000532276,train,train
COCO_train2014_000000532286,train,train
COCO_train2014_000000532333,train,train
COCO_train2014_000000532495,train,train
COCO_train2014_000000532505,train,train
COCO_train2014_000000532535,train,train
COCO_train2014_000000532617,train,train
COCO_train2014_000000532623,train,train
COCO_train2014_000000532633,train,train
COCO_train2014_000000532711,train,train
COCO_train2014_000000532744,train,train
COCO_train2014_000000532768,train,train
COCO_train2014_000000532775,train,train
COCO_train2014_000000532866,train,train
COCO_train2014_000000533011,train,train
COCO_train2014_000000533019,train,train
COCO_train2014_000000533041,train,train
COCO_train2014_000000533049,train,train
COCO_train2014_000000533154,train,train
COCO_train2014_000000533255,train,train
COCO_train2014_000000533312,train,train
COCO_train2014_000000533431,train,train
COCO_train2014_000000533451,train,train
COCO_train2014_000000533551,train,train
COCO_train2014_000000533569,train,train
COCO_train2014_000000533603,train,train
COCO_train2014_000000533686,train,train
COCO_train2014_000000533739,train,train
COCO_train2014_000000533800,train,train
COCO_train2014_000000533807,train,train
COCO_train2014_000000533889,train,train
COCO_train2014_000000534024,train,train
COCO_train2014_000000534048,train,train
COCO_train2014_000000534195,train,train
COCO_train2014_000000534266,train,train
COCO_train2014_000000534323,train,train
COCO_train2014_000000534448,train,train
COCO_train2014_000000534468,train,train
COCO_train2014_000000534633,train,train
COCO_train2014_000000534637,train,train
COCO_train2014_000000534662,train,train
COCO_train2014_000000534694,train,train
COCO_train2014_000000534735,train,train
COCO_train2014_000000534751,train,train
COCO_train2014_000000534866,train,train
COCO_train2014_000000534914,train,train
COCO_train2014_000000534972,train,train
COCO_train2014_000000534975,train,train
COCO_train2014_000000535125,train,train
COCO_train2014_000000535160,train,train
COCO_train2014_000000535174,train,train
COCO_train2014_000000535212,train,train
COCO_train2014_000000535276,train,train
COCO_train2014_000000535325,train,train
COCO_train2014_000000535389,train,train
COCO_train2014_000000535561,train,train
COCO_train2014_000000535688,train,train
COCO_train2014_000000535713,train,train
COCO_train2014_000000535817,train,train
COCO_train2014_000000535874,train,train
COCO_train2014_000000536039,train,train
COCO_train2014_000000536054,train,train
COCO_train2014_000000536127,train,train
COCO_train2014_000000536145,train,train
COCO_train2014_000000536237,train,train
COCO_train2014_000000536278,train,train
COCO_train2014_000000536286,train,train
COCO_train2014_000000536365,train,train
COCO_train2014_000000536437,train,train
COCO_train2014_000000536514,train,train
COCO_train2014_000000536534,train,train
COCO_train2014_000000536570,train,train
COCO_train2014_000000536575,train,train
COCO_train2014_000000536607,train,train
COCO_train2014_000000536619,train,train
COCO_train2014_000000536641,train,train
COCO_train2014_000000536663,train,train
COCO_train2014_000000536707,train,train
COCO_train2014_000000536761,train,train
COCO_train2014_000000537090,train,train
COCO_train2014_000000537223,train,train
COCO_train2014_000000537248,train,train
COCO_train2014_000000537379,train,train
COCO_train2014_000000537417,train,train
COCO_train2014_000000537532,train,train
COCO_train2014_000000537543,train,train
COCO_train2014_000000537596,train,train
COCO_train2014_000000537648,train,train
COCO_train2014_000000537667,train,train
COCO_train2014_000000537761,train,train
COCO_train2014_000000537773,train,train
COCO_train2014_000000537782,train,train
COCO_train2014_000000537807,train,train
COCO_train2014_000000537844,train,train
COCO_train2014_000000537879,train,train
COCO_train2014_000000537909,train,train
COCO_train2014_000000537924,train,train
COCO_train2014_000000537944,train,train
COCO_train2014_000000538007,train,train
COCO_train2014_000000538108,train,train
COCO_train2014_000000538133,train,train
COCO_train2014_000000538170,train,train
COCO_train2014_000000538223,train,train
COCO_train2014_000000538336,train,train
COCO_train2014_000000538343,train,train
COCO_train2014_000000538398,train,train
COCO_train2014_000000538518,train,train
COCO_train2014_000000538580,train,train
COCO_train2014_000000538604,train,train
COCO_train2014_000000538609,train,train
COCO_train2014_000000538640,train,train
COCO_train2014_000000538682,train,train
COCO_train2014_000000538687,train,train
COCO_train2014_000000538691,train,train
COCO_train2014_000000538701,train,train
COCO_train2014_000000538709,train,train
COCO_train2014_000000538735,train,train
COCO_train2014_000000538809,train,train
COCO_train2014_000000538821,train,train
COCO_train2014_000000538846,train,train
COCO_train2014_000000538922,train,train
COCO_train2014_000000539056,train,train
COCO_train2014_000000539087,train,train
COCO_train2014_000000539180,train,train
COCO_train2014_000000539233,train,train
COCO_train2014_000000539242,train,train
COCO_train2014_000000539309,train,train
COCO_train2014_000000539313,train,train
COCO_train2014_000000539335,train,train
COCO_train2014_000000539404,train,train
COCO_train2014_000000539493,train,train
COCO_train2014_000000539584,train,train
COCO_train2014_000000539589,train,train
COCO_train2014_000000539596,train,train
COCO_train2014_000000539789,train,train
COCO_train2014_000000539844,train,train
COCO_train2014_000000539848,train,train
COCO_train2014_000000539941,train,train
COCO_train2014_000000539967,train,train
COCO_train2014_000000540097,train,train
COCO_train2014_000000540225,train,train
COCO_train2014_000000540370,train,train
COCO_train2014_000000540384,train,train
COCO_train2014_000000540496,train,train
COCO_train2014_000000540561,train,train
COCO_train2014_000000540575,train,train
COCO_train2014_000000540617,train,train
COCO_train2014_000000540670,train,train
COCO_train2014_000000540728,train,train
COCO_train2014_000000540795,train,train
COCO_train2014_000000540831,train,train
COCO_train2014_000000540848,train,train
COCO_train2014_000000540868,train,train
COCO_train2014_000000540872,train,train
COCO_train2014_000000540899,train,train
COCO_train2014_000000540933,train,train
COCO_train2014_000000540947,train,train
COCO_train2014_000000541027,train,train
COCO_train2014_000000541077,train,train
COCO_train2014_000000541092,train,train
COCO_train2014_000000541171,train,train
COCO_train2014_000000541282,train,train
COCO_train2014_000000541288,train,train
COCO_train2014_000000541319,train,train
COCO_train2014_000000541343,train,train
COCO_train2014_000000541422,train,train
COCO_train2014_000000541450,train,train
COCO_train2014_000000541464,train,train
COCO_train2014_000000541491,train,train
COCO_train2014_000000541553,train,train
COCO_train2014_000000541591,train,train
COCO_train2014_000000541690,train,train
COCO_train2014_000000541702,train,train
COCO_train2014_000000541712,train,train
COCO_train2014_000000541725,train,train
COCO_train2014_000000541730,train,train
COCO_train2014_000000541771,train,train
COCO_train2014_000000541999,train,train
COCO_train2014_000000542048,train,train
COCO_train2014_000000542060,train,train
COCO_train2014_000000542165,train,train
COCO_train2014_000000542180,train,train
COCO_train2014_000000542213,train,train
COCO_train2014_000000542221,train,train
COCO_train2014_000000542231,train,train
COCO_train2014_000000542313,train,train
COCO_train2014_000000542321,train,train
COCO_train2014_000000542443,train,train
COCO_train2014_000000542472,train,train
COCO_train2014_000000542485,train,train
COCO_train2014_000000542514,train,train
COCO_train2014_000000542582,train,train
COCO_train2014_000000542589,train,train
COCO_train2014_000000542643,train,train
COCO_train2014_000000542715,train,train
COCO_train2014_000000542832,train,train
COCO_train2014_000000542839,train,train
COCO_train2014_000000542866,train,train
COCO_train2014_000000542881,train,train
COCO_train2014_000000542984,train,train
COCO_train2014_000000543026,train,train
COCO_train2014_000000543119,train,train
COCO_train2014_000000543194,train,train
COCO_train2014_000000543200,train,train
COCO_train2014_000000543263,train,train
COCO_train2014_000000543272,train,train
COCO_train2014_000000543275,train,train
COCO_train2014_000000543291,train,train
COCO_train2014_000000543332,train,train
COCO_train2014_000000543333,train,train
COCO_train2014_000000543379,train,train
COCO_train2014_000000543389,train,train
COCO_train2014_000000543447,train,train
COCO_train2014_000000543470,train,train
COCO_train2014_000000543515,train,train
COCO_train2014_000000543616,train,train
COCO_train2014_000000543657,train,train
COCO_train2014_000000543716,train,train
COCO_train2014_000000543729,train,train
COCO_train2014_000000543747,train,train
COCO_train2014_000000543754,train,train
COCO_train2014_000000543769,train,train
COCO_train2014_000000543817,train,train
COCO_train2014_000000543833,train,train
COCO_train2014_000000543986,train,train
COCO_train2014_000000544005,train,train
COCO_train2014_000000544032,train,train
COCO_train2014_000000544687,train,train
COCO_train2014_000000544690,train,train
COCO_train2014_000000544701,train,train
COCO_train2014_000000544760,train,train
COCO_train2014_000000544819,train,train
COCO_train2014_000000544832,train,train
COCO_train2014_000000544994,train,train
COCO_train2014_000000545016,train,train
COCO_train2014_000000545082,train,train
COCO_train2014_000000545088,train,train
COCO_train2014_000000545163,train,train
COCO_train2014_000000545213,train,train
COCO_train2014_000000545249,train,train
COCO_train2014_000000545316,train,train
COCO_train2014_000000545324,train,train
COCO_train2014_000000545334,train,train
COCO_train2014_000000545428,train,train
COCO_train2014_000000545476,train,train
COCO_train2014_000000545491,train,train
COCO_train2014_000000545549,train,train
COCO_train2014_000000545573,train,train
COCO_train2014_000000545673,train,train
COCO_train2014_000000545675,train,train
COCO_train2014_000000545710,train,train
COCO_train2014_000000545812,train,train
COCO_train2014_000000545844,train,train
COCO_train2014_000000545874,train,train
COCO_train2014_000000545944,train,train
COCO_train2014_000000545992,train,train
COCO_train2014_000000546013,train,train
COCO_train2014_000000546046,train,train
COCO_train2014_000000546056,train,train
COCO_train2014_000000546078,train,train
COCO_train2014_000000546105,train,train
COCO_train2014_000000546117,train,train
COCO_train2014_000000546205,train,train
COCO_train2014_000000546211,train,train
COCO_train2014_000000546301,train,train
COCO_train2014_000000546379,train,train
COCO_train2014_000000546499,train,train
COCO_train2014_000000546538,train,train
COCO_train2014_000000546695,train,train
COCO_train2014_000000546716,train,train
COCO_train2014_000000546791,train,train
COCO_train2014_000000546944,train,train
COCO_train2014_000000546981,train,train
COCO_train2014_000000547154,train,train
COCO_train2014_000000547165,train,train
COCO_train2014_000000547280,train,train
COCO_train2014_000000547315,train,train
COCO_train2014_000000547318,train,train
COCO_train2014_000000547449,train,train
COCO_train2014_000000547509,train,train
COCO_train2014_000000547594,train,train
COCO_train2014_000000547618,train,train
COCO_train2014_000000547644,train,train
COCO_train2014_000000547730,train,train
COCO_train2014_000000547742,train,train
COCO_train2014_000000547743,train,train
COCO_train2014_000000547777,train,train
COCO_train2014_000000547845,train,train
COCO_train2014_000000548088,train,train
COCO_train2014_000000548136,train,train
COCO_train2014_000000548153,train,train
COCO_train2014_000000548184,train,train
COCO_train2014_000000548251,train,train
COCO_train2014_000000548253,train,train
COCO_train2014_000000548362,train,train
COCO_train2014_000000548375,train,train
COCO_train2014_000000548471,train,train
COCO_train2014_000000548532,train,train
COCO_train2014_000000548608,train,train
COCO_train2014_000000548616,train,train
COCO_train2014_000000548662,train,train
COCO_train2014_000000548824,train,train
COCO_train2014_000000548874,train,train
COCO_train2014_000000548889,train,train
COCO_train2014_000000548906,train,train
COCO_train2014_000000548964,train,train
COCO_train2014_000000549017,train,train
COCO_train2014_000000549115,train,train
COCO_train2014_000000549133,train,train
COCO_train2014_000000549216,train,train
COCO_train2014_000000549236,train,train
COCO_train2014_000000549330,train,train
COCO_train2014_000000549347,train,train
COCO_train2014_000000549422,train,train
COCO_train2014_000000549426,train,train
COCO_train2014_000000549447,train,train
COCO_train2014_000000549471,train,train
COCO_train2014_000000549496,train,train
COCO_train2014_000000549532,train,train
COCO_train2014_000000549539,train,train
COCO_train2014_000000549691,train,train
COCO_train2014_000000549711,train,train
COCO_train2014_000000549729,train,train
COCO_train2014_000000549810,train,train
COCO_train2014_000000549830,train,train
COCO_train2014_000000549849,train,train
COCO_train2014_000000549866,train,train
COCO_train2014_000000549910,train,train
COCO_train2014_000000549928,train,train
COCO_train2014_000000549942,train,train
COCO_train2014_000000549962,train,train
COCO_train2014_000000549988,train,train
COCO_train2014_000000550049,train,train
COCO_train2014_000000550089,train,train
COCO_train2014_000000550147,train,train
COCO_train2014_000000550221,train,train
COCO_train2014_000000550222,train,train
COCO_train2014_000000550308,train,train
COCO_train2014_000000550333,train,train
COCO_train2014_000000550353,train,train
COCO_train2014_000000550356,train,train
COCO_train2014_000000550392,train,train
COCO_train2014_000000550455,train,train
COCO_train2014_000000550512,train,train
COCO_train2014_000000550536,train,train
COCO_train2014_000000550547,train,train
COCO_train2014_000000550655,train,train
COCO_train2014_000000550690,train,train
COCO_train2014_000000550760,train,train
COCO_train2014_000000550870,train,train
COCO_train2014_000000551082,train,train
COCO_train2014_000000551118,train,train
COCO_train2014_000000551125,train,train
COCO_train2014_000000551267,train,train
COCO_train2014_000000551314,train,train
COCO_train2014_000000551344,train,train
COCO_train2014_000000551364,train,train
COCO_train2014_000000551427,train,train
COCO_train2014_000000551507,train,train
COCO_train2014_000000551524,train,train
COCO_train2014_000000551571,train,train
COCO_train2014_000000551607,train,train
COCO_train2014_000000551636,train,train
COCO_train2014_000000551657,train,train
COCO_train2014_000000551710,train,train
COCO_train2014_000000551717,train,train
COCO_train2014_000000551858,train,train
COCO_train2014_000000551936,train,train
COCO_train2014_000000551947,train,train
COCO_train2014_000000552004,train,train
COCO_train2014_000000552032,train,train
COCO_train2014_000000552066,train,train
COCO_train2014_000000552163,train,train
COCO_train2014_000000552272,train,train
COCO_train2014_000000552441,train,train
COCO_train2014_000000552453,train,train
COCO_train2014_000000552486,train,train
COCO_train2014_000000552623,train,train
COCO_train2014_000000552641,train,train
COCO_train2014_000000552657,train,train
COCO_train2014_000000552721,train,train
COCO_train2014_000000552886,train,train
COCO_train2014_000000553021,train,train
COCO_train2014_000000553030,train,train
COCO_train2014_000000553046,train,train
COCO_train2014_000000553149,train,train
COCO_train2014_000000553176,train,train
COCO_train2014_000000553209,train,train
COCO_train2014_000000553304,train,train
COCO_train2014_000000553373,train,train
COCO_train2014_000000553407,train,train
COCO_train2014_000000553413,train,train
COCO_train2014_000000553446,train,train
COCO_train2014_000000553487,train,train
COCO_train2014_000000553498,train,train
COCO_train2014_000000553563,train,train
COCO_train2014_000000553573,train,train
COCO_train2014_000000553623,train,train
COCO_train2014_000000553668,train,train
COCO_train2014_000000553736,train,train
COCO_train2014_000000553758,train,train
COCO_train2014_000000553800,train,train
COCO_train2014_000000553849,train,train
COCO_train2014_000000553913,train,train
COCO_train2014_000000554066,train,train
COCO_train2014_000000554081,train,train
COCO_train2014_000000554082,train,train
COCO_train2014_000000554159,train,train
COCO_train2014_000000554217,train,train
COCO_train2014_000000554301,train,train
COCO_train2014_000000554323,train,train
COCO_train2014_000000554434,train,train
COCO_train2014_000000554507,train,train
COCO_train2014_000000554541,train,train
COCO_train2014_000000554752,train,train
COCO_train2014_000000554809,train,train
COCO_train2014_000000554815,train,train
COCO_train2014_000000554949,train,train
COCO_train2014_000000554952,train,train
COCO_train2014_000000554996,train,train
COCO_train2014_000000555020,train,train
COCO_train2014_000000555022,train,train
COCO_train2014_000000555118,train,train
COCO_train2014_000000555206,train,train
COCO_train2014_000000555273,train,train
COCO_train2014_000000555336,train,train
COCO_train2014_000000555355,train,train
COCO_train2014_000000555475,train,train
COCO_train2014_000000555493,train,train
COCO_train2014_000000555514,train,train
COCO_train2014_000000555516,train,train
COCO_train2014_000000555534,train,train
COCO_train2014_000000555653,train,train
COCO_train2014_000000555654,train,train
COCO_train2014_000000555800,train,train
COCO_train2014_000000555882,train,train
COCO_train2014_000000555910,train,train
COCO_train2014_000000556089,train,train
COCO_train2014_000000556482,train,train
COCO_train2014_000000556544,train,train
COCO_train2014_000000556698,train,train
COCO_train2014_000000556709,train,train
COCO_train2014_000000556730,train,train
COCO_train2014_000000556745,train,train
COCO_train2014_000000556775,train,train
COCO_train2014_000000556823,train,train
COCO_train2014_000000556843,train,train
COCO_train2014_000000556956,train,train
COCO_train2014_000000557102,train,train
COCO_train2014_000000557227,train,train
COCO_train2014_000000557313,train,train
COCO_train2014_000000557490,train,train
COCO_train2014_000000557546,train,train
COCO_train2014_000000557578,train,train
COCO_train2014_000000557628,train,train
COCO_train2014_000000557678,train,train
COCO_train2014_000000557717,train,train
COCO_train2014_000000557746,train,train
COCO_train2014_000000557768,train,train
COCO_train2014_000000557783,train,train
COCO_train2014_000000557944,train,train
COCO_train2014_000000557948,train,train
COCO_train2014_000000557952,train,train
COCO_train2014_000000558044,train,train
COCO_train2014_000000558166,train,train
COCO_train2014_000000558271,train,train
COCO_train2014_000000558274,train,train
COCO_train2014_000000558317,train,train
COCO_train2014_000000558401,train,train
COCO_train2014_000000558448,train,train
COCO_train2014_000000558584,train,train
COCO_train2014_000000558599,train,train
COCO_train2014_000000558602,train,train
COCO_train2014_000000558615,train,train
COCO_train2014_000000558616,train,train
COCO_train2014_000000558619,train,train
COCO_train2014_000000558623,train,train
COCO_train2014_000000558835,train,train
COCO_train2014_000000558836,train,train
COCO_train2014_000000558871,train,train
COCO_train2014_000000558917,train,train
COCO_train2014_000000558968,train,train
COCO_train2014_000000559021,train,train
COCO_train2014_000000559079,train,train
COCO_train2014_000000559356,train,train
COCO_train2014_000000559366,train,train
COCO_train2014_000000559382,train,train
COCO_train2014_000000559484,train,train
COCO_train2014_000000559733,train,train
COCO_train2014_000000559768,train,train
COCO_train2014_000000559891,train,train
COCO_train2014_000000559974,train,train
COCO_train2014_000000559986,train,train
COCO_train2014_000000560046,train,train
COCO_train2014_000000560135,train,train
COCO_train2014_000000560158,train,train
COCO_train2014_000000560262,train,train
COCO_train2014_000000560366,train,train
COCO_train2014_000000560384,train,train
COCO_train2014_000000560436,train,train
COCO_train2014_000000560437,train,train
COCO_train2014_000000560495,train,train
COCO_train2014_000000560525,train,train
COCO_train2014_000000560532,train,train
COCO_train2014_000000560544,train,train
COCO_train2014_000000560552,train,train
COCO_train2014_000000560567,train,train
COCO_train2014_000000560571,train,train
COCO_train2014_000000560581,train,train
COCO_train2014_000000560604,train,train
COCO_train2014_000000560685,train,train
COCO_train2014_000000560726,train,train
COCO_train2014_000000560748,train,train
COCO_train2014_000000560784,train,train
COCO_train2014_000000560943,train,train
COCO_train2014_000000560969,train,train
COCO_train2014_000000561006,train,train
COCO_train2014_000000561012,train,train
COCO_train2014_000000561101,train,train
COCO_train2014_000000561180,train,train
COCO_train2014_000000561190,train,train
COCO_train2014_000000561251,train,train
COCO_train2014_000000561352,train,train
COCO_train2014_000000561390,train,train
COCO_train2014_000000561406,train,train
COCO_train2014_000000561436,train,train
COCO_train2014_000000561464,train,train
COCO_train2014_000000561527,train,train
COCO_train2014_000000561630,train,train
COCO_train2014_000000561643,train,train
COCO_train2014_000000561660,train,train
COCO_train2014_000000561731,train,train
COCO_train2014_000000561785,train,train
COCO_train2014_000000561821,train,train
COCO_train2014_000000561894,train,train
COCO_train2014_000000561917,train,train
COCO_train2014_000000561947,train,train
COCO_train2014_000000561988,train,train
COCO_train2014_000000562015,train,train
COCO_train2014_000000562029,train,train
COCO_train2014_000000562098,train,train
COCO_train2014_000000562136,train,train
COCO_train2014_000000562147,train,train
COCO_train2014_000000562242,train,train
COCO_train2014_000000562341,train,train
COCO_train2014_000000562382,train,train
COCO_train2014_000000562504,train,train
COCO_train2014_000000562574,train,train
COCO_train2014_000000562602,train,train
COCO_train2014_000000562664,train,train
COCO_train2014_000000562677,train,train
COCO_train2014_000000562678,train,train
COCO_train2014_000000562740,train,train
COCO_train2014_000000562766,train,train
COCO_train2014_000000562817,train,train
COCO_train2014_000000562826,train,train
COCO_train2014_000000562835,train,train
COCO_train2014_000000562862,train,train
COCO_train2014_000000562876,train,train
COCO_train2014_000000562973,train,train
COCO_train2014_000000563098,train,train
COCO_train2014_000000563138,train,train
COCO_train2014_000000563164,train,train
COCO_train2014_000000563270,train,train
COCO_train2014_000000563279,train,train
COCO_train2014_000000563319,train,train
COCO_train2014_000000563391,train,train
COCO_train2014_000000563396,train,train
COCO_train2014_000000563444,train,train
COCO_train2014_000000563475,train,train
COCO_train2014_000000563651,train,train
COCO_train2014_000000563652,train,train
COCO_train2014_000000563656,train,train
COCO_train2014_000000563658,train,train
COCO_train2014_000000563676,train,train
COCO_train2014_000000563717,train,train
COCO_train2014_000000563798,train,train
COCO_train2014_000000563803,train,train
COCO_train2014_000000563898,train,train
COCO_train2014_000000563985,train,train
COCO_train2014_000000563987,train,train
COCO_train2014_000000564015,train,train
COCO_train2014_000000564072,train,train
COCO_train2014_000000564211,train,train
COCO_train2014_000000564228,train,train
COCO_train2014_000000564235,train,train
COCO_train2014_000000564237,train,train
COCO_train2014_000000564267,train,train
COCO_train2014_000000564271,train,train
COCO_train2014_000000564371,train,train
COCO_train2014_000000564449,train,train
COCO_train2014_000000564570,train,train
COCO_train2014_000000564589,train,train
COCO_train2014_000000564680,train,train
COCO_train2014_000000564681,train,train
COCO_train2014_000000564684,train,train
COCO_train2014_000000564756,train,train
COCO_train2014_000000564759,train,train
COCO_train2014_000000564803,train,train
COCO_train2014_000000564957,train,train
COCO_train2014_000000565042,train,train
COCO_train2014_000000565062,train,train
COCO_train2014_000000565116,train,train
COCO_train2014_000000565211,train,train
COCO_train2014_000000565303,train,train
COCO_train2014_000000565312,train,train
COCO_train2014_000000565313,train,train
COCO_train2014_000000565381,train,train
COCO_train2014_000000565399,train,train
COCO_train2014_000000565429,train,train
COCO_train2014_000000565546,train,train
COCO_train2014_000000565564,train,train
COCO_train2014_000000565594,train,train
COCO_train2014_000000565612,train,train
COCO_train2014_000000565878,train,train
COCO_train2014_000000565940,train,train
COCO_train2014_000000566060,train,train
COCO_train2014_000000566099,train,train
COCO_train2014_000000566319,train,train
COCO_train2014_000000566355,train,train
COCO_train2014_000000566375,train,train
COCO_train2014_000000566387,train,train
COCO_train2014_000000566491,train,train
COCO_train2014_000000566568,train,train
COCO_train2014_000000566583,train,train
COCO_train2014_000000566746,train,train
COCO_train2014_000000566765,train,train
COCO_train2014_000000566798,train,train
COCO_train2014_000000566849,train,train
COCO_train2014_000000566897,train,train
COCO_train2014_000000566935,train,train
COCO_train2014_000000566955,train,train
COCO_train2014_000000566968,train,train
COCO_train2014_000000567000,train,train
COCO_train2014_000000567008,train,train
COCO_train2014_000000567018,train,train
COCO_train2014_000000567149,train,train
COCO_train2014_000000567274,train,train
COCO_train2014_000000567278,train,train
COCO_train2014_000000567301,train,train
COCO_train2014_000000567346,train,train
COCO_train2014_000000567396,train,train
COCO_train2014_000000567453,train,train
COCO_train2014_000000567652,train,train
COCO_train2014_000000567663,train,train
COCO_train2014_000000567665,train,train
COCO_train2014_000000567678,train,train
COCO_train2014_000000567754,train,train
COCO_train2014_000000567847,train,train
COCO_train2014_000000567976,train,train
COCO_train2014_000000567997,train,train
COCO_train2014_000000568113,train,train
COCO_train2014_000000568143,train,train
COCO_train2014_000000568155,train,train
COCO_train2014_000000568308,train,train
COCO_train2014_000000568309,train,train
COCO_train2014_000000568378,train,train
COCO_train2014_000000568393,train,train
COCO_train2014_000000568459,train,train
COCO_train2014_000000568469,train,train
COCO_train2014_000000568492,train,train
COCO_train2014_000000568549,train,train
COCO_train2014_000000568572,train,train
COCO_train2014_000000568604,train,train
COCO_train2014_000000568647,train,train
COCO_train2014_000000568658,train,train
COCO_train2014_000000568788,train,train
COCO_train2014_000000568810,train,train
COCO_train2014_000000568840,train,train
COCO_train2014_000000568884,train,train
COCO_train2014_000000568886,train,train
COCO_train2014_000000569021,train,train
COCO_train2014_000000569024,train,train
COCO_train2014_000000569088,train,train
COCO_train2014_000000569242,train,train
COCO_train2014_000000569492,train,train
COCO_train2014_000000569520,train,train
COCO_train2014_000000569533,train,train
COCO_train2014_000000569602,train,train
COCO_train2014_000000569725,train,train
COCO_train2014_000000569774,train,train
COCO_train2014_000000569889,train,train
COCO_train2014_000000569919,train,train
COCO_train2014_000000569987,train,train
COCO_train2014_000000570015,train,train
COCO_train2014_000000570117,train,train
COCO_train2014_000000570141,train,train
COCO_train2014_000000570196,train,train
COCO_train2014_000000570259,train,train
COCO_train2014_000000570275,train,train
COCO_train2014_000000570385,train,train
COCO_train2014_000000570412,train,train
COCO_train2014_000000570430,train,train
COCO_train2014_000000570542,train,train
COCO_train2014_000000570560,train,train
COCO_train2014_000000570598,train,train
COCO_train2014_000000570738,train,train
COCO_train2014_000000570801,train,train
COCO_train2014_000000570856,train,train
COCO_train2014_000000570917,train,train
COCO_train2014_000000570951,train,train
COCO_train2014_000000570956,train,train
COCO_train2014_000000571036,train,train
COCO_train2014_000000571146,train,train
COCO_train2014_000000571185,train,train
COCO_train2014_000000571237,train,train
COCO_train2014_000000571246,train,train
COCO_train2014_000000571431,train,train
COCO_train2014_000000571462,train,train
COCO_train2014_000000571554,train,train
COCO_train2014_000000571575,train,train
COCO_train2014_000000571603,train,train
COCO_train2014_000000571610,train,train
COCO_train2014_000000571661,train,train
COCO_train2014_000000571779,train,train
COCO_train2014_000000571780,train,train
COCO_train2014_000000571799,train,train
COCO_train2014_000000571953,train,train
COCO_train2014_000000572109,train,train
COCO_train2014_000000572121,train,train
COCO_train2014_000000572171,train,train
COCO_train2014_000000572173,train,train
COCO_train2014_000000572179,train,train
COCO_train2014_000000572575,train,train
COCO_train2014_000000572587,train,train
COCO_train2014_000000572689,train,train
COCO_train2014_000000572732,train,train
COCO_train2014_000000572756,train,train
COCO_train2014_000000572865,train,train
COCO_train2014_000000572888,train,train
COCO_train2014_000000572902,train,train
COCO_train2014_000000572960,train,train
COCO_train2014_000000573125,train,train
COCO_train2014_000000573260,train,train
COCO_train2014_000000573284,train,train
COCO_train2014_000000573287,train,train
COCO_train2014_000000573341,train,train
COCO_train2014_000000573401,train,train
COCO_train2014_000000573456,train,train
COCO_train2014_000000573476,train,train
COCO_train2014_000000573485,train,train
COCO_train2014_000000573627,train,train
COCO_train2014_000000573659,train,train
COCO_train2014_000000573670,train,train
COCO_train2014_000000573724,train,train
COCO_train2014_000000573775,train,train
COCO_train2014_000000573981,train,train
COCO_train2014_000000573995,train,train
COCO_train2014_000000574028,train,train
COCO_train2014_000000574037,train,train
COCO_train2014_000000574076,train,train
COCO_train2014_000000574077,train,train
COCO_train2014_000000574153,train,train
COCO_train2014_000000574203,train,train
COCO_train2014_000000574217,train,train
COCO_train2014_000000574248,train,train
COCO_train2014_000000574360,train,train
COCO_train2014_000000574462,train,train
COCO_train2014_000000574492,train,train
COCO_train2014_000000574527,train,train
COCO_train2014_000000574541,train,train
COCO_train2014_000000574549,train,train
COCO_train2014_000000574590,train,train
COCO_train2014_000000574605,train,train
COCO_train2014_000000574697,train,train
COCO_train2014_000000574776,train,train
COCO_train2014_000000574829,train,train
COCO_train2014_000000574882,train,train
COCO_train2014_000000574901,train,train
COCO_train2014_000000574951,train,train
COCO_train2014_000000574971,train,train
COCO_train2014_000000575049,train,train
COCO_train2014_000000575055,train,train
COCO_train2014_000000575220,train,train
COCO_train2014_000000575260,train,train
COCO_train2014_000000575323,train,train
COCO_train2014_000000575421,train,train
COCO_train2014_000000575623,train,train
COCO_train2014_000000575733,train,train
COCO_train2014_000000575835,train,train
COCO_train2014_000000575842,train,train
COCO_train2014_000000575854,train,train
COCO_train2014_000000575929,train,train
COCO_train2014_000000575949,train,train
COCO_train2014_000000575955,train,train
COCO_train2014_000000576001,train,train
COCO_train2014_000000576011,train,train
COCO_train2014_000000576047,train,train
COCO_train2014_000000576072,train,train
COCO_train2014_000000576088,train,train
COCO_train2014_000000576155,train,train
COCO_train2014_000000576158,train,train
COCO_train2014_000000576212,train,train
COCO_train2014_000000576239,train,train
COCO_train2014_000000576301,train,train
COCO_train2014_000000576322,train,train
COCO_train2014_000000576417,train,train
COCO_train2014_000000576518,train,train
COCO_train2014_000000576589,train,train
COCO_train2014_000000576684,train,train
COCO_train2014_000000576689,train,train
COCO_train2014_000000576771,train,train
COCO_train2014_000000576849,train,train
COCO_train2014_000000576895,train,train
COCO_train2014_000000576973,train,train
COCO_train2014_000000577035,train,train
COCO_train2014_000000577087,train,train
COCO_train2014_000000577239,train,train
COCO_train2014_000000577405,train,train
COCO_train2014_000000577520,train,train
COCO_train2014_000000577558,train,train
COCO_train2014_000000577613,train,train
COCO_train2014_000000577637,train,train
COCO_train2014_000000577710,train,train
COCO_train2014_000000577717,train,train
COCO_train2014_000000577718,train,train
COCO_train2014_000000577738,train,train
COCO_train2014_000000577830,train,train
COCO_train2014_000000577835,train,train
COCO_train2014_000000577843,train,train
COCO_train2014_000000577850,train,train
COCO_train2014_000000577940,train,train
COCO_train2014_000000577964,train,train
COCO_train2014_000000578023,train,train
COCO_train2014_000000578041,train,train
COCO_train2014_000000578046,train,train
COCO_train2014_000000578063,train,train
COCO_train2014_000000578128,train,train
COCO_train2014_000000578164,train,train
COCO_train2014_000000578171,train,train
COCO_train2014_000000578193,train,train
COCO_train2014_000000578294,train,train
COCO_train2014_000000578345,train,train
COCO_train2014_000000578375,train,train
COCO_train2014_000000578459,train,train
COCO_train2014_000000578497,train,train
COCO_train2014_000000578506,train,train
COCO_train2014_000000578521,train,train
COCO_train2014_000000578523,train,train
COCO_train2014_000000578619,train,train
COCO_train2014_000000578714,train,train
COCO_train2014_000000578769,train,train
COCO_train2014_000000578890,train,train
COCO_train2014_000000578900,train,train
COCO_train2014_000000578915,train,train
COCO_train2014_000000578918,train,train
COCO_train2014_000000579053,train,train
COCO_train2014_000000579101,train,train
COCO_train2014_000000579136,train,train
COCO_train2014_000000579165,train,train
COCO_train2014_000000579255,train,train
COCO_train2014_000000579271,train,train
COCO_train2014_000000579329,train,train
COCO_train2014_000000579386,train,train
COCO_train2014_000000579414,train,train
COCO_train2014_000000579466,train,train
COCO_train2014_000000579543,train,train
COCO_train2014_000000579576,train,train
COCO_train2014_000000579846,train,train
COCO_train2014_000000579907,train,train
COCO_train2014_000000579999,train,train
COCO_train2014_000000580051,train,train
COCO_train2014_000000580120,train,train
COCO_train2014_000000580172,train,train
COCO_train2014_000000580185,train,train
COCO_train2014_000000580191,train,train
COCO_train2014_000000580212,train,train
COCO_train2014_000000580345,train,train
COCO_train2014_000000580414,train,train
COCO_train2014_000000580454,train,train
COCO_train2014_000000580512,train,train
COCO_train2014_000000580586,train,train
COCO_train2014_000000580625,train,train
COCO_train2014_000000580631,train,train
COCO_train2014_000000580781,train,train
COCO_train2014_000000580979,train,train
COCO_train2014_000000581089,train,train
COCO_train2014_000000581097,train,train
COCO_train2014_000000581199,train,train
COCO_train2014_000000581204,train,train
COCO_train2014_000000581309,train,train
COCO_train2014_000000581326,train,train
COCO_train2014_000000581513,train,train
COCO_train2014_000000581662,train,train
COCO_train2014_000000581797,train,train
COCO_val2014_000000157469,val,tuning
COCO_val2014_000000211476,val,tuning
COCO_val2014_000000569319,val,tuning
COCO_val2014_000000173693,val,tuning
COCO_val2014_000000543836,val,tuning
COCO_val2014_000000106909,val,tuning
COCO_val2014_000000048475,val,tuning
COCO_val2014_000000042408,val,tuning
COCO_val2014_000000034114,val,tuning
COCO_val2014_000000081315,val,tuning
COCO_val2014_000000462784,val,tuning
COCO_val2014_000000152598,val,tuning
COCO_val2014_000000134096,val,tuning
COCO_val2014_000000209898,val,tuning
COCO_val2014_000000485673,val,tuning
COCO_val2014_000000486457,val,tuning
COCO_val2014_000000142249,val,tuning
COCO_val2014_000000365745,val,tuning
COCO_val2014_000000200421,val,tuning
COCO_val2014_000000564830,val,tuning
COCO_val2014_000000256251,val,tuning
COCO_val2014_000000567881,val,tuning
COCO_val2014_000000017425,val,tuning
COCO_val2014_000000345434,val,tuning
COCO_val2014_000000528201,val,tuning
COCO_val2014_000000123622,val,tuning
COCO_val2014_000000529234,val,tuning
COCO_val2014_000000312632,val,tuning
COCO_val2014_000000091326,val,tuning
COCO_val2014_000000093948,val,tuning
COCO_val2014_000000188136,val,tuning
COCO_val2014_000000527440,val,tuning
COCO_val2014_000000267363,val,tuning
COCO_val2014_000000165589,val,tuning
COCO_val2014_000000453283,val,tuning
COCO_val2014_000000370462,val,tuning
COCO_val2014_000000112437,val,tuning
COCO_val2014_000000041603,val,tuning
COCO_val2014_000000000761,val,tuning
COCO_val2014_000000122166,val,tuning
COCO_val2014_000000284152,val,tuning
COCO_val2014_000000318888,val,tuning
COCO_val2014_000000511658,val,tuning
COCO_val2014_000000455859,val,tuning
COCO_val2014_000000153803,val,tuning
COCO_val2014_000000078420,val,tuning
COCO_val2014_000000216790,val,tuning
COCO_val2014_000000474078,val,tuning
COCO_val2014_000000264992,val,tuning
COCO_val2014_000000104625,val,tuning
COCO_val2014_000000070657,val,tuning
COCO_val2014_000000463066,val,tuning
COCO_val2014_000000208793,val,tuning
COCO_val2014_000000016896,val,tuning
COCO_val2014_000000332609,val,tuning
COCO_val2014_000000188817,val,tuning
COCO_val2014_000000055768,val,tuning
COCO_val2014_000000555953,val,tuning
COCO_val2014_000000301735,val,tuning
COCO_val2014_000000135579,val,tuning
COCO_val2014_000000134688,val,tuning
COCO_val2014_000000567494,val,tuning
COCO_val2014_000000549230,val,tuning
COCO_val2014_000000415646,val,tuning
COCO_val2014_000000534734,val,tuning
COCO_val2014_000000198563,val,tuning
COCO_val2014_000000448923,val,tuning
COCO_val2014_000000525024,val,tuning
COCO_val2014_000000000987,val,tuning
COCO_val2014_000000244159,val,tuning
COCO_val2014_000000301582,val,tuning
COCO_val2014_000000296243,val,tuning
COCO_val2014_000000546928,val,tuning
COCO_val2014_000000196885,val,tuning
COCO_val2014_000000166287,val,tuning
COCO_val2014_000000493196,val,tuning
COCO_val2014_000000520707,val,tuning
COCO_val2014_000000557150,val,tuning
COCO_val2014_000000441253,val,tuning
COCO_val2014_000000135976,val,tuning
COCO_val2014_000000183905,val,tuning
COCO_val2014_000000025550,val,tuning
COCO_val2014_000000279145,val,tuning
COCO_val2014_000000564129,val,tuning
COCO_val2014_000000361527,val,tuning
COCO_val2014_000000182233,val,tuning
COCO_val2014_000000334975,val,tuning
COCO_val2014_000000240111,val,tuning
COCO_val2014_000000557552,val,tuning
COCO_val2014_000000092801,val,tuning
COCO_val2014_000000141328,val,tuning
COCO_val2014_000000097264,val,tuning
COCO_val2014_000000327255,val,tuning
COCO_val2014_000000090020,val,tuning
COCO_val2014_000000123677,val,tuning
COCO_val2014_000000288639,val,tuning
COCO_val2014_000000323515,val,tuning
COCO_val2014_000000128201,val,tuning
COCO_val2014_000000227468,val,tuning
COCO_val2014_000000235672,val,tuning
COCO_val2014_000000129756,val,tuning
COCO_val2014_000000469671,val,tuning
COCO_val2014_000000344881,val,tuning
COCO_val2014_000000445009,val,tuning
COCO_val2014_000000036810,val,tuning
COCO_val2014_000000242968,val,tuning
COCO_val2014_000000062510,val,tuning
COCO_val2014_000000494679,val,tuning
COCO_val2014_000000418816,val,tuning
COCO_val2014_000000567535,val,tuning
COCO_val2014_000000536947,val,tuning
COCO_val2014_000000033717,val,tuning
COCO_val2014_000000256713,val,tuning
COCO_val2014_000000284658,val,tuning
COCO_val2014_000000329336,val,tuning
COCO_val2014_000000131018,val,tuning
COCO_val2014_000000347818,val,tuning
COCO_val2014_000000334399,val,tuning
COCO_val2014_000000166244,val,tuning
COCO_val2014_000000479213,val,tuning
COCO_val2014_000000459440,val,tuning
COCO_val2014_000000422700,val,tuning
COCO_val2014_000000187543,val,tuning
COCO_val2014_000000008333,val,tuning
COCO_val2014_000000246263,val,tuning
COCO_val2014_000000457400,val,tuning
COCO_val2014_000000153931,val,tuning
COCO_val2014_000000098520,val,tuning
COCO_val2014_000000102625,val,tuning
COCO_val2014_000000531784,val,tuning
COCO_val2014_000000087456,val,tuning
COCO_val2014_000000119581,val,tuning
COCO_val2014_000000224111,val,tuning
COCO_val2014_000000370899,val,tuning
COCO_val2014_000000114158,val,tuning
COCO_val2014_000000170442,val,tuning
COCO_val2014_000000261558,val,tuning
COCO_val2014_000000577858,val,tuning
COCO_val2014_000000113408,val,tuning
COCO_val2014_000000430469,val,tuning
COCO_val2014_000000238498,val,tuning
COCO_val2014_000000353593,val,tuning
COCO_val2014_000000303305,val,tuning
COCO_val2014_000000099794,val,tuning
COCO_val2014_000000564820,val,tuning
COCO_val2014_000000097036,val,tuning
COCO_val2014_000000018918,val,tuning
COCO_val2014_000000512793,val,tuning
COCO_val2014_000000160195,val,tuning
COCO_val2014_000000210846,val,tuning
COCO_val2014_000000283203,val,tuning
COCO_val2014_000000223757,val,tuning
COCO_val2014_000000341603,val,tuning
COCO_val2014_000000159458,val,tuning
COCO_val2014_000000043944,val,tuning
COCO_val2014_000000122354,val,tuning
COCO_val2014_000000152609,val,tuning
COCO_val2014_000000260105,val,tuning
COCO_val2014_000000171310,val,tuning
COCO_val2014_000000413955,val,tuning
COCO_val2014_000000278401,val,tuning
COCO_val2014_000000174690,val,tuning
COCO_val2014_000000315195,val,tuning
COCO_val2014_000000238410,val,tuning
COCO_val2014_000000383414,val,tuning
COCO_val2014_000000132375,val,tuning
COCO_val2014_000000078823,val,tuning
COCO_val2014_000000027642,val,tuning
COCO_val2014_000000429174,val,tuning
COCO_val2014_000000048684,val,tuning
COCO_val2014_000000289393,val,tuning
COCO_val2014_000000478380,val,tuning
COCO_val2014_000000076416,val,tuning
COCO_val2014_000000323067,val,tuning
COCO_val2014_000000334007,val,tuning
COCO_val2014_000000081079,val,tuning
COCO_val2014_000000528084,val,tuning
COCO_val2014_000000360073,val,tuning
COCO_val2014_000000121989,val,tuning
COCO_val2014_000000444199,val,tuning
COCO_val2014_000000377730,val,tuning
COCO_val2014_000000078060,val,tuning
COCO_val2014_000000188040,val,tuning
COCO_val2014_000000422240,val,tuning
COCO_val2014_000000487282,val,tuning
COCO_val2014_000000477112,val,tuning
COCO_val2014_000000055466,val,tuning
COCO_val2014_000000495377,val,tuning
COCO_val2014_000000382307,val,tuning
COCO_val2014_000000190291,val,tuning
COCO_val2014_000000453317,val,tuning
COCO_val2014_000000507080,val,tuning
COCO_val2014_000000177262,val,tuning
COCO_val2014_000000485951,val,tuning
COCO_val2014_000000233140,val,tuning
COCO_val2014_000000430052,val,tuning
COCO_val2014_000000039852,val,tuning
COCO_val2014_000000558449,val,tuning
COCO_val2014_000000461681,val,tuning
COCO_val2014_000000044621,val,tuning
COCO_val2014_000000461620,val,tuning
COCO_val2014_000000017313,val,tuning
COCO_val2014_000000514083,val,tuning
COCO_val2014_000000113672,val,tuning
COCO_val2014_000000020671,val,tuning
COCO_val2014_000000367074,val,tuning
COCO_val2014_000000000133,val,tuning
COCO_val2014_000000340511,val,tuning
COCO_val2014_000000337498,val,tuning
COCO_val2014_000000555905,val,tuning
COCO_val2014_000000447602,val,tuning
COCO_val2014_000000311385,val,tuning
COCO_val2014_000000394199,val,tuning
COCO_val2014_000000139856,val,tuning
COCO_val2014_000000448181,val,tuning
COCO_val2014_000000350262,val,tuning
COCO_val2014_000000517081,val,tuning
COCO_val2014_000000232185,val,tuning
COCO_val2014_000000102978,val,tuning
COCO_val2014_000000067412,val,tuning
COCO_val2014_000000366884,val,tuning
COCO_val2014_000000575367,val,tuning
COCO_val2014_000000001369,val,tuning
COCO_val2014_000000171241,val,tuning
COCO_val2014_000000015725,val,tuning
COCO_val2014_000000033904,val,tuning
COCO_val2014_000000174888,val,tuning
COCO_val2014_000000012085,val,tuning
COCO_val2014_000000353028,val,tuning
COCO_val2014_000000067106,val,tuning
COCO_val2014_000000570952,val,tuning
COCO_val2014_000000038186,val,tuning
COCO_val2014_000000121826,val,tuning
COCO_val2014_000000146489,val,tuning
COCO_val2014_000000126226,val,tuning
COCO_val2014_000000560744,val,tuning
COCO_val2014_000000027478,val,tuning
COCO_val2014_000000498061,val,tuning
COCO_val2014_000000006580,val,tuning
COCO_val2014_000000482022,val,tuning
COCO_val2014_000000005105,val,tuning
COCO_val2014_000000415076,val,tuning
COCO_val2014_000000407298,val,tuning
COCO_val2014_000000546052,val,tuning
COCO_val2014_000000087144,val,tuning
COCO_val2014_000000003001,val,tuning
COCO_val2014_000000331242,val,tuning
COCO_val2014_000000405188,val,tuning
COCO_val2014_000000098658,val,tuning
COCO_val2014_000000037616,val,tuning
COCO_val2014_000000579158,val,tuning
COCO_val2014_000000581593,val,tuning
COCO_val2014_000000135975,val,tuning
COCO_val2014_000000441672,val,tuning
COCO_val2014_000000333888,val,tuning
COCO_val2014_000000170340,val,tuning
COCO_val2014_000000245664,val,tuning
COCO_val2014_000000512576,val,tuning
COCO_val2014_000000494957,val,tuning
COCO_val2014_000000313337,val,tuning
COCO_val2014_000000161940,val,tuning
COCO_val2014_000000209468,val,tuning
COCO_val2014_000000023201,val,tuning
COCO_val2014_000000511777,val,tuning
COCO_val2014_000000312192,val,tuning
COCO_val2014_000000046048,val,tuning
COCO_val2014_000000150599,val,tuning
COCO_val2014_000000533548,val,tuning
COCO_val2014_000000014108,val,tuning
COCO_val2014_000000002124,val,tuning
COCO_val2014_000000409855,val,tuning
COCO_val2014_000000024104,val,tuning
COCO_val2014_000000195842,val,tuning
COCO_val2014_000000240783,val,tuning
COCO_val2014_000000341645,val,tuning
COCO_val2014_000000524822,val,tuning
COCO_val2014_000000329080,val,tuning
COCO_val2014_000000267224,val,tuning
COCO_val2014_000000154423,val,tuning
COCO_val2014_000000136008,val,tuning
COCO_val2014_000000178941,val,tuning
COCO_val2014_000000140963,val,tuning
COCO_val2014_000000326702,val,tuning
COCO_val2014_000000536708,val,tuning
COCO_val2014_000000543706,val,tuning
COCO_val2014_000000349130,val,tuning
COCO_val2014_000000001799,val,tuning
COCO_val2014_000000131714,val,tuning
COCO_val2014_000000324008,val,tuning
COCO_val2014_000000427341,val,tuning
COCO_val2014_000000522791,val,tuning
COCO_val2014_000000463296,val,tuning
COCO_val2014_000000262940,val,tuning
COCO_val2014_000000116206,val,tuning
COCO_val2014_000000313341,val,tuning
COCO_val2014_000000093763,val,tuning
COCO_val2014_000000208423,val,tuning
COCO_val2014_000000408480,val,tuning
COCO_val2014_000000268435,val,tuning
COCO_val2014_000000047603,val,tuning
COCO_val2014_000000578498,val,tuning
COCO_val2014_000000003326,val,tuning
COCO_val2014_000000510707,val,tuning
COCO_val2014_000000400507,val,tuning
COCO_val2014_000000229659,val,tuning
COCO_val2014_000000436814,val,tuning
COCO_val2014_000000315641,val,tuning
COCO_val2014_000000419848,val,tuning
COCO_val2014_000000129886,val,tuning
COCO_val2014_000000181118,val,tuning
COCO_val2014_000000463865,val,tuning
COCO_val2014_000000043375,val,tuning
COCO_val2014_000000361430,val,tuning
COCO_val2014_000000203294,val,tuning
COCO_val2014_000000116067,val,tuning
COCO_val2014_000000095062,val,tuning
COCO_val2014_000000273711,val,tuning
COCO_val2014_000000368541,val,tuning
COCO_val2014_000000294451,val,tuning
COCO_val2014_000000415163,val,tuning
COCO_val2014_000000152103,val,tuning
COCO_val2014_000000159240,val,tuning
COCO_val2014_000000364016,val,tuning
COCO_val2014_000000486974,val,tuning
COCO_val2014_000000460373,val,tuning
COCO_val2014_000000061520,val,tuning
COCO_val2014_000000465735,val,tuning
COCO_val2014_000000400528,val,tuning
COCO_val2014_000000451120,val,tuning
COCO_val2014_000000364608,val,tuning
COCO_val2014_000000261721,val,tuning
COCO_val2014_000000167898,val,tuning
COCO_val2014_000000033652,val,tuning
COCO_val2014_000000004296,val,tuning
COCO_val2014_000000523871,val,tuning
COCO_val2014_000000356349,val,tuning
COCO_val2014_000000184384,val,tuning
COCO_val2014_000000253665,val,tuning
COCO_val2014_000000481710,val,tuning
COCO_val2014_000000535934,val,tuning
COCO_val2014_000000289222,val,tuning
COCO_val2014_000000191925,val,tuning
COCO_val2014_000000572260,val,tuning
COCO_val2014_000000572825,val,tuning
COCO_val2014_000000196074,val,tuning
COCO_val2014_000000082174,val,tuning
COCO_val2014_000000221095,val,tuning
COCO_val2014_000000133327,val,tuning
COCO_val2014_000000081287,val,tuning
COCO_val2014_000000344521,val,tuning
COCO_val2014_000000314251,val,tuning
COCO_val2014_000000313246,val,tuning
COCO_val2014_000000578225,val,tuning
COCO_val2014_000000009769,val,tuning
COCO_val2014_000000508950,val,tuning
COCO_val2014_000000522782,val,tuning
COCO_val2014_000000357418,val,tuning
COCO_val2014_000000543330,val,tuning
COCO_val2014_000000532976,val,tuning
COCO_val2014_000000369533,val,tuning
COCO_val2014_000000457037,val,tuning
COCO_val2014_000000294124,val,tuning
COCO_val2014_000000104495,val,tuning
COCO_val2014_000000133515,val,tuning
COCO_val2014_000000445557,val,tuning
COCO_val2014_000000503101,val,tuning
COCO_val2014_000000365626,val,tuning
COCO_val2014_000000363767,val,tuning
COCO_val2014_000000400887,val,tuning
COCO_val2014_000000239625,val,tuning
COCO_val2014_000000135139,val,tuning
COCO_val2014_000000278705,val,tuning
COCO_val2014_000000412440,val,tuning
COCO_val2014_000000426611,val,tuning
COCO_val2014_000000564572,val,tuning
COCO_val2014_000000446352,val,tuning
COCO_val2014_000000249599,val,tuning
COCO_val2014_000000097967,val,tuning
COCO_val2014_000000432234,val,tuning
COCO_val2014_000000007511,val,tuning
COCO_val2014_000000414133,val,tuning
COCO_val2014_000000462376,val,tuning
COCO_val2014_000000552610,val,tuning
COCO_val2014_000000187236,val,tuning
COCO_val2014_000000253742,val,tuning
COCO_val2014_000000364399,val,tuning
COCO_val2014_000000113707,val,tuning
COCO_val2014_000000363840,val,tuning
COCO_val2014_000000073256,val,tuning
COCO_val2014_000000126163,val,tuning
COCO_val2014_000000559312,val,tuning
COCO_val2014_000000000589,val,tuning
COCO_val2014_000000361073,val,tuning
COCO_val2014_000000072315,val,tuning
COCO_val2014_000000432657,val,tuning
COCO_val2014_000000064121,val,tuning
COCO_val2014_000000367398,val,tuning
COCO_val2014_000000451440,val,tuning
COCO_val2014_000000275661,val,tuning
COCO_val2014_000000067757,val,tuning
COCO_val2014_000000261805,val,tuning
COCO_val2014_000000358296,val,tuning
COCO_val2014_000000346702,val,tuning
COCO_val2014_000000123633,val,tuning
COCO_val2014_000000478736,val,tuning
COCO_val2014_000000341719,val,tuning
COCO_val2014_000000040497,val,tuning
COCO_val2014_000000451559,val,tuning
COCO_val2014_000000199783,val,tuning
COCO_val2014_000000277869,val,tuning
COCO_val2014_000000548336,val,tuning
COCO_val2014_000000271424,val,tuning
COCO_val2014_000000300066,val,tuning
COCO_val2014_000000129492,val,tuning
COCO_val2014_000000082889,val,tuning
COCO_val2014_000000523454,val,tuning
COCO_val2014_000000049194,val,tuning
COCO_val2014_000000119452,val,tuning
COCO_val2014_000000460646,val,tuning
COCO_val2014_000000085940,val,tuning
COCO_val2014_000000471488,val,tuning
COCO_val2014_000000221893,val,tuning
COCO_val2014_000000008005,val,tuning
COCO_val2014_000000009175,val,tuning
COCO_val2014_000000402233,val,tuning
COCO_val2014_000000287387,val,tuning
COCO_val2014_000000565693,val,tuning
COCO_val2014_000000341246,val,tuning
COCO_val2014_000000084442,val,tuning
COCO_val2014_000000253835,val,tuning
COCO_val2014_000000285832,val,tuning
COCO_val2014_000000129897,val,tuning
COCO_val2014_000000030657,val,tuning
COCO_val2014_000000330522,val,tuning
COCO_val2014_000000328289,val,tuning
COCO_val2014_000000274109,val,tuning
COCO_val2014_000000225913,val,tuning
COCO_val2014_000000286089,val,tuning
COCO_val2014_000000175653,val,tuning
COCO_val2014_000000427034,val,tuning
COCO_val2014_000000225281,val,tuning
COCO_val2014_000000541493,val,tuning
COCO_val2014_000000185781,val,tuning
COCO_val2014_000000575719,val,tuning
COCO_val2014_000000264110,val,tuning
COCO_val2014_000000357737,val,tuning
COCO_val2014_000000053629,val,tuning
COCO_val2014_000000003779,val,tuning
COCO_val2014_000000114458,val,tuning
COCO_val2014_000000227204,val,tuning
COCO_val2014_000000204036,val,tuning
COCO_val2014_000000388042,val,tuning
COCO_val2014_000000129862,val,tuning
COCO_val2014_000000105291,val,tuning
COCO_val2014_000000450391,val,tuning
COCO_val2014_000000413339,val,tuning
COCO_val2014_000000035726,val,tuning
COCO_val2014_000000053328,val,tuning
COCO_val2014_000000369370,val,tuning
COCO_val2014_000000426897,val,tuning
COCO_val2014_000000009236,val,tuning
COCO_val2014_000000375503,val,tuning
COCO_val2014_000000544574,val,tuning
COCO_val2014_000000207826,val,tuning
COCO_val2014_000000488463,val,tuning
COCO_val2014_000000282553,val,tuning
COCO_val2014_000000067018,val,tuning
COCO_val2014_000000558171,val,tuning
COCO_val2014_000000349647,val,tuning
COCO_val2014_000000485916,val,tuning
COCO_val2014_000000135914,val,tuning
COCO_val2014_000000231028,val,tuning
COCO_val2014_000000100245,val,tuning
COCO_val2014_000000020334,val,tuning
COCO_val2014_000000142890,val,tuning
COCO_val2014_000000180662,val,tuning
COCO_val2014_000000519673,val,tuning
COCO_val2014_000000224010,val,tuning
COCO_val2014_000000112093,val,tuning
COCO_val2014_000000517056,val,tuning
COCO_val2014_000000348913,val,tuning
COCO_val2014_000000493683,val,tuning
COCO_val2014_000000316862,val,tuning
COCO_val2014_000000327780,val,tuning
COCO_val2014_000000567205,val,tuning
COCO_val2014_000000096207,val,tuning
COCO_val2014_000000451155,val,tuning
COCO_val2014_000000156370,val,tuning
COCO_val2014_000000043673,val,tuning
COCO_val2014_000000397354,val,tuning
COCO_val2014_000000008119,val,tuning
COCO_val2014_000000257336,val,tuning
COCO_val2014_000000420120,val,tuning
COCO_val2014_000000099348,val,tuning
COCO_val2014_000000476810,val,tuning
COCO_val2014_000000090645,val,tuning
COCO_val2014_000000489550,val,tuning
COCO_val2014_000000092998,val,tuning
COCO_val2014_000000308274,val,tuning
COCO_val2014_000000240784,val,tuning
COCO_val2014_000000172556,val,tuning
COCO_val2014_000000306230,val,tuning
COCO_val2014_000000102837,val,tuning
COCO_val2014_000000262476,val,tuning
COCO_val2014_000000002839,val,tuning
COCO_val2014_000000442667,val,tuning
COCO_val2014_000000140783,val,tuning
COCO_val2014_000000144706,val,tuning
COCO_val2014_000000450724,val,tuning
COCO_val2014_000000278966,val,tuning
COCO_val2014_000000006701,val,tuning
COCO_val2014_000000167122,val,tuning
COCO_val2014_000000528411,val,tuning
COCO_val2014_000000438567,val,tuning
COCO_val2014_000000568398,val,tuning
COCO_val2014_000000433892,val,tuning
COCO_val2014_000000242529,val,tuning
COCO_val2014_000000336324,val,tuning
COCO_val2014_000000176330,val,tuning
COCO_val2014_000000192128,val,tuning
COCO_val2014_000000203661,val,tuning
COCO_val2014_000000400166,val,tuning
COCO_val2014_000000264619,val,tuning
COCO_val2014_000000427118,val,tuning
COCO_val2014_000000054517,val,tuning
COCO_val2014_000000385029,val,tuning
COCO_val2014_000000565085,val,tuning
COCO_val2014_000000054355,val,tuning
COCO_val2014_000000556120,val,tuning
COCO_val2014_000000137271,val,tuning
COCO_val2014_000000094422,val,tuning
COCO_val2014_000000029059,val,tuning
COCO_val2014_000000277239,val,tuning
COCO_val2014_000000564489,val,tuning
COCO_val2014_000000048281,val,tuning
COCO_val2014_000000109441,val,tuning
COCO_val2014_000000499480,val,tuning
COCO_val2014_000000378614,val,tuning
COCO_val2014_000000330536,val,tuning
COCO_val2014_000000131627,val,tuning
COCO_val2014_000000300753,val,tuning
COCO_val2014_000000251892,val,tuning
COCO_val2014_000000114684,val,tuning
COCO_val2014_000000265256,val,tuning
COCO_val2014_000000099938,val,tuning
COCO_val2014_000000281711,val,tuning
COCO_val2014_000000484751,val,tuning
COCO_val2014_000000146570,val,tuning
COCO_val2014_000000290289,val,tuning
COCO_val2014_000000113271,val,tuning
COCO_val2014_000000497660,val,tuning
COCO_val2014_000000326854,val,tuning
COCO_val2014_000000460866,val,tuning
COCO_val2014_000000377999,val,tuning
COCO_val2014_000000476838,val,tuning
COCO_val2014_000000235203,val,tuning
COCO_val2014_000000097561,val,tuning
COCO_val2014_000000002302,val,tuning
COCO_val2014_000000193194,val,tuning
COCO_val2014_000000222317,val,tuning
COCO_val2014_000000225603,val,tuning
COCO_val2014_000000458485,val,tuning
COCO_val2014_000000207886,val,tuning
COCO_val2014_000000358765,val,tuning
COCO_val2014_000000524187,val,tuning
COCO_val2014_000000015335,val,tuning
COCO_val2014_000000084540,val,tuning
COCO_val2014_000000091779,val,tuning
COCO_val2014_000000560256,val,tuning
COCO_val2014_000000451324,val,tuning
COCO_val2014_000000364266,val,tuning
COCO_val2014_000000082263,val,tuning
COCO_val2014_000000080895,val,tuning
COCO_val2014_000000366576,val,tuning
COCO_val2014_000000516805,val,tuning
COCO_val2014_000000307342,val,tuning
COCO_val2014_000000319345,val,tuning
COCO_val2014_000000032965,val,tuning
COCO_val2014_000000199951,val,tuning
COCO_val2014_000000005535,val,tuning
COCO_val2014_000000150235,val,tuning
COCO_val2014_000000485368,val,tuning
COCO_val2014_000000034500,val,tuning
COCO_val2014_000000569801,val,tuning
COCO_val2014_000000505455,val,tuning
COCO_val2014_000000125778,val,tuning
COCO_val2014_000000373075,val,tuning
COCO_val2014_000000000397,val,tuning
COCO_val2014_000000010138,val,tuning
COCO_val2014_000000082787,val,tuning
COCO_val2014_000000060128,val,tuning
COCO_val2014_000000250592,val,tuning
COCO_val2014_000000338625,val,tuning
COCO_val2014_000000259422,val,tuning
COCO_val2014_000000131282,val,tuning
COCO_val2014_000000413341,val,tuning
COCO_val2014_000000380348,val,tuning
COCO_val2014_000000209357,val,tuning
COCO_val2014_000000358658,val,tuning
COCO_val2014_000000299887,val,tuning
COCO_val2014_000000258243,val,tuning
COCO_val2014_000000349101,val,tuning
COCO_val2014_000000323525,val,tuning
COCO_val2014_000000000520,val,tuning
COCO_val2014_000000393497,val,tuning
COCO_val2014_000000217783,val,tuning
COCO_val2014_000000447328,val,tuning
COCO_val2014_000000310906,val,tuning
COCO_val2014_000000541773,val,tuning
COCO_val2014_000000326428,val,tuning
COCO_val2014_000000541132,val,tuning
COCO_val2014_000000076547,val,tuning
COCO_val2014_000000366096,val,tuning
COCO_val2014_000000501443,val,tuning
COCO_val2014_000000106411,val,tuning
COCO_val2014_000000370209,val,tuning
COCO_val2014_000000275117,val,tuning
COCO_val2014_000000100083,val,tuning
COCO_val2014_000000173825,val,tuning
COCO_val2014_000000350003,val,tuning
COCO_val2014_000000377393,val,tuning
COCO_val2014_000000178446,val,tuning
COCO_val2014_000000008665,val,tuning
COCO_val2014_000000516856,val,tuning
COCO_val2014_000000017627,val,tuning
COCO_val2014_000000455735,val,tuning
COCO_val2014_000000208991,val,tuning
COCO_val2014_000000508514,val,tuning
COCO_val2014_000000229132,val,tuning
COCO_val2014_000000183519,val,tuning
COCO_val2014_000000367142,val,tuning
COCO_val2014_000000289260,val,tuning
COCO_val2014_000000098683,val,tuning
COCO_val2014_000000347995,val,tuning
COCO_val2014_000000450790,val,tuning
COCO_val2014_000000456525,val,tuning
COCO_val2014_000000120420,val,tuning
COCO_val2014_000000439773,val,tuning
COCO_val2014_000000103558,val,tuning
COCO_val2014_000000216277,val,tuning
COCO_val2014_000000442724,val,tuning
COCO_val2014_000000200627,val,tuning
COCO_val2014_000000218855,val,tuning
COCO_val2014_000000406211,val,tuning
COCO_val2014_000000435075,val,tuning
COCO_val2014_000000003742,val,tuning
COCO_val2014_000000145597,val,tuning
COCO_val2014_000000107304,val,tuning
COCO_val2014_000000479466,val,tuning
COCO_val2014_000000200365,val,tuning
COCO_val2014_000000120021,val,tuning
COCO_val2014_000000387850,val,tuning
COCO_val2014_000000085826,val,tuning
COCO_val2014_000000543570,val,tuning
COCO_val2014_000000066685,val,tuning
COCO_val2014_000000156572,val,tuning
COCO_val2014_000000156643,val,tuning
COCO_val2014_000000273470,val,tuning
COCO_val2014_000000058690,val,tuning
COCO_val2014_000000389295,val,tuning
COCO_val2014_000000357317,val,tuning
COCO_val2014_000000017311,val,tuning
COCO_val2014_000000334034,val,tuning
COCO_val2014_000000359128,val,tuning
COCO_val2014_000000186927,val,tuning
COCO_val2014_000000325483,val,tuning
COCO_val2014_000000577924,val,tuning
COCO_val2014_000000200451,val,tuning
COCO_val2014_000000411530,val,tuning
COCO_val2014_000000493724,val,tuning
COCO_val2014_000000573930,val,tuning
COCO_val2014_000000204507,val,tuning
COCO_val2014_000000379441,val,tuning
COCO_val2014_000000069366,val,tuning
COCO_val2014_000000547493,val,tuning
COCO_val2014_000000499266,val,tuning
COCO_val2014_000000458755,val,tuning
COCO_val2014_000000051028,val,tuning
COCO_val2014_000000278161,val,tuning
COCO_val2014_000000432333,val,tuning
COCO_val2014_000000186130,val,tuning
COCO_val2014_000000281111,val,tuning
COCO_val2014_000000124712,val,tuning
COCO_val2014_000000302603,val,tuning
COCO_val2014_000000287714,val,tuning
COCO_val2014_000000164005,val,tuning
COCO_val2014_000000381416,val,tuning
COCO_val2014_000000153011,val,tuning
COCO_val2014_000000523195,val,tuning
COCO_val2014_000000090616,val,tuning
COCO_val2014_000000087740,val,tuning
COCO_val2014_000000493932,val,tuning
COCO_val2014_000000306453,val,tuning
COCO_val2014_000000228013,val,tuning
COCO_val2014_000000358293,val,tuning
COCO_val2014_000000294134,val,tuning
COCO_val2014_000000492284,val,tuning
COCO_val2014_000000464196,val,tuning
COCO_val2014_000000574332,val,tuning
COCO_val2014_000000486306,val,tuning
COCO_val2014_000000114861,val,tuning
COCO_val2014_000000118181,val,tuning
COCO_val2014_000000524957,val,tuning
COCO_val2014_000000329373,val,tuning
COCO_val2014_000000239010,val,tuning
COCO_val2014_000000187177,val,tuning
COCO_val2014_000000551334,val,tuning
COCO_val2014_000000230450,val,tuning
COCO_val2014_000000142177,val,tuning
COCO_val2014_000000043851,val,tuning
COCO_val2014_000000249969,val,tuning
COCO_val2014_000000570981,val,tuning
COCO_val2014_000000253630,val,tuning
COCO_val2014_000000491784,val,tuning
COCO_val2014_000000561336,val,tuning
COCO_val2014_000000318550,val,tuning
COCO_val2014_000000450129,val,tuning
COCO_val2014_000000010707,val,tuning
COCO_val2014_000000445371,val,tuning
COCO_val2014_000000550707,val,tuning
COCO_val2014_000000068093,val,tuning
COCO_val2014_000000417965,val,tuning
COCO_val2014_000000144874,val,tuning
COCO_val2014_000000508949,val,tuning
COCO_val2014_000000511674,val,tuning
COCO_val2014_000000352418,val,tuning
COCO_val2014_000000542509,val,tuning
COCO_val2014_000000229740,val,tuning
COCO_val2014_000000068059,val,tuning
COCO_val2014_000000206487,val,tuning
COCO_val2014_000000557163,val,tuning
COCO_val2014_000000488942,val,tuning
COCO_val2014_000000052835,val,tuning
COCO_val2014_000000466211,val,tuning
COCO_val2014_000000192932,val,tuning
COCO_val2014_000000383406,val,tuning
COCO_val2014_000000427306,val,tuning
COCO_val2014_000000445267,val,tuning
COCO_val2014_000000176606,val,tuning
COCO_val2014_000000454203,val,tuning
COCO_val2014_000000189368,val,tuning
COCO_val2014_000000369249,val,tuning
COCO_val2014_000000296231,val,tuning
COCO_val2014_000000028719,val,tuning
COCO_val2014_000000304379,val,tuning
COCO_val2014_000000215644,val,tuning
COCO_val2014_000000072582,val,tuning
COCO_val2014_000000020979,val,tuning
COCO_val2014_000000050485,val,tuning
COCO_val2014_000000078748,val,tuning
COCO_val2014_000000344498,val,tuning
COCO_val2014_000000501491,val,tuning
COCO_val2014_000000003067,val,tuning
COCO_val2014_000000177015,val,tuning
COCO_val2014_000000020410,val,tuning
COCO_val2014_000000305101,val,tuning
COCO_val2014_000000404349,val,tuning
COCO_val2014_000000163112,val,tuning
COCO_val2014_000000191218,val,tuning
COCO_val2014_000000435444,val,tuning
COCO_val2014_000000015956,val,tuning
COCO_val2014_000000236721,val,tuning
COCO_val2014_000000467887,val,tuning
COCO_val2014_000000183319,val,tuning
COCO_val2014_000000397628,val,tuning
COCO_val2014_000000338105,val,tuning
COCO_val2014_000000058304,val,tuning
COCO_val2014_000000002179,val,tuning
COCO_val2014_000000355569,val,tuning
COCO_val2014_000000128180,val,tuning
COCO_val2014_000000007570,val,tuning
COCO_val2014_000000469246,val,tuning
COCO_val2014_000000137961,val,tuning
COCO_val2014_000000197444,val,tuning
COCO_val2014_000000108484,val,tuning
COCO_val2014_000000468917,val,tuning
COCO_val2014_000000567708,val,tuning
COCO_val2014_000000186095,val,tuning
COCO_val2014_000000047775,val,tuning
COCO_val2014_000000397636,val,tuning
COCO_val2014_000000469777,val,tuning
COCO_val2014_000000256628,val,tuning
COCO_val2014_000000400139,val,tuning
COCO_val2014_000000024693,val,tuning
COCO_val2014_000000568281,val,tuning
COCO_val2014_000000087588,val,tuning
COCO_val2014_000000559277,val,tuning
COCO_val2014_000000268729,val,tuning
COCO_val2014_000000038817,val,tuning
COCO_val2014_000000077396,val,tuning
COCO_val2014_000000127659,val,tuning
COCO_val2014_000000093620,val,tuning
COCO_val2014_000000077050,val,tuning
COCO_val2014_000000199575,val,tuning
COCO_val2014_000000293148,val,tuning
COCO_val2014_000000298461,val,tuning
COCO_val2014_000000130524,val,tuning
COCO_val2014_000000419723,val,tuning
COCO_val2014_000000426011,val,tuning
COCO_val2014_000000427615,val,tuning
COCO_val2014_000000129062,val,tuning
COCO_val2014_000000390826,val,tuning
COCO_val2014_000000297944,val,tuning
COCO_val2014_000000328111,val,tuning
COCO_val2014_000000526364,val,tuning
COCO_val2014_000000051203,val,tuning
COCO_val2014_000000309232,val,tuning
COCO_val2014_000000425964,val,tuning
COCO_val2014_000000240903,val,tuning
COCO_val2014_000000042641,val,tuning
COCO_val2014_000000019624,val,tuning
COCO_val2014_000000443784,val,tuning
COCO_val2014_000000387909,val,tuning
COCO_val2014_000000074256,val,tuning
COCO_val2014_000000267135,val,tuning
COCO_val2014_000000096832,val,tuning
COCO_val2014_000000370513,val,tuning
COCO_val2014_000000145214,val,tuning
COCO_val2014_000000332845,val,tuning
COCO_val2014_000000045248,val,tuning
COCO_val2014_000000470121,val,tuning
COCO_val2014_000000329946,val,tuning
COCO_val2014_000000224114,val,tuning
COCO_val2014_000000131131,val,tuning
COCO_val2014_000000353130,val,tuning
COCO_val2014_000000228749,val,tuning
COCO_val2014_000000121123,val,tuning
COCO_val2014_000000358976,val,tuning
COCO_val2014_000000483446,val,tuning
COCO_val2014_000000451275,val,tuning
COCO_val2014_000000513993,val,tuning
COCO_val2014_000000581887,val,tuning
COCO_val2014_000000399452,val,tuning
COCO_val2014_000000413044,val,tuning
COCO_val2014_000000072376,val,tuning
COCO_val2014_000000237759,val,tuning
COCO_val2014_000000485822,val,tuning
COCO_val2014_000000565395,val,tuning
COCO_val2014_000000234328,val,tuning
COCO_val2014_000000530259,val,tuning
COCO_val2014_000000384114,val,tuning
COCO_val2014_000000398534,val,tuning
COCO_val2014_000000293022,val,tuning
COCO_val2014_000000183204,val,tuning
COCO_val2014_000000204471,val,tuning
COCO_val2014_000000066771,val,tuning
COCO_val2014_000000044934,val,tuning
COCO_val2014_000000430073,val,tuning
COCO_val2014_000000009400,val,tuning
COCO_val2014_000000562084,val,tuning
COCO_val2014_000000153632,val,tuning
COCO_val2014_000000033116,val,tuning
COCO_val2014_000000076588,val,tuning
COCO_val2014_000000176278,val,tuning
COCO_val2014_000000447187,val,tuning
COCO_val2014_000000220808,val,tuning
COCO_val2014_000000187054,val,tuning
COCO_val2014_000000455975,val,tuning
COCO_val2014_000000490105,val,tuning
COCO_val2014_000000046252,val,tuning
COCO_val2014_000000169111,val,tuning
COCO_val2014_000000413839,val,tuning
COCO_val2014_000000503837,val,tuning
COCO_val2014_000000250951,val,tuning
COCO_val2014_000000160341,val,tuning
COCO_val2014_000000380756,val,tuning
COCO_val2014_000000363784,val,tuning
COCO_val2014_000000069544,val,tuning
COCO_val2014_000000154971,val,tuning
COCO_val2014_000000179898,val,tuning
COCO_val2014_000000156497,val,tuning
COCO_val2014_000000578813,val,tuning
COCO_val2014_000000158344,val,tuning
COCO_val2014_000000056002,val,tuning
COCO_val2014_000000310200,val,tuning
COCO_val2014_000000068435,val,tuning
COCO_val2014_000000038034,val,tuning
COCO_val2014_000000009156,val,tuning
COCO_val2014_000000562622,val,tuning
COCO_val2014_000000396845,val,tuning
COCO_val2014_000000112586,val,tuning
COCO_val2014_000000524992,val,tuning
COCO_val2014_000000160811,val,tuning
COCO_val2014_000000549224,val,tuning
COCO_val2014_000000354724,val,tuning
COCO_val2014_000000441553,val,tuning
COCO_val2014_000000200250,val,tuning
COCO_val2014_000000562803,val,tuning
COCO_val2014_000000230585,val,tuning
COCO_val2014_000000001270,val,tuning
COCO_val2014_000000433547,val,tuning
COCO_val2014_000000197809,val,tuning
COCO_val2014_000000531178,val,tuning
COCO_val2014_000000210081,val,tuning
COCO_val2014_000000213843,val,tuning
COCO_val2014_000000490878,val,tuning
COCO_val2014_000000512869,val,tuning
COCO_val2014_000000458613,val,tuning
COCO_val2014_000000167854,val,tuning
COCO_val2014_000000087998,val,tuning
COCO_val2014_000000075527,val,tuning
COCO_val2014_000000495456,val,tuning
COCO_val2014_000000565485,val,tuning
COCO_val2014_000000135748,val,tuning
COCO_val2014_000000532164,val,tuning
COCO_val2014_000000425324,val,tuning
COCO_val2014_000000306467,val,tuning
COCO_val2014_000000043261,val,tuning
COCO_val2014_000000064196,val,tuning
COCO_val2014_000000172599,val,tuning
COCO_val2014_000000496252,val,tuning
COCO_val2014_000000100306,val,tuning
COCO_val2014_000000056752,val,tuning
COCO_val2014_000000221846,val,tuning
COCO_val2014_000000262576,val,tuning
COCO_val2014_000000017714,val,tuning
COCO_val2014_000000531798,val,tuning
COCO_val2014_000000085195,val,tuning
COCO_val2014_000000496897,val,tuning
COCO_val2014_000000418623,val,tuning
COCO_val2014_000000003590,val,tuning
COCO_val2014_000000262617,val,tuning
COCO_val2014_000000387150,val,tuning
COCO_val2014_000000011305,val,tuning
COCO_val2014_000000390731,val,tuning
COCO_val2014_000000570773,val,tuning
COCO_val2014_000000039663,val,tuning
COCO_val2014_000000005816,val,tuning
COCO_val2014_000000139306,val,tuning
COCO_val2014_000000296224,val,tuning
COCO_val2014_000000207611,val,tuning
COCO_val2014_000000361351,val,tuning
COCO_val2014_000000433505,val,tuning
COCO_val2014_000000342293,val,tuning
COCO_val2014_000000363207,val,tuning
COCO_val2014_000000393682,val,tuning
COCO_val2014_000000190185,val,tuning
COCO_val2014_000000106392,val,tuning
COCO_val2014_000000193122,val,tuning
COCO_val2014_000000389108,val,tuning
COCO_val2014_000000350639,val,tuning
COCO_val2014_000000505818,val,tuning
COCO_val2014_000000163589,val,tuning
COCO_val2014_000000318204,val,tuning
COCO_val2014_000000493376,val,tuning
COCO_val2014_000000361933,val,tuning
COCO_val2014_000000378962,val,tuning
COCO_val2014_000000025860,val,tuning
COCO_val2014_000000542625,val,tuning
COCO_val2014_000000300437,val,tuning
COCO_val2014_000000374448,val,tuning
COCO_val2014_000000015345,val,tuning
COCO_val2014_000000309573,val,tuning
COCO_val2014_000000218988,val,tuning
COCO_val2014_000000375407,val,tuning
COCO_val2014_000000554445,val,tuning
COCO_val2014_000000324837,val,tuning
COCO_val2014_000000457575,val,tuning
COCO_val2014_000000569450,val,tuning
COCO_val2014_000000105732,val,tuning
COCO_val2014_000000531286,val,tuning
COCO_val2014_000000229391,val,tuning
COCO_val2014_000000248469,val,tuning
COCO_val2014_000000172057,val,tuning
COCO_val2014_000000407868,val,tuning
COCO_val2014_000000283286,val,tuning
COCO_val2014_000000414516,val,tuning
COCO_val2014_000000140017,val,tuning
COCO_val2014_000000404517,val,tuning
COCO_val2014_000000187240,val,tuning
COCO_val2014_000000243780,val,tuning
COCO_val2014_000000349485,val,tuning
COCO_val2014_000000264238,val,tuning
COCO_val2014_000000148193,val,tuning
COCO_val2014_000000496324,val,tuning
COCO_val2014_000000080131,val,tuning
COCO_val2014_000000195815,val,tuning
COCO_val2014_000000373945,val,tuning
COCO_val2014_000000376959,val,tuning
COCO_val2014_000000181446,val,tuning
COCO_val2014_000000510329,val,tuning
COCO_val2014_000000507575,val,tuning
COCO_val2014_000000464092,val,tuning
COCO_val2014_000000024243,val,tuning
COCO_val2014_000000040602,val,tuning
COCO_val2014_000000091080,val,tuning
COCO_val2014_000000336053,val,tuning
COCO_val2014_000000358707,val,tuning
COCO_val2014_000000101933,val,tuning
COCO_val2014_000000382696,val,tuning
COCO_val2014_000000205729,val,tuning
COCO_val2014_000000296303,val,tuning
COCO_val2014_000000213728,val,tuning
COCO_val2014_000000388299,val,tuning
COCO_val2014_000000519460,val,tuning
COCO_val2014_000000056326,val,tuning
COCO_val2014_000000527846,val,tuning
COCO_val2014_000000278226,val,tuning
COCO_val2014_000000359569,val,tuning
COCO_val2014_000000239492,val,tuning
COCO_val2014_000000459103,val,tuning
COCO_val2014_000000198312,val,tuning
COCO_val2014_000000163611,val,tuning
COCO_val2014_000000176226,val,tuning
COCO_val2014_000000014635,val,tuning
COCO_val2014_000000242673,val,tuning
COCO_val2014_000000034701,val,tuning
COCO_val2014_000000515247,val,tuning
COCO_val2014_000000259793,val,tuning
COCO_val2014_000000547798,val,tuning
COCO_val2014_000000457581,val,tuning
COCO_val2014_000000368193,val,tuning
COCO_val2014_000000156928,val,tuning
COCO_val2014_000000484280,val,tuning
COCO_val2014_000000198447,val,tuning
COCO_val2014_000000370839,val,tuning
COCO_val2014_000000110048,val,tuning
COCO_val2014_000000419081,val,tuning
COCO_val2014_000000284641,val,tuning
COCO_val2014_000000273645,val,tuning
COCO_val2014_000000192554,val,tuning
COCO_val2014_000000147058,val,tuning
COCO_val2014_000000157283,val,tuning
COCO_val2014_000000398489,val,tuning
COCO_val2014_000000327383,val,tuning
COCO_val2014_000000128224,val,tuning
COCO_val2014_000000180013,val,tuning
COCO_val2014_000000527054,val,tuning
COCO_val2014_000000353510,val,tuning
COCO_val2014_000000494144,val,tuning
COCO_val2014_000000367666,val,tuning
COCO_val2014_000000045721,val,tuning
COCO_val2014_000000219546,val,tuning
COCO_val2014_000000217181,val,tuning
COCO_val2014_000000167443,val,tuning
COCO_val2014_000000002822,val,tuning
COCO_val2014_000000120792,val,tuning
COCO_val2014_000000253964,val,tuning
COCO_val2014_000000571598,val,tuning
COCO_val2014_000000019292,val,tuning
COCO_val2014_000000548420,val,tuning
COCO_val2014_000000112818,val,tuning
COCO_val2014_000000487095,val,tuning
COCO_val2014_000000441511,val,tuning
COCO_val2014_000000113097,val,tuning
COCO_val2014_000000567740,val,tuning
COCO_val2014_000000342322,val,tuning
COCO_val2014_000000490964,val,tuning
COCO_val2014_000000533408,val,tuning
COCO_val2014_000000499597,val,tuning
COCO_val2014_000000292792,val,tuning
COCO_val2014_000000135399,val,tuning
COCO_val2014_000000394715,val,tuning
COCO_val2014_000000280918,val,tuning
COCO_val2014_000000082468,val,tuning
COCO_val2014_000000121788,val,tuning
COCO_val2014_000000050752,val,tuning
COCO_val2014_000000011796,val,tuning
COCO_val2014_000000061693,val,tuning
COCO_val2014_000000473199,val,tuning
COCO_val2014_000000265879,val,tuning
COCO_val2014_000000205232,val,tuning
COCO_val2014_000000487631,val,tuning
COCO_val2014_000000274272,val,tuning
COCO_val2014_000000083283,val,tuning
COCO_val2014_000000568004,val,tuning
COCO_val2014_000000012230,val,tuning
COCO_val2014_000000181179,val,tuning
COCO_val2014_000000126631,val,tuning
COCO_val2014_000000300577,val,tuning
COCO_val2014_000000291257,val,tuning
COCO_val2014_000000557117,val,tuning
COCO_val2014_000000473370,val,tuning
COCO_val2014_000000063328,val,tuning
COCO_val2014_000000251531,val,tuning
COCO_val2014_000000487685,val,tuning
COCO_val2014_000000544876,val,tuning
COCO_val2014_000000080104,val,tuning
COCO_val2014_000000400916,val,tuning
COCO_val2014_000000550601,val,tuning
COCO_val2014_000000224289,val,tuning
COCO_val2014_000000126340,val,tuning
COCO_val2014_000000002640,val,tuning
COCO_val2014_000000537081,val,tuning
COCO_val2014_000000121904,val,tuning
COCO_val2014_000000470115,val,tuning
COCO_val2014_000000144379,val,tuning
COCO_val2014_000000460333,val,tuning
COCO_val2014_000000144870,val,tuning
COCO_val2014_000000474608,val,tuning
COCO_val2014_000000348091,val,tuning
COCO_val2014_000000317898,val,tuning
COCO_val2014_000000444236,val,tuning
COCO_val2014_000000370657,val,tuning
COCO_val2014_000000113860,val,tuning
COCO_val2014_000000390704,val,tuning
COCO_val2014_000000056724,val,tuning
COCO_val2014_000000344308,val,tuning
COCO_val2014_000000303219,val,tuning
COCO_val2014_000000565635,val,tuning
COCO_val2014_000000235093,val,tuning
COCO_val2014_000000406997,val,tuning
COCO_val2014_000000466259,val,tuning
COCO_val2014_000000199449,val,tuning
COCO_val2014_000000333095,val,tuning
COCO_val2014_000000194790,val,tuning
COCO_val2014_000000394659,val,tuning
COCO_val2014_000000165831,val,tuning
COCO_val2014_000000461311,val,tuning
COCO_val2014_000000185614,val,tuning
COCO_val2014_000000389649,val,tuning
COCO_val2014_000000099428,val,tuning
COCO_val2014_000000554037,val,tuning
COCO_val2014_000000562818,val,tuning
COCO_val2014_000000534121,val,tuning
COCO_val2014_000000435880,val,tuning
COCO_val2014_000000026992,val,tuning
COCO_val2014_000000431495,val,tuning
COCO_val2014_000000463771,val,tuning
COCO_val2014_000000028682,val,tuning
COCO_val2014_000000101189,val,tuning
COCO_val2014_000000199989,val,tuning
COCO_val2014_000000336300,val,tuning
COCO_val2014_000000003091,val,tuning
COCO_val2014_000000135666,val,tuning
COCO_val2014_000000165643,val,tuning
COCO_val2014_000000362530,val,tuning
COCO_val2014_000000342933,val,tuning
COCO_val2014_000000214919,val,tuning
COCO_val2014_000000360661,val,tuning
COCO_val2014_000000474499,val,tuning
COCO_val2014_000000358606,val,tuning
COCO_val2014_000000012991,val,tuning
COCO_val2014_000000535569,val,tuning
COCO_val2014_000000548423,val,tuning
COCO_val2014_000000527733,val,tuning
COCO_val2014_000000412975,val,tuning
COCO_val2014_000000201925,val,tuning
COCO_val2014_000000578974,val,tuning
COCO_val2014_000000211177,val,tuning
COCO_val2014_000000288933,val,tuning
COCO_val2014_000000129864,val,tuning
COCO_val2014_000000205108,val,tuning
COCO_val2014_000000275175,val,tuning
COCO_val2014_000000188434,val,tuning
COCO_val2014_000000039405,val,tuning
COCO_val2014_000000417632,val,tuning
COCO_val2014_000000243777,val,tuning
COCO_val2014_000000495808,val,tuning
COCO_val2014_000000562632,val,tuning
COCO_val2014_000000338901,val,tuning
COCO_val2014_000000082668,val,tuning
COCO_val2014_000000468778,val,tuning
COCO_val2014_000000275695,val,tuning
COCO_val2014_000000326970,val,tuning
COCO_val2014_000000549674,val,tuning
COCO_val2014_000000346207,val,tuning
COCO_val2014_000000007726,val,tuning
COCO_val2014_000000403294,val,tuning
COCO_val2014_000000240119,val,tuning
COCO_val2014_000000485201,val,tuning
COCO_val2014_000000316008,val,tuning
COCO_val2014_000000382603,val,tuning
COCO_val2014_000000423498,val,tuning
COCO_val2014_000000283653,val,tuning
COCO_val2014_000000560365,val,tuning
COCO_val2014_000000047361,val,tuning
COCO_val2014_000000187072,val,tuning
COCO_val2014_000000495020,val,tuning
COCO_val2014_000000276024,val,tuning
COCO_val2014_000000553879,val,tuning
COCO_val2014_000000404602,val,tuning
COCO_val2014_000000433915,val,tuning
COCO_val2014_000000325374,val,tuning
COCO_val2014_000000558457,val,tuning
COCO_val2014_000000209904,val,tuning
COCO_val2014_000000373111,val,tuning
COCO_val2014_000000315790,val,tuning
COCO_val2014_000000224104,val,tuning
COCO_val2014_000000045844,val,tuning
COCO_val2014_000000426917,val,tuning
COCO_val2014_000000054092,val,tuning
COCO_val2014_000000550815,val,tuning
COCO_val2014_000000369771,val,tuning
COCO_val2014_000000073470,val,tuning
COCO_val2014_000000075612,val,tuning
COCO_val2014_000000178691,val,tuning
COCO_val2014_000000547212,val,tuning
COCO_val2014_000000060448,val,tuning
COCO_val2014_000000462928,val,tuning
COCO_val2014_000000497466,val,tuning
COCO_val2014_000000558677,val,tuning
COCO_val2014_000000236234,val,tuning
COCO_val2014_000000520892,val,tuning
COCO_val2014_000000132612,val,tuning
COCO_val2014_000000285633,val,tuning
COCO_val2014_000000091283,val,tuning
COCO_val2014_000000031636,val,tuning
COCO_val2014_000000189694,val,tuning
COCO_val2014_000000573349,val,tuning
COCO_val2014_000000445309,val,tuning
COCO_val2014_000000225730,val,tuning
COCO_val2014_000000244665,val,tuning
COCO_val2014_000000531134,val,tuning
COCO_val2014_000000096110,val,tuning
COCO_val2014_000000120411,val,tuning
COCO_val2014_000000397045,val,tuning
COCO_val2014_000000415432,val,tuning
COCO_val2014_000000517069,val,tuning
COCO_val2014_000000238691,val,tuning
COCO_val2014_000000503202,val,tuning
COCO_val2014_000000012443,val,tuning
COCO_val2014_000000549109,val,tuning
COCO_val2014_000000097479,val,tuning
COCO_val2014_000000055017,val,tuning
COCO_val2014_000000469067,val,tuning
COCO_val2014_000000160057,val,tuning
COCO_val2014_000000022118,val,tuning
COCO_val2014_000000070478,val,tuning
COCO_val2014_000000449567,val,tuning
COCO_val2014_000000403657,val,tuning
COCO_val2014_000000157876,val,tuning
COCO_val2014_000000463527,val,tuning
COCO_val2014_000000387369,val,tuning
COCO_val2014_000000126744,val,tuning
COCO_val2014_000000443602,val,tuning
COCO_val2014_000000565405,val,tuning
COCO_val2014_000000580953,val,tuning
COCO_val2014_000000226220,val,tuning
COCO_val2014_000000398153,val,tuning
COCO_val2014_000000331395,val,tuning
COCO_val2014_000000370953,val,tuning
COCO_val2014_000000557324,val,tuning
COCO_val2014_000000113235,val,tuning
COCO_val2014_000000369482,val,tuning
COCO_val2014_000000085632,val,tuning
COCO_val2014_000000392320,val,tuning
COCO_val2014_000000221609,val,tuning
COCO_val2014_000000510651,val,tuning
COCO_val2014_000000219928,val,tuning
COCO_val2014_000000457078,val,tuning
COCO_val2014_000000289120,val,tuning
COCO_val2014_000000198486,val,tuning
COCO_val2014_000000460684,val,tuning
COCO_val2014_000000421865,val,tuning
COCO_val2014_000000294032,val,tuning
COCO_val2014_000000341401,val,tuning
COCO_val2014_000000328433,val,tuning
COCO_val2014_000000071826,val,tuning
COCO_val2014_000000066568,val,tuning
COCO_val2014_000000106344,val,tuning
COCO_val2014_000000314074,val,tuning
COCO_val2014_000000092602,val,tuning
COCO_val2014_000000144938,val,tuning
COCO_val2014_000000337551,val,tuning
COCO_val2014_000000051376,val,tuning
COCO_val2014_000000041110,val,tuning
COCO_val2014_000000349936,val,tuning
COCO_val2014_000000114481,val,tuning
COCO_val2014_000000150986,val,tuning
COCO_val2014_000000315565,val,tuning
COCO_val2014_000000309022,val,tuning
COCO_val2014_000000168781,val,tuning
COCO_val2014_000000528311,val,tuning
COCO_val2014_000000338207,val,tuning
COCO_val2014_000000096539,val,tuning
COCO_val2014_000000292118,val,tuning
COCO_val2014_000000279491,val,tuning
COCO_val2014_000000275585,val,tuning
COCO_val2014_000000097379,val,tuning
COCO_val2014_000000129502,val,tuning
COCO_val2014_000000006608,val,tuning
COCO_val2014_000000287443,val,tuning
COCO_val2014_000000340420,val,tuning
COCO_val2014_000000441541,val,tuning
COCO_val2014_000000499810,val,tuning
COCO_val2014_000000427133,val,tuning
COCO_val2014_000000568132,val,tuning
COCO_val2014_000000573605,val,tuning
COCO_val2014_000000191949,val,tuning
COCO_val2014_000000210736,val,tuning
COCO_val2014_000000438737,val,tuning
COCO_val2014_000000473573,val,tuning
COCO_val2014_000000392753,val,tuning
COCO_val2014_000000457226,val,tuning
COCO_val2014_000000269037,val,tuning
COCO_val2014_000000299074,val,tuning
COCO_val2014_000000059015,val,tuning
COCO_val2014_000000482589,val,tuning
COCO_val2014_000000301746,val,tuning
COCO_val2014_000000149676,val,tuning
COCO_val2014_000000401088,val,tuning
COCO_val2014_000000393692,val,tuning
COCO_val2014_000000011696,val,tuning
COCO_val2014_000000558498,val,tuning
COCO_val2014_000000225558,val,tuning
COCO_val2014_000000330750,val,tuning
COCO_val2014_000000488401,val,tuning
COCO_val2014_000000566049,val,tuning
COCO_val2014_000000262030,val,tuning
COCO_val2014_000000358525,val,tuning
COCO_val2014_000000436992,val,tuning
COCO_val2014_000000013659,val,tuning
COCO_val2014_000000332844,val,tuning
COCO_val2014_000000064015,val,tuning
COCO_val2014_000000361481,val,tuning
COCO_val2014_000000077615,val,tuning
COCO_val2014_000000505822,val,tuning
COCO_val2014_000000514376,val,tuning
COCO_val2014_000000459050,val,tuning
COCO_val2014_000000498641,val,tuning
COCO_val2014_000000170700,val,tuning
COCO_val2014_000000251920,val,tuning
COCO_val2014_000000059744,val,tuning
COCO_val2014_000000119641,val,tuning
COCO_val2014_000000270096,val,tuning
COCO_val2014_000000389644,val,tuning
COCO_val2014_000000405279,val,tuning
COCO_val2014_000000312627,val,tuning
COCO_val2014_000000001532,val,tuning
COCO_val2014_000000434990,val,tuning
COCO_val2014_000000231343,val,tuning
COCO_val2014_000000579822,val,tuning
COCO_val2014_000000330676,val,tuning
COCO_val2014_000000414385,val,tuning
COCO_val2014_000000480400,val,tuning
COCO_val2014_000000442942,val,tuning
COCO_val2014_000000506933,val,tuning
COCO_val2014_000000104326,val,tuning
COCO_val2014_000000206922,val,tuning
COCO_val2014_000000512116,val,tuning
COCO_val2014_000000018687,val,tuning
COCO_val2014_000000416308,val,tuning
COCO_val2014_000000541018,val,tuning
COCO_val2014_000000194414,val,tuning
COCO_val2014_000000490225,val,tuning
COCO_val2014_000000508899,val,tuning
COCO_val2014_000000014248,val,tuning
COCO_val2014_000000255096,val,tuning
COCO_val2014_000000395402,val,tuning
COCO_val2014_000000147740,val,tuning
COCO_val2014_000000453001,val,tuning
COCO_val2014_000000090659,val,tuning
COCO_val2014_000000075696,val,tuning
COCO_val2014_000000154884,val,tuning
COCO_val2014_000000397734,val,tuning
COCO_val2014_000000544121,val,tuning
COCO_val2014_000000117836,val,tuning
COCO_val2014_000000257058,val,tuning
COCO_val2014_000000469165,val,tuning
COCO_val2014_000000347930,val,tuning
COCO_val2014_000000359801,val,tuning
COCO_val2014_000000393271,val,tuning
COCO_val2014_000000361521,val,tuning
COCO_val2014_000000187424,val,tuning
COCO_val2014_000000125071,val,tuning
COCO_val2014_000000200541,val,tuning
COCO_val2014_000000453159,val,tuning
COCO_val2014_000000441862,val,tuning
COCO_val2014_000000545219,val,tuning
COCO_val2014_000000096306,val,tuning
COCO_val2014_000000323327,val,tuning
COCO_val2014_000000539787,val,tuning
COCO_val2014_000000373768,val,tuning
COCO_val2014_000000214692,val,tuning
COCO_val2014_000000327890,val,tuning
COCO_val2014_000000012700,val,tuning
COCO_val2014_000000007574,val,tuning
COCO_val2014_000000050350,val,tuning
COCO_val2014_000000457566,val,tuning
COCO_val2014_000000001675,val,tuning
COCO_val2014_000000248014,val,tuning
COCO_val2014_000000482275,val,tuning
COCO_val2014_000000002154,val,tuning
COCO_val2014_000000540414,val,tuning
COCO_val2014_000000279386,val,tuning
COCO_val2014_000000371054,val,tuning
COCO_val2014_000000185444,val,tuning
COCO_val2014_000000487375,val,tuning
COCO_val2014_000000097579,val,tuning
COCO_val2014_000000133146,val,tuning
COCO_val2014_000000577654,val,tuning
COCO_val2014_000000167477,val,tuning
COCO_val2014_000000073209,val,tuning
COCO_val2014_000000274134,val,tuning
COCO_val2014_000000001561,val,tuning
COCO_val2014_000000122588,val,tuning
COCO_val2014_000000167347,val,tuning
COCO_val2014_000000507037,val,tuning
COCO_val2014_000000317622,val,tuning
COCO_val2014_000000114147,val,tuning
COCO_val2014_000000493206,val,tuning
COCO_val2014_000000385997,val,tuning
COCO_val2014_000000089556,val,tuning
COCO_val2014_000000209071,val,tuning
COCO_val2014_000000055467,val,tuning
COCO_val2014_000000011360,val,tuning
COCO_val2014_000000558633,val,tuning
COCO_val2014_000000265915,val,tuning
COCO_val2014_000000556597,val,tuning
COCO_val2014_000000043305,val,tuning
COCO_val2014_000000116405,val,tuning
COCO_val2014_000000494580,val,tuning
COCO_val2014_000000119939,val,tuning
COCO_val2014_000000405674,val,tuning
COCO_val2014_000000382512,val,tuning
COCO_val2014_000000313562,val,tuning
COCO_val2014_000000003983,val,tuning
COCO_val2014_000000490441,val,tuning
COCO_val2014_000000141779,val,tuning
COCO_val2014_000000242679,val,tuning
COCO_val2014_000000378502,val,tuning
COCO_val2014_000000580704,val,tuning
COCO_val2014_000000210990,val,tuning
COCO_val2014_000000291742,val,tuning
COCO_val2014_000000150686,val,tuning
COCO_val2014_000000179926,val,tuning
COCO_val2014_000000057508,val,tuning
COCO_val2014_000000529355,val,tuning
COCO_val2014_000000326086,val,tuning
COCO_val2014_000000336872,val,tuning
COCO_val2014_000000179699,val,tuning
COCO_val2014_000000296604,val,tuning
COCO_val2014_000000536403,val,tuning
COCO_val2014_000000275449,val,tuning
COCO_val2014_000000033109,val,tuning
COCO_val2014_000000020925,val,tuning
COCO_val2014_000000429505,val,tuning
COCO_val2014_000000482585,val,tuning
COCO_val2014_000000306974,val,tuning
COCO_val2014_000000555582,val,tuning
COCO_val2014_000000182236,val,tuning
COCO_val2014_000000096043,val,tuning
COCO_val2014_000000034786,val,tuning
COCO_val2014_000000492524,val,tuning
COCO_val2014_000000234238,val,tuning
COCO_val2014_000000520524,val,tuning
COCO_val2014_000000316666,val,tuning
COCO_val2014_000000568041,val,tuning
COCO_val2014_000000171360,val,tuning
COCO_val2014_000000182784,val,tuning
COCO_val2014_000000555005,val,tuning
COCO_val2014_000000210522,val,tuning
COCO_val2014_000000431152,val,tuning
COCO_val2014_000000014713,val,tuning
COCO_val2014_000000033645,val,tuning
COCO_val2014_000000380057,val,tuning
COCO_val2014_000000262658,val,tuning
COCO_val2014_000000031569,val,tuning
COCO_val2014_000000088436,val,tuning
COCO_val2014_000000466665,val,tuning
COCO_val2014_000000358817,val,tuning
COCO_val2014_000000085390,val,tuning
COCO_val2014_000000540159,val,tuning
COCO_val2014_000000447169,val,tuning
COCO_val2014_000000188311,val,tuning
COCO_val2014_000000019158,val,tuning
COCO_val2014_000000088513,val,tuning
COCO_val2014_000000423715,val,tuning
COCO_val2014_000000015497,val,tuning
COCO_val2014_000000109532,val,tuning
COCO_val2014_000000334332,val,tuning
COCO_val2014_000000162454,val,tuning
COCO_val2014_000000507330,val,tuning
COCO_val2014_000000270066,val,tuning
COCO_val2014_000000358796,val,tuning
COCO_val2014_000000267932,val,tuning
COCO_val2014_000000000810,val,tuning
COCO_val2014_000000190829,val,tuning
COCO_val2014_000000101936,val,tuning
COCO_val2014_000000158292,val,tuning
COCO_val2014_000000120356,val,tuning
COCO_val2014_000000052282,val,tuning
COCO_val2014_000000138054,val,tuning
COCO_val2014_000000555848,val,tuning
COCO_val2014_000000303847,val,tuning
COCO_val2014_000000510798,val,tuning
COCO_val2014_000000049985,val,tuning
COCO_val2014_000000000192,val,tuning
COCO_val2014_000000020268,val,tuning
COCO_val2014_000000516786,val,tuning
COCO_val2014_000000319053,val,tuning
COCO_val2014_000000153445,val,tuning
COCO_val2014_000000465223,val,tuning
COCO_val2014_000000552377,val,tuning
COCO_val2014_000000375285,val,tuning
COCO_val2014_000000265227,val,tuning
COCO_val2014_000000290248,val,tuning
COCO_val2014_000000091617,val,tuning
COCO_val2014_000000333434,val,tuning
COCO_val2014_000000427476,val,tuning
COCO_val2014_000000405657,val,tuning
COCO_val2014_000000403150,val,tuning
COCO_val2014_000000086426,val,tuning
COCO_val2014_000000502001,val,tuning
COCO_val2014_000000322610,val,tuning
COCO_val2014_000000370478,val,tuning
COCO_val2014_000000153040,val,tuning
COCO_val2014_000000019763,val,tuning
COCO_val2014_000000303670,val,tuning
COCO_val2014_000000549943,val,tuning
COCO_val2014_000000569543,val,tuning
COCO_val2014_000000295683,val,tuning
COCO_val2014_000000030785,val,tuning
COCO_val2014_000000531917,val,tuning
COCO_val2014_000000554828,val,tuning
COCO_val2014_000000536720,val,tuning
COCO_val2014_000000000164,val,tuning
COCO_val2014_000000397268,val,tuning
COCO_val2014_000000512302,val,tuning
COCO_val2014_000000534018,val,tuning
COCO_val2014_000000278463,val,tuning
COCO_val2014_000000308900,val,tuning
COCO_val2014_000000504005,val,tuning
COCO_val2014_000000396385,val,tuning
COCO_val2014_000000404526,val,tuning
COCO_val2014_000000531510,val,tuning
COCO_val2014_000000009483,val,tuning
COCO_val2014_000000159223,val,tuning
COCO_val2014_000000458109,val,tuning
COCO_val2014_000000256180,val,tuning
COCO_val2014_000000254994,val,tuning
COCO_val2014_000000491213,val,tuning
COCO_val2014_000000561619,val,tuning
COCO_val2014_000000558539,val,tuning
COCO_val2014_000000077951,val,tuning
COCO_val2014_000000559550,val,tuning
COCO_val2014_000000075023,val,tuning
COCO_val2014_000000229342,val,tuning
COCO_val2014_000000189376,val,tuning
COCO_val2014_000000394510,val,tuning
COCO_val2014_000000199842,val,tuning
COCO_val2014_000000429833,val,tuning
COCO_val2014_000000091883,val,tuning
COCO_val2014_000000214727,val,tuning
COCO_val2014_000000331535,val,tuning
COCO_val2014_000000083462,val,tuning
COCO_val2014_000000511241,val,tuning
COCO_val2014_000000155341,val,tuning
COCO_val2014_000000147904,val,tuning
COCO_val2014_000000511599,val,tuning
COCO_val2014_000000171190,val,tuning
COCO_val2014_000000257370,val,tuning
COCO_val2014_000000337160,val,tuning
COCO_val2014_000000000257,val,tuning
COCO_val2014_000000135436,val,tuning
COCO_val2014_000000514417,val,tuning
COCO_val2014_000000112568,val,tuning
COCO_val2014_000000501982,val,tuning
COCO_val2014_000000085795,val,tuning
COCO_val2014_000000162579,val,tuning
COCO_val2014_000000577128,val,tuning
COCO_val2014_000000467726,val,tuning
COCO_val2014_000000119402,val,tuning
COCO_val2014_000000348186,val,tuning
COCO_val2014_000000422918,val,tuning
COCO_val2014_000000328403,val,tuning
COCO_val2014_000000369093,val,tuning
COCO_val2014_000000242734,val,tuning
COCO_val2014_000000087038,val,tuning
COCO_val2014_000000239837,val,tuning
COCO_val2014_000000453824,val,tuning
COCO_val2014_000000550405,val,tuning
COCO_val2014_000000182523,val,tuning
COCO_val2014_000000407056,val,tuning
COCO_val2014_000000033489,val,tuning
COCO_val2014_000000421566,val,tuning
COCO_val2014_000000325867,val,tuning
COCO_val2014_000000157516,val,tuning
COCO_val2014_000000254814,val,tuning
COCO_val2014_000000243418,val,tuning
COCO_val2014_000000074638,val,tuning
COCO_val2014_000000166565,val,tuning
COCO_val2014_000000318777,val,tuning
COCO_val2014_000000057878,val,tuning
COCO_val2014_000000031519,val,tuning
COCO_val2014_000000248582,val,tuning
COCO_val2014_000000027975,val,tuning
COCO_val2014_000000274671,val,tuning
COCO_val2014_000000065358,val,tuning
COCO_val2014_000000181655,val,tuning
COCO_val2014_000000539808,val,tuning
COCO_val2014_000000530987,val,tuning
COCO_val2014_000000558645,val,tuning
COCO_val2014_000000346262,val,tuning
COCO_val2014_000000257971,val,tuning
COCO_val2014_000000283012,val,tuning
COCO_val2014_000000277831,val,tuning
COCO_val2014_000000346759,val,tuning
COCO_val2014_000000456884,val,tuning
COCO_val2014_000000298525,val,tuning
COCO_val2014_000000486770,val,tuning
COCO_val2014_000000075183,val,tuning
COCO_val2014_000000187249,val,tuning
COCO_val2014_000000125909,val,tuning
COCO_val2014_000000197097,val,tuning
COCO_val2014_000000435922,val,tuning
COCO_val2014_000000123642,val,tuning
COCO_val2014_000000310532,val,tuning
COCO_val2014_000000363286,val,tuning
COCO_val2014_000000329217,val,tuning
COCO_val2014_000000441156,val,tuning
COCO_val2014_000000475990,val,tuning
COCO_val2014_000000216761,val,tuning
COCO_val2014_000000479176,val,tuning
COCO_val2014_000000037671,val,tuning
COCO_val2014_000000466787,val,tuning
COCO_val2014_000000565563,val,tuning
COCO_val2014_000000142248,val,tuning
COCO_val2014_000000297349,val,tuning
COCO_val2014_000000400525,val,tuning
COCO_val2014_000000481285,val,tuning
COCO_val2014_000000137118,val,tuning
COCO_val2014_000000200291,val,tuning
COCO_val2014_000000218703,val,tuning
COCO_val2014_000000267910,val,tuning
COCO_val2014_000000180653,val,tuning
COCO_val2014_000000248142,val,tuning
COCO_val2014_000000100238,val,tuning
COCO_val2014_000000352895,val,tuning
COCO_val2014_000000334746,val,tuning
COCO_val2014_000000534467,val,tuning
COCO_val2014_000000510992,val,tuning
COCO_val2014_000000242543,val,tuning
COCO_val2014_000000195800,val,tuning
COCO_val2014_000000518383,val,tuning
COCO_val2014_000000318523,val,tuning
COCO_val2014_000000451944,val,tuning
COCO_val2014_000000345353,val,tuning
COCO_val2014_000000307773,val,tuning
COCO_val2014_000000098003,val,tuning
COCO_val2014_000000289941,val,tuning
COCO_val2014_000000402405,val,tuning
COCO_val2014_000000400567,val,tuning
COCO_val2014_000000401004,val,tuning
COCO_val2014_000000434898,val,tuning
COCO_val2014_000000451144,val,tuning
COCO_val2014_000000176328,val,tuning
COCO_val2014_000000434580,val,tuning
COCO_val2014_000000085340,val,tuning
COCO_val2014_000000290093,val,tuning
COCO_val2014_000000180584,val,tuning
COCO_val2014_000000308430,val,tuning
COCO_val2014_000000424464,val,tuning
COCO_val2014_000000456690,val,tuning
COCO_val2014_000000263359,val,tuning
COCO_val2014_000000494345,val,tuning
COCO_val2014_000000245432,val,tuning
COCO_val2014_000000380734,val,tuning
COCO_val2014_000000363527,val,tuning
COCO_val2014_000000306644,val,tuning
COCO_val2014_000000368980,val,tuning
COCO_val2014_000000561403,val,tuning
COCO_val2014_000000105040,val,tuning
COCO_val2014_000000181449,val,tuning
COCO_val2014_000000037751,val,tuning
COCO_val2014_000000535013,val,tuning
COCO_val2014_000000125755,val,tuning
COCO_val2014_000000051702,val,tuning
COCO_val2014_000000289995,val,tuning
COCO_val2014_000000470935,val,tuning
COCO_val2014_000000360494,val,tuning
COCO_val2014_000000050942,val,tuning
COCO_val2014_000000557679,val,tuning
COCO_val2014_000000386553,val,tuning
COCO_val2014_000000005282,val,tuning
COCO_val2014_000000131743,val,tuning
COCO_val2014_000000533003,val,tuning
COCO_val2014_000000228350,val,tuning
COCO_val2014_000000566651,val,tuning
COCO_val2014_000000433279,val,tuning
COCO_val2014_000000166320,val,tuning
COCO_val2014_000000207151,val,tuning
COCO_val2014_000000113058,val,tuning
COCO_val2014_000000294541,val,tuning
COCO_val2014_000000450263,val,tuning
COCO_val2014_000000265971,val,tuning
COCO_val2014_000000152808,val,tuning
COCO_val2014_000000115846,val,tuning
COCO_val2014_000000131138,val,tuning
COCO_val2014_000000354368,val,tuning
COCO_val2014_000000188824,val,tuning
COCO_val2014_000000044269,val,tuning
COCO_val2014_000000561958,val,tuning
COCO_val2014_000000465129,val,tuning
COCO_val2014_000000001000,val,tuning
COCO_val2014_000000083844,val,tuning
COCO_val2014_000000540172,val,tuning
COCO_val2014_000000431891,val,tuning
COCO_val2014_000000477016,val,tuning
COCO_val2014_000000489873,val,tuning
COCO_val2014_000000043243,val,tuning
COCO_val2014_000000033114,val,tuning
COCO_val2014_000000259814,val,tuning
COCO_val2014_000000427612,val,tuning
COCO_val2014_000000037709,val,tuning
COCO_val2014_000000129832,val,tuning
COCO_val2014_000000038875,val,tuning
COCO_val2014_000000210394,val,tuning
COCO_val2014_000000193674,val,tuning
COCO_val2014_000000545959,val,tuning
COCO_val2014_000000148067,val,tuning
COCO_val2014_000000574315,val,tuning
COCO_val2014_000000042953,val,tuning
COCO_val2014_000000574145,val,tuning
COCO_val2014_000000088562,val,tuning
COCO_val2014_000000506717,val,tuning
COCO_val2014_000000558635,val,tuning
COCO_val2014_000000542079,val,tuning
COCO_val2014_000000214349,val,tuning
COCO_val2014_000000570022,val,tuning
COCO_val2014_000000399832,val,tuning
COCO_val2014_000000033345,val,tuning
COCO_val2014_000000162249,val,tuning
COCO_val2014_000000556073,val,tuning
COCO_val2014_000000233868,val,tuning
COCO_val2014_000000025560,val,tuning
COCO_val2014_000000419473,val,tuning
COCO_val2014_000000489088,val,tuning
COCO_val2014_000000025603,val,tuning
COCO_val2014_000000197130,val,tuning
COCO_val2014_000000561366,val,tuning
COCO_val2014_000000156974,val,tuning
COCO_val2014_000000413419,val,tuning
COCO_val2014_000000277991,val,tuning
COCO_val2014_000000142879,val,tuning
COCO_val2014_000000281758,val,tuning
COCO_val2014_000000185936,val,tuning
COCO_val2014_000000458048,val,tuning
COCO_val2014_000000521359,val,tuning
COCO_val2014_000000288313,val,tuning
COCO_val2014_000000328200,val,tuning
COCO_val2014_000000143526,val,tuning
COCO_val2014_000000545363,val,tuning
COCO_val2014_000000196210,val,tuning
COCO_val2014_000000337563,val,tuning
COCO_val2014_000000580607,val,tuning
COCO_val2014_000000448849,val,tuning
COCO_val2014_000000136720,val,tuning
COCO_val2014_000000251195,val,tuning
COCO_val2014_000000522935,val,tuning
COCO_val2014_000000090138,val,tuning
COCO_val2014_000000526028,val,tuning
COCO_val2014_000000072536,val,tuning
COCO_val2014_000000148719,val,tuning
COCO_val2014_000000122467,val,tuning
COCO_val2014_000000487722,val,tuning
COCO_val2014_000000360573,val,tuning
COCO_val2014_000000060835,val,tuning
COCO_val2014_000000226171,val,tuning
COCO_val2014_000000227031,val,tuning
COCO_val2014_000000571544,val,tuning
COCO_val2014_000000430160,val,tuning
COCO_val2014_000000085183,val,tuning
COCO_val2014_000000242570,val,tuning
COCO_val2014_000000536933,val,tuning
COCO_val2014_000000185807,val,tuning
COCO_val2014_000000021639,val,tuning
COCO_val2014_000000482242,val,tuning
COCO_val2014_000000013383,val,tuning
COCO_val2014_000000461775,val,tuning
COCO_val2014_000000395843,val,tuning
COCO_val2014_000000385770,val,tuning
COCO_val2014_000000406841,val,tuning
COCO_val2014_000000065798,val,tuning
COCO_val2014_000000390130,val,tuning
COCO_val2014_000000285005,val,tuning
COCO_val2014_000000350230,val,tuning
COCO_val2014_000000564936,val,tuning
COCO_val2014_000000090373,val,tuning
COCO_val2014_000000098895,val,tuning
COCO_val2014_000000497640,val,tuning
COCO_val2014_000000103122,val,tuning
COCO_val2014_000000045094,val,tuning
COCO_val2014_000000142826,val,tuning
COCO_val2014_000000501294,val,tuning
COCO_val2014_000000005001,val,tuning
COCO_val2014_000000226119,val,tuning
COCO_val2014_000000511050,val,tuning
COCO_val2014_000000428375,val,tuning
COCO_val2014_000000478528,val,tuning
COCO_val2014_000000418692,val,tuning
COCO_val2014_000000042482,val,tuning
COCO_val2014_000000551713,val,tuning
COCO_val2014_000000093476,val,tuning
COCO_val2014_000000376093,val,tuning
COCO_val2014_000000563615,val,tuning
COCO_val2014_000000105885,val,tuning
COCO_val2014_000000526359,val,tuning
COCO_val2014_000000130826,val,tuning
COCO_val2014_000000076595,val,tuning
COCO_val2014_000000342765,val,tuning
COCO_val2014_000000451008,val,tuning
COCO_val2014_000000233005,val,tuning
COCO_val2014_000000119414,val,tuning
COCO_val2014_000000292480,val,tuning
COCO_val2014_000000498286,val,tuning
COCO_val2014_000000234914,val,tuning
COCO_val2014_000000344903,val,tuning
COCO_val2014_000000350157,val,tuning
COCO_val2014_000000283060,val,tuning
COCO_val2014_000000151742,val,tuning
COCO_val2014_000000274083,val,tuning
COCO_val2014_000000196843,val,tuning
COCO_val2014_000000436273,val,tuning
COCO_val2014_000000504958,val,tuning
COCO_val2014_000000166358,val,tuning
COCO_val2014_000000395633,val,tuning
COCO_val2014_000000008599,val,tuning
COCO_val2014_000000492084,val,tuning
COCO_val2014_000000337561,val,tuning
COCO_val2014_000000350898,val,tuning
COCO_val2014_000000413058,val,tuning
COCO_val2014_000000163057,val,tuning
COCO_val2014_000000328661,val,tuning
COCO_val2014_000000577169,val,tuning
COCO_val2014_000000264599,val,tuning
COCO_val2014_000000109291,val,tuning
COCO_val2014_000000342204,val,tuning
COCO_val2014_000000111448,val,tuning
COCO_val2014_000000230096,val,tuning
COCO_val2014_000000241466,val,tuning
COCO_val2014_000000449403,val,tuning
COCO_val2014_000000299207,val,tuning
COCO_val2014_000000079906,val,tuning
COCO_val2014_000000071938,val,tuning
COCO_val2014_000000329341,val,tuning
COCO_val2014_000000033377,val,tuning
COCO_val2014_000000170974,val,tuning
COCO_val2014_000000407644,val,tuning
COCO_val2014_000000519271,val,tuning
COCO_val2014_000000018575,val,tuning
COCO_val2014_000000096351,val,tuning
COCO_val2014_000000298405,val,tuning
COCO_val2014_000000386313,val,tuning
COCO_val2014_000000498747,val,tuning
COCO_val2014_000000003716,val,tuning
COCO_val2014_000000485139,val,tuning
COCO_val2014_000000389168,val,tuning
COCO_val2014_000000478157,val,tuning
COCO_val2014_000000314792,val,tuning
COCO_val2014_000000137265,val,tuning
COCO_val2014_000000409921,val,tuning
COCO_val2014_000000479948,val,tuning
COCO_val2014_000000106180,val,tuning
COCO_val2014_000000090707,val,tuning
COCO_val2014_000000086755,val,tuning
COCO_val2014_000000267300,val,tuning
COCO_val2014_000000051025,val,tuning
COCO_val2014_000000291686,val,tuning
COCO_val2014_000000160531,val,tuning
COCO_val2014_000000355123,val,tuning
COCO_val2014_000000391972,val,tuning
COCO_val2014_000000120340,val,tuning
COCO_val2014_000000352552,val,tuning
COCO_val2014_000000469134,val,tuning
COCO_val2014_000000357633,val,tuning
COCO_val2014_000000398727,val,tuning
COCO_val2014_000000020650,val,tuning
COCO_val2014_000000419401,val,tuning
COCO_val2014_000000022271,val,tuning
COCO_val2014_000000224542,val,tuning
COCO_val2014_000000328008,val,tuning
COCO_val2014_000000076625,val,tuning
COCO_val2014_000000260774,val,tuning
COCO_val2014_000000092134,val,tuning
COCO_val2014_000000151141,val,tuning
COCO_val2014_000000450359,val,tuning
COCO_val2014_000000323888,val,tuning
COCO_val2014_000000131581,val,tuning
COCO_val2014_000000008594,val,tuning
COCO_val2014_000000142665,val,tuning
COCO_val2014_000000279974,val,tuning
COCO_val2014_000000037688,val,tuning
COCO_val2014_000000082554,val,tuning
COCO_val2014_000000350270,val,tuning
COCO_val2014_000000153717,val,tuning
COCO_val2014_000000324500,val,tuning
COCO_val2014_000000383594,val,tuning
COCO_val2014_000000023807,val,tuning
COCO_val2014_000000240811,val,tuning
COCO_val2014_000000455384,val,tuning
COCO_val2014_000000262938,val,tuning
COCO_val2014_000000227220,val,tuning
COCO_val2014_000000257136,val,tuning
COCO_val2014_000000242946,val,tuning
COCO_val2014_000000207205,val,tuning
COCO_val2014_000000164330,val,tuning
COCO_val2014_000000083850,val,tuning
COCO_val2014_000000183991,val,tuning
COCO_val2014_000000007274,val,tuning
COCO_val2014_000000127313,val,tuning
COCO_val2014_000000534669,val,tuning
COCO_val2014_000000238355,val,tuning
COCO_val2014_000000340894,val,tuning
COCO_val2014_000000395291,val,tuning
COCO_val2014_000000364596,val,tuning
COCO_val2014_000000420229,val,tuning
COCO_val2014_000000556703,val,tuning
COCO_val2014_000000092519,val,tuning
COCO_val2014_000000135561,val,tuning
COCO_val2014_000000350214,val,tuning
COCO_val2014_000000522418,val,tuning
COCO_val2014_000000412471,val,tuning
COCO_val2014_000000348730,val,tuning
COCO_val2014_000000476664,val,tuning
COCO_val2014_000000292158,val,tuning
COCO_val2014_000000097857,val,tuning
COCO_val2014_000000167724,val,tuning
COCO_val2014_000000273698,val,tuning
COCO_val2014_000000555131,val,tuning
COCO_val2014_000000337443,val,tuning
COCO_val2014_000000056070,val,tuning
COCO_val2014_000000546229,val,tuning
COCO_val2014_000000263323,val,tuning
COCO_val2014_000000408049,val,tuning
COCO_val2014_000000333998,val,tuning
COCO_val2014_000000157052,val,tuning
COCO_val2014_000000255966,val,tuning
COCO_val2014_000000468925,val,tuning
COCO_val2014_000000564934,val,tuning
COCO_val2014_000000437465,val,tuning
COCO_val2014_000000327590,val,tuning
COCO_val2014_000000501652,val,tuning
COCO_val2014_000000530975,val,tuning
COCO_val2014_000000315769,val,tuning
COCO_val2014_000000277793,val,tuning
COCO_val2014_000000355106,val,tuning
COCO_val2014_000000277865,val,tuning
COCO_val2014_000000047916,val,tuning
COCO_val2014_000000397433,val,tuning
COCO_val2014_000000545734,val,tuning
COCO_val2014_000000504353,val,tuning
COCO_val2014_000000004265,val,tuning
COCO_val2014_000000426259,val,tuning
COCO_val2014_000000238708,val,tuning
COCO_val2014_000000406403,val,tuning
COCO_val2014_000000310735,val,tuning
COCO_val2014_000000377595,val,tuning
COCO_val2014_000000137809,val,tuning
COCO_val2014_000000045463,val,tuning
COCO_val2014_000000567118,val,tuning
COCO_val2014_000000433182,val,tuning
COCO_val2014_000000384823,val,tuning
COCO_val2014_000000486254,val,tuning
COCO_val2014_000000461963,val,tuning
COCO_val2014_000000307564,val,tuning
COCO_val2014_000000488075,val,tuning
COCO_val2014_000000066072,val,tuning
COCO_val2014_000000525376,val,tuning
COCO_val2014_000000075563,val,tuning
COCO_val2014_000000558114,val,tuning
COCO_val2014_000000181816,val,tuning
COCO_val2014_000000134574,val,tuning
COCO_val2014_000000112830,val,tuning
COCO_val2014_000000147546,val,tuning
COCO_val2014_000000292997,val,tuning
COCO_val2014_000000470924,val,tuning
COCO_val2014_000000463290,val,tuning
COCO_val2014_000000574250,val,tuning
COCO_val2014_000000444817,val,tuning
COCO_val2014_000000532142,val,tuning
COCO_val2014_000000072657,val,tuning
COCO_val2014_000000109976,val,tuning
COCO_val2014_000000500940,val,tuning
COCO_val2014_000000330248,val,tuning
COCO_val2014_000000425578,val,tuning
COCO_val2014_000000428403,val,tuning
COCO_val2014_000000362941,val,tuning
COCO_val2014_000000472364,val,tuning
COCO_val2014_000000322895,val,tuning
COCO_val2014_000000475906,val,tuning
COCO_val2014_000000152525,val,tuning
COCO_val2014_000000422778,val,tuning
COCO_val2014_000000191054,val,tuning
COCO_val2014_000000188865,val,tuning
COCO_val2014_000000335844,val,tuning
COCO_val2014_000000077415,val,tuning
COCO_val2014_000000100283,val,tuning
COCO_val2014_000000372294,val,tuning
COCO_val2014_000000232900,val,tuning
COCO_val2014_000000186497,val,tuning
COCO_val2014_000000266627,val,tuning
COCO_val2014_000000347766,val,tuning
COCO_val2014_000000195211,val,tuning
COCO_val2014_000000076844,val,tuning
COCO_val2014_000000091500,val,tuning
COCO_val2014_000000300008,val,tuning
COCO_val2014_000000532003,val,tuning
COCO_val2014_000000471789,val,tuning
COCO_val2014_000000441874,val,tuning
COCO_val2014_000000238125,val,tuning
COCO_val2014_000000512416,val,tuning
COCO_val2014_000000274084,val,tuning
COCO_val2014_000000278172,val,tuning
COCO_val2014_000000138382,val,tuning
COCO_val2014_000000462342,val,tuning
COCO_val2014_000000312056,val,tuning
COCO_val2014_000000168890,val,tuning
COCO_val2014_000000056960,val,tuning
COCO_val2014_000000533378,val,tuning
COCO_val2014_000000435389,val,tuning
COCO_val2014_000000469924,val,tuning
COCO_val2014_000000016977,val,tuning
COCO_val2014_000000181888,val,tuning
COCO_val2014_000000509416,val,tuning
COCO_val2014_000000309852,val,tuning
COCO_val2014_000000097679,val,tuning
COCO_val2014_000000296222,val,tuning
COCO_val2014_000000099645,val,tuning
COCO_val2014_000000540697,val,tuning
COCO_val2014_000000548713,val,tuning
COCO_val2014_000000478759,val,tuning
COCO_val2014_000000546896,val,tuning
COCO_val2014_000000258996,val,tuning
COCO_val2014_000000542205,val,tuning
COCO_val2014_000000062491,val,tuning
COCO_val2014_000000033008,val,tuning
COCO_val2014_000000230040,val,tuning
COCO_val2014_000000088244,val,tuning
COCO_val2014_000000159667,val,tuning
COCO_val2014_000000433574,val,tuning
COCO_val2014_000000120745,val,tuning
COCO_val2014_000000346638,val,tuning
COCO_val2014_000000328890,val,tuning
COCO_val2014_000000227940,val,tuning
COCO_val2014_000000209044,val,tuning
COCO_val2014_000000306466,val,tuning
COCO_val2014_000000236338,val,tuning
COCO_val2014_000000530500,val,tuning
COCO_val2014_000000577614,val,tuning
COCO_val2014_000000234347,val,tuning
COCO_val2014_000000368218,val,tuning
COCO_val2014_000000096215,val,tuning
COCO_val2014_000000251752,val,tuning
COCO_val2014_000000493295,val,tuning
COCO_val2014_000000089362,val,tuning
COCO_val2014_000000383606,val,tuning
COCO_val2014_000000368595,val,tuning
COCO_val2014_000000182417,val,tuning
COCO_val2014_000000139428,val,tuning
COCO_val2014_000000495680,val,tuning
COCO_val2014_000000240495,val,tuning
COCO_val2014_000000433499,val,tuning
COCO_val2014_000000082338,val,tuning
COCO_val2014_000000019176,val,tuning
COCO_val2014_000000578347,val,tuning
COCO_val2014_000000570659,val,tuning
COCO_val2014_000000575970,val,tuning
COCO_val2014_000000366141,val,tuning
COCO_val2014_000000389205,val,tuning
COCO_val2014_000000418471,val,tuning
COCO_val2014_000000473720,val,tuning
COCO_val2014_000000570515,val,tuning
COCO_val2014_000000046101,val,tuning
COCO_val2014_000000126107,val,tuning
COCO_val2014_000000168713,val,tuning
COCO_val2014_000000440284,val,tuning
COCO_val2014_000000272153,val,tuning
COCO_val2014_000000411086,val,tuning
COCO_val2014_000000042260,val,tuning
COCO_val2014_000000471483,val,tuning
COCO_val2014_000000353982,val,tuning
COCO_val2014_000000467988,val,tuning
COCO_val2014_000000181139,val,tuning
COCO_val2014_000000483553,val,tuning
COCO_val2014_000000235595,val,tuning
COCO_val2014_000000321195,val,tuning
COCO_val2014_000000124995,val,tuning
COCO_val2014_000000509020,val,tuning
COCO_val2014_000000448897,val,tuning
COCO_val2014_000000293625,val,tuning
COCO_val2014_000000352703,val,tuning
COCO_val2014_000000038769,val,tuning
COCO_val2014_000000468027,val,tuning
COCO_val2014_000000086135,val,tuning
COCO_val2014_000000418680,val,tuning
COCO_val2014_000000175437,val,tuning
COCO_val2014_000000166948,val,tuning
COCO_val2014_000000494887,val,tuning
COCO_val2014_000000365766,val,tuning
COCO_val2014_000000382125,val,tuning
COCO_val2014_000000391415,val,tuning
COCO_val2014_000000012375,val,tuning
COCO_val2014_000000152751,val,tuning
COCO_val2014_000000284623,val,tuning
COCO_val2014_000000158849,val,tuning
COCO_val2014_000000034820,val,tuning
COCO_val2014_000000106244,val,tuning
COCO_val2014_000000202963,val,tuning
COCO_val2014_000000044347,val,tuning
COCO_val2014_000000022671,val,tuning
COCO_val2014_000000161720,val,tuning
COCO_val2014_000000487498,val,tuning
COCO_val2014_000000035825,val,tuning
COCO_val2014_000000248314,val,tuning
COCO_val2014_000000179141,val,tuning
COCO_val2014_000000155131,val,tuning
COCO_val2014_000000181030,val,tuning
COCO_val2014_000000110081,val,tuning
COCO_val2014_000000283097,val,tuning
COCO_val2014_000000316704,val,tuning
COCO_val2014_000000035269,val,tuning
COCO_val2014_000000347544,val,tuning
COCO_val2014_000000305050,val,tuning
COCO_val2014_000000434513,val,tuning
COCO_val2014_000000364284,val,tuning
COCO_val2014_000000146127,val,tuning
COCO_val2014_000000244181,val,tuning
COCO_val2014_000000440529,val,tuning
COCO_val2014_000000557517,val,tuning
COCO_val2014_000000489358,val,tuning
COCO_val2014_000000019631,val,tuning
COCO_val2014_000000290196,val,tuning
COCO_val2014_000000221303,val,tuning
COCO_val2014_000000529762,val,tuning
COCO_val2014_000000105538,val,tuning
COCO_val2014_000000018442,val,tuning
COCO_val2014_000000500680,val,tuning
COCO_val2014_000000412437,val,tuning
COCO_val2014_000000478906,val,tuning
COCO_val2014_000000447337,val,tuning
COCO_val2014_000000423984,val,tuning
COCO_val2014_000000514860,val,tuning
COCO_val2014_000000475510,val,tuning
COCO_val2014_000000463611,val,tuning
COCO_val2014_000000559364,val,tuning
COCO_val2014_000000257060,val,tuning
COCO_val2014_000000405444,val,tuning
COCO_val2014_000000386165,val,tuning
COCO_val2014_000000522713,val,tuning
COCO_val2014_000000269099,val,tuning
COCO_val2014_000000427055,val,tuning
COCO_val2014_000000328536,val,tuning
COCO_val2014_000000103870,val,tuning
COCO_val2014_000000394474,val,tuning
COCO_val2014_000000211425,val,tuning
COCO_val2014_000000316526,val,tuning
COCO_val2014_000000246248,val,tuning
COCO_val2014_000000277094,val,tuning
COCO_val2014_000000184621,val,tuning
COCO_val2014_000000124601,val,tuning
COCO_val2014_000000294297,val,tuning
COCO_val2014_000000115752,val,tuning
COCO_val2014_000000369979,val,tuning
COCO_val2014_000000260478,val,tuning
COCO_val2014_000000068525,val,tuning
COCO_val2014_000000284160,val,tuning
COCO_val2014_000000043961,val,tuning
COCO_val2014_000000050006,val,tuning
COCO_val2014_000000083761,val,tuning
COCO_val2014_000000343642,val,tuning
COCO_val2014_000000471273,val,tuning
COCO_val2014_000000005965,val,tuning
COCO_val2014_000000134133,val,tuning
COCO_val2014_000000472795,val,tuning
COCO_val2014_000000340665,val,tuning
COCO_val2014_000000520832,val,tuning
COCO_val2014_000000190463,val,tuning
COCO_val2014_000000433515,val,tuning
COCO_val2014_000000265200,val,tuning
COCO_val2014_000000467314,val,tuning
COCO_val2014_000000459342,val,tuning
COCO_val2014_000000026611,val,tuning
COCO_val2014_000000305978,val,tuning
COCO_val2014_000000210372,val,tuning
COCO_val2014_000000234963,val,tuning
COCO_val2014_000000557926,val,tuning
COCO_val2014_000000285568,val,tuning
COCO_val2014_000000387098,val,tuning
COCO_val2014_000000032300,val,tuning
COCO_val2014_000000532983,val,tuning
COCO_val2014_000000288824,val,tuning
COCO_val2014_000000191225,val,tuning
COCO_val2014_000000565479,val,tuning
COCO_val2014_000000020485,val,tuning
COCO_val2014_000000034471,val,tuning
COCO_val2014_000000014494,val,tuning
COCO_val2014_000000534659,val,tuning
COCO_val2014_000000025595,val,tuning
COCO_val2014_000000260695,val,tuning
COCO_val2014_000000227478,val,tuning
COCO_val2014_000000296056,val,tuning
COCO_val2014_000000078176,val,tuning
COCO_val2014_000000506723,val,tuning
COCO_val2014_000000077811,val,tuning
COCO_val2014_000000213453,val,tuning
COCO_val2014_000000228309,val,tuning
COCO_val2014_000000547041,val,tuning
COCO_val2014_000000119192,val,tuning
COCO_val2014_000000364919,val,tuning
COCO_val2014_000000232432,val,tuning
COCO_val2014_000000112904,val,tuning
COCO_val2014_000000292301,val,tuning
COCO_val2014_000000398423,val,tuning
COCO_val2014_000000154193,val,tuning
COCO_val2014_000000090804,val,tuning
COCO_val2014_000000069827,val,tuning
COCO_val2014_000000458410,val,tuning
COCO_val2014_000000395701,val,tuning
COCO_val2014_000000279524,val,tuning
COCO_val2014_000000352194,val,tuning
COCO_val2014_000000067833,val,tuning
COCO_val2014_000000526186,val,tuning
COCO_val2014_000000019523,val,tuning
COCO_val2014_000000191846,val,tuning
COCO_val2014_000000145512,val,tuning
COCO_val2014_000000172995,val,tuning
COCO_val2014_000000258516,val,tuning
COCO_val2014_000000149500,val,tuning
COCO_val2014_000000469192,val,tuning
COCO_val2014_000000507473,val,tuning
COCO_val2014_000000527064,val,tuning
COCO_val2014_000000557923,val,tuning
COCO_val2014_000000239387,val,tuning
COCO_val2014_000000168686,val,tuning
COCO_val2014_000000552636,val,tuning
COCO_val2014_000000559837,val,tuning
COCO_val2014_000000168583,val,tuning
COCO_val2014_000000322141,val,tuning
COCO_val2014_000000216103,val,tuning
COCO_val2014_000000569001,val,tuning
COCO_val2014_000000132272,val,tuning
COCO_val2014_000000485485,val,tuning
COCO_val2014_000000550691,val,tuning
COCO_val2014_000000510681,val,tuning
COCO_val2014_000000400238,val,tuning
COCO_val2014_000000340922,val,tuning
COCO_val2014_000000525087,val,tuning
COCO_val2014_000000278134,val,tuning
COCO_val2014_000000455937,val,tuning
COCO_val2014_000000097958,val,tuning
COCO_val2014_000000469982,val,tuning
COCO_val2014_000000141158,val,tuning
COCO_val2014_000000156071,val,tuning
COCO_val2014_000000097146,val,tuning
COCO_val2014_000000222842,val,tuning
COCO_val2014_000000533532,val,tuning
COCO_val2014_000000087383,val,tuning
COCO_val2014_000000523677,val,tuning
COCO_val2014_000000453400,val,tuning
COCO_val2014_000000176031,val,tuning
COCO_val2014_000000125228,val,tuning
COCO_val2014_000000487438,val,tuning
COCO_val2014_000000088252,val,tuning
COCO_val2014_000000570548,val,tuning
COCO_val2014_000000527445,val,tuning
COCO_val2014_000000395801,val,tuning
COCO_val2014_000000335670,val,tuning
COCO_val2014_000000291404,val,tuning
COCO_val2014_000000288944,val,tuning
COCO_val2014_000000093893,val,tuning
COCO_val2014_000000419653,val,tuning
COCO_val2014_000000480643,val,tuning
COCO_val2014_000000497488,val,tuning
COCO_val2014_000000510150,val,tuning
COCO_val2014_000000247259,val,tuning
COCO_val2014_000000446354,val,tuning
COCO_val2014_000000191265,val,tuning
COCO_val2014_000000273442,val,tuning
COCO_val2014_000000266951,val,tuning
COCO_val2014_000000067207,val,tuning
COCO_val2014_000000140006,val,tuning
COCO_val2014_000000350023,val,tuning
COCO_val2014_000000520531,val,tuning
COCO_val2014_000000347172,val,tuning
COCO_val2014_000000251798,val,tuning
COCO_val2014_000000085556,val,tuning
COCO_val2014_000000175908,val,tuning
COCO_val2014_000000375184,val,tuning
COCO_val2014_000000068771,val,tuning
COCO_val2014_000000443772,val,tuning
COCO_val2014_000000192660,val,tuning
COCO_val2014_000000360706,val,tuning
COCO_val2014_000000244060,val,tuning
COCO_val2014_000000569900,val,tuning
COCO_val2014_000000160836,val,tuning
COCO_val2014_000000020038,val,tuning
COCO_val2014_000000561004,val,tuning
COCO_val2014_000000578210,val,tuning
COCO_val2014_000000197997,val,tuning
COCO_val2014_000000287033,val,tuning
COCO_val2014_000000411817,val,tuning
COCO_val2014_000000428067,val,tuning
COCO_val2014_000000128849,val,tuning
COCO_val2014_000000139872,val,tuning
COCO_val2014_000000191515,val,tuning
COCO_val2014_000000100977,val,tuning
COCO_val2014_000000475723,val,tuning
COCO_val2014_000000409100,val,tuning
COCO_val2014_000000279097,val,tuning
COCO_val2014_000000493774,val,tuning
COCO_val2014_000000149783,val,tuning
COCO_val2014_000000148549,val,tuning
COCO_val2014_000000307511,val,tuning
COCO_val2014_000000478312,val,tuning
COCO_val2014_000000429623,val,tuning
COCO_val2014_000000531532,val,tuning
COCO_val2014_000000024610,val,tuning
COCO_val2014_000000569722,val,tuning
COCO_val2014_000000369345,val,tuning
COCO_val2014_000000106810,val,tuning
COCO_val2014_000000519815,val,tuning
COCO_val2014_000000561745,val,tuning
COCO_val2014_000000350231,val,tuning
COCO_val2014_000000112591,val,tuning
COCO_val2014_000000309655,val,tuning
COCO_val2014_000000581451,val,tuning
COCO_val2014_000000014353,val,tuning
COCO_val2014_000000045746,val,tuning
COCO_val2014_000000337354,val,tuning
COCO_val2014_000000096048,val,tuning
COCO_val2014_000000457204,val,tuning
COCO_val2014_000000431190,val,tuning
COCO_val2014_000000194331,val,tuning
COCO_val2014_000000013729,val,tuning
COCO_val2014_000000052238,val,tuning
COCO_val2014_000000558587,val,tuning
COCO_val2014_000000129100,val,tuning
COCO_val2014_000000071563,val,tuning
COCO_val2014_000000466222,val,tuning
COCO_val2014_000000213091,val,tuning
COCO_val2014_000000565582,val,tuning
COCO_val2014_000000489733,val,tuning
COCO_val2014_000000177149,val,tuning
COCO_val2014_000000248129,val,tuning
COCO_val2014_000000460107,val,tuning
COCO_val2014_000000439593,val,tuning
COCO_val2014_000000491098,val,tuning
COCO_val2014_000000285534,val,tuning
COCO_val2014_000000008711,val,tuning
COCO_val2014_000000000715,val,tuning
COCO_val2014_000000581899,val,tuning
COCO_val2014_000000059000,val,tuning
COCO_val2014_000000545867,val,tuning
COCO_val2014_000000440514,val,tuning
COCO_val2014_000000251639,val,tuning
COCO_val2014_000000083036,val,tuning
COCO_val2014_000000054598,val,tuning
COCO_val2014_000000162952,val,tuning
COCO_val2014_000000061647,val,tuning
COCO_val2014_000000252388,val,tuning
COCO_val2014_000000487925,val,tuning
COCO_val2014_000000175597,val,tuning
COCO_val2014_000000176180,val,tuning
COCO_val2014_000000359239,val,tuning
COCO_val2014_000000462241,val,tuning
COCO_val2014_000000419503,val,tuning
COCO_val2014_000000528866,val,tuning
COCO_val2014_000000063525,val,tuning
COCO_val2014_000000462840,val,tuning
COCO_val2014_000000378655,val,tuning
COCO_val2014_000000360216,val,tuning
COCO_val2014_000000298261,val,tuning
COCO_val2014_000000218996,val,tuning
COCO_val2014_000000032907,val,tuning
COCO_val2014_000000026363,val,tuning
COCO_val2014_000000467096,val,tuning
COCO_val2014_000000028540,val,tuning
COCO_val2014_000000326510,val,tuning
COCO_val2014_000000578489,val,tuning
COCO_val2014_000000371652,val,tuning
COCO_val2014_000000034196,val,tuning
COCO_val2014_000000099875,val,tuning
COCO_val2014_000000000692,val,tuning
COCO_val2014_000000529944,val,tuning
COCO_val2014_000000394009,val,tuning
COCO_val2014_000000458119,val,tuning
COCO_val2014_000000143320,val,tuning
COCO_val2014_000000214471,val,tuning
COCO_val2014_000000398119,val,tuning
COCO_val2014_000000480624,val,tuning
COCO_val2014_000000388100,val,tuning
COCO_val2014_000000384468,val,tuning
COCO_val2014_000000451859,val,tuning
COCO_val2014_000000566941,val,tuning
COCO_val2014_000000061315,val,tuning
COCO_val2014_000000316342,val,tuning
COCO_val2014_000000024223,val,tuning
COCO_val2014_000000206417,val,tuning
COCO_val2014_000000525667,val,tuning
COCO_val2014_000000496618,val,tuning
COCO_val2014_000000357819,val,tuning
COCO_val2014_000000095297,val,tuning
COCO_val2014_000000054039,val,tuning
COCO_val2014_000000460378,val,tuning
COCO_val2014_000000564629,val,tuning
COCO_val2014_000000281028,val,tuning
COCO_val2014_000000451123,val,tuning
COCO_val2014_000000068833,val,tuning
COCO_val2014_000000375205,val,tuning
COCO_val2014_000000444444,val,tuning
COCO_val2014_000000093353,val,tuning
COCO_val2014_000000485424,val,tuning
COCO_val2014_000000257215,val,tuning
COCO_val2014_000000027493,val,tuning
COCO_val2014_000000051628,val,tuning
COCO_val2014_000000264976,val,tuning
COCO_val2014_000000035711,val,tuning
COCO_val2014_000000169250,val,tuning
COCO_val2014_000000246069,val,tuning
COCO_val2014_000000377867,val,tuning
COCO_val2014_000000388707,val,tuning
COCO_val2014_000000037403,val,tuning
COCO_val2014_000000113461,val,tuning
COCO_val2014_000000100000,val,tuning
COCO_val2014_000000482719,val,tuning
COCO_val2014_000000218494,val,tuning
COCO_val2014_000000524282,val,tuning
COCO_val2014_000000420658,val,tuning
COCO_val2014_000000174425,val,tuning
COCO_val2014_000000497365,val,tuning
COCO_val2014_000000070048,val,tuning
COCO_val2014_000000222512,val,tuning
COCO_val2014_000000061899,val,tuning
COCO_val2014_000000551811,val,tuning
COCO_val2014_000000100850,val,tuning
COCO_val2014_000000457580,val,tuning
COCO_val2014_000000548670,val,tuning
COCO_val2014_000000555356,val,tuning
COCO_val2014_000000550514,val,tuning
COCO_val2014_000000455267,val,tuning
COCO_val2014_000000281601,val,tuning
COCO_val2014_000000312412,val,tuning
COCO_val2014_000000142742,val,tuning
COCO_val2014_000000215808,val,tuning
COCO_val2014_000000054533,val,tuning
COCO_val2014_000000513054,val,tuning
COCO_val2014_000000472256,val,tuning
COCO_val2014_000000168662,val,tuning
COCO_val2014_000000543347,val,tuning
COCO_val2014_000000003192,val,tuning
COCO_val2014_000000268412,val,tuning
COCO_val2014_000000491478,val,tuning
COCO_val2014_000000140487,val,tuning
COCO_val2014_000000377097,val,tuning
COCO_val2014_000000124004,val,tuning
COCO_val2014_000000206784,val,tuning
COCO_val2014_000000107596,val,tuning
COCO_val2014_000000529838,val,tuning
COCO_val2014_000000120776,val,tuning
COCO_val2014_000000001668,val,tuning
COCO_val2014_000000312423,val,tuning
COCO_val2014_000000151480,val,tuning
COCO_val2014_000000526188,val,tuning
COCO_val2014_000000066239,val,tuning
COCO_val2014_000000543961,val,tuning
COCO_val2014_000000043670,val,tuning
COCO_val2014_000000408235,val,tuning
COCO_val2014_000000576222,val,tuning
COCO_val2014_000000373381,val,tuning
COCO_val2014_000000357229,val,tuning
COCO_val2014_000000555648,val,tuning
COCO_val2014_000000187734,val,tuning
COCO_val2014_000000081661,val,tuning
COCO_val2014_000000089589,val,tuning
COCO_val2014_000000266487,val,tuning
COCO_val2014_000000486846,val,tuning
COCO_val2014_000000157155,val,tuning
COCO_val2014_000000448269,val,tuning
COCO_val2014_000000333150,val,tuning
COCO_val2014_000000119120,val,tuning
COCO_val2014_000000211186,val,tuning
COCO_val2014_000000350122,val,tuning
COCO_val2014_000000154830,val,tuning
COCO_val2014_000000052232,val,tuning
COCO_val2014_000000089378,val,tuning
COCO_val2014_000000362640,val,tuning
COCO_val2014_000000217016,val,tuning
COCO_val2014_000000560721,val,tuning
COCO_val2014_000000062251,val,tuning
COCO_val2014_000000328797,val,tuning
COCO_val2014_000000298578,val,tuning
COCO_val2014_000000523782,val,tuning
COCO_val2014_000000209989,val,tuning
COCO_val2014_000000489304,val,tuning
COCO_val2014_000000156687,val,tuning
COCO_val2014_000000494634,val,tuning
COCO_val2014_000000342146,val,tuning
COCO_val2014_000000266601,val,tuning
COCO_val2014_000000293390,val,tuning
COCO_val2014_000000002346,val,tuning
COCO_val2014_000000016593,val,tuning
COCO_val2014_000000395644,val,tuning
COCO_val2014_000000479858,val,tuning
COCO_val2014_000000230915,val,tuning
COCO_val2014_000000397303,val,tuning
COCO_val2014_000000015850,val,tuning
COCO_val2014_000000081812,val,tuning
COCO_val2014_000000193498,val,tuning
COCO_val2014_000000350389,val,tuning
COCO_val2014_000000443167,val,tuning
COCO_val2014_000000250164,val,tuning
COCO_val2014_000000461715,val,tuning
COCO_val2014_000000487548,val,tuning
COCO_val2014_000000040681,val,tuning
COCO_val2014_000000025853,val,tuning
COCO_val2014_000000331688,val,tuning
COCO_val2014_000000497049,val,tuning
COCO_val2014_000000134223,val,tuning
COCO_val2014_000000092091,val,internal_test
COCO_val2014_000000548962,val,internal_test
COCO_val2014_000000382668,val,internal_test
COCO_val2014_000000188460,val,internal_test
COCO_val2014_000000072813,val,internal_test
COCO_val2014_000000258905,val,internal_test
COCO_val2014_000000359219,val,internal_test
COCO_val2014_000000334469,val,internal_test
COCO_val2014_000000464462,val,internal_test
COCO_val2014_000000219063,val,internal_test
COCO_val2014_000000518592,val,internal_test
COCO_val2014_000000191314,val,internal_test
COCO_val2014_000000551881,val,internal_test
COCO_val2014_000000405195,val,internal_test
COCO_val2014_000000106356,val,internal_test
COCO_val2014_000000449872,val,internal_test
COCO_val2014_000000463084,val,internal_test
COCO_val2014_000000411303,val,internal_test
COCO_val2014_000000111811,val,internal_test
COCO_val2014_000000109916,val,internal_test
COCO_val2014_000000276840,val,internal_test
COCO_val2014_000000440779,val,internal_test
COCO_val2014_000000050561,val,internal_test
COCO_val2014_000000400123,val,internal_test
COCO_val2014_000000127141,val,internal_test
COCO_val2014_000000263834,val,internal_test
COCO_val2014_000000127092,val,internal_test
COCO_val2014_000000252147,val,internal_test
COCO_val2014_000000574108,val,internal_test
COCO_val2014_000000545385,val,internal_test
COCO_val2014_000000222828,val,internal_test
COCO_val2014_000000118450,val,internal_test
COCO_val2014_000000386525,val,internal_test
COCO_val2014_000000161807,val,internal_test
COCO_val2014_000000323370,val,internal_test
COCO_val2014_000000579303,val,internal_test
COCO_val2014_000000560474,val,internal_test
COCO_val2014_000000329850,val,internal_test
COCO_val2014_000000390052,val,internal_test
COCO_val2014_000000401971,val,internal_test
COCO_val2014_000000448288,val,internal_test
COCO_val2014_000000552945,val,internal_test
COCO_val2014_000000347390,val,internal_test
COCO_val2014_000000493753,val,internal_test
COCO_val2014_000000358252,val,internal_test
COCO_val2014_000000415194,val,internal_test
COCO_val2014_000000128059,val,internal_test
COCO_val2014_000000263052,val,internal_test
COCO_val2014_000000163518,val,internal_test
COCO_val2014_000000223414,val,internal_test
COCO_val2014_000000327114,val,internal_test
COCO_val2014_000000227851,val,internal_test
COCO_val2014_000000525373,val,internal_test
COCO_val2014_000000134815,val,internal_test
COCO_val2014_000000138639,val,internal_test
COCO_val2014_000000103509,val,internal_test
COCO_val2014_000000494456,val,internal_test
COCO_val2014_000000376891,val,internal_test
COCO_val2014_000000130043,val,internal_test
COCO_val2014_000000113139,val,internal_test
COCO_val2014_000000089359,val,internal_test
COCO_val2014_000000371365,val,internal_test
COCO_val2014_000000505709,val,internal_test
COCO_val2014_000000122839,val,internal_test
COCO_val2014_000000166060,val,internal_test
COCO_val2014_000000256916,val,internal_test
COCO_val2014_000000159627,val,internal_test
COCO_val2014_000000248457,val,internal_test
COCO_val2014_000000508440,val,internal_test
COCO_val2014_000000505899,val,internal_test
COCO_val2014_000000145824,val,internal_test
COCO_val2014_000000519193,val,internal_test
COCO_val2014_000000569059,val,internal_test
COCO_val2014_000000524333,val,internal_test
COCO_val2014_000000556758,val,internal_test
COCO_val2014_000000412878,val,internal_test
COCO_val2014_000000096288,val,internal_test
COCO_val2014_000000241832,val,internal_test
COCO_val2014_000000065008,val,internal_test
COCO_val2014_000000027620,val,internal_test
COCO_val2014_000000445433,val,internal_test
COCO_val2014_000000288442,val,internal_test
COCO_val2014_000000451234,val,internal_test
COCO_val2014_000000189775,val,internal_test
COCO_val2014_000000452312,val,internal_test
COCO_val2014_000000191301,val,internal_test
COCO_val2014_000000069536,val,internal_test
COCO_val2014_000000194203,val,internal_test
COCO_val2014_000000145746,val,internal_test
COCO_val2014_000000552364,val,internal_test
COCO_val2014_000000524431,val,internal_test
COCO_val2014_000000088269,val,internal_test
COCO_val2014_000000432519,val,internal_test
COCO_val2014_000000268363,val,internal_test
COCO_val2014_000000013490,val,internal_test
COCO_val2014_000000111702,val,internal_test
COCO_val2014_000000068300,val,internal_test
COCO_val2014_000000398637,val,internal_test
COCO_val2014_000000562906,val,internal_test
COCO_val2014_000000484151,val,internal_test
COCO_val2014_000000244050,val,internal_test
COCO_val2014_000000078696,val,internal_test
COCO_val2014_000000223777,val,internal_test
COCO_val2014_000000300472,val,internal_test
COCO_val2014_000000565575,val,internal_test
COCO_val2014_000000104589,val,internal_test
COCO_val2014_000000271643,val,internal_test
COCO_val2014_000000272678,val,internal_test
COCO_val2014_000000123580,val,internal_test
COCO_val2014_000000220732,val,internal_test
COCO_val2014_000000388829,val,internal_test
COCO_val2014_000000361506,val,internal_test
COCO_val2014_000000570179,val,internal_test
COCO_val2014_000000143224,val,internal_test
COCO_val2014_000000478766,val,internal_test
COCO_val2014_000000318455,val,internal_test
COCO_val2014_000000050627,val,internal_test
COCO_val2014_000000154931,val,internal_test
COCO_val2014_000000171757,val,internal_test
COCO_val2014_000000005713,val,internal_test
COCO_val2014_000000221000,val,internal_test
COCO_val2014_000000139721,val,internal_test
COCO_val2014_000000264385,val,internal_test
COCO_val2014_000000581501,val,internal_test
COCO_val2014_000000248163,val,internal_test
COCO_val2014_000000237075,val,internal_test
COCO_val2014_000000235832,val,internal_test
COCO_val2014_000000157001,val,internal_test
COCO_val2014_000000429924,val,internal_test
COCO_val2014_000000460266,val,internal_test
COCO_val2014_000000549448,val,internal_test
COCO_val2014_000000182834,val,internal_test
COCO_val2014_000000492886,val,internal_test
COCO_val2014_000000537280,val,internal_test
COCO_val2014_000000499181,val,internal_test
COCO_val2014_000000456574,val,internal_test
COCO_val2014_000000443313,val,internal_test
COCO_val2014_000000347568,val,internal_test
COCO_val2014_000000457217,val,internal_test
COCO_val2014_000000068765,val,internal_test
COCO_val2014_000000459967,val,internal_test
COCO_val2014_000000242422,val,internal_test
COCO_val2014_000000219909,val,internal_test
COCO_val2014_000000393569,val,internal_test
COCO_val2014_000000551018,val,internal_test
COCO_val2014_000000564197,val,internal_test
COCO_val2014_000000308101,val,internal_test
COCO_val2014_000000017350,val,internal_test
COCO_val2014_000000232760,val,internal_test
COCO_val2014_000000186165,val,internal_test
COCO_val2014_000000236925,val,internal_test
COCO_val2014_000000343552,val,internal_test
COCO_val2014_000000459662,val,internal_test
COCO_val2014_000000469795,val,internal_test
COCO_val2014_000000171192,val,internal_test
COCO_val2014_000000564612,val,internal_test
COCO_val2014_000000344548,val,internal_test
COCO_val2014_000000174113,val,internal_test
COCO_val2014_000000183364,val,internal_test
COCO_val2014_000000475407,val,internal_test
COCO_val2014_000000059598,val,internal_test
COCO_val2014_000000054870,val,internal_test
COCO_val2014_000000288224,val,internal_test
COCO_val2014_000000504670,val,internal_test
COCO_val2014_000000440562,val,internal_test
COCO_val2014_000000330110,val,internal_test
COCO_val2014_000000208340,val,internal_test
COCO_val2014_000000234595,val,internal_test
COCO_val2014_000000535579,val,internal_test
COCO_val2014_000000427113,val,internal_test
COCO_val2014_000000134703,val,internal_test
COCO_val2014_000000543740,val,internal_test
COCO_val2014_000000169562,val,internal_test
COCO_val2014_000000090432,val,internal_test
COCO_val2014_000000263700,val,internal_test
COCO_val2014_000000267521,val,internal_test
COCO_val2014_000000021971,val,internal_test
COCO_val2014_000000394131,val,internal_test
COCO_val2014_000000443240,val,internal_test
COCO_val2014_000000423617,val,internal_test
COCO_val2014_000000187144,val,internal_test
COCO_val2014_000000448795,val,internal_test
COCO_val2014_000000448243,val,internal_test
COCO_val2014_000000062023,val,internal_test
COCO_val2014_000000199437,val,internal_test
COCO_val2014_000000050148,val,internal_test
COCO_val2014_000000457780,val,internal_test
COCO_val2014_000000506311,val,internal_test
COCO_val2014_000000569618,val,internal_test
COCO_val2014_000000218397,val,internal_test
COCO_val2014_000000308117,val,internal_test
COCO_val2014_000000280857,val,internal_test
COCO_val2014_000000230615,val,internal_test
COCO_val2014_000000131416,val,internal_test
COCO_val2014_000000312870,val,internal_test
COCO_val2014_000000020641,val,internal_test
COCO_val2014_000000356169,val,internal_test
COCO_val2014_000000274800,val,internal_test
COCO_val2014_000000406899,val,internal_test
COCO_val2014_000000461839,val,internal_test
COCO_val2014_000000357743,val,internal_test
COCO_val2014_000000424683,val,internal_test
COCO_val2014_000000183166,val,internal_test
COCO_val2014_000000041247,val,internal_test
COCO_val2014_000000566364,val,internal_test
COCO_val2014_000000344279,val,internal_test
COCO_val2014_000000520427,val,internal_test
COCO_val2014_000000232121,val,internal_test
COCO_val2014_000000490286,val,internal_test
COCO_val2014_000000240173,val,internal_test
COCO_val2014_000000231768,val,internal_test
COCO_val2014_000000073753,val,internal_test
COCO_val2014_000000437540,val,internal_test
COCO_val2014_000000315178,val,internal_test
COCO_val2014_000000271712,val,internal_test
COCO_val2014_000000511594,val,internal_test
COCO_val2014_000000073973,val,internal_test
COCO_val2014_000000113589,val,internal_test
COCO_val2014_000000193673,val,internal_test
COCO_val2014_000000561889,val,internal_test
COCO_val2014_000000179322,val,internal_test
COCO_val2014_000000135155,val,internal_test
COCO_val2014_000000474751,val,internal_test
COCO_val2014_000000044136,val,internal_test
COCO_val2014_000000066468,val,internal_test
COCO_val2014_000000113571,val,internal_test
COCO_val2014_000000489728,val,internal_test
COCO_val2014_000000560470,val,internal_test
COCO_val2014_000000056433,val,internal_test
COCO_val2014_000000216161,val,internal_test
COCO_val2014_000000356531,val,internal_test
COCO_val2014_000000314876,val,internal_test
COCO_val2014_000000049165,val,internal_test
COCO_val2014_000000332861,val,internal_test
COCO_val2014_000000240175,val,internal_test
COCO_val2014_000000440486,val,internal_test
COCO_val2014_000000494870,val,internal_test
COCO_val2014_000000420666,val,internal_test
COCO_val2014_000000161231,val,internal_test
COCO_val2014_000000578343,val,internal_test
COCO_val2014_000000423201,val,internal_test
COCO_val2014_000000465806,val,internal_test
COCO_val2014_000000285820,val,internal_test
COCO_val2014_000000158333,val,internal_test
COCO_val2014_000000094379,val,internal_test
COCO_val2014_000000215439,val,internal_test
COCO_val2014_000000225609,val,internal_test
COCO_val2014_000000493102,val,internal_test
COCO_val2014_000000203865,val,internal_test
COCO_val2014_000000460407,val,internal_test
COCO_val2014_000000417430,val,internal_test
COCO_val2014_000000034139,val,internal_test
COCO_val2014_000000421188,val,internal_test
COCO_val2014_000000138601,val,internal_test
COCO_val2014_000000338948,val,internal_test
COCO_val2014_000000112677,val,internal_test
COCO_val2014_000000224557,val,internal_test
COCO_val2014_000000443887,val,internal_test
COCO_val2014_000000302110,val,internal_test
COCO_val2014_000000135029,val,internal_test
COCO_val2014_000000343068,val,internal_test
COCO_val2014_000000294698,val,internal_test
COCO_val2014_000000231616,val,internal_test
COCO_val2014_000000012764,val,internal_test
COCO_val2014_000000357870,val,internal_test
COCO_val2014_000000368961,val,internal_test
COCO_val2014_000000495513,val,internal_test
COCO_val2014_000000268233,val,internal_test
COCO_val2014_000000097693,val,internal_test
COCO_val2014_000000306638,val,internal_test
COCO_val2014_000000122982,val,internal_test
COCO_val2014_000000271068,val,internal_test
COCO_val2014_000000301963,val,internal_test
COCO_val2014_000000400596,val,internal_test
COCO_val2014_000000036844,val,internal_test
COCO_val2014_000000011987,val,internal_test
COCO_val2014_000000558013,val,internal_test
COCO_val2014_000000545002,val,internal_test
COCO_val2014_000000157390,val,internal_test
COCO_val2014_000000573320,val,internal_test
COCO_val2014_000000426202,val,internal_test
COCO_val2014_000000428985,val,internal_test
COCO_val2014_000000503135,val,internal_test
COCO_val2014_000000368648,val,internal_test
COCO_val2014_000000273930,val,internal_test
COCO_val2014_000000278365,val,internal_test
COCO_val2014_000000077889,val,internal_test
COCO_val2014_000000301817,val,internal_test
COCO_val2014_000000233491,val,internal_test
COCO_val2014_000000371677,val,internal_test
COCO_val2014_000000468043,val,internal_test
COCO_val2014_000000289318,val,internal_test
COCO_val2014_000000417779,val,internal_test
COCO_val2014_000000293841,val,internal_test
COCO_val2014_000000057904,val,internal_test
COCO_val2014_000000340804,val,internal_test
COCO_val2014_000000259049,val,internal_test
COCO_val2014_000000298697,val,internal_test
COCO_val2014_000000091045,val,internal_test
COCO_val2014_000000453903,val,internal_test
COCO_val2014_000000575051,val,internal_test
COCO_val2014_000000376564,val,internal_test
COCO_val2014_000000241837,val,internal_test
COCO_val2014_000000161772,val,internal_test
COCO_val2014_000000103806,val,internal_test
COCO_val2014_000000150703,val,internal_test
COCO_val2014_000000364157,val,internal_test
COCO_val2014_000000076518,val,internal_test
COCO_val2014_000000141821,val,internal_test
COCO_val2014_000000473915,val,internal_test
COCO_val2014_000000241503,val,internal_test
COCO_val2014_000000057542,val,internal_test
COCO_val2014_000000534271,val,internal_test
COCO_val2014_000000423093,val,internal_test
COCO_val2014_000000497801,val,internal_test
COCO_val2014_000000374115,val,internal_test
COCO_val2014_000000084694,val,internal_test
COCO_val2014_000000277089,val,internal_test
COCO_val2014_000000301305,val,internal_test
COCO_val2014_000000423039,val,internal_test
COCO_val2014_000000059383,val,internal_test
COCO_val2014_000000160860,val,internal_test
COCO_val2014_000000241113,val,internal_test
COCO_val2014_000000321242,val,internal_test
COCO_val2014_000000215982,val,internal_test
COCO_val2014_000000208054,val,internal_test
COCO_val2014_000000331268,val,internal_test
COCO_val2014_000000302219,val,internal_test
COCO_val2014_000000147736,val,internal_test
COCO_val2014_000000058254,val,internal_test
COCO_val2014_000000460390,val,internal_test
COCO_val2014_000000458549,val,internal_test
COCO_val2014_000000189588,val,internal_test
COCO_val2014_000000367468,val,internal_test
COCO_val2014_000000245242,val,internal_test
COCO_val2014_000000349888,val,internal_test
COCO_val2014_000000380459,val,internal_test
COCO_val2014_000000538934,val,internal_test
COCO_val2014_000000377195,val,internal_test
COCO_val2014_000000038865,val,internal_test
COCO_val2014_000000331712,val,internal_test
COCO_val2014_000000059774,val,internal_test
COCO_val2014_000000259690,val,internal_test
COCO_val2014_000000216726,val,internal_test
COCO_val2014_000000172021,val,internal_test
COCO_val2014_000000268254,val,internal_test
COCO_val2014_000000431023,val,internal_test
COCO_val2014_000000169045,val,internal_test
COCO_val2014_000000411674,val,internal_test
COCO_val2014_000000491851,val,internal_test
COCO_val2014_000000108548,val,internal_test
COCO_val2014_000000359715,val,internal_test
COCO_val2014_000000497504,val,internal_test
COCO_val2014_000000056288,val,internal_test
COCO_val2014_000000414102,val,internal_test
COCO_val2014_000000236671,val,internal_test
COCO_val2014_000000169169,val,internal_test
COCO_val2014_000000431173,val,internal_test
COCO_val2014_000000469329,val,internal_test
COCO_val2014_000000563056,val,internal_test
COCO_val2014_000000139740,val,internal_test
COCO_val2014_000000135356,val,internal_test
COCO_val2014_000000254789,val,internal_test
COCO_val2014_000000258661,val,internal_test
COCO_val2014_000000028874,val,internal_test
COCO_val2014_000000492107,val,internal_test
COCO_val2014_000000314504,val,internal_test
COCO_val2014_000000148898,val,internal_test
COCO_val2014_000000322574,val,internal_test
COCO_val2014_000000039718,val,internal_test
COCO_val2014_000000206273,val,internal_test
COCO_val2014_000000080714,val,internal_test
COCO_val2014_000000384981,val,internal_test
COCO_val2014_000000385181,val,internal_test
COCO_val2014_000000442419,val,internal_test
COCO_val2014_000000056567,val,internal_test
COCO_val2014_000000547839,val,internal_test
COCO_val2014_000000505934,val,internal_test
COCO_val2014_000000465404,val,internal_test
COCO_val2014_000000133648,val,internal_test
COCO_val2014_000000288769,val,internal_test
COCO_val2014_000000098839,val,internal_test
COCO_val2014_000000206701,val,internal_test
COCO_val2014_000000464622,val,internal_test
COCO_val2014_000000120632,val,internal_test
COCO_val2014_000000548703,val,internal_test
COCO_val2014_000000560178,val,internal_test
COCO_val2014_000000532058,val,internal_test
COCO_val2014_000000180383,val,internal_test
COCO_val2014_000000241396,val,internal_test
COCO_val2014_000000539962,val,internal_test
COCO_val2014_000000501523,val,internal_test
COCO_val2014_000000010393,val,internal_test
COCO_val2014_000000052290,val,internal_test
COCO_val2014_000000575834,val,internal_test
COCO_val2014_000000413146,val,internal_test
COCO_val2014_000000306335,val,internal_test
COCO_val2014_000000146120,val,internal_test
COCO_val2014_000000438024,val,internal_test
COCO_val2014_000000557172,val,internal_test
COCO_val2014_000000246999,val,internal_test
COCO_val2014_000000360449,val,internal_test
COCO_val2014_000000528875,val,internal_test
COCO_val2014_000000384527,val,internal_test
COCO_val2014_000000549508,val,internal_test
COCO_val2014_000000173598,val,internal_test
COCO_val2014_000000479248,val,internal_test
COCO_val2014_000000488346,val,internal_test
COCO_val2014_000000320664,val,internal_test
COCO_val2014_000000070190,val,internal_test
COCO_val2014_000000382670,val,internal_test
COCO_val2014_000000013943,val,internal_test
COCO_val2014_000000266099,val,internal_test
COCO_val2014_000000178748,val,internal_test
COCO_val2014_000000169438,val,internal_test
COCO_val2014_000000171255,val,internal_test
COCO_val2014_000000303652,val,internal_test
COCO_val2014_000000108208,val,internal_test
COCO_val2014_000000031773,val,internal_test
COCO_val2014_000000471342,val,internal_test
COCO_val2014_000000015157,val,internal_test
COCO_val2014_000000203095,val,internal_test
COCO_val2014_000000401027,val,internal_test
COCO_val2014_000000286524,val,internal_test
COCO_val2014_000000559440,val,internal_test
COCO_val2014_000000428218,val,internal_test
COCO_val2014_000000074001,val,internal_test
COCO_val2014_000000320703,val,internal_test
COCO_val2014_000000239395,val,internal_test
COCO_val2014_000000516677,val,internal_test
COCO_val2014_000000188146,val,internal_test
COCO_val2014_000000300330,val,internal_test
COCO_val2014_000000315962,val,internal_test
COCO_val2014_000000034582,val,internal_test
COCO_val2014_000000025123,val,internal_test
COCO_val2014_000000436130,val,internal_test
COCO_val2014_000000457893,val,internal_test
COCO_val2014_000000200605,val,internal_test
COCO_val2014_000000393794,val,internal_test
COCO_val2014_000000165298,val,internal_test
COCO_val2014_000000397063,val,internal_test
COCO_val2014_000000207059,val,internal_test
COCO_val2014_000000164602,val,internal_test
COCO_val2014_000000205573,val,internal_test
COCO_val2014_000000326937,val,internal_test
COCO_val2014_000000076994,val,internal_test
COCO_val2014_000000197609,val,internal_test
COCO_val2014_000000341017,val,internal_test
COCO_val2014_000000462904,val,internal_test
COCO_val2014_000000569274,val,internal_test
COCO_val2014_000000142718,val,internal_test
COCO_val2014_000000137595,val,internal_test
COCO_val2014_000000432421,val,internal_test
COCO_val2014_000000399570,val,internal_test
COCO_val2014_000000036492,val,internal_test
COCO_val2014_000000363581,val,internal_test
COCO_val2014_000000150320,val,internal_test
COCO_val2014_000000136938,val,internal_test
COCO_val2014_000000256769,val,internal_test
COCO_val2014_000000084270,val,internal_test
COCO_val2014_000000389458,val,internal_test
COCO_val2014_000000455005,val,internal_test
COCO_val2014_000000462424,val,internal_test
COCO_val2014_000000196815,val,internal_test
COCO_val2014_000000037670,val,internal_test
COCO_val2014_000000525619,val,internal_test
COCO_val2014_000000242297,val,internal_test
COCO_val2014_000000439715,val,internal_test
COCO_val2014_000000399178,val,internal_test
COCO_val2014_000000327807,val,internal_test
COCO_val2014_000000537604,val,internal_test
COCO_val2014_000000527845,val,internal_test
COCO_val2014_000000421564,val,internal_test
COCO_val2014_000000376667,val,internal_test
COCO_val2014_000000434297,val,internal_test
COCO_val2014_000000185935,val,internal_test
COCO_val2014_000000202582,val,internal_test
COCO_val2014_000000171753,val,internal_test
COCO_val2014_000000057672,val,internal_test
COCO_val2014_000000410319,val,internal_test
COCO_val2014_000000470773,val,internal_test
COCO_val2014_000000308793,val,internal_test
COCO_val2014_000000358231,val,internal_test
COCO_val2014_000000351887,val,internal_test
COCO_val2014_000000133963,val,internal_test
COCO_val2014_000000088349,val,internal_test
COCO_val2014_000000304341,val,internal_test
COCO_val2014_000000015947,val,internal_test
COCO_val2014_000000115875,val,internal_test
COCO_val2014_000000538858,val,internal_test
COCO_val2014_000000255165,val,internal_test
COCO_val2014_000000527497,val,internal_test
COCO_val2014_000000240379,val,internal_test
COCO_val2014_000000448518,val,internal_test
COCO_val2014_000000546823,val,internal_test
COCO_val2014_000000018150,val,internal_test
COCO_val2014_000000527022,val,internal_test
COCO_val2014_000000018903,val,internal_test
COCO_val2014_000000092815,val,internal_test
COCO_val2014_000000520043,val,internal_test
COCO_val2014_000000471394,val,internal_test
COCO_val2014_000000210857,val,internal_test
COCO_val2014_000000340069,val,internal_test
COCO_val2014_000000444565,val,internal_test
COCO_val2014_000000559956,val,internal_test
COCO_val2014_000000084866,val,internal_test
COCO_val2014_000000296997,val,internal_test
COCO_val2014_000000480593,val,internal_test
COCO_val2014_000000328728,val,internal_test
COCO_val2014_000000215482,val,internal_test
COCO_val2014_000000323827,val,internal_test
COCO_val2014_000000553669,val,internal_test
COCO_val2014_000000412247,val,internal_test
COCO_val2014_000000468997,val,internal_test
COCO_val2014_000000256838,val,internal_test
COCO_val2014_000000456077,val,internal_test
COCO_val2014_000000019132,val,internal_test
COCO_val2014_000000061735,val,internal_test
COCO_val2014_000000155488,val,internal_test
COCO_val2014_000000350073,val,internal_test
COCO_val2014_000000274216,val,internal_test
COCO_val2014_000000415073,val,internal_test
COCO_val2014_000000527427,val,internal_test
COCO_val2014_000000309237,val,internal_test
COCO_val2014_000000349006,val,internal_test
COCO_val2014_000000111211,val,internal_test
COCO_val2014_000000161010,val,internal_test
COCO_val2014_000000031796,val,internal_test
COCO_val2014_000000533721,val,internal_test
COCO_val2014_000000005599,val,internal_test
COCO_val2014_000000116046,val,internal_test
COCO_val2014_000000174206,val,internal_test
COCO_val2014_000000180366,val,internal_test
COCO_val2014_000000298784,val,internal_test
COCO_val2014_000000367578,val,internal_test
COCO_val2014_000000218290,val,internal_test
COCO_val2014_000000181627,val,internal_test
COCO_val2014_000000503772,val,internal_test
COCO_val2014_000000260925,val,internal_test
COCO_val2014_000000369379,val,internal_test
COCO_val2014_000000385378,val,internal_test
COCO_val2014_000000256192,val,internal_test
COCO_val2014_000000430567,val,internal_test
COCO_val2014_000000032001,val,internal_test
COCO_val2014_000000168909,val,internal_test
COCO_val2014_000000243891,val,internal_test
COCO_val2014_000000038540,val,internal_test
COCO_val2014_000000314757,val,internal_test
COCO_val2014_000000537631,val,internal_test
COCO_val2014_000000579815,val,internal_test
COCO_val2014_000000192714,val,internal_test
COCO_val2014_000000267694,val,internal_test
COCO_val2014_000000111099,val,internal_test
COCO_val2014_000000165522,val,internal_test
COCO_val2014_000000289618,val,internal_test
COCO_val2014_000000000387,val,internal_test
COCO_val2014_000000396178,val,internal_test
COCO_val2014_000000135566,val,internal_test
COCO_val2014_000000067065,val,internal_test
COCO_val2014_000000467848,val,internal_test
COCO_val2014_000000111547,val,internal_test
COCO_val2014_000000269358,val,internal_test
COCO_val2014_000000240210,val,internal_test
COCO_val2014_000000297233,val,internal_test
COCO_val2014_000000005617,val,internal_test
COCO_val2014_000000250953,val,internal_test
COCO_val2014_000000565031,val,internal_test
COCO_val2014_000000232627,val,internal_test
COCO_val2014_000000412899,val,internal_test
COCO_val2014_000000559950,val,internal_test
COCO_val2014_000000210795,val,internal_test
COCO_val2014_000000293027,val,internal_test
COCO_val2014_000000478721,val,internal_test
COCO_val2014_000000406734,val,internal_test
COCO_val2014_000000109361,val,internal_test
COCO_val2014_000000020273,val,internal_test
COCO_val2014_000000551974,val,internal_test
COCO_val2014_000000140122,val,internal_test
COCO_val2014_000000108904,val,internal_test
COCO_val2014_000000134657,val,internal_test
COCO_val2014_000000051167,val,internal_test
COCO_val2014_000000569251,val,internal_test
COCO_val2014_000000246001,val,internal_test
COCO_val2014_000000287396,val,internal_test
COCO_val2014_000000429261,val,internal_test
COCO_val2014_000000496854,val,internal_test
COCO_val2014_000000068814,val,internal_test
COCO_val2014_000000099179,val,internal_test
COCO_val2014_000000389753,val,internal_test
COCO_val2014_000000007414,val,internal_test
COCO_val2014_000000035975,val,internal_test
COCO_val2014_000000476787,val,internal_test
COCO_val2014_000000289741,val,internal_test
COCO_val2014_000000207853,val,internal_test
COCO_val2014_000000365623,val,internal_test
COCO_val2014_000000332914,val,internal_test
COCO_val2014_000000535080,val,internal_test
COCO_val2014_000000328838,val,internal_test
COCO_val2014_000000219075,val,internal_test
COCO_val2014_000000483130,val,internal_test
COCO_val2014_000000016961,val,internal_test
COCO_val2014_000000369685,val,internal_test
COCO_val2014_000000067956,val,internal_test
COCO_val2014_000000156846,val,internal_test
COCO_val2014_000000504621,val,internal_test
COCO_val2014_000000338417,val,internal_test
COCO_val2014_000000441240,val,internal_test
COCO_val2014_000000148444,val,internal_test
COCO_val2014_000000496954,val,internal_test
COCO_val2014_000000103114,val,internal_test
COCO_val2014_000000463522,val,internal_test
COCO_val2014_000000404444,val,internal_test
COCO_val2014_000000472678,val,internal_test
COCO_val2014_000000107800,val,internal_test
COCO_val2014_000000174511,val,internal_test
COCO_val2014_000000233266,val,internal_test
COCO_val2014_000000184485,val,internal_test
COCO_val2014_000000022474,val,internal_test
COCO_val2014_000000441415,val,internal_test
COCO_val2014_000000011291,val,internal_test
COCO_val2014_000000446626,val,internal_test
COCO_val2014_000000208516,val,internal_test
COCO_val2014_000000101762,val,internal_test
COCO_val2014_000000407115,val,internal_test
COCO_val2014_000000579666,val,internal_test
COCO_val2014_000000068114,val,internal_test
COCO_val2014_000000430002,val,internal_test
COCO_val2014_000000525272,val,internal_test
COCO_val2014_000000127702,val,internal_test
COCO_val2014_000000551199,val,internal_test
COCO_val2014_000000362094,val,internal_test
COCO_val2014_000000037740,val,internal_test
COCO_val2014_000000366659,val,internal_test
COCO_val2014_000000522007,val,internal_test
COCO_val2014_000000240501,val,internal_test
COCO_val2014_000000336862,val,internal_test
COCO_val2014_000000495146,val,internal_test
COCO_val2014_000000524456,val,internal_test
COCO_val2014_000000173008,val,internal_test
COCO_val2014_000000502220,val,internal_test
COCO_val2014_000000301867,val,internal_test
COCO_val2014_000000022129,val,internal_test
COCO_val2014_000000460053,val,internal_test
COCO_val2014_000000580555,val,internal_test
COCO_val2014_000000549427,val,internal_test
COCO_val2014_000000092131,val,internal_test
COCO_val2014_000000075285,val,internal_test
COCO_val2014_000000193875,val,internal_test
COCO_val2014_000000245997,val,internal_test
COCO_val2014_000000499134,val,internal_test
COCO_val2014_000000178516,val,internal_test
COCO_val2014_000000131597,val,internal_test
COCO_val2014_000000364470,val,internal_test
COCO_val2014_000000384983,val,internal_test
COCO_val2014_000000560298,val,internal_test
COCO_val2014_000000554433,val,internal_test
COCO_val2014_000000376773,val,internal_test
COCO_val2014_000000171740,val,internal_test
COCO_val2014_000000392229,val,internal_test
COCO_val2014_000000217546,val,internal_test
COCO_val2014_000000144228,val,internal_test
COCO_val2014_000000498319,val,internal_test
COCO_val2014_000000481390,val,internal_test
COCO_val2014_000000106617,val,internal_test
COCO_val2014_000000388026,val,internal_test
COCO_val2014_000000357478,val,internal_test
COCO_val2014_000000358653,val,internal_test
COCO_val2014_000000133476,val,internal_test
COCO_val2014_000000536034,val,internal_test
COCO_val2014_000000205636,val,internal_test
COCO_val2014_000000108838,val,internal_test
COCO_val2014_000000342060,val,internal_test
COCO_val2014_000000449594,val,internal_test
COCO_val2014_000000170640,val,internal_test
COCO_val2014_000000506401,val,internal_test
COCO_val2014_000000018837,val,internal_test
COCO_val2014_000000526342,val,internal_test
COCO_val2014_000000573753,val,internal_test
COCO_val2014_000000076619,val,internal_test
COCO_val2014_000000387482,val,internal_test
COCO_val2014_000000365618,val,internal_test
COCO_val2014_000000472530,val,internal_test
COCO_val2014_000000084362,val,internal_test
COCO_val2014_000000075327,val,internal_test
COCO_val2014_000000070987,val,internal_test
COCO_val2014_000000176017,val,internal_test
COCO_val2014_000000424975,val,internal_test
COCO_val2014_000000060823,val,internal_test
COCO_val2014_000000449638,val,internal_test
COCO_val2014_000000370266,val,internal_test
COCO_val2014_000000157112,val,internal_test
COCO_val2014_000000403639,val,internal_test
COCO_val2014_000000384931,val,internal_test
COCO_val2014_000000371890,val,internal_test
COCO_val2014_000000351331,val,internal_test
COCO_val2014_000000252927,val,internal_test
COCO_val2014_000000365214,val,internal_test
COCO_val2014_000000236148,val,internal_test
COCO_val2014_000000556462,val,internal_test
COCO_val2014_000000458510,val,internal_test
COCO_val2014_000000035326,val,internal_test
COCO_val2014_000000523955,val,internal_test
COCO_val2014_000000547144,val,internal_test
COCO_val2014_000000104150,val,internal_test
COCO_val2014_000000089210,val,internal_test
COCO_val2014_000000226903,val,internal_test
COCO_val2014_000000363654,val,internal_test
COCO_val2014_000000159399,val,internal_test
COCO_val2014_000000098729,val,internal_test
COCO_val2014_000000468121,val,internal_test
COCO_val2014_000000410056,val,internal_test
COCO_val2014_000000439840,val,internal_test
COCO_val2014_000000006712,val,internal_test
COCO_val2014_000000394840,val,internal_test
COCO_val2014_000000236370,val,internal_test
COCO_val2014_000000196664,val,internal_test
COCO_val2014_000000441969,val,internal_test
COCO_val2014_000000380892,val,internal_test
COCO_val2014_000000043170,val,internal_test
COCO_val2014_000000245448,val,internal_test
COCO_val2014_000000324258,val,internal_test
COCO_val2014_000000383337,val,internal_test
COCO_val2014_000000410225,val,internal_test
COCO_val2014_000000486369,val,internal_test
COCO_val2014_000000059201,val,internal_test
COCO_val2014_000000433904,val,internal_test
COCO_val2014_000000428231,val,internal_test
COCO_val2014_000000175954,val,internal_test
COCO_val2014_000000262608,val,internal_test
COCO_val2014_000000553561,val,internal_test
COCO_val2014_000000499646,val,internal_test
COCO_val2014_000000334511,val,internal_test
COCO_val2014_000000279209,val,internal_test
COCO_val2014_000000059666,val,internal_test
COCO_val2014_000000182362,val,internal_test
COCO_val2014_000000539683,val,internal_test
COCO_val2014_000000329573,val,internal_test
COCO_val2014_000000308964,val,internal_test
COCO_val2014_000000393804,val,internal_test
COCO_val2014_000000163831,val,internal_test
COCO_val2014_000000066632,val,internal_test
COCO_val2014_000000472376,val,internal_test
COCO_val2014_000000274612,val,internal_test
COCO_val2014_000000037017,val,internal_test
COCO_val2014_000000156324,val,internal_test
COCO_val2014_000000069000,val,internal_test
COCO_val2014_000000283498,val,internal_test
COCO_val2014_000000429042,val,internal_test
COCO_val2014_000000344029,val,internal_test
COCO_val2014_000000115721,val,internal_test
COCO_val2014_000000133050,val,internal_test
COCO_val2014_000000180362,val,internal_test
COCO_val2014_000000320246,val,internal_test
COCO_val2014_000000262509,val,internal_test
COCO_val2014_000000043345,val,internal_test
COCO_val2014_000000416543,val,internal_test
COCO_val2014_000000426795,val,internal_test
COCO_val2014_000000156609,val,internal_test
COCO_val2014_000000304917,val,internal_test
COCO_val2014_000000498547,val,internal_test
COCO_val2014_000000374043,val,internal_test
COCO_val2014_000000431136,val,internal_test
COCO_val2014_000000280858,val,internal_test
COCO_val2014_000000320641,val,internal_test
COCO_val2014_000000157635,val,internal_test
COCO_val2014_000000367386,val,internal_test
COCO_val2014_000000189244,val,internal_test
COCO_val2014_000000180521,val,internal_test
COCO_val2014_000000132189,val,internal_test
COCO_val2014_000000174070,val,internal_test
COCO_val2014_000000170436,val,internal_test
COCO_val2014_000000073326,val,internal_test
COCO_val2014_000000287663,val,internal_test
COCO_val2014_000000243773,val,internal_test
COCO_val2014_000000394079,val,internal_test
COCO_val2014_000000571279,val,internal_test
COCO_val2014_000000203003,val,internal_test
COCO_val2014_000000334178,val,internal_test
COCO_val2014_000000113473,val,internal_test
COCO_val2014_000000546569,val,internal_test
COCO_val2014_000000080698,val,internal_test
COCO_val2014_000000304069,val,internal_test
COCO_val2014_000000514504,val,internal_test
COCO_val2014_000000037988,val,internal_test
COCO_val2014_000000338159,val,internal_test
COCO_val2014_000000160330,val,internal_test
COCO_val2014_000000047225,val,internal_test
COCO_val2014_000000208363,val,internal_test
COCO_val2014_000000027519,val,internal_test
COCO_val2014_000000556980,val,internal_test
COCO_val2014_000000233033,val,internal_test
COCO_val2014_000000221547,val,internal_test
COCO_val2014_000000558864,val,internal_test
COCO_val2014_000000150358,val,internal_test
COCO_val2014_000000087393,val,internal_test
COCO_val2014_000000306688,val,internal_test
COCO_val2014_000000268215,val,internal_test
COCO_val2014_000000207926,val,internal_test
COCO_val2014_000000017667,val,internal_test
COCO_val2014_000000470364,val,internal_test
COCO_val2014_000000375493,val,internal_test
COCO_val2014_000000541279,val,internal_test
COCO_val2014_000000273855,val,internal_test
COCO_val2014_000000214604,val,internal_test
COCO_val2014_000000179415,val,internal_test
COCO_val2014_000000235787,val,internal_test
COCO_val2014_000000279078,val,internal_test
COCO_val2014_000000429593,val,internal_test
COCO_val2014_000000566672,val,internal_test
COCO_val2014_000000487530,val,internal_test
COCO_val2014_000000035176,val,internal_test
COCO_val2014_000000134160,val,internal_test
COCO_val2014_000000495311,val,internal_test
COCO_val2014_000000024880,val,internal_test
COCO_val2014_000000016775,val,internal_test
COCO_val2014_000000429754,val,internal_test
COCO_val2014_000000214124,val,internal_test
COCO_val2014_000000144562,val,internal_test
COCO_val2014_000000034464,val,internal_test
COCO_val2014_000000414744,val,internal_test
COCO_val2014_000000164780,val,internal_test
COCO_val2014_000000024553,val,internal_test
COCO_val2014_000000530317,val,internal_test
COCO_val2014_000000128602,val,internal_test
COCO_val2014_000000463633,val,internal_test
COCO_val2014_000000141108,val,internal_test
COCO_val2014_000000296988,val,internal_test
COCO_val2014_000000205089,val,internal_test
COCO_val2014_000000523869,val,internal_test
COCO_val2014_000000032334,val,internal_test
COCO_val2014_000000203965,val,internal_test
COCO_val2014_000000069293,val,internal_test
COCO_val2014_000000147415,val,internal_test
COCO_val2014_000000533069,val,internal_test
COCO_val2014_000000563067,val,internal_test
COCO_val2014_000000293554,val,internal_test
COCO_val2014_000000444515,val,internal_test
COCO_val2014_000000302380,val,internal_test
COCO_val2014_000000444209,val,internal_test
COCO_val2014_000000321865,val,internal_test
COCO_val2014_000000207860,val,internal_test
COCO_val2014_000000453178,val,internal_test
COCO_val2014_000000577783,val,internal_test
COCO_val2014_000000264660,val,internal_test
COCO_val2014_000000404758,val,internal_test
COCO_val2014_000000214984,val,internal_test
COCO_val2014_000000230240,val,internal_test
COCO_val2014_000000295403,val,internal_test
COCO_val2014_000000366499,val,internal_test
COCO_val2014_000000082456,val,internal_test
COCO_val2014_000000450182,val,internal_test
COCO_val2014_000000308730,val,internal_test
COCO_val2014_000000360878,val,internal_test
COCO_val2014_000000573935,val,internal_test
COCO_val2014_000000069914,val,internal_test
COCO_val2014_000000283471,val,internal_test
COCO_val2014_000000081054,val,internal_test
COCO_val2014_000000091318,val,internal_test
COCO_val2014_000000118065,val,internal_test
COCO_val2014_000000067975,val,internal_test
COCO_val2014_000000047112,val,internal_test
COCO_val2014_000000440212,val,internal_test
COCO_val2014_000000433714,val,internal_test
COCO_val2014_000000387950,val,internal_test
COCO_val2014_000000303667,val,internal_test
COCO_val2014_000000389453,val,internal_test
COCO_val2014_000000345376,val,internal_test
COCO_val2014_000000164555,val,internal_test
COCO_val2014_000000163710,val,internal_test
COCO_val2014_000000368196,val,internal_test
COCO_val2014_000000558558,val,internal_test
COCO_val2014_000000237420,val,internal_test
COCO_val2014_000000424940,val,internal_test
COCO_val2014_000000052644,val,internal_test
COCO_val2014_000000548011,val,internal_test
COCO_val2014_000000238029,val,internal_test
COCO_val2014_000000034873,val,internal_test
COCO_val2014_000000077681,val,internal_test
COCO_val2014_000000369082,val,internal_test
COCO_val2014_000000156100,val,internal_test
COCO_val2014_000000429598,val,internal_test
COCO_val2014_000000528098,val,internal_test
COCO_val2014_000000430319,val,internal_test
COCO_val2014_000000144438,val,internal_test
COCO_val2014_000000457900,val,internal_test
COCO_val2014_000000035891,val,internal_test
COCO_val2014_000000243946,val,internal_test
COCO_val2014_000000186013,val,internal_test
COCO_val2014_000000277642,val,internal_test
COCO_val2014_000000200839,val,internal_test
COCO_val2014_000000112298,val,internal_test
COCO_val2014_000000048905,val,internal_test
COCO_val2014_000000202178,val,internal_test
COCO_val2014_000000039769,val,internal_test
COCO_val2014_000000501665,val,internal_test
COCO_val2014_000000326863,val,internal_test
COCO_val2014_000000212587,val,internal_test
COCO_val2014_000000290979,val,internal_test
COCO_val2014_000000494810,val,internal_test
COCO_val2014_000000079955,val,internal_test
COCO_val2014_000000152245,val,internal_test
COCO_val2014_000000008021,val,internal_test
COCO_val2014_000000187722,val,internal_test
COCO_val2014_000000491515,val,internal_test
COCO_val2014_000000399595,val,internal_test
COCO_val2014_000000193380,val,internal_test
COCO_val2014_000000301634,val,internal_test
COCO_val2014_000000504194,val,internal_test
COCO_val2014_000000187349,val,internal_test
COCO_val2014_000000268478,val,internal_test
COCO_val2014_000000198530,val,internal_test
COCO_val2014_000000270274,val,internal_test
COCO_val2014_000000503210,val,internal_test
COCO_val2014_000000035435,val,internal_test
COCO_val2014_000000212363,val,internal_test
COCO_val2014_000000548164,val,internal_test
COCO_val2014_000000201727,val,internal_test
COCO_val2014_000000018224,val,internal_test
COCO_val2014_000000353149,val,internal_test
COCO_val2014_000000184773,val,internal_test
COCO_val2014_000000541613,val,internal_test
COCO_val2014_000000538364,val,internal_test
COCO_val2014_000000383448,val,internal_test
COCO_val2014_000000314694,val,internal_test
COCO_val2014_000000396387,val,internal_test
COCO_val2014_000000262587,val,internal_test
COCO_val2014_000000232849,val,internal_test
COCO_val2014_000000456323,val,internal_test
COCO_val2014_000000499594,val,internal_test
COCO_val2014_000000248235,val,internal_test
COCO_val2014_000000532761,val,internal_test
COCO_val2014_000000059710,val,internal_test
COCO_val2014_000000558671,val,internal_test
COCO_val2014_000000577995,val,internal_test
COCO_val2014_000000561393,val,internal_test
COCO_val2014_000000231549,val,internal_test
COCO_val2014_000000400431,val,internal_test
COCO_val2014_000000055528,val,internal_test
COCO_val2014_000000551791,val,internal_test
COCO_val2014_000000134886,val,internal_test
COCO_val2014_000000117530,val,internal_test
COCO_val2014_000000362951,val,internal_test
COCO_val2014_000000513567,val,internal_test
COCO_val2014_000000571450,val,internal_test
COCO_val2014_000000097809,val,internal_test
COCO_val2014_000000140203,val,internal_test
COCO_val2014_000000577877,val,internal_test
COCO_val2014_000000002006,val,internal_test
COCO_val2014_000000024061,val,internal_test
COCO_val2014_000000281688,val,internal_test
COCO_val2014_000000183965,val,internal_test
COCO_val2014_000000100539,val,internal_test
COCO_val2014_000000019456,val,internal_test
COCO_val2014_000000143516,val,internal_test
COCO_val2014_000000543547,val,internal_test
COCO_val2014_000000245642,val,internal_test
COCO_val2014_000000501281,val,internal_test
COCO_val2014_000000278771,val,internal_test
COCO_val2014_000000557977,val,internal_test
COCO_val2014_000000319743,val,internal_test
COCO_val2014_000000132362,val,internal_test
COCO_val2014_000000051143,val,internal_test
COCO_val2014_000000198590,val,internal_test
COCO_val2014_000000161047,val,internal_test
COCO_val2014_000000052546,val,internal_test
COCO_val2014_000000239029,val,internal_test
COCO_val2014_000000359220,val,internal_test
COCO_val2014_000000099039,val,internal_test
COCO_val2014_000000551794,val,internal_test
COCO_val2014_000000191874,val,internal_test
COCO_val2014_000000204887,val,internal_test
COCO_val2014_000000468022,val,internal_test
COCO_val2014_000000556420,val,internal_test
COCO_val2014_000000196759,val,internal_test
COCO_val2014_000000311846,val,internal_test
COCO_val2014_000000205251,val,internal_test
COCO_val2014_000000127535,val,internal_test
COCO_val2014_000000037367,val,internal_test
COCO_val2014_000000317357,val,internal_test
COCO_val2014_000000538054,val,internal_test
COCO_val2014_000000290839,val,internal_test
COCO_val2014_000000475248,val,internal_test
COCO_val2014_000000423618,val,internal_test
COCO_val2014_000000071929,val,internal_test
COCO_val2014_000000022199,val,internal_test
COCO_val2014_000000038073,val,internal_test
COCO_val2014_000000279824,val,internal_test
COCO_val2014_000000527995,val,internal_test
COCO_val2014_000000368302,val,internal_test
COCO_val2014_000000502963,val,internal_test
COCO_val2014_000000342770,val,internal_test
COCO_val2014_000000144878,val,internal_test
COCO_val2014_000000172648,val,internal_test
COCO_val2014_000000072795,val,internal_test
COCO_val2014_000000158922,val,internal_test
COCO_val2014_000000525371,val,internal_test
COCO_val2014_000000194532,val,internal_test
COCO_val2014_000000175878,val,internal_test
COCO_val2014_000000099026,val,internal_test
COCO_val2014_000000547300,val,internal_test
COCO_val2014_000000356358,val,internal_test
COCO_val2014_000000437240,val,internal_test
COCO_val2014_000000012818,val,internal_test
COCO_val2014_000000442582,val,internal_test
COCO_val2014_000000508656,val,internal_test
COCO_val2014_000000560222,val,internal_test
COCO_val2014_000000033073,val,internal_test
COCO_val2014_000000186036,val,internal_test
COCO_val2014_000000309514,val,internal_test
COCO_val2014_000000265743,val,internal_test
COCO_val2014_000000461722,val,internal_test
COCO_val2014_000000084592,val,internal_test
COCO_val2014_000000001573,val,internal_test
COCO_val2014_000000164548,val,internal_test
COCO_val2014_000000157960,val,internal_test
COCO_val2014_000000453341,val,internal_test
COCO_val2014_000000361730,val,internal_test
COCO_val2014_000000331627,val,internal_test
COCO_val2014_000000128014,val,internal_test
COCO_val2014_000000084170,val,internal_test
COCO_val2014_000000463802,val,internal_test
COCO_val2014_000000124659,val,internal_test
COCO_val2014_000000328255,val,internal_test
COCO_val2014_000000395343,val,internal_test
COCO_val2014_000000309633,val,internal_test
COCO_val2014_000000287402,val,internal_test
COCO_val2014_000000010705,val,internal_test
COCO_val2014_000000262394,val,internal_test
COCO_val2014_000000302275,val,internal_test
COCO_val2014_000000445643,val,internal_test
COCO_val2014_000000289201,val,internal_test
COCO_val2014_000000292741,val,internal_test
COCO_val2014_000000389258,val,internal_test
COCO_val2014_000000455395,val,internal_test
COCO_val2014_000000263351,val,internal_test
COCO_val2014_000000470256,val,internal_test
COCO_val2014_000000198492,val,internal_test
COCO_val2014_000000383678,val,internal_test
COCO_val2014_000000104091,val,internal_test
COCO_val2014_000000269017,val,internal_test
COCO_val2014_000000130030,val,internal_test
COCO_val2014_000000361901,val,internal_test
COCO_val2014_000000052982,val,internal_test
COCO_val2014_000000171678,val,internal_test
COCO_val2014_000000417597,val,internal_test
COCO_val2014_000000459933,val,internal_test
COCO_val2014_000000164104,val,internal_test
COCO_val2014_000000522262,val,internal_test
COCO_val2014_000000427750,val,internal_test
COCO_val2014_000000103027,val,internal_test
COCO_val2014_000000224530,val,internal_test
COCO_val2014_000000542910,val,internal_test
COCO_val2014_000000071171,val,internal_test
COCO_val2014_000000565034,val,internal_test
COCO_val2014_000000235964,val,internal_test
COCO_val2014_000000271795,val,internal_test
COCO_val2014_000000047263,val,internal_test
COCO_val2014_000000526257,val,internal_test
COCO_val2014_000000145295,val,internal_test
COCO_val2014_000000282618,val,internal_test
COCO_val2014_000000460652,val,internal_test
COCO_val2014_000000511002,val,internal_test
COCO_val2014_000000342675,val,internal_test
COCO_val2014_000000415048,val,internal_test
COCO_val2014_000000196430,val,internal_test
COCO_val2014_000000357888,val,internal_test
COCO_val2014_000000313240,val,internal_test
COCO_val2014_000000165686,val,internal_test
COCO_val2014_000000190218,val,internal_test
COCO_val2014_000000451228,val,internal_test
COCO_val2014_000000315660,val,internal_test
COCO_val2014_000000153956,val,internal_test
COCO_val2014_000000467296,val,internal_test
COCO_val2014_000000263664,val,internal_test
COCO_val2014_000000276413,val,internal_test
COCO_val2014_000000025997,val,internal_test
COCO_val2014_000000486501,val,internal_test
COCO_val2014_000000433204,val,internal_test
COCO_val2014_000000386370,val,internal_test
COCO_val2014_000000173997,val,internal_test
COCO_val2014_000000351351,val,internal_test
COCO_val2014_000000355183,val,internal_test
COCO_val2014_000000044054,val,internal_test
COCO_val2014_000000199681,val,internal_test
COCO_val2014_000000043092,val,internal_test
COCO_val2014_000000038439,val,internal_test
COCO_val2014_000000522015,val,internal_test
COCO_val2014_000000042091,val,internal_test
COCO_val2014_000000031735,val,internal_test
COCO_val2014_000000220607,val,internal_test
COCO_val2014_000000325102,val,internal_test
COCO_val2014_000000069906,val,internal_test
COCO_val2014_000000174721,val,internal_test
COCO_val2014_000000540860,val,internal_test
COCO_val2014_000000313130,val,internal_test
COCO_val2014_000000488789,val,internal_test
COCO_val2014_000000197840,val,internal_test
COCO_val2014_000000145318,val,internal_test
COCO_val2014_000000043561,val,internal_test
COCO_val2014_000000573750,val,internal_test
COCO_val2014_000000192296,val,internal_test
COCO_val2014_000000512989,val,internal_test
COCO_val2014_000000209480,val,internal_test
COCO_val2014_000000394206,val,internal_test
COCO_val2014_000000157866,val,internal_test
COCO_val2014_000000521819,val,internal_test
COCO_val2014_000000104865,val,internal_test
COCO_val2014_000000208688,val,internal_test
COCO_val2014_000000198775,val,internal_test
COCO_val2014_000000098979,val,internal_test
COCO_val2014_000000413805,val,internal_test
COCO_val2014_000000455483,val,internal_test
COCO_val2014_000000259465,val,internal_test
COCO_val2014_000000364340,val,internal_test
COCO_val2014_000000419789,val,internal_test
COCO_val2014_000000306486,val,internal_test
COCO_val2014_000000485288,val,internal_test
COCO_val2014_000000406253,val,internal_test
COCO_val2014_000000574845,val,internal_test
COCO_val2014_000000331366,val,internal_test
COCO_val2014_000000376295,val,internal_test
COCO_val2014_000000439837,val,internal_test
COCO_val2014_000000198799,val,internal_test
COCO_val2014_000000285462,val,internal_test
COCO_val2014_000000234938,val,internal_test
COCO_val2014_000000442128,val,internal_test
COCO_val2014_000000543047,val,internal_test
COCO_val2014_000000247477,val,internal_test
COCO_val2014_000000522380,val,internal_test
COCO_val2014_000000447009,val,internal_test
COCO_val2014_000000538844,val,internal_test
COCO_val2014_000000337180,val,internal_test
COCO_val2014_000000257566,val,internal_test
COCO_val2014_000000275611,val,internal_test
COCO_val2014_000000298252,val,internal_test
COCO_val2014_000000293548,val,internal_test
COCO_val2014_000000128675,val,internal_test
COCO_val2014_000000058350,val,internal_test
COCO_val2014_000000030706,val,internal_test
COCO_val2014_000000068418,val,internal_test
COCO_val2014_000000488349,val,internal_test
COCO_val2014_000000150639,val,internal_test
COCO_val2014_000000036661,val,internal_test
COCO_val2014_000000034445,val,internal_test
COCO_val2014_000000440387,val,internal_test
COCO_val2014_000000337233,val,internal_test
COCO_val2014_000000228306,val,internal_test
COCO_val2014_000000050354,val,internal_test
COCO_val2014_000000324338,val,internal_test
COCO_val2014_000000547336,val,internal_test
COCO_val2014_000000186412,val,internal_test
COCO_val2014_000000403145,val,internal_test
COCO_val2014_000000563871,val,internal_test
COCO_val2014_000000026768,val,internal_test
COCO_val2014_000000013081,val,internal_test
COCO_val2014_000000302789,val,internal_test
COCO_val2014_000000570810,val,internal_test
COCO_val2014_000000523371,val,internal_test
COCO_val2014_000000242779,val,internal_test
COCO_val2014_000000310035,val,internal_test
COCO_val2014_000000507154,val,internal_test
COCO_val2014_000000370475,val,internal_test
COCO_val2014_000000345356,val,internal_test
COCO_val2014_000000018699,val,internal_test
COCO_val2014_000000488977,val,internal_test
COCO_val2014_000000101088,val,internal_test
COCO_val2014_000000234341,val,internal_test
COCO_val2014_000000208955,val,internal_test
COCO_val2014_000000496379,val,internal_test
COCO_val2014_000000278890,val,internal_test
COCO_val2014_000000239444,val,internal_test
COCO_val2014_000000169331,val,internal_test
COCO_val2014_000000368855,val,internal_test
COCO_val2014_000000513688,val,internal_test
COCO_val2014_000000221605,val,internal_test
COCO_val2014_000000580248,val,internal_test
COCO_val2014_000000356263,val,internal_test
COCO_val2014_000000551336,val,internal_test
COCO_val2014_000000470095,val,internal_test
COCO_val2014_000000195538,val,internal_test
COCO_val2014_000000353136,val,internal_test
COCO_val2014_000000058886,val,internal_test
COCO_val2014_000000022158,val,internal_test
COCO_val2014_000000123480,val,internal_test
COCO_val2014_000000081228,val,internal_test
COCO_val2014_000000546378,val,internal_test
COCO_val2014_000000151521,val,internal_test
COCO_val2014_000000277326,val,internal_test
COCO_val2014_000000108923,val,internal_test
COCO_val2014_000000373857,val,internal_test
COCO_val2014_000000375021,val,internal_test
COCO_val2014_000000167906,val,internal_test
COCO_val2014_000000005038,val,internal_test
COCO_val2014_000000061171,val,internal_test
COCO_val2014_000000010216,val,internal_test
COCO_val2014_000000414034,val,internal_test
COCO_val2014_000000311327,val,internal_test
COCO_val2014_000000050828,val,internal_test
COCO_val2014_000000081248,val,internal_test
COCO_val2014_000000379605,val,internal_test
COCO_val2014_000000455767,val,internal_test
COCO_val2014_000000441854,val,internal_test
COCO_val2014_000000060125,val,internal_test
COCO_val2014_000000067255,val,internal_test
COCO_val2014_000000410105,val,internal_test
COCO_val2014_000000129786,val,internal_test
COCO_val2014_000000000675,val,internal_test
COCO_val2014_000000279769,val,internal_test
COCO_val2014_000000431671,val,internal_test
COCO_val2014_000000453334,val,internal_test
COCO_val2014_000000068128,val,internal_test
COCO_val2014_000000367310,val,internal_test
COCO_val2014_000000468505,val,internal_test
COCO_val2014_000000106389,val,internal_test
COCO_val2014_000000470714,val,internal_test
COCO_val2014_000000386912,val,internal_test
COCO_val2014_000000099230,val,internal_test
COCO_val2014_000000575135,val,internal_test
COCO_val2014_000000546029,val,internal_test
COCO_val2014_000000261426,val,internal_test
COCO_val2014_000000363415,val,internal_test
COCO_val2014_000000522778,val,internal_test
COCO_val2014_000000032887,val,internal_test
COCO_val2014_000000495980,val,internal_test
COCO_val2014_000000265176,val,internal_test
COCO_val2014_000000373060,val,internal_test
COCO_val2014_000000058344,val,internal_test
COCO_val2014_000000112378,val,internal_test
COCO_val2014_000000156341,val,internal_test
COCO_val2014_000000373029,val,internal_test
COCO_val2014_000000021503,val,internal_test
COCO_val2014_000000008204,val,internal_test
COCO_val2014_000000476279,val,internal_test
COCO_val2014_000000523527,val,internal_test
COCO_val2014_000000302067,val,internal_test
COCO_val2014_000000097964,val,internal_test
COCO_val2014_000000312175,val,internal_test
COCO_val2014_000000574350,val,internal_test
COCO_val2014_000000448076,val,internal_test
COCO_val2014_000000393266,val,internal_test
COCO_val2014_000000403500,val,internal_test
COCO_val2014_000000056430,val,internal_test
COCO_val2014_000000088031,val,internal_test
COCO_val2014_000000129285,val,internal_test
COCO_val2014_000000185276,val,internal_test
COCO_val2014_000000026730,val,internal_test
COCO_val2014_000000497031,val,internal_test
COCO_val2014_000000303607,val,internal_test
COCO_val2014_000000432213,val,internal_test
COCO_val2014_000000488201,val,internal_test
COCO_val2014_000000171548,val,internal_test
COCO_val2014_000000544782,val,internal_test
COCO_val2014_000000045229,val,internal_test
COCO_val2014_000000169996,val,internal_test
COCO_val2014_000000543043,val,internal_test
COCO_val2014_000000108425,val,internal_test
COCO_val2014_000000206027,val,internal_test
COCO_val2014_000000205435,val,internal_test
COCO_val2014_000000099584,val,internal_test
COCO_val2014_000000172877,val,internal_test
COCO_val2014_000000460091,val,internal_test
COCO_val2014_000000014226,val,internal_test
COCO_val2014_000000130528,val,internal_test
COCO_val2014_000000188873,val,internal_test
COCO_val2014_000000289813,val,internal_test
COCO_val2014_000000227958,val,internal_test
COCO_val2014_000000396541,val,internal_test
COCO_val2014_000000045197,val,internal_test
COCO_val2014_000000308332,val,internal_test
COCO_val2014_000000192007,val,internal_test
COCO_val2014_000000493435,val,internal_test
COCO_val2014_000000469300,val,internal_test
COCO_val2014_000000345071,val,internal_test
COCO_val2014_000000353411,val,internal_test
COCO_val2014_000000276971,val,internal_test
COCO_val2014_000000579226,val,internal_test
COCO_val2014_000000506656,val,internal_test
COCO_val2014_000000328862,val,internal_test
COCO_val2014_000000353953,val,internal_test
COCO_val2014_000000315744,val,internal_test
COCO_val2014_000000173004,val,internal_test
COCO_val2014_000000209570,val,internal_test
COCO_val2014_000000180764,val,internal_test
COCO_val2014_000000063740,val,internal_test
COCO_val2014_000000251741,val,internal_test
COCO_val2014_000000467791,val,internal_test
COCO_val2014_000000466565,val,internal_test
COCO_val2014_000000044263,val,internal_test
COCO_val2014_000000053802,val,internal_test
COCO_val2014_000000229647,val,internal_test
COCO_val2014_000000141946,val,internal_test
COCO_val2014_000000016439,val,internal_test
COCO_val2014_000000019432,val,internal_test
COCO_val2014_000000066001,val,internal_test
COCO_val2014_000000054091,val,internal_test
COCO_val2014_000000188958,val,internal_test
COCO_val2014_000000306313,val,internal_test
COCO_val2014_000000459922,val,internal_test
COCO_val2014_000000331230,val,internal_test
COCO_val2014_000000515660,val,internal_test
COCO_val2014_000000215062,val,internal_test
COCO_val2014_000000393226,val,internal_test
COCO_val2014_000000298732,val,internal_test
COCO_val2014_000000027789,val,internal_test
COCO_val2014_000000304941,val,internal_test
COCO_val2014_000000101053,val,internal_test
COCO_val2014_000000287667,val,internal_test
COCO_val2014_000000439143,val,internal_test
COCO_val2014_000000153520,val,internal_test
COCO_val2014_000000263412,val,internal_test
COCO_val2014_000000482080,val,internal_test
COCO_val2014_000000291784,val,internal_test
COCO_val2014_000000009891,val,internal_test
COCO_val2014_000000218891,val,internal_test
COCO_val2014_000000106453,val,internal_test
COCO_val2014_000000515226,val,internal_test
COCO_val2014_000000568426,val,internal_test
COCO_val2014_000000173080,val,internal_test
COCO_val2014_000000300538,val,internal_test
COCO_val2014_000000391940,val,internal_test
COCO_val2014_000000177934,val,internal_test
COCO_val2014_000000275198,val,internal_test
COCO_val2014_000000481370,val,internal_test
COCO_val2014_000000518873,val,internal_test
COCO_val2014_000000357578,val,internal_test
COCO_val2014_000000505043,val,internal_test
COCO_val2014_000000171809,val,internal_test
COCO_val2014_000000209995,val,internal_test
COCO_val2014_000000057363,val,internal_test
COCO_val2014_000000251242,val,internal_test
COCO_val2014_000000558992,val,internal_test
COCO_val2014_000000004795,val,internal_test
COCO_val2014_000000183620,val,internal_test
COCO_val2014_000000375232,val,internal_test
COCO_val2014_000000452700,val,internal_test
COCO_val2014_000000451284,val,internal_test
COCO_val2014_000000535151,val,internal_test
COCO_val2014_000000460982,val,internal_test
COCO_val2014_000000402077,val,internal_test
COCO_val2014_000000184830,val,internal_test
COCO_val2014_000000468161,val,internal_test
COCO_val2014_000000344154,val,internal_test
COCO_val2014_000000318701,val,internal_test
COCO_val2014_000000411241,val,internal_test
COCO_val2014_000000103855,val,internal_test
COCO_val2014_000000359164,val,internal_test
COCO_val2014_000000066397,val,internal_test
COCO_val2014_000000034657,val,internal_test
COCO_val2014_000000217156,val,internal_test
COCO_val2014_000000053263,val,internal_test
COCO_val2014_000000382737,val,internal_test
COCO_val2014_000000157789,val,internal_test
COCO_val2014_000000415716,val,internal_test
COCO_val2014_000000356380,val,internal_test
COCO_val2014_000000499866,val,internal_test
COCO_val2014_000000383549,val,internal_test
COCO_val2014_000000563403,val,internal_test
COCO_val2014_000000538230,val,internal_test
COCO_val2014_000000437859,val,internal_test
COCO_val2014_000000118911,val,internal_test
COCO_val2014_000000076468,val,internal_test
COCO_val2014_000000395557,val,internal_test
COCO_val2014_000000127668,val,internal_test
COCO_val2014_000000473055,val,internal_test
COCO_val2014_000000233236,val,internal_test
COCO_val2014_000000533589,val,internal_test
COCO_val2014_000000171201,val,internal_test
COCO_val2014_000000481010,val,internal_test
COCO_val2014_000000252748,val,internal_test
COCO_val2014_000000372794,val,internal_test
COCO_val2014_000000061471,val,internal_test
COCO_val2014_000000092683,val,internal_test
COCO_val2014_000000081738,val,internal_test
COCO_val2014_000000192154,val,internal_test
COCO_val2014_000000356733,val,internal_test
COCO_val2014_000000572453,val,internal_test
COCO_val2014_000000526394,val,internal_test
COCO_val2014_000000484404,val,internal_test
COCO_val2014_000000041279,val,internal_test
COCO_val2014_000000061108,val,internal_test
COCO_val2014_000000348481,val,internal_test
COCO_val2014_000000170784,val,internal_test
COCO_val2014_000000273579,val,internal_test
COCO_val2014_000000014297,val,internal_test
COCO_val2014_000000578524,val,internal_test
COCO_val2014_000000373904,val,internal_test
COCO_val2014_000000143859,val,internal_test
COCO_val2014_000000017282,val,internal_test
COCO_val2014_000000304083,val,internal_test
COCO_val2014_000000295134,val,internal_test
COCO_val2014_000000463836,val,internal_test
COCO_val2014_000000044171,val,internal_test
COCO_val2014_000000549063,val,internal_test
COCO_val2014_000000064510,val,internal_test
COCO_val2014_000000398758,val,internal_test
COCO_val2014_000000503978,val,internal_test
COCO_val2014_000000310354,val,internal_test
COCO_val2014_000000363845,val,internal_test
COCO_val2014_000000342367,val,internal_test
COCO_val2014_000000359432,val,internal_test
COCO_val2014_000000319706,val,internal_test
COCO_val2014_000000114184,val,internal_test
COCO_val2014_000000292463,val,internal_test
COCO_val2014_000000088183,val,internal_test
COCO_val2014_000000299649,val,internal_test
COCO_val2014_000000100132,val,internal_test
COCO_val2014_000000165056,val,internal_test
COCO_val2014_000000381463,val,internal_test
COCO_val2014_000000285967,val,internal_test
COCO_val2014_000000105711,val,internal_test
COCO_val2014_000000379716,val,internal_test
COCO_val2014_000000367848,val,internal_test
COCO_val2014_000000134016,val,internal_test
COCO_val2014_000000561128,val,internal_test
COCO_val2014_000000433277,val,internal_test
COCO_val2014_000000396302,val,internal_test
COCO_val2014_000000231281,val,internal_test
COCO_val2014_000000355762,val,internal_test
COCO_val2014_000000285660,val,internal_test
COCO_val2014_000000470070,val,internal_test
COCO_val2014_000000527464,val,internal_test
COCO_val2014_000000473555,val,internal_test
COCO_val2014_000000368900,val,internal_test
COCO_val2014_000000324322,val,internal_test
COCO_val2014_000000413358,val,internal_test
COCO_val2014_000000462953,val,internal_test
COCO_val2014_000000002153,val,internal_test
COCO_val2014_000000128515,val,internal_test
COCO_val2014_000000184313,val,internal_test
COCO_val2014_000000309692,val,internal_test
COCO_val2014_000000476856,val,internal_test
COCO_val2014_000000008583,val,internal_test
COCO_val2014_000000137475,val,internal_test
COCO_val2014_000000536321,val,internal_test
COCO_val2014_000000137622,val,internal_test
COCO_val2014_000000269287,val,internal_test
COCO_val2014_000000168337,val,internal_test
COCO_val2014_000000268224,val,internal_test
COCO_val2014_000000178413,val,internal_test
COCO_val2014_000000108803,val,internal_test
COCO_val2014_000000049731,val,internal_test
COCO_val2014_000000224991,val,internal_test
COCO_val2014_000000529083,val,internal_test
COCO_val2014_000000574675,val,internal_test
COCO_val2014_000000091909,val,internal_test
COCO_val2014_000000140490,val,internal_test
COCO_val2014_000000578324,val,internal_test
COCO_val2014_000000469996,val,internal_test
COCO_val2014_000000114152,val,internal_test
COCO_val2014_000000475413,val,internal_test
COCO_val2014_000000546428,val,internal_test
COCO_val2014_000000459164,val,internal_test
COCO_val2014_000000300718,val,internal_test
COCO_val2014_000000139457,val,internal_test
COCO_val2014_000000276986,val,internal_test
COCO_val2014_000000161609,val,internal_test
COCO_val2014_000000451571,val,internal_test
COCO_val2014_000000204650,val,internal_test
COCO_val2014_000000034452,val,internal_test
COCO_val2014_000000072944,val,internal_test
COCO_val2014_000000256973,val,internal_test
COCO_val2014_000000319579,val,internal_test
COCO_val2014_000000134366,val,internal_test
COCO_val2014_000000432106,val,internal_test
COCO_val2014_000000579648,val,internal_test
COCO_val2014_000000382801,val,internal_test
COCO_val2014_000000431067,val,internal_test
COCO_val2014_000000002434,val,internal_test
COCO_val2014_000000313948,val,internal_test
COCO_val2014_000000517306,val,internal_test
COCO_val2014_000000211825,val,internal_test
COCO_val2014_000000116182,val,internal_test
COCO_val2014_000000300413,val,internal_test
COCO_val2014_000000498931,val,internal_test
COCO_val2014_000000106338,val,internal_test
COCO_val2014_000000066827,val,internal_test
COCO_val2014_000000274687,val,internal_test
COCO_val2014_000000437262,val,internal_test
COCO_val2014_000000231580,val,internal_test
COCO_val2014_000000111104,val,internal_test
COCO_val2014_000000323288,val,internal_test
COCO_val2014_000000291936,val,internal_test
COCO_val2014_000000178690,val,internal_test
COCO_val2014_000000415727,val,internal_test
COCO_val2014_000000287649,val,internal_test
COCO_val2014_000000035894,val,internal_test
COCO_val2014_000000081394,val,internal_test
COCO_val2014_000000078478,val,internal_test
COCO_val2014_000000083925,val,internal_test
COCO_val2014_000000375810,val,internal_test
COCO_val2014_000000322482,val,internal_test
COCO_val2014_000000497593,val,internal_test
COCO_val2014_000000191095,val,internal_test
COCO_val2014_000000548882,val,internal_test
COCO_val2014_000000112581,val,internal_test
COCO_val2014_000000527374,val,internal_test
COCO_val2014_000000199158,val,internal_test
COCO_val2014_000000175102,val,internal_test
COCO_val2014_000000167952,val,internal_test
COCO_val2014_000000136227,val,internal_test
COCO_val2014_000000024396,val,internal_test
COCO_val2014_000000377949,val,internal_test
COCO_val2014_000000151988,val,internal_test
COCO_val2014_000000019544,val,internal_test
COCO_val2014_000000012209,val,internal_test
COCO_val2014_000000432906,val,internal_test
COCO_val2014_000000139512,val,internal_test
COCO_val2014_000000328374,val,internal_test
COCO_val2014_000000076942,val,internal_test
COCO_val2014_000000205570,val,internal_test
COCO_val2014_000000470386,val,internal_test
COCO_val2014_000000533039,val,internal_test
COCO_val2014_000000332407,val,internal_test
COCO_val2014_000000298396,val,internal_test
COCO_val2014_000000361282,val,internal_test
COCO_val2014_000000044950,val,internal_test
COCO_val2014_000000464089,val,internal_test
COCO_val2014_000000200381,val,internal_test
COCO_val2014_000000041507,val,internal_test
COCO_val2014_000000356394,val,internal_test
COCO_val2014_000000104568,val,internal_test
COCO_val2014_000000134322,val,internal_test
COCO_val2014_000000441522,val,internal_test
COCO_val2014_000000323682,val,internal_test
COCO_val2014_000000296907,val,internal_test
COCO_val2014_000000106920,val,internal_test
COCO_val2014_000000032777,val,internal_test
COCO_val2014_000000290828,val,internal_test
COCO_val2014_000000015846,val,internal_test
COCO_val2014_000000253770,val,internal_test
COCO_val2014_000000416930,val,internal_test
COCO_val2014_000000526732,val,internal_test
COCO_val2014_000000360902,val,internal_test
COCO_val2014_000000426175,val,internal_test
COCO_val2014_000000341409,val,internal_test
COCO_val2014_000000294689,val,internal_test
COCO_val2014_000000544522,val,internal_test
COCO_val2014_000000456254,val,internal_test
COCO_val2014_000000177366,val,internal_test
COCO_val2014_000000537548,val,internal_test
COCO_val2014_000000410350,val,internal_test
COCO_val2014_000000317798,val,internal_test
COCO_val2014_000000405736,val,internal_test
COCO_val2014_000000153685,val,internal_test
COCO_val2014_000000405635,val,internal_test
COCO_val2014_000000036508,val,internal_test
COCO_val2014_000000306343,val,internal_test
COCO_val2014_000000578962,val,internal_test
COCO_val2014_000000328091,val,internal_test
COCO_val2014_000000293034,val,internal_test
COCO_val2014_000000157669,val,internal_test
COCO_val2014_000000547293,val,internal_test
COCO_val2014_000000524373,val,internal_test
COCO_val2014_000000369584,val,internal_test
COCO_val2014_000000217937,val,internal_test
COCO_val2014_000000034580,val,internal_test
COCO_val2014_000000071136,val,internal_test
COCO_val2014_000000461634,val,internal_test
COCO_val2014_000000515777,val,internal_test
COCO_val2014_000000506803,val,internal_test
COCO_val2014_000000189752,val,internal_test
COCO_val2014_000000067122,val,internal_test
COCO_val2014_000000343504,val,internal_test
COCO_val2014_000000005107,val,internal_test
COCO_val2014_000000210782,val,internal_test
COCO_val2014_000000435475,val,internal_test
COCO_val2014_000000245315,val,internal_test
COCO_val2014_000000045406,val,internal_test
COCO_val2014_000000204051,val,internal_test
COCO_val2014_000000401446,val,internal_test
COCO_val2014_000000418109,val,internal_test
COCO_val2014_000000516372,val,internal_test
COCO_val2014_000000415413,val,internal_test
COCO_val2014_000000489014,val,internal_test
COCO_val2014_000000277984,val,internal_test
COCO_val2014_000000460312,val,internal_test
COCO_val2014_000000544216,val,internal_test
COCO_val2014_000000058569,val,internal_test
COCO_val2014_000000016382,val,internal_test
COCO_val2014_000000460145,val,internal_test
COCO_val2014_000000230679,val,internal_test
COCO_val2014_000000069750,val,internal_test
COCO_val2014_000000465424,val,internal_test
COCO_val2014_000000306940,val,internal_test
COCO_val2014_000000390471,val,internal_test
COCO_val2014_000000375509,val,internal_test
COCO_val2014_000000312559,val,internal_test
COCO_val2014_000000468934,val,internal_test
COCO_val2014_000000180045,val,internal_test
COCO_val2014_000000477195,val,internal_test
COCO_val2014_000000386187,val,internal_test
COCO_val2014_000000478320,val,internal_test
COCO_val2014_000000332908,val,internal_test
COCO_val2014_000000219261,val,internal_test
COCO_val2014_000000355450,val,internal_test
COCO_val2014_000000299593,val,internal_test
COCO_val2014_000000039589,val,internal_test
COCO_val2014_000000391320,val,internal_test
COCO_val2014_000000216497,val,internal_test
COCO_val2014_000000578848,val,internal_test
COCO_val2014_000000222228,val,internal_test
COCO_val2014_000000176120,val,internal_test
COCO_val2014_000000303024,val,internal_test
COCO_val2014_000000527260,val,internal_test
COCO_val2014_000000359182,val,internal_test
COCO_val2014_000000313034,val,internal_test
COCO_val2014_000000327047,val,internal_test
COCO_val2014_000000461130,val,internal_test
COCO_val2014_000000428562,val,internal_test
COCO_val2014_000000138549,val,internal_test
COCO_val2014_000000464469,val,internal_test
COCO_val2014_000000280710,val,internal_test
COCO_val2014_000000265611,val,internal_test
COCO_val2014_000000491872,val,internal_test
COCO_val2014_000000249184,val,internal_test
COCO_val2014_000000321214,val,internal_test
COCO_val2014_000000395364,val,internal_test
COCO_val2014_000000503826,val,internal_test
COCO_val2014_000000065948,val,internal_test
COCO_val2014_000000127865,val,internal_test
COCO_val2014_000000178331,val,internal_test
COCO_val2014_000000363844,val,internal_test
COCO_val2014_000000134856,val,internal_test
COCO_val2014_000000437494,val,internal_test
COCO_val2014_000000227226,val,internal_test
COCO_val2014_000000451345,val,internal_test
COCO_val2014_000000460208,val,internal_test
COCO_val2014_000000395634,val,internal_test
COCO_val2014_000000256983,val,internal_test
COCO_val2014_000000274939,val,internal_test
COCO_val2014_000000472088,val,internal_test
COCO_val2014_000000143275,val,internal_test
COCO_val2014_000000107123,val,internal_test
COCO_val2014_000000442040,val,internal_test
COCO_val2014_000000104392,val,internal_test
COCO_val2014_000000527528,val,internal_test
COCO_val2014_000000086516,val,internal_test
COCO_val2014_000000388066,val,internal_test
COCO_val2014_000000011494,val,internal_test
COCO_val2014_000000292493,val,internal_test
COCO_val2014_000000147576,val,internal_test
COCO_val2014_000000222662,val,internal_test
COCO_val2014_000000025393,val,internal_test
COCO_val2014_000000525860,val,internal_test
COCO_val2014_000000461410,val,internal_test
COCO_val2014_000000546792,val,internal_test
COCO_val2014_000000270570,val,internal_test
COCO_val2014_000000121632,val,internal_test
COCO_val2014_000000573258,val,internal_test
COCO_val2014_000000544611,val,internal_test
COCO_val2014_000000047121,val,internal_test
COCO_val2014_000000424146,val,internal_test
COCO_val2014_000000472211,val,internal_test
COCO_val2014_000000343967,val,internal_test
COCO_val2014_000000175310,val,internal_test
COCO_val2014_000000050422,val,internal_test
COCO_val2014_000000394033,val,internal_test
COCO_val2014_000000442565,val,internal_test
COCO_val2014_000000000569,val,internal_test
COCO_val2014_000000384531,val,internal_test
COCO_val2014_000000106235,val,internal_test
COCO_val2014_000000304186,val,internal_test
COCO_val2014_000000234889,val,internal_test
COCO_val2014_000000296072,val,internal_test
COCO_val2014_000000081998,val,internal_test
COCO_val2014_000000435384,val,internal_test
COCO_val2014_000000034438,val,internal_test
COCO_val2014_000000380854,val,internal_test
COCO_val2014_000000270744,val,internal_test
COCO_val2014_000000469356,val,internal_test
COCO_val2014_000000547875,val,internal_test
COCO_val2014_000000310524,val,internal_test
COCO_val2014_000000150417,val,internal_test
COCO_val2014_000000097240,val,internal_test
COCO_val2014_000000302159,val,internal_test
COCO_val2014_000000313593,val,internal_test
COCO_val2014_000000530952,val,internal_test
COCO_val2014_000000328836,val,internal_test
COCO_val2014_000000450308,val,internal_test
COCO_val2014_000000085029,val,internal_test
COCO_val2014_000000531967,val,internal_test
COCO_val2014_000000519649,val,internal_test
COCO_val2014_000000170178,val,internal_test
COCO_val2014_000000578391,val,internal_test
COCO_val2014_000000528257,val,internal_test
COCO_val2014_000000450399,val,internal_test
COCO_val2014_000000164121,val,internal_test
COCO_val2014_000000513136,val,internal_test
COCO_val2014_000000252354,val,internal_test
COCO_val2014_000000017708,val,internal_test
COCO_val2014_000000560010,val,internal_test
COCO_val2014_000000085157,val,internal_test
COCO_val2014_000000022072,val,internal_test
COCO_val2014_000000232950,val,internal_test
COCO_val2014_000000506115,val,internal_test
COCO_val2014_000000413079,val,internal_test
COCO_val2014_000000540253,val,internal_test
COCO_val2014_000000074412,val,internal_test
COCO_val2014_000000418893,val,internal_test
COCO_val2014_000000468885,val,internal_test
COCO_val2014_000000474119,val,internal_test
COCO_val2014_000000256309,val,internal_test
COCO_val2014_000000383112,val,internal_test
COCO_val2014_000000287235,val,internal_test
COCO_val2014_000000449075,val,internal_test
COCO_val2014_000000113701,val,internal_test
COCO_val2014_000000420081,val,internal_test
COCO_val2014_000000271620,val,internal_test
COCO_val2014_000000563909,val,internal_test
COCO_val2014_000000155142,val,internal_test
COCO_val2014_000000055429,val,internal_test
COCO_val2014_000000572900,val,internal_test
COCO_val2014_000000133291,val,internal_test
COCO_val2014_000000247839,val,internal_test
COCO_val2014_000000138704,val,internal_test
COCO_val2014_000000207925,val,internal_test
COCO_val2014_000000105465,val,internal_test
COCO_val2014_000000562557,val,internal_test
COCO_val2014_000000184139,val,internal_test
COCO_val2014_000000492970,val,internal_test
COCO_val2014_000000216449,val,internal_test
COCO_val2014_000000066717,val,internal_test
COCO_val2014_000000434548,val,internal_test
COCO_val2014_000000265552,val,internal_test
COCO_val2014_000000270706,val,internal_test
COCO_val2014_000000214648,val,internal_test
COCO_val2014_000000030534,val,internal_test
COCO_val2014_000000274449,val,internal_test
COCO_val2014_000000450303,val,internal_test
COCO_val2014_000000493682,val,internal_test
COCO_val2014_000000388677,val,internal_test
COCO_val2014_000000001342,val,internal_test
COCO_val2014_000000145562,val,internal_test
COCO_val2014_000000068881,val,internal_test
COCO_val2014_000000162627,val,internal_test
COCO_val2014_000000222903,val,internal_test
COCO_val2014_000000146078,val,internal_test
COCO_val2014_000000075372,val,internal_test
COCO_val2014_000000246327,val,internal_test
COCO_val2014_000000570465,val,internal_test
COCO_val2014_000000192212,val,internal_test
COCO_val2014_000000091654,val,internal_test
COCO_val2014_000000055868,val,internal_test
COCO_val2014_000000288042,val,internal_test
COCO_val2014_000000409725,val,internal_test
COCO_val2014_000000279140,val,internal_test
COCO_val2014_000000424879,val,internal_test
COCO_val2014_000000431923,val,internal_test
COCO_val2014_000000520982,val,internal_test
COCO_val2014_000000208649,val,internal_test
COCO_val2014_000000395865,val,internal_test
COCO_val2014_000000108681,val,internal_test
COCO_val2014_000000231097,val,internal_test
COCO_val2014_000000078537,val,internal_test
COCO_val2014_000000528984,val,internal_test
COCO_val2014_000000138975,val,internal_test
COCO_val2014_000000141163,val,internal_test
COCO_val2014_000000050099,val,internal_test
COCO_val2014_000000068387,val,internal_test
COCO_val2014_000000466838,val,internal_test
COCO_val2014_000000381123,val,internal_test
COCO_val2014_000000060641,val,internal_test
COCO_val2014_000000104801,val,internal_test
COCO_val2014_000000456730,val,internal_test
COCO_val2014_000000234910,val,internal_test
COCO_val2014_000000046775,val,internal_test
COCO_val2014_000000171962,val,internal_test
COCO_val2014_000000322163,val,internal_test
COCO_val2014_000000422676,val,internal_test
COCO_val2014_000000457449,val,internal_test
COCO_val2014_000000449888,val,internal_test
COCO_val2014_000000267127,val,internal_test
COCO_val2014_000000009527,val,internal_test
COCO_val2014_000000095251,val,internal_test
COCO_val2014_000000465877,val,internal_test
COCO_val2014_000000557633,val,internal_test
COCO_val2014_000000275197,val,internal_test
COCO_val2014_000000050514,val,internal_test
COCO_val2014_000000041923,val,internal_test
COCO_val2014_000000257629,val,internal_test
COCO_val2014_000000115866,val,internal_test
COCO_val2014_000000011887,val,internal_test
COCO_val2014_000000284954,val,internal_test
COCO_val2014_000000537991,val,internal_test
COCO_val2014_000000342819,val,internal_test
COCO_val2014_000000210012,val,internal_test
COCO_val2014_000000278449,val,internal_test
COCO_val2014_000000180751,val,internal_test
COCO_val2014_000000092765,val,internal_test
COCO_val2014_000000265719,val,internal_test
COCO_val2014_000000260486,val,internal_test
COCO_val2014_000000461030,val,internal_test
COCO_val2014_000000199969,val,internal_test
COCO_val2014_000000557780,val,internal_test
COCO_val2014_000000172686,val,internal_test
COCO_val2014_000000109819,val,internal_test
COCO_val2014_000000570688,val,internal_test
COCO_val2014_000000179727,val,internal_test
COCO_val2014_000000111341,val,internal_test
COCO_val2014_000000213693,val,internal_test
COCO_val2014_000000566576,val,internal_test
COCO_val2014_000000288955,val,internal_test
COCO_val2014_000000254745,val,internal_test
COCO_val2014_000000434511,val,internal_test
COCO_val2014_000000332159,val,internal_test
COCO_val2014_000000311531,val,internal_test
COCO_val2014_000000405214,val,internal_test
COCO_val2014_000000325720,val,internal_test
COCO_val2014_000000528136,val,internal_test
COCO_val2014_000000350974,val,internal_test
COCO_val2014_000000288890,val,internal_test
COCO_val2014_000000227044,val,internal_test
COCO_val2014_000000518721,val,internal_test
COCO_val2014_000000205344,val,internal_test
COCO_val2014_000000277289,val,internal_test
COCO_val2014_000000086429,val,internal_test
COCO_val2014_000000015017,val,internal_test
COCO_val2014_000000430047,val,internal_test
COCO_val2014_000000465862,val,internal_test
COCO_val2014_000000455751,val,internal_test
COCO_val2014_000000223833,val,internal_test
COCO_val2014_000000544299,val,internal_test
COCO_val2014_000000539419,val,internal_test
COCO_val2014_000000224554,val,internal_test
COCO_val2014_000000563009,val,internal_test
COCO_val2014_000000178606,val,internal_test
COCO_val2014_000000492077,val,internal_test
COCO_val2014_000000007938,val,internal_test
COCO_val2014_000000260275,val,internal_test
COCO_val2014_000000262609,val,internal_test
COCO_val2014_000000321861,val,internal_test
COCO_val2014_000000240798,val,internal_test
COCO_val2014_000000335521,val,internal_test
COCO_val2014_000000196789,val,internal_test
COCO_val2014_000000463199,val,internal_test
COCO_val2014_000000170401,val,internal_test
COCO_val2014_000000306395,val,internal_test
COCO_val2014_000000526904,val,internal_test
COCO_val2014_000000025282,val,internal_test
COCO_val2014_000000316617,val,internal_test
COCO_val2014_000000555048,val,internal_test
COCO_val2014_000000525587,val,internal_test
COCO_val2014_000000227428,val,internal_test
COCO_val2014_000000432125,val,internal_test
COCO_val2014_000000262487,val,internal_test
COCO_val2014_000000081035,val,internal_test
COCO_val2014_000000228635,val,internal_test
COCO_val2014_000000303520,val,internal_test
COCO_val2014_000000251395,val,internal_test
COCO_val2014_000000416104,val,internal_test
COCO_val2014_000000445128,val,internal_test
COCO_val2014_000000460460,val,internal_test
COCO_val2014_000000253432,val,internal_test
COCO_val2014_000000496081,val,internal_test
COCO_val2014_000000165055,val,internal_test
COCO_val2014_000000415746,val,internal_test
COCO_val2014_000000142472,val,internal_test
COCO_val2014_000000441196,val,internal_test
COCO_val2014_000000344271,val,internal_test
COCO_val2014_000000414156,val,internal_test
COCO_val2014_000000097696,val,internal_test
COCO_val2014_000000465357,val,internal_test
COCO_val2014_000000521540,val,internal_test
COCO_val2014_000000009914,val,internal_test
COCO_val2014_000000322848,val,internal_test
COCO_val2014_000000547309,val,internal_test
COCO_val2014_000000065001,val,internal_test
COCO_val2014_000000353001,val,internal_test
COCO_val2014_000000568879,val,internal_test
COCO_val2014_000000508101,val,internal_test
COCO_val2014_000000328421,val,internal_test
COCO_val2014_000000037615,val,internal_test
COCO_val2014_000000561116,val,internal_test
COCO_val2014_000000283816,val,internal_test
COCO_val2014_000000094052,val,internal_test
COCO_val2014_000000226256,val,internal_test
COCO_val2014_000000069668,val,internal_test
COCO_val2014_000000184611,val,internal_test
COCO_val2014_000000376549,val,internal_test
COCO_val2014_000000357899,val,internal_test
COCO_val2014_000000293249,val,internal_test
COCO_val2014_000000021979,val,internal_test
COCO_val2014_000000537270,val,internal_test
COCO_val2014_000000292931,val,internal_test
COCO_val2014_000000153104,val,internal_test
COCO_val2014_000000566324,val,internal_test
COCO_val2014_000000156889,val,internal_test
COCO_val2014_000000350874,val,internal_test
COCO_val2014_000000239347,val,internal_test
COCO_val2014_000000528386,val,internal_test
COCO_val2014_000000201463,val,internal_test
COCO_val2014_000000105052,val,internal_test
COCO_val2014_000000452966,val,internal_test
COCO_val2014_000000115772,val,internal_test
COCO_val2014_000000221932,val,internal_test
COCO_val2014_000000142240,val,internal_test
COCO_val2014_000000017482,val,internal_test
COCO_val2014_000000185464,val,internal_test
COCO_val2014_000000524656,val,internal_test
COCO_val2014_000000027578,val,internal_test
COCO_val2014_000000036614,val,internal_test
COCO_val2014_000000064703,val,internal_test
COCO_val2014_000000207844,val,internal_test
COCO_val2014_000000330500,val,internal_test
COCO_val2014_000000047511,val,internal_test
COCO_val2014_000000017018,val,internal_test
COCO_val2014_000000450364,val,internal_test
COCO_val2014_000000075806,val,internal_test
COCO_val2014_000000234633,val,internal_test
COCO_val2014_000000400728,val,internal_test
COCO_val2014_000000262371,val,internal_test
COCO_val2014_000000559247,val,internal_test
COCO_val2014_000000318044,val,internal_test
COCO_val2014_000000307800,val,internal_test
COCO_val2014_000000435260,val,internal_test
COCO_val2014_000000196462,val,internal_test
COCO_val2014_000000308328,val,internal_test
COCO_val2014_000000529631,val,internal_test
COCO_val2014_000000242610,val,internal_test
COCO_val2014_000000526103,val,internal_test
COCO_val2014_000000170393,val,internal_test
COCO_val2014_000000442323,val,internal_test
COCO_val2014_000000127129,val,internal_test
COCO_val2014_000000409303,val,internal_test
COCO_val2014_000000077648,val,internal_test
COCO_val2014_000000023320,val,internal_test
COCO_val2014_000000373424,val,internal_test
COCO_val2014_000000023121,val,internal_test
COCO_val2014_000000572790,val,internal_test
COCO_val2014_000000117310,val,internal_test
COCO_val2014_000000448176,val,internal_test
COCO_val2014_000000562289,val,internal_test
COCO_val2014_000000384670,val,internal_test
COCO_val2014_000000316499,val,internal_test
COCO_val2014_000000368684,val,internal_test
COCO_val2014_000000025521,val,internal_test
COCO_val2014_000000555898,val,internal_test
COCO_val2014_000000416451,val,internal_test
COCO_val2014_000000256787,val,internal_test
COCO_val2014_000000203636,val,internal_test
COCO_val2014_000000463583,val,internal_test
COCO_val2014_000000204448,val,internal_test
COCO_val2014_000000514604,val,internal_test
COCO_val2014_000000398753,val,internal_test
COCO_val2014_000000369259,val,internal_test
COCO_val2014_000000280819,val,internal_test
COCO_val2014_000000331817,val,internal_test
COCO_val2014_000000003580,val,internal_test
COCO_val2014_000000456199,val,internal_test
COCO_val2014_000000361382,val,internal_test
COCO_val2014_000000017207,val,internal_test
COCO_val2014_000000368994,val,internal_test
COCO_val2014_000000399879,val,internal_test
COCO_val2014_000000191691,val,internal_test
COCO_val2014_000000057827,val,internal_test
COCO_val2014_000000395745,val,internal_test
COCO_val2014_000000445662,val,internal_test
COCO_val2014_000000520659,val,internal_test
COCO_val2014_000000311553,val,internal_test
COCO_val2014_000000387990,val,internal_test
COCO_val2014_000000395344,val,internal_test
COCO_val2014_000000059455,val,internal_test
COCO_val2014_000000198223,val,internal_test
COCO_val2014_000000142324,val,internal_test
COCO_val2014_000000363645,val,internal_test
COCO_val2014_000000214491,val,internal_test
COCO_val2014_000000140231,val,internal_test
COCO_val2014_000000568115,val,internal_test
COCO_val2014_000000075006,val,internal_test
COCO_val2014_000000516916,val,internal_test
COCO_val2014_000000301082,val,internal_test
COCO_val2014_000000316189,val,internal_test
COCO_val2014_000000255274,val,internal_test
COCO_val2014_000000217397,val,internal_test
COCO_val2014_000000268044,val,internal_test
COCO_val2014_000000071302,val,internal_test
COCO_val2014_000000421471,val,internal_test
COCO_val2014_000000258112,val,internal_test
COCO_val2014_000000222564,val,internal_test
COCO_val2014_000000461331,val,internal_test
COCO_val2014_000000495557,val,internal_test
COCO_val2014_000000261453,val,internal_test
COCO_val2014_000000230468,val,internal_test
COCO_val2014_000000241525,val,internal_test
COCO_val2014_000000431364,val,internal_test
COCO_val2014_000000453427,val,internal_test
COCO_val2014_000000148329,val,internal_test
COCO_val2014_000000427823,val,internal_test
COCO_val2014_000000406611,val,internal_test
COCO_val2014_000000479557,val,internal_test
COCO_val2014_000000424866,val,internal_test
COCO_val2014_000000298540,val,internal_test
COCO_val2014_000000506515,val,internal_test
COCO_val2014_000000444926,val,internal_test
COCO_val2014_000000123867,val,internal_test
COCO_val2014_000000437325,val,internal_test
COCO_val2014_000000111819,val,internal_test
COCO_val2014_000000232088,val,internal_test
COCO_val2014_000000045594,val,internal_test
COCO_val2014_000000444913,val,internal_test
COCO_val2014_000000493218,val,internal_test
COCO_val2014_000000164635,val,internal_test
COCO_val2014_000000202998,val,internal_test
COCO_val2014_000000405146,val,internal_test
COCO_val2014_000000098523,val,internal_test
COCO_val2014_000000003093,val,internal_test
COCO_val2014_000000137412,val,internal_test
COCO_val2014_000000227440,val,internal_test
COCO_val2014_000000379882,val,internal_test
COCO_val2014_000000468965,val,internal_test
COCO_val2014_000000364031,val,internal_test
COCO_val2014_000000180787,val,internal_test
COCO_val2014_000000394904,val,internal_test
COCO_val2014_000000435807,val,internal_test
COCO_val2014_000000067788,val,internal_test
COCO_val2014_000000454252,val,internal_test
COCO_val2014_000000572499,val,internal_test
COCO_val2014_000000042492,val,internal_test
COCO_val2014_000000020646,val,internal_test
COCO_val2014_000000137297,val,internal_test
COCO_val2014_000000185373,val,internal_test
COCO_val2014_000000560756,val,internal_test
COCO_val2014_000000292394,val,internal_test
COCO_val2014_000000218205,val,internal_test
COCO_val2014_000000086650,val,internal_test
COCO_val2014_000000315702,val,internal_test
COCO_val2014_000000490629,val,internal_test
COCO_val2014_000000266434,val,internal_test
COCO_val2014_000000078188,val,internal_test
COCO_val2014_000000157928,val,internal_test
COCO_val2014_000000452003,val,internal_test
COCO_val2014_000000487002,val,internal_test
COCO_val2014_000000198004,val,internal_test
COCO_val2014_000000424247,val,internal_test
COCO_val2014_000000570456,val,internal_test
COCO_val2014_000000445233,val,internal_test
COCO_val2014_000000303413,val,internal_test
COCO_val2014_000000410942,val,internal_test
COCO_val2014_000000194756,val,internal_test
COCO_val2014_000000268992,val,internal_test
COCO_val2014_000000286553,val,internal_test
COCO_val2014_000000000196,val,internal_test
COCO_val2014_000000525208,val,internal_test
COCO_val2014_000000386424,val,internal_test
COCO_val2014_000000283277,val,internal_test
COCO_val2014_000000162998,val,internal_test
COCO_val2014_000000360629,val,internal_test
COCO_val2014_000000400161,val,internal_test
COCO_val2014_000000178980,val,internal_test
COCO_val2014_000000116208,val,internal_test
COCO_val2014_000000529041,val,internal_test
COCO_val2014_000000278222,val,internal_test
COCO_val2014_000000383107,val,internal_test
COCO_val2014_000000307323,val,internal_test
COCO_val2014_000000388619,val,internal_test
COCO_val2014_000000291394,val,internal_test
COCO_val2014_000000482319,val,internal_test
COCO_val2014_000000282659,val,internal_test
COCO_val2014_000000113736,val,internal_test
COCO_val2014_000000295316,val,internal_test
COCO_val2014_000000310770,val,internal_test
COCO_val2014_000000066038,val,internal_test
COCO_val2014_000000412483,val,internal_test
COCO_val2014_000000346589,val,internal_test
COCO_val2014_000000183379,val,internal_test
COCO_val2014_000000514682,val,internal_test
COCO_val2014_000000494759,val,internal_test
COCO_val2014_000000000711,val,internal_test
COCO_val2014_000000416668,val,internal_test
COCO_val2014_000000040426,val,internal_test
COCO_val2014_000000236945,val,internal_test
COCO_val2014_000000177375,val,internal_test
COCO_val2014_000000364745,val,internal_test
COCO_val2014_000000106053,val,internal_test
COCO_val2014_000000487217,val,internal_test
COCO_val2014_000000416960,val,internal_test
COCO_val2014_000000551952,val,internal_test
COCO_val2014_000000327413,val,internal_test
COCO_val2014_000000415179,val,internal_test
COCO_val2014_000000099567,val,internal_test
COCO_val2014_000000034950,val,internal_test
COCO_val2014_000000247484,val,internal_test
COCO_val2014_000000167486,val,internal_test
COCO_val2014_000000243158,val,internal_test
COCO_val2014_000000105782,val,internal_test
COCO_val2014_000000024112,val,internal_test
COCO_val2014_000000311891,val,internal_test
COCO_val2014_000000575915,val,internal_test
COCO_val2014_000000379892,val,internal_test
COCO_val2014_000000485489,val,internal_test
COCO_val2014_000000331475,val,internal_test
COCO_val2014_000000262514,val,internal_test
COCO_val2014_000000065567,val,internal_test
COCO_val2014_000000262425,val,internal_test
COCO_val2014_000000309033,val,internal_test
COCO_val2014_000000378506,val,internal_test
COCO_val2014_000000180101,val,internal_test
COCO_val2014_000000020161,val,internal_test
COCO_val2014_000000206579,val,internal_test
COCO_val2014_000000210050,val,internal_test
COCO_val2014_000000287741,val,internal_test
COCO_val2014_000000330122,val,internal_test
COCO_val2014_000000441491,val,internal_test
COCO_val2014_000000185472,val,internal_test
COCO_val2014_000000206049,val,internal_test
COCO_val2014_000000450561,val,internal_test
COCO_val2014_000000035429,val,internal_test
COCO_val2014_000000363308,val,internal_test
COCO_val2014_000000099341,val,internal_test
COCO_val2014_000000148392,val,internal_test
COCO_val2014_000000565781,val,internal_test
COCO_val2014_000000231093,val,internal_test
COCO_val2014_000000392575,val,internal_test
COCO_val2014_000000312868,val,internal_test
COCO_val2014_000000168031,val,internal_test
COCO_val2014_000000020748,val,internal_test
COCO_val2014_000000393288,val,internal_test
COCO_val2014_000000166003,val,internal_test
COCO_val2014_000000152340,val,internal_test
COCO_val2014_000000219771,val,internal_test
COCO_val2014_000000143931,val,internal_test
COCO_val2014_000000555904,val,internal_test
COCO_val2014_000000534444,val,internal_test
COCO_val2014_000000334118,val,internal_test
COCO_val2014_000000095375,val,internal_test
COCO_val2014_000000232287,val,internal_test
COCO_val2014_000000194724,val,internal_test
COCO_val2014_000000339986,val,internal_test
COCO_val2014_000000036460,val,internal_test
COCO_val2014_000000346904,val,internal_test
COCO_val2014_000000290113,val,internal_test
COCO_val2014_000000037729,val,internal_test
COCO_val2014_000000117112,val,internal_test
COCO_val2014_000000410650,val,internal_test
COCO_val2014_000000137826,val,internal_test
COCO_val2014_000000527961,val,internal_test
COCO_val2014_000000351130,val,internal_test
COCO_val2014_000000033835,val,internal_test
COCO_val2014_000000523517,val,internal_test
COCO_val2014_000000138821,val,internal_test
COCO_val2014_000000069015,val,internal_test
COCO_val2014_000000564166,val,internal_test
COCO_val2014_000000007519,val,internal_test
COCO_val2014_000000535183,val,internal_test
COCO_val2014_000000407386,val,internal_test
COCO_val2014_000000527476,val,internal_test
COCO_val2014_000000423744,val,internal_test
COCO_val2014_000000564743,val,internal_test
COCO_val2014_000000243896,val,internal_test
COCO_val2014_000000121157,val,internal_test
COCO_val2014_000000314023,val,internal_test
COCO_val2014_000000001700,val,internal_test
COCO_val2014_000000039811,val,internal_test
COCO_val2014_000000260618,val,internal_test
COCO_val2014_000000558483,val,internal_test
COCO_val2014_000000085814,val,internal_test
COCO_val2014_000000046031,val,internal_test
COCO_val2014_000000233365,val,internal_test
COCO_val2014_000000564352,val,internal_test
COCO_val2014_000000480591,val,internal_test
COCO_val2014_000000246004,val,internal_test
COCO_val2014_000000188674,val,internal_test
COCO_val2014_000000324321,val,internal_test
COCO_val2014_000000195561,val,internal_test
COCO_val2014_000000264659,val,internal_test
COCO_val2014_000000256343,val,internal_test
COCO_val2014_000000578107,val,internal_test
COCO_val2014_000000566502,val,internal_test
COCO_val2014_000000098721,val,internal_test
COCO_val2014_000000105884,val,internal_test
COCO_val2014_000000577077,val,internal_test
COCO_val2014_000000125617,val,internal_test
COCO_val2014_000000096226,val,internal_test
COCO_val2014_000000281179,val,internal_test
COCO_val2014_000000529151,val,internal_test
COCO_val2014_000000005385,val,internal_test
COCO_val2014_000000504224,val,internal_test
COCO_val2014_000000285258,val,internal_test
COCO_val2014_000000521008,val,internal_test
COCO_val2014_000000419344,val,internal_test
COCO_val2014_000000147042,val,internal_test
COCO_val2014_000000267408,val,internal_test
COCO_val2014_000000351489,val,internal_test
COCO_val2014_000000227491,val,internal_test
COCO_val2014_000000064909,val,internal_test
COCO_val2014_000000329455,val,internal_test
COCO_val2014_000000123360,val,internal_test
COCO_val2014_000000554607,val,internal_test
COCO_val2014_000000480780,val,internal_test
COCO_val2014_000000197775,val,internal_test
COCO_val2014_000000514049,val,internal_test
COCO_val2014_000000068005,val,internal_test
COCO_val2014_000000092462,val,internal_test
COCO_val2014_000000537611,val,internal_test
COCO_val2014_000000440060,val,internal_test
COCO_val2014_000000007298,val,internal_test
COCO_val2014_000000067616,val,internal_test
COCO_val2014_000000297520,val,internal_test
COCO_val2014_000000438364,val,internal_test
COCO_val2014_000000282298,val,internal_test
COCO_val2014_000000121442,val,internal_test
COCO_val2014_000000375484,val,internal_test
COCO_val2014_000000247720,val,internal_test
COCO_val2014_000000222146,val,internal_test
COCO_val2014_000000295420,val,internal_test
COCO_val2014_000000189241,val,internal_test
COCO_val2014_000000242855,val,internal_test
COCO_val2014_000000297562,val,internal_test
COCO_val2014_000000497002,val,internal_test
COCO_val2014_000000540636,val,internal_test
COCO_val2014_000000398992,val,internal_test
COCO_val2014_000000076384,val,internal_test
COCO_val2014_000000036077,val,internal_test
COCO_val2014_000000229643,val,internal_test
COCO_val2014_000000545250,val,internal_test
COCO_val2014_000000110027,val,internal_test
COCO_val2014_000000384038,val,internal_test
COCO_val2014_000000218343,val,internal_test
COCO_val2014_000000063939,val,internal_test
COCO_val2014_000000064621,val,internal_test
COCO_val2014_000000173514,val,internal_test
COCO_val2014_000000074209,val,internal_test
COCO_val2014_000000483401,val,internal_test
COCO_val2014_000000052435,val,internal_test
COCO_val2014_000000146457,val,internal_test
COCO_val2014_000000506454,val,internal_test
COCO_val2014_000000477144,val,internal_test
COCO_val2014_000000456012,val,internal_test
COCO_val2014_000000045550,val,internal_test
COCO_val2014_000000052664,val,internal_test
COCO_val2014_000000295055,val,internal_test
COCO_val2014_000000056344,val,internal_test
COCO_val2014_000000520264,val,internal_test
COCO_val2014_000000054252,val,internal_test
COCO_val2014_000000200643,val,internal_test
COCO_val2014_000000278822,val,internal_test
COCO_val2014_000000177323,val,internal_test
COCO_val2014_000000144373,val,internal_test
COCO_val2014_000000462576,val,internal_test
COCO_val2014_000000530466,val,internal_test
COCO_val2014_000000402115,val,internal_test
COCO_val2014_000000267684,val,internal_test
COCO_val2014_000000435391,val,internal_test
COCO_val2014_000000247407,val,internal_test
COCO_val2014_000000369442,val,internal_test
COCO_val2014_000000000939,val,internal_test
COCO_val2014_000000360600,val,internal_test
COCO_val2014_000000153847,val,internal_test
COCO_val2014_000000054337,val,internal_test
COCO_val2014_000000381504,val,internal_test
COCO_val2014_000000198079,val,internal_test
COCO_val2014_000000459598,val,internal_test
COCO_val2014_000000461802,val,internal_test
COCO_val2014_000000386581,val,internal_test
COCO_val2014_000000155997,val,internal_test
COCO_val2014_000000219135,val,internal_test
COCO_val2014_000000086646,val,internal_test
COCO_val2014_000000012238,val,internal_test
COCO_val2014_000000517296,val,internal_test
COCO_val2014_000000045775,val,internal_test
COCO_val2014_000000090787,val,internal_test
COCO_val2014_000000526800,val,internal_test
COCO_val2014_000000425447,val,internal_test
COCO_val2014_000000069140,val,internal_test
COCO_val2014_000000232538,val,internal_test
COCO_val2014_000000442929,val,internal_test
COCO_val2014_000000559348,val,internal_test
COCO_val2014_000000171464,val,internal_test
COCO_val2014_000000580388,val,internal_test
COCO_val2014_000000131063,val,internal_test
COCO_val2014_000000430287,val,internal_test
COCO_val2014_000000512451,val,internal_test
COCO_val2014_000000177468,val,internal_test
COCO_val2014_000000178795,val,internal_test
COCO_val2014_000000231408,val,internal_test
COCO_val2014_000000100081,val,internal_test
COCO_val2014_000000320428,val,internal_test
COCO_val2014_000000383270,val,internal_test
COCO_val2014_000000056129,val,internal_test
COCO_val2014_000000091263,val,internal_test
COCO_val2014_000000050411,val,internal_test
COCO_val2014_000000447522,val,internal_test
COCO_val2014_000000391862,val,internal_test
COCO_val2014_000000402786,val,internal_test
COCO_val2014_000000334509,val,internal_test
COCO_val2014_000000412443,val,internal_test
COCO_val2014_000000090108,val,internal_test
COCO_val2014_000000087429,val,internal_test
COCO_val2014_000000177496,val,internal_test
COCO_val2014_000000387429,val,internal_test
COCO_val2014_000000451943,val,internal_test
COCO_val2014_000000226496,val,internal_test
COCO_val2014_000000451679,val,internal_test
COCO_val2014_000000551129,val,internal_test
COCO_val2014_000000546463,val,internal_test
COCO_val2014_000000122953,val,internal_test
COCO_val2014_000000561780,val,internal_test
COCO_val2014_000000198477,val,internal_test
COCO_val2014_000000461758,val,internal_test
COCO_val2014_000000262404,val,internal_test
COCO_val2014_000000221562,val,internal_test
COCO_val2014_000000489235,val,internal_test
COCO_val2014_000000066635,val,internal_test
COCO_val2014_000000311309,val,internal_test
COCO_val2014_000000027656,val,internal_test
COCO_val2014_000000062703,val,internal_test
COCO_val2014_000000210980,val,internal_test
COCO_val2014_000000054358,val,internal_test
COCO_val2014_000000066675,val,internal_test
COCO_val2014_000000004988,val,internal_test
COCO_val2014_000000204137,val,internal_test
COCO_val2014_000000212939,val,internal_test
COCO_val2014_000000528729,val,internal_test
COCO_val2014_000000018193,val,internal_test
COCO_val2014_000000318585,val,internal_test
COCO_val2014_000000059328,val,internal_test
COCO_val2014_000000207898,val,internal_test
COCO_val2014_000000230964,val,internal_test
COCO_val2014_000000111593,val,internal_test
COCO_val2014_000000432623,val,internal_test
COCO_val2014_000000493004,val,internal_test
COCO_val2014_000000419089,val,internal_test
COCO_val2014_000000356528,val,internal_test
COCO_val2014_000000378968,val,internal_test
COCO_val2014_000000293125,val,internal_test
COCO_val2014_000000186697,val,internal_test
COCO_val2014_000000515876,val,internal_test
COCO_val2014_000000196715,val,internal_test
COCO_val2014_000000402206,val,internal_test
COCO_val2014_000000502979,val,internal_test
COCO_val2014_000000247264,val,internal_test
COCO_val2014_000000154202,val,internal_test
COCO_val2014_000000526353,val,internal_test
COCO_val2014_000000454762,val,internal_test
COCO_val2014_000000118542,val,internal_test
COCO_val2014_000000114790,val,internal_test
COCO_val2014_000000507975,val,internal_test
COCO_val2014_000000065258,val,internal_test
COCO_val2014_000000462105,val,internal_test
COCO_val2014_000000079860,val,internal_test
COCO_val2014_000000575441,val,internal_test
COCO_val2014_000000543264,val,internal_test
COCO_val2014_000000224126,val,internal_test
COCO_val2014_000000053697,val,internal_test
COCO_val2014_000000222681,val,internal_test
COCO_val2014_000000289640,val,internal_test
COCO_val2014_000000344878,val,internal_test
COCO_val2014_000000102904,val,internal_test
COCO_val2014_000000017095,val,internal_test
COCO_val2014_000000463703,val,internal_test
COCO_val2014_000000305135,val,internal_test
COCO_val2014_000000000208,val,internal_test
COCO_val2014_000000505845,val,internal_test
COCO_val2014_000000516244,val,internal_test
COCO_val2014_000000151084,val,internal_test
COCO_val2014_000000357278,val,internal_test
COCO_val2014_000000567636,val,internal_test
COCO_val2014_000000184994,val,internal_test
COCO_val2014_000000565043,val,internal_test
COCO_val2014_000000280536,val,internal_test
COCO_val2014_000000098054,val,internal_test
COCO_val2014_000000483027,val,internal_test
COCO_val2014_000000167696,val,internal_test
COCO_val2014_000000474293,val,internal_test
COCO_val2014_000000245460,val,internal_test
COCO_val2014_000000001599,val,internal_test
COCO_val2014_000000434509,val,internal_test
COCO_val2014_000000147545,val,internal_test
COCO_val2014_000000415334,val,internal_test
COCO_val2014_000000276893,val,internal_test
COCO_val2014_000000102240,val,internal_test
COCO_val2014_000000321332,val,internal_test
COCO_val2014_000000248559,val,internal_test
COCO_val2014_000000513041,val,internal_test
COCO_val2014_000000105156,val,internal_test
COCO_val2014_000000009002,val,internal_test
COCO_val2014_000000528251,val,internal_test
COCO_val2014_000000233825,val,internal_test
COCO_val2014_000000504248,val,internal_test
COCO_val2014_000000448535,val,internal_test
COCO_val2014_000000362219,val,internal_test
COCO_val2014_000000364493,val,internal_test
COCO_val2014_000000058937,val,internal_test
COCO_val2014_000000401010,val,internal_test
COCO_val2014_000000149284,val,internal_test
COCO_val2014_000000142454,val,internal_test
COCO_val2014_000000100187,val,internal_test
COCO_val2014_000000043286,val,internal_test
COCO_val2014_000000084650,val,internal_test
COCO_val2014_000000468162,val,internal_test
COCO_val2014_000000485580,val,internal_test
COCO_val2014_000000129571,val,internal_test
COCO_val2014_000000203389,val,internal_test
COCO_val2014_000000344125,val,internal_test
COCO_val2014_000000379636,val,internal_test
COCO_val2014_000000558234,val,internal_test
COCO_val2014_000000408859,val,internal_test
COCO_val2014_000000558608,val,internal_test
COCO_val2014_000000244949,val,internal_test
COCO_val2014_000000515716,val,internal_test
COCO_val2014_000000535902,val,internal_test
COCO_val2014_000000229889,val,internal_test
COCO_val2014_000000581415,val,internal_test
COCO_val2014_000000247130,val,internal_test
COCO_val2014_000000133933,val,internal_test
COCO_val2014_000000440461,val,internal_test
COCO_val2014_000000375450,val,internal_test
COCO_val2014_000000472691,val,internal_test
COCO_val2014_000000196924,val,internal_test
COCO_val2014_000000296176,val,internal_test
COCO_val2014_000000543231,val,internal_test
COCO_val2014_000000195817,val,internal_test
COCO_val2014_000000061507,val,internal_test
COCO_val2014_000000250893,val,internal_test
COCO_val2014_000000381563,val,internal_test
COCO_val2014_000000296825,val,internal_test
COCO_val2014_000000028675,val,internal_test
COCO_val2014_000000210982,val,internal_test
COCO_val2014_000000051500,val,internal_test
COCO_val2014_000000305695,val,internal_test
COCO_val2014_000000203754,val,internal_test
COCO_val2014_000000531585,val,internal_test
COCO_val2014_000000253408,val,internal_test
COCO_val2014_000000360877,val,internal_test
COCO_val2014_000000442630,val,internal_test
COCO_val2014_000000152962,val,internal_test
COCO_val2014_000000227985,val,internal_test
COCO_val2014_000000510358,val,internal_test
COCO_val2014_000000159609,val,internal_test
COCO_val2014_000000066769,val,internal_test
COCO_val2014_000000249131,val,internal_test
COCO_val2014_000000194208,val,internal_test
COCO_val2014_000000336182,val,internal_test
COCO_val2014_000000352652,val,internal_test
COCO_val2014_000000152499,val,internal_test
COCO_val2014_000000347113,val,internal_test
COCO_val2014_000000434179,val,internal_test
COCO_val2014_000000262274,val,internal_test
COCO_val2014_000000361238,val,internal_test
COCO_val2014_000000093314,val,internal_test
COCO_val2014_000000215845,val,internal_test
COCO_val2014_000000073861,val,internal_test
COCO_val2014_000000272713,val,internal_test
COCO_val2014_000000210204,val,internal_test
COCO_val2014_000000042399,val,internal_test
COCO_val2014_000000065604,val,internal_test
COCO_val2014_000000179441,val,internal_test
COCO_val2014_000000551921,val,internal_test
COCO_val2014_000000343852,val,internal_test
COCO_val2014_000000276254,val,internal_test
COCO_val2014_000000527578,val,internal_test
COCO_val2014_000000072810,val,internal_test
COCO_val2014_000000360447,val,internal_test
COCO_val2014_000000113905,val,internal_test
COCO_val2014_000000512442,val,internal_test
COCO_val2014_000000440724,val,internal_test
COCO_val2014_000000039081,val,internal_test
COCO_val2014_000000246270,val,internal_test
COCO_val2014_000000574424,val,internal_test
COCO_val2014_000000325838,val,internal_test
COCO_val2014_000000341230,val,internal_test
COCO_val2014_000000089743,val,internal_test
COCO_val2014_000000361111,val,internal_test
COCO_val2014_000000086011,val,internal_test
COCO_val2014_000000094651,val,internal_test
COCO_val2014_000000316675,val,internal_test
COCO_val2014_000000199127,val,internal_test
COCO_val2014_000000144863,val,internal_test
COCO_val2014_000000262162,val,internal_test
COCO_val2014_000000321798,val,internal_test
COCO_val2014_000000401556,val,internal_test
COCO_val2014_000000148665,val,internal_test
COCO_val2014_000000003786,val,internal_test
COCO_val2014_000000262323,val,internal_test
COCO_val2014_000000561783,val,internal_test
COCO_val2014_000000430690,val,internal_test
COCO_val2014_000000204432,val,internal_test
COCO_val2014_000000399205,val,internal_test
COCO_val2014_000000523096,val,internal_test
COCO_val2014_000000184945,val,internal_test
COCO_val2014_000000535889,val,internal_test
COCO_val2014_000000022446,val,internal_test
COCO_val2014_000000573300,val,internal_test
COCO_val2014_000000480408,val,internal_test
COCO_val2014_000000215723,val,internal_test
COCO_val2014_000000202981,val,internal_test
COCO_val2014_000000086884,val,internal_test
COCO_val2014_000000025986,val,internal_test
COCO_val2014_000000028273,val,internal_test
COCO_val2014_000000400983,val,internal_test
COCO_val2014_000000562856,val,internal_test
COCO_val2014_000000081210,val,internal_test
COCO_val2014_000000523373,val,internal_test
COCO_val2014_000000095227,val,internal_test
COCO_val2014_000000130456,val,internal_test
COCO_val2014_000000206751,val,internal_test
COCO_val2014_000000228011,val,internal_test
COCO_val2014_000000258850,val,internal_test
COCO_val2014_000000020784,val,internal_test
COCO_val2014_000000101969,val,internal_test
